varietyId,trial_agronomists,breeder,maturity_days,seed_cost,trait_keywords
1,Amara Chirwa|Kwame Osei|Naledi Banda|Sipho Mensah|Zola Adeyemi|Kofi Achebe|Imani Kamau,Ukulima Seed Institute,65,"MK 21,137 per 10kg",low-rainfall|relay-crop
2,Amara Chirwa|Kwame Osei|Naledi Banda|Sipho Mensah|Zola Adeyemi|Kofi Achebe|Imani Kamau,Ukulima Seed Institute,120,"MK 1,188 per 10kg",low-rainfall|striga-tolerant|rotation|mechanized
3,Amara Chirwa|Kwame Osei|Naledi Banda|Sipho Mensah|Zola Adeyemi|Kofi Achebe|Imani Kamau,Ukulima Seed Institute,178,"MK 1,326 per 10kg",short-season|striga-tolerant
4,Amara Chirwa|Kwame Osei|Naledi Banda|Sipho Mensah|Zola Adeyemi|Kofi Achebe|Imani Kamau,Ukulima Seed Institute,100,"MK 14,274 per 10kg",aphid-resistant|relay-crop
5,Sipho Mensah|Amara Chirwa|Kwame Osei|Sipho Banda|Zola Odhiambo|Tendai Moyo|Lindiwe Moyo,Ukulima Seed Institute,95,"MK 6,144 per 10kg",river-basin|certified-seed|long-season
6,Kofi Achebe|Amara Chirwa|Naledi Banda|Lindiwe Toure|Sipho Dlamini|Sipho Sarr|Aisha Kariuki,Ukulima Seed Institute,134,"MK 24,200 per 10kg",lowland|short-season|oil-grade|green-manure
7,Kwame Osei|Zola Adeyemi|Sipho Mensah|Furaha Odhiambo|Amara Diallo|Imani Toure|Furaha Chirwa,Ukulima Seed Institute,149,"MK 19,359 per 10kg",short-season|green-manure|aphid-resistant|open-pollinated
8,Naledi Banda|Sipho Mensah|Kofi Achebe|Aisha Toure|Sipho Banda|Themba Okoye|Furaha Moyo,Kilimani Agricultural College,89,"MK 13,637 per 10kg",export-grade|long-season|terraced|highland
9,Zola Adeyemi|Imani Kamau|Sipho Mensah|Sipho Banda|Naledi Diallo|Aisha Adeyemi|Zola Banda,Ukulima Seed Institute,129,"MK 15,342 per 10kg",green-manure|high-protein|low-rainfall|hybrid
10,Sipho Odhiambo|Rudo Dlamini|Aisha Sarr|Mandla Moyo|Kwame Kariuki,Tanari Research Farm,65,"MK 9,542 per 10kg",long-season|export-grade
11,Themba Kariuki|Kwame Osei|Chidi Nkosi|Rudo Abara|Amara Mensah|Aisha Dlamini,Chemba Seed Works,70,"MK 2,197 per 10kg",certified-seed|river-basin|striga-tolerant
12,Imani Dlamini|Naledi Dlamini|Kofi Toure|Amara Adeyemi|Naledi Nkosi|Mandla Mwangi,Hawassa Plant Breeding Unit,86,"MK 19,937 per 10kg",fodder|relay-crop
13,Aisha Osei|Baraka Odhiambo|Furaha Okoye|Rudo Dlamini|Tendai Adeyemi,Chemba Seed Works,104,"MK 12,791 per 10kg",river-basin|certified-seed|high-starch|valley-floor
14,Lindiwe Osei|Amara Dlamini|Chidi Chirwa|Naledi Moyo|Aisha Adeyemi|Themba Toure,Amanzi Valley Seed Co-op,172,"MK 6,457 per 10kg",lodging-resistant|hybrid
15,Imani Mensah|Imani Moyo|Mandla Chirwa|Amara Dlamini|Lindiwe Toure|Tendai Diallo|Themba Moyo|Kwame Sarr,Kilimani Agricultural College,193,"MK 19,677 per 10kg",mechanized|valley-floor
16,Imani Adeyemi|Omari Odhiambo|Themba Sarr|Sipho Chirwa|Baraka Nkosi,Sokoto Crop Research Station,154,"MK 21,748 per 10kg",short-season|high-protein
17,Wanjiru Chirwa|Aisha Banda|Lindiwe Moyo|Furaha Odhiambo|Imani Toure|Aisha Osei,Chemba Seed Works,102,"MK 13,443 per 10kg",lowland|terraced|fodder|striga-tolerant
18,Imani Okoye|Chidi Kariuki|Rudo Dlamini|Sipho Adeyemi|Furaha Toure|Kwame Chirwa|Amara Okoye|Aisha Kariuki,National Grain Programme,173,"MK 11,187 per 10kg",hybrid|certified-seed|mechanized|fodder
19,Chidi Moyo|Tendai Nkosi|Chidi Kariuki|Aisha Moyo|Kofi Adeyemi|Amara Chirwa|Naledi Adeyemi|Kwame Sarr,Ukulima Seed Institute,65,"MK 4,351 per 10kg",fodder|lodging-resistant
20,Mandla Mwangi|Wanjiru Moyo|Amara Toure|Rudo Moyo|Chidi Abara|Kwame Toure|Mandla Adeyemi|Imani Chirwa,Akatsi Horticulture Board,151,"MK 12,741 per 10kg",lowland|hybrid|certified-seed
21,Zola Moyo|Naledi Diallo|Rudo Dlamini|Rudo Mensah|Kofi Chirwa|Omari Toure|Lindiwe Banda,Hawassa Plant Breeding Unit,177,"MK 20,066 per 10kg",highland|lodging-resistant|striga-tolerant
22,Imani Mensah|Chidi Abara|Mandla Moyo|Furaha Mensah|Kwame Adeyemi,Sokoto Crop Research Station,181,"MK 9,040 per 10kg",oil-grade|river-basin|striga-tolerant|rotation
23,Mandla Abara|Kofi Kariuki|Zola Moyo|Sipho Moyo|Kofi Diallo|Omari Adeyemi|Lindiwe Osei|Imani Nkosi,Hawassa Plant Breeding Unit,119,"MK 21,986 per 10kg",aphid-resistant|export-grade|low-rainfall|smallholder
24,Imani Osei|Baraka Chirwa|Kwame Kariuki|Naledi Mensah|Omari Sarr|Sipho Nkosi,National Grain Programme,140,"MK 16,944 per 10kg",high-starch|hybrid|rotation|aphid-resistant
25,Baraka Toure|Wanjiru Banda|Wanjiru Moyo|Tendai Osei|Furaha Okoye|Naledi Toure|Wanjiru Sarr,Ukulima Seed Institute,111,"MK 6,969 per 10kg",smallholder|fodder
26,Zola Dlamini|Themba Chirwa|Rudo Chirwa|Wanjiru Adeyemi,Sokoto Crop Research Station,68,"MK 3,880 per 10kg",hybrid|high-protein
27,Imani Dlamini|Aisha Banda|Chidi Banda|Kofi Mensah,National Grain Programme,108,"MK 13,825 per 10kg",open-pollinated|mechanized
29,Tendai Sarr|Baraka Nkosi|Imani Diallo|Naledi Moyo|Imani Abara|Kofi Nkosi,Hawassa Plant Breeding Unit,89,"MK 17,063 per 10kg",terraced|smallholder
30,Omari Dlamini|Imani Moyo|Omari Dlamini|Mandla Nkosi,Kilimani Agricultural College,174,"MK 8,070 per 10kg",open-pollinated|high-protein|striga-tolerant
31,Amara Diallo|Themba Toure|Omari Banda|Kwame Banda|Amara Odhiambo|Aisha Kariuki,Akatsi Horticulture Board,98,"MK 2,418 per 10kg",lodging-resistant|long-season
33,Kwame Odhiambo|Sipho Mwangi|Lindiwe Kariuki|Furaha Moyo|Aisha Toure|Furaha Okoye|Lindiwe Kariuki|Kwame Abara,Amanzi Valley Seed Co-op,177,"MK 12,578 per 10kg",low-rainfall|short-season
35,Rudo Toure|Aisha Diallo|Tendai Okoye|Zola Diallo,Hawassa Plant Breeding Unit,102,"MK 21,160 per 10kg",mechanized|valley-floor|smallholder|open-pollinated
37,Rudo Adeyemi|Rudo Banda|Kwame Mwangi|Imani Adeyemi,Sokoto Crop Research Station,65,"MK 15,640 per 10kg",open-pollinated|striga-tolerant|long-season
38,Mandla Moyo|Themba Moyo|Aisha Adeyemi|Chidi Mwangi|Rudo Nkosi|Zola Chirwa,National Grain Programme,138,"MK 7,419 per 10kg",relay-crop|lodging-resistant|short-season
39,Furaha Sarr|Amara Nkosi|Zola Kariuki|Rudo Toure,Akatsi Horticulture Board,91,"MK 23,512 per 10kg",striga-tolerant|green-manure|high-protein|long-season
40,Imani Adeyemi|Chidi Okoye|Mandla Diallo|Naledi Banda|Wanjiru Sarr|Amara Nkosi,Amanzi Valley Seed Co-op,75,"MK 21,905 per 10kg",low-rainfall|hybrid|open-pollinated
41,Baraka Diallo|Omari Mwangi|Sipho Moyo|Kwame Banda|Aisha Nkosi|Aisha Abara|Imani Chirwa|Kwame Toure,National Grain Programme,179,"MK 2,665 per 10kg",export-grade|relay-crop|low-rainfall
42,Kwame Diallo|Furaha Adeyemi|Aisha Mwangi|Chidi Nkosi|Aisha Kariuki|Aisha Odhiambo|Zola Adeyemi|Mandla Mwangi,Chemba Seed Works,161,"MK 4,643 per 10kg",lodging-resistant|oil-grade|highland|rotation
43,Naledi Osei|Baraka Sarr|Aisha Abara|Lindiwe Mwangi|Kofi Mwangi|Tendai Adeyemi|Kofi Moyo,Chemba Seed Works,131,"MK 20,006 per 10kg",smallholder|open-pollinated
44,Sipho Sarr|Aisha Diallo|Kwame Odhiambo|Baraka Nkosi|Chidi Chirwa|Lindiwe Kariuki,Ukulima Seed Institute,154,"MK 22,863 per 10kg",green-manure|striga-tolerant|short-season|high-protein
45,Imani Dlamini|Wanjiru Osei|Chidi Mensah|Chidi Kariuki|Kwame Adeyemi,Hawassa Plant Breeding Unit,156,"MK 11,831 per 10kg",aphid-resistant|short-season|hybrid|rotation
46,Naledi Kariuki|Rudo Mensah|Zola Dlamini|Kwame Odhiambo,Chemba Seed Works,137,"MK 15,851 per 10kg",fodder|short-season
47,Zola Kariuki|Kwame Osei|Imani Toure|Tendai Mwangi|Chidi Nkosi|Kofi Banda,Kilimani Agricultural College,122,"MK 18,836 per 10kg",certified-seed|green-manure
48,Naledi Mwangi|Tendai Nkosi|Naledi Nkosi|Kwame Okoye|Tendai Sarr,Akatsi Horticulture Board,90,"MK 21,324 per 10kg",high-protein|river-basin
49,Amara Mensah|Amara Abara|Rudo Odhiambo|Kofi Banda|Rudo Abara,Akatsi Horticulture Board,109,"MK 3,457 per 10kg",lodging-resistant|low-rainfall|hybrid|relay-crop
50,Imani Diallo|Themba Toure|Kwame Toure|Lindiwe Banda|Mandla Banda|Sipho Osei,Akatsi Horticulture Board,145,"MK 12,143 per 10kg",terraced|hybrid|fodder|lodging-resistant
51,Kofi Chirwa|Wanjiru Osei|Baraka Sarr|Amara Osei,Kilimani Agricultural College,110,"MK 8,913 per 10kg",high-starch|river-basin|valley-floor
52,Zola Diallo|Themba Toure|Imani Kariuki|Naledi Banda,Amanzi Valley Seed Co-op,146,"MK 18,866 per 10kg",rotation|aphid-resistant|mechanized|green-manure
53,Rudo Sarr|Zola Diallo|Naledi Chirwa|Rudo Toure|Naledi Okoye|Rudo Sarr|Chidi Odhiambo,Hawassa Plant Breeding Unit,194,"MK 5,251 per 10kg",lodging-resistant|terraced
54,Sipho Dlamini|Zola Dlamini|Kwame Moyo|Baraka Abara|Amara Osei,Hawassa Plant Breeding Unit,104,"MK 16,735 per 10kg",mechanized|rotation|low-rainfall|open-pollinated
55,Baraka Toure|Wanjiru Kariuki|Rudo Adeyemi|Imani Mwangi|Zola Osei|Chidi Moyo,Ukulima Seed Institute,178,"MK 2,960 per 10kg",hybrid|highland|certified-seed|lodging-resistant
56,Chidi Odhiambo|Amara Odhiambo|Imani Mwangi|Imani Banda,Kilimani Agricultural College,199,"MK 20,975 per 10kg",green-manure|high-protein|aphid-resistant|terraced
57,Zola Okoye|Themba Okoye|Tendai Toure|Kwame Sarr|Imani Chirwa|Furaha Kariuki,Chemba Seed Works,74,"MK 19,657 per 10kg",rotation|high-protein|valley-floor
58,Themba Abara|Tendai Odhiambo|Naledi Mwangi|Sipho Chirwa|Kwame Kariuki,Sokoto Crop Research Station,158,"MK 20,925 per 10kg",high-protein|short-season|fodder|aphid-resistant
59,Naledi Moyo|Themba Moyo|Baraka Nkosi|Themba Chirwa|Tendai Sarr,National Grain Programme,190,"MK 18,366 per 10kg",high-protein|fodder
60,Wanjiru Moyo|Rudo Mensah|Themba Chirwa|Furaha Abara|Naledi Mwangi,Amanzi Valley Seed Co-op,85,"MK 19,498 per 10kg",oil-grade|certified-seed|valley-floor|short-season
61,Amara Toure|Naledi Chirwa|Wanjiru Odhiambo|Omari Moyo|Rudo Mensah|Furaha Dlamini,National Grain Programme,96,"MK 19,760 per 10kg",terraced|highland|short-season|smallholder
62,Imani Mensah|Wanjiru Nkosi|Rudo Nkosi|Themba Sarr|Chidi Diallo|Lindiwe Diallo|Themba Sarr|Baraka Okoye,Sokoto Crop Research Station,184,"MK 4,447 per 10kg",highland|export-grade
63,Kofi Kariuki|Kwame Toure|Lindiwe Abara|Zola Okoye|Sipho Diallo|Omari Nkosi,Kilimani Agricultural College,124,"MK 21,235 per 10kg",rotation|fodder|mechanized
64,Sipho Kariuki|Themba Mwangi|Chidi Banda|Baraka Odhiambo|Themba Chirwa|Furaha Adeyemi,Kilimani Agricultural College,173,"MK 23,539 per 10kg",open-pollinated|low-rainfall|terraced|certified-seed
65,Baraka Adeyemi|Themba Mwangi|Wanjiru Kariuki|Aisha Mwangi|Aisha Osei,Ukulima Seed Institute,172,"MK 4,665 per 10kg",valley-floor|certified-seed|aphid-resistant
66,Mandla Banda|Aisha Diallo|Kofi Nkosi|Furaha Banda|Omari Abara|Wanjiru Mwangi|Lindiwe Banda,Amanzi Valley Seed Co-op,152,"MK 1,507 per 10kg",terraced|smallholder
67,Baraka Banda|Zola Toure|Kwame Odhiambo|Kwame Diallo|Wanjiru Osei,Amanzi Valley Seed Co-op,155,"MK 5,553 per 10kg",rotation|striga-tolerant|lowland
68,Chidi Adeyemi|Furaha Mensah|Tendai Adeyemi|Aisha Moyo|Furaha Banda|Imani Banda|Aisha Adeyemi,National Grain Programme,187,"MK 3,296 per 10kg",short-season|low-rainfall|high-protein|oil-grade
69,Furaha Toure|Amara Osei|Amara Sarr|Naledi Adeyemi,Chemba Seed Works,90,"MK 17,905 per 10kg",export-grade|long-season
70,Kwame Mensah|Chidi Osei|Tendai Kariuki|Rudo Sarr|Chidi Mwangi|Lindiwe Diallo|Baraka Mensah|Furaha Banda,Hawassa Plant Breeding Unit,146,"MK 21,726 per 10kg",oil-grade|open-pollinated
71,Themba Banda|Tendai Odhiambo|Zola Toure|Zola Chirwa|Omari Sarr,Hawassa Plant Breeding Unit,78,"MK 14,518 per 10kg",lodging-resistant|smallholder|valley-floor|lowland
72,Tendai Sarr|Wanjiru Toure|Amara Diallo|Kofi Osei|Omari Mensah|Sipho Moyo|Wanjiru Moyo|Wanjiru Osei,Kilimani Agricultural College,188,"MK 10,631 per 10kg",high-starch|terraced|oil-grade
73,Amara Abara|Sipho Sarr|Themba Odhiambo|Kwame Kariuki|Furaha Toure|Sipho Banda|Sipho Mensah,Kilimani Agricultural College,173,"MK 21,233 per 10kg",certified-seed|long-season|smallholder
74,Aisha Odhiambo|Zola Diallo|Naledi Chirwa|Rudo Kariuki|Wanjiru Chirwa|Amara Toure,Hawassa Plant Breeding Unit,83,"MK 14,760 per 10kg",certified-seed|relay-crop|striga-tolerant|low-rainfall
75,Omari Kariuki|Rudo Osei|Chidi Osei|Amara Chirwa|Zola Mensah,Amanzi Valley Seed Co-op,134,"MK 3,272 per 10kg",high-protein|highland|low-rainfall|certified-seed
76,Imani Sarr|Omari Banda|Baraka Dlamini|Tendai Banda|Baraka Moyo|Themba Diallo,Sokoto Crop Research Station,192,"MK 13,886 per 10kg",smallholder|short-season
77,Baraka Adeyemi|Sipho Adeyemi|Amara Toure|Rudo Abara|Themba Dlamini|Mandla Kariuki|Omari Moyo,Ukulima Seed Institute,106,"MK 15,247 per 10kg",terraced|smallholder|export-grade
78,Imani Toure|Lindiwe Odhiambo|Sipho Chirwa|Lindiwe Mensah|Baraka Mensah|Imani Sarr,Chemba Seed Works,157,"MK 11,326 per 10kg",long-season|rotation|open-pollinated|lodging-resistant
79,Baraka Okoye|Amara Diallo|Tendai Kariuki|Zola Mensah|Amara Abara|Themba Abara,Chemba Seed Works,134,"MK 23,361 per 10kg",aphid-resistant|high-protein
80,Amara Adeyemi|Kwame Adeyemi|Furaha Odhiambo|Zola Diallo|Lindiwe Adeyemi|Themba Chirwa,Sokoto Crop Research Station,171,"MK 16,292 per 10kg",rotation|terraced|green-manure
81,Themba Moyo|Zola Diallo|Themba Odhiambo|Kofi Mwangi|Amara Diallo|Omari Moyo|Themba Dlamini,Amanzi Valley Seed Co-op,88,"MK 20,396 per 10kg",smallholder|aphid-resistant|low-rainfall
82,Baraka Mwangi|Chidi Okoye|Mandla Chirwa|Furaha Chirwa|Chidi Odhiambo|Wanjiru Kariuki|Amara Banda|Mandla Nkosi,Sokoto Crop Research Station,196,"MK 21,007 per 10kg",open-pollinated|low-rainfall
83,Zola Odhiambo|Imani Toure|Chidi Sarr|Chidi Sarr|Themba Moyo|Sipho Sarr,Chemba Seed Works,73,"MK 15,855 per 10kg",export-grade|certified-seed
84,Amara Chirwa|Amara Banda|Lindiwe Nkosi|Kofi Mwangi|Rudo Mwangi|Zola Adeyemi|Baraka Kariuki,Amanzi Valley Seed Co-op,131,"MK 16,829 per 10kg",long-season|relay-crop|high-protein
85,Kofi Kariuki|Furaha Diallo|Mandla Banda|Sipho Osei|Themba Odhiambo|Baraka Sarr,Kilimani Agricultural College,112,"MK 8,042 per 10kg",high-protein|low-rainfall|export-grade|rotation
86,Kofi Banda|Mandla Moyo|Sipho Dlamini|Themba Banda|Kwame Adeyemi,Chemba Seed Works,109,"MK 24,446 per 10kg",high-protein|green-manure|smallholder|oil-grade
87,Themba Moyo|Chidi Abara|Kofi Moyo|Wanjiru Chirwa|Mandla Toure,National Grain Programme,178,"MK 14,890 per 10kg",highland|certified-seed|striga-tolerant
88,Wanjiru Toure|Kwame Toure|Naledi Dlamini|Baraka Osei|Zola Chirwa|Rudo Chirwa,Hawassa Plant Breeding Unit,173,"MK 8,195 per 10kg",low-rainfall|high-starch|export-grade
89,Kwame Mensah|Zola Diallo|Omari Mwangi|Amara Odhiambo|Omari Chirwa|Kwame Toure|Furaha Sarr,Hawassa Plant Breeding Unit,103,"MK 17,301 per 10kg",low-rainfall|short-season|river-basin|green-manure
90,Tendai Moyo|Chidi Mwangi|Tendai Chirwa|Furaha Toure|Kwame Osei|Aisha Mensah|Zola Sarr,Hawassa Plant Breeding Unit,86,"MK 1,079 per 10kg",rotation|oil-grade
91,Lindiwe Odhiambo|Kwame Diallo|Naledi Mwangi|Mandla Sarr|Chidi Dlamini|Lindiwe Banda|Wanjiru Abara|Zola Kariuki,Hawassa Plant Breeding Unit,86,"MK 24,692 per 10kg",smallholder|certified-seed
92,Aisha Kariuki|Chidi Moyo|Kofi Kariuki|Rudo Kariuki|Rudo Sarr|Baraka Kariuki,Ukulima Seed Institute,85,"MK 2,054 per 10kg",certified-seed|highland
93,Wanjiru Odhiambo|Sipho Odhiambo|Chidi Mensah|Amara Osei|Rudo Osei|Zola Adeyemi|Kofi Sarr,Chemba Seed Works,123,"MK 13,350 per 10kg",relay-crop|highland
94,Tendai Mwangi|Furaha Odhiambo|Omari Kariuki|Lindiwe Kariuki|Furaha Diallo|Wanjiru Chirwa,Amanzi Valley Seed Co-op,132,"MK 8,601 per 10kg",fodder|certified-seed
95,Amara Diallo|Furaha Adeyemi|Rudo Dlamini|Themba Sarr|Sipho Moyo|Naledi Okoye|Kwame Abara|Kwame Sarr,Hawassa Plant Breeding Unit,155,"MK 7,726 per 10kg",long-season|terraced|green-manure|striga-tolerant
96,Mandla Adeyemi|Baraka Kariuki|Amara Sarr|Themba Okoye,Sokoto Crop Research Station,140,"MK 21,389 per 10kg",oil-grade|hybrid|lodging-resistant
97,Themba Moyo|Naledi Mwangi|Tendai Chirwa|Kwame Odhiambo|Amara Chirwa|Chidi Nkosi|Naledi Sarr|Tendai Osei,Amanzi Valley Seed Co-op,180,"MK 22,748 per 10kg",certified-seed|terraced|valley-floor
98,Tendai Mwangi|Sipho Banda|Kofi Adeyemi|Wanjiru Adeyemi,Chemba Seed Works,145,"MK 8,981 per 10kg",mechanized|export-grade
99,Rudo Abara|Kofi Nkosi|Tendai Dlamini|Aisha Abara|Omari Chirwa|Amara Dlamini|Imani Kariuki,Kilimani Agricultural College,177,"MK 21,943 per 10kg",lodging-resistant|short-season|fodder
101,Aisha Diallo|Tendai Okoye|Tendai Nkosi|Sipho Dlamini|Themba Okoye|Wanjiru Odhiambo|Amara Toure|Naledi Odhiambo,Kilimani Agricultural College,159,"MK 19,941 per 10kg",aphid-resistant|relay-crop
102,Kwame Mensah|Lindiwe Mwangi|Mandla Chirwa|Aisha Chirwa|Imani Moyo,Sokoto Crop Research Station,124,MK 826 per 10kg,striga-tolerant|hybrid|aphid-resistant
103,Tendai Okoye|Tendai Dlamini|Baraka Banda|Naledi Dlamini|Sipho Mwangi,Kilimani Agricultural College,70,"MK 8,758 per 10kg",lodging-resistant|aphid-resistant|high-starch
104,Kofi Diallo|Rudo Banda|Naledi Dlamini|Rudo Kariuki|Naledi Odhiambo|Imani Chirwa|Kwame Banda|Kwame Okoye,National Grain Programme,72,"MK 15,916 per 10kg",rotation|high-protein|low-rainfall|long-season
105,Tendai Kariuki|Mandla Nkosi|Furaha Moyo|Kwame Mensah|Rudo Chirwa|Tendai Toure,National Grain Programme,143,"MK 15,817 per 10kg",green-manure|relay-crop|lowland|high-protein
106,Tendai Adeyemi|Tendai Adeyemi|Naledi Adeyemi|Aisha Adeyemi|Chidi Diallo|Amara Osei|Chidi Mwangi|Lindiwe Okoye,Kilimani Agricultural College,117,"MK 6,860 per 10kg",short-season|striga-tolerant|relay-crop|open-pollinated
107,Lindiwe Dlamini|Chidi Nkosi|Imani Nkosi|Zola Sarr|Furaha Adeyemi,Ukulima Seed Institute,64,"MK 19,349 per 10kg",short-season|river-basin|high-starch|low-rainfall
108,Wanjiru Toure|Themba Banda|Mandla Dlamini|Naledi Toure|Omari Abara|Mandla Odhiambo|Amara Nkosi|Chidi Adeyemi,Hawassa Plant Breeding Unit,133,"MK 24,086 per 10kg",smallholder|aphid-resistant|fodder|short-season
109,Tendai Kariuki|Aisha Nkosi|Omari Abara|Furaha Toure|Zola Kariuki|Omari Banda|Furaha Moyo|Tendai Dlamini,Kilimani Agricultural College,139,"MK 10,160 per 10kg",green-manure|certified-seed|high-starch
110,Themba Adeyemi|Mandla Abara|Wanjiru Nkosi|Mandla Sarr|Chidi Okoye|Aisha Diallo,Kilimani Agricultural College,147,"MK 21,640 per 10kg",long-season|high-starch|aphid-resistant|lowland
111,Amara Toure|Kwame Mensah|Lindiwe Banda|Rudo Sarr,National Grain Programme,187,"MK 2,360 per 10kg",rotation|striga-tolerant
112,Themba Banda|Omari Kariuki|Mandla Okoye|Wanjiru Chirwa|Kwame Toure|Tendai Chirwa|Wanjiru Toure|Amara Toure,Kilimani Agricultural College,82,"MK 14,505 per 10kg",lowland|rotation
113,Lindiwe Osei|Tendai Kariuki|Naledi Odhiambo|Chidi Dlamini|Naledi Abara|Tendai Odhiambo|Themba Chirwa|Mandla Adeyemi,Akatsi Horticulture Board,73,"MK 24,806 per 10kg",striga-tolerant|hybrid
114,Naledi Nkosi|Tendai Banda|Tendai Diallo|Kofi Diallo,Hawassa Plant Breeding Unit,139,"MK 5,625 per 10kg",open-pollinated|lowland|long-season|aphid-resistant
115,Zola Toure|Sipho Mensah|Furaha Sarr|Lindiwe Sarr|Naledi Okoye,Hawassa Plant Breeding Unit,149,"MK 5,393 per 10kg",striga-tolerant|low-rainfall|short-season|lowland
116,Tendai Mensah|Furaha Adeyemi|Imani Diallo|Mandla Diallo|Baraka Dlamini|Kofi Mensah,National Grain Programme,131,"MK 12,804 per 10kg",open-pollinated|terraced
117,Baraka Okoye|Tendai Dlamini|Tendai Chirwa|Aisha Kariuki|Rudo Osei|Kofi Kariuki|Wanjiru Mwangi,Chemba Seed Works,96,"MK 4,745 per 10kg",striga-tolerant|terraced|valley-floor
118,Zola Abara|Omari Chirwa|Imani Abara|Rudo Toure|Aisha Dlamini|Themba Banda,Sokoto Crop Research Station,69,"MK 4,523 per 10kg",long-season|terraced|aphid-resistant|certified-seed
119,Themba Kariuki|Omari Toure|Imani Sarr|Chidi Sarr|Kwame Toure|Amara Odhiambo,Amanzi Valley Seed Co-op,184,MK 984 per 10kg,green-manure|low-rainfall|high-starch
120,Omari Diallo|Lindiwe Kariuki|Kofi Okoye|Aisha Diallo|Kofi Toure,Hawassa Plant Breeding Unit,72,"MK 11,697 per 10kg",export-grade|hybrid|high-starch|open-pollinated
121,Baraka Moyo|Tendai Diallo|Kofi Moyo|Kwame Banda|Chidi Mensah|Themba Okoye|Mandla Okoye,Kilimani Agricultural College,125,"MK 23,840 per 10kg",short-season|lowland|low-rainfall|fodder
122,Themba Moyo|Baraka Osei|Omari Moyo|Omari Banda|Furaha Adeyemi|Furaha Diallo|Kwame Sarr,National Grain Programme,89,"MK 19,859 per 10kg",highland|export-grade|relay-crop
123,Lindiwe Okoye|Omari Okoye|Chidi Sarr|Chidi Osei|Rudo Nkosi,Ukulima Seed Institute,195,"MK 1,874 per 10kg",striga-tolerant|oil-grade|hybrid
125,Chidi Nkosi|Chidi Nkosi|Imani Dlamini|Naledi Osei|Kofi Abara|Baraka Mwangi|Lindiwe Dlamini|Zola Dlamini,Ukulima Seed Institute,198,"MK 1,208 per 10kg",relay-crop|long-season
126,Mandla Banda|Furaha Kariuki|Kofi Mwangi|Imani Okoye|Naledi Diallo|Furaha Nkosi|Kwame Abara|Furaha Osei,Akatsi Horticulture Board,145,"MK 4,555 per 10kg",aphid-resistant|river-basin
127,Chidi Adeyemi|Themba Mwangi|Kofi Mensah|Zola Nkosi,Amanzi Valley Seed Co-op,97,"MK 19,635 per 10kg",mechanized|aphid-resistant|smallholder
128,Lindiwe Kariuki|Themba Okoye|Aisha Mwangi|Lindiwe Diallo|Amara Kariuki|Omari Adeyemi|Baraka Odhiambo|Kwame Okoye,National Grain Programme,131,"MK 15,677 per 10kg",short-season|highland
129,Themba Diallo|Sipho Moyo|Imani Mwangi|Omari Nkosi|Themba Abara,Akatsi Horticulture Board,153,"MK 22,858 per 10kg",high-protein|river-basin
130,Mandla Dlamini|Lindiwe Moyo|Zola Dlamini|Zola Mensah|Mandla Odhiambo,Hawassa Plant Breeding Unit,111,"MK 1,529 per 10kg",green-manure|striga-tolerant|low-rainfall
131,Mandla Abara|Wanjiru Dlamini|Rudo Sarr|Omari Dlamini|Amara Nkosi|Naledi Osei,Sokoto Crop Research Station,60,"MK 19,405 per 10kg",valley-floor|oil-grade|high-starch
132,Baraka Odhiambo|Mandla Abara|Wanjiru Osei|Zola Okoye|Furaha Sarr|Mandla Adeyemi|Omari Osei|Chidi Toure,National Grain Programme,102,"MK 7,936 per 10kg",relay-crop|hybrid
133,Themba Chirwa|Zola Moyo|Baraka Banda|Zola Toure|Imani Moyo|Kwame Nkosi,National Grain Programme,155,"MK 7,572 per 10kg",high-protein|aphid-resistant
134,Furaha Chirwa|Amara Abara|Naledi Mensah|Wanjiru Toure|Themba Osei|Chidi Nkosi|Sipho Osei|Kofi Moyo,Akatsi Horticulture Board,140,"MK 22,175 per 10kg",valley-floor|certified-seed
135,Tendai Diallo|Lindiwe Toure|Wanjiru Odhiambo|Chidi Dlamini|Imani Abara|Kofi Banda|Sipho Abara,Chemba Seed Works,107,"MK 24,099 per 10kg",highland|oil-grade|lodging-resistant|export-grade
136,Sipho Osei|Chidi Sarr|Lindiwe Banda|Wanjiru Mwangi|Kofi Osei,Amanzi Valley Seed Co-op,195,"MK 17,305 per 10kg",export-grade|mechanized
138,Wanjiru Okoye|Tendai Adeyemi|Naledi Mwangi|Naledi Toure|Zola Abara|Chidi Dlamini|Lindiwe Sarr|Wanjiru Sarr,Sokoto Crop Research Station,197,"MK 17,869 per 10kg",terraced|mechanized|aphid-resistant|high-starch
140,Sipho Diallo|Sipho Sarr|Tendai Dlamini|Zola Diallo|Themba Odhiambo|Wanjiru Banda,Sokoto Crop Research Station,99,"MK 4,759 per 10kg",aphid-resistant|low-rainfall|striga-tolerant
141,Zola Moyo|Wanjiru Toure|Omari Sarr|Kofi Moyo|Zola Okoye|Naledi Kariuki|Chidi Sarr,Chemba Seed Works,143,"MK 17,109 per 10kg",aphid-resistant|lowland|short-season|open-pollinated
142,Aisha Nkosi|Rudo Dlamini|Tendai Dlamini|Imani Moyo|Amara Adeyemi|Furaha Mwangi,National Grain Programme,100,"MK 20,558 per 10kg",smallholder|valley-floor
143,Furaha Okoye|Themba Sarr|Themba Nkosi|Baraka Mwangi,Sokoto Crop Research Station,177,"MK 8,215 per 10kg",lowland|green-manure|aphid-resistant|relay-crop
145,Furaha Moyo|Omari Diallo|Themba Sarr|Chidi Kariuki|Amara Odhiambo|Imani Mensah|Tendai Mensah,Ukulima Seed Institute,148,"MK 24,138 per 10kg",river-basin|mechanized|lodging-resistant|export-grade
146,Rudo Toure|Furaha Sarr|Aisha Toure|Sipho Adeyemi,National Grain Programme,96,"MK 14,893 per 10kg",low-rainfall|smallholder|relay-crop|short-season
147,Chidi Sarr|Omari Toure|Chidi Adeyemi|Baraka Moyo|Imani Mwangi|Kofi Moyo,Kilimani Agricultural College,109,"MK 9,516 per 10kg",rotation|smallholder|long-season
148,Baraka Toure|Amara Kariuki|Zola Okoye|Mandla Mensah|Chidi Toure|Mandla Osei|Aisha Okoye|Lindiwe Dlamini,National Grain Programme,176,"MK 4,342 per 10kg",long-season|certified-seed|relay-crop
149,Rudo Banda|Kofi Okoye|Baraka Adeyemi|Themba Sarr|Aisha Osei|Mandla Adeyemi|Furaha Mwangi,Hawassa Plant Breeding Unit,173,"MK 23,016 per 10kg",terraced|valley-floor
150,Imani Toure|Kwame Nkosi|Aisha Sarr|Omari Adeyemi|Furaha Adeyemi,Sokoto Crop Research Station,87,"MK 22,179 per 10kg",open-pollinated|oil-grade|mechanized|green-manure
151,Aisha Mwangi|Rudo Mwangi|Tendai Kariuki|Furaha Kariuki|Kwame Chirwa|Naledi Diallo|Zola Diallo|Kofi Odhiambo,Kilimani Agricultural College,166,"MK 10,643 per 10kg",river-basin|green-manure|oil-grade|export-grade
152,Rudo Mensah|Aisha Osei|Omari Mwangi|Zola Nkosi,Sokoto Crop Research Station,86,"MK 1,062 per 10kg",low-rainfall|short-season
154,Imani Okoye|Imani Moyo|Zola Banda|Furaha Chirwa|Lindiwe Nkosi|Furaha Mensah|Baraka Mensah,Amanzi Valley Seed Co-op,107,"MK 12,739 per 10kg",high-protein|striga-tolerant|certified-seed|aphid-resistant
155,Themba Mensah|Kwame Odhiambo|Omari Banda|Naledi Toure|Amara Mensah|Mandla Mwangi,Ukulima Seed Institute,130,"MK 4,676 per 10kg",high-protein|highland|river-basin|open-pollinated
156,Kwame Moyo|Naledi Adeyemi|Omari Dlamini|Amara Diallo|Baraka Kariuki|Lindiwe Abara,Sokoto Crop Research Station,163,"MK 15,570 per 10kg",high-starch|short-season|hybrid|striga-tolerant
157,Wanjiru Diallo|Kwame Kariuki|Chidi Abara|Kwame Mensah|Omari Mwangi|Tendai Abara|Rudo Diallo|Amara Odhiambo,Kilimani Agricultural College,193,"MK 7,535 per 10kg",relay-crop|high-starch|river-basin
158,Naledi Diallo|Aisha Osei|Zola Toure|Omari Dlamini,National Grain Programme,103,"MK 5,221 per 10kg",low-rainfall|lodging-resistant|long-season|high-protein
159,Lindiwe Dlamini|Zola Nkosi|Amara Sarr|Aisha Mensah|Mandla Adeyemi|Imani Diallo,Amanzi Valley Seed Co-op,178,"MK 13,832 per 10kg",lowland|striga-tolerant|lodging-resistant
160,Naledi Abara|Furaha Chirwa|Zola Odhiambo|Sipho Odhiambo|Tendai Diallo,Ukulima Seed Institute,177,"MK 6,868 per 10kg",short-season|highland|smallholder|mechanized
161,Chidi Nkosi|Themba Adeyemi|Furaha Mwangi|Furaha Mwangi|Aisha Mensah|Wanjiru Chirwa,Hawassa Plant Breeding Unit,86,"MK 12,225 per 10kg",high-protein|aphid-resistant
162,Themba Osei|Sipho Moyo|Imani Kariuki|Tendai Toure|Imani Mensah,Akatsi Horticulture Board,177,"MK 22,815 per 10kg",rotation|green-manure|open-pollinated|valley-floor
164,Kwame Chirwa|Omari Kariuki|Chidi Moyo|Mandla Abara|Naledi Banda|Lindiwe Abara|Zola Odhiambo,Chemba Seed Works,147,"MK 22,098 per 10kg",low-rainfall|export-grade|green-manure
167,Rudo Moyo|Lindiwe Kariuki|Themba Chirwa|Imani Diallo|Naledi Odhiambo|Wanjiru Odhiambo|Amara Kariuki,Chemba Seed Works,153,"MK 13,525 per 10kg",green-manure|lowland
168,Naledi Banda|Lindiwe Abara|Rudo Odhiambo|Mandla Nkosi|Lindiwe Sarr|Amara Dlamini|Amara Nkosi,Ukulima Seed Institute,92,"MK 13,329 per 10kg",green-manure|rotation
169,Mandla Toure|Furaha Osei|Wanjiru Dlamini|Aisha Sarr|Baraka Osei|Furaha Dlamini|Amara Banda,Kilimani Agricultural College,194,"MK 24,776 per 10kg",fodder|short-season
170,Sipho Banda|Furaha Sarr|Omari Moyo|Lindiwe Diallo|Zola Osei,Amanzi Valley Seed Co-op,164,"MK 20,916 per 10kg",long-season|highland|striga-tolerant
172,Baraka Okoye|Naledi Odhiambo|Aisha Chirwa|Omari Okoye|Omari Mensah|Wanjiru Mwangi,National Grain Programme,127,"MK 18,933 per 10kg",valley-floor|highland|smallholder
173,Wanjiru Mwangi|Sipho Okoye|Furaha Dlamini|Amara Abara|Amara Banda|Imani Sarr|Themba Okoye,Kilimani Agricultural College,147,"MK 2,598 per 10kg",mechanized|open-pollinated|fodder
174,Lindiwe Nkosi|Naledi Abara|Tendai Banda|Tendai Dlamini|Kwame Moyo|Naledi Mwangi|Imani Kariuki,Akatsi Horticulture Board,190,"MK 11,234 per 10kg",oil-grade|open-pollinated|low-rainfall
175,Mandla Banda|Mandla Okoye|Wanjiru Kariuki|Zola Moyo|Aisha Odhiambo,Hawassa Plant Breeding Unit,180,"MK 9,416 per 10kg",high-starch|long-season|green-manure
176,Naledi Osei|Kwame Odhiambo|Zola Mensah|Imani Okoye|Naledi Adeyemi|Tendai Osei|Sipho Chirwa|Wanjiru Kariuki,Chemba Seed Works,162,"MK 11,167 per 10kg",river-basin|smallholder|mechanized|short-season
177,Aisha Okoye|Naledi Chirwa|Furaha Diallo|Chidi Sarr|Baraka Dlamini|Lindiwe Banda,Sokoto Crop Research Station,70,"MK 7,155 per 10kg",lowland|hybrid|export-grade|mechanized
178,Baraka Okoye|Kwame Adeyemi|Naledi Sarr|Baraka Mwangi|Themba Osei,Chemba Seed Works,91,"MK 14,651 per 10kg",high-protein|river-basin
179,Mandla Chirwa|Furaha Mensah|Furaha Toure|Mandla Chirwa|Imani Abara|Kofi Diallo,Sokoto Crop Research Station,117,"MK 5,442 per 10kg",lowland|mechanized|certified-seed
180,Amara Kariuki|Baraka Mensah|Baraka Moyo|Zola Diallo,Hawassa Plant Breeding Unit,149,"MK 24,147 per 10kg",mechanized|certified-seed|smallholder
181,Omari Okoye|Wanjiru Chirwa|Lindiwe Chirwa|Kwame Osei|Rudo Abara|Sipho Diallo|Kofi Mensah|Chidi Okoye,Sokoto Crop Research Station,171,"MK 16,898 per 10kg",green-manure|river-basin
182,Furaha Mensah|Baraka Kariuki|Imani Banda|Furaha Banda|Furaha Toure|Amara Adeyemi,Kilimani Agricultural College,183,"MK 6,674 per 10kg",lowland|hybrid|open-pollinated|long-season
183,Sipho Mwangi|Lindiwe Osei|Themba Nkosi|Aisha Adeyemi|Amara Nkosi|Imani Okoye,Kilimani Agricultural College,169,"MK 24,814 per 10kg",relay-crop|green-manure|fodder|export-grade
184,Themba Adeyemi|Imani Toure|Tendai Kariuki|Chidi Diallo|Chidi Okoye|Wanjiru Toure|Rudo Kariuki|Wanjiru Moyo,Hawassa Plant Breeding Unit,172,"MK 21,793 per 10kg",high-protein|certified-seed|terraced
186,Naledi Adeyemi|Omari Kariuki|Aisha Kariuki|Aisha Mwangi,Akatsi Horticulture Board,76,"MK 20,352 per 10kg",lodging-resistant|low-rainfall
187,Rudo Nkosi|Furaha Mensah|Furaha Abara|Naledi Abara|Rudo Odhiambo,National Grain Programme,175,"MK 4,870 per 10kg",lowland|fodder|hybrid
188,Imani Diallo|Themba Nkosi|Themba Toure|Imani Okoye|Kofi Diallo|Kofi Banda,Kilimani Agricultural College,180,"MK 1,871 per 10kg",hybrid|high-protein|long-season
189,Omari Mwangi|Chidi Abara|Wanjiru Chirwa|Furaha Nkosi,Ukulima Seed Institute,66,"MK 3,355 per 10kg",green-manure|long-season|lowland|river-basin
190,Baraka Banda|Tendai Abara|Zola Abara|Omari Osei|Chidi Sarr,Amanzi Valley Seed Co-op,183,"MK 18,604 per 10kg",high-protein|certified-seed|relay-crop|lodging-resistant
191,Amara Mensah|Baraka Mensah|Chidi Adeyemi|Lindiwe Kariuki|Zola Banda|Mandla Adeyemi|Sipho Nkosi|Naledi Toure,Kilimani Agricultural College,74,"MK 11,582 per 10kg",long-season|terraced|highland|smallholder
192,Imani Dlamini|Lindiwe Diallo|Rudo Mwangi|Aisha Kariuki,Akatsi Horticulture Board,136,"MK 1,564 per 10kg",export-grade|fodder|hybrid|lowland
193,Amara Nkosi|Zola Moyo|Themba Mensah|Wanjiru Nkosi|Mandla Osei|Imani Okoye|Baraka Toure,National Grain Programme,116,"MK 11,311 per 10kg",hybrid|lodging-resistant
195,Chidi Abara|Rudo Adeyemi|Zola Nkosi|Chidi Mwangi|Rudo Odhiambo|Omari Banda|Wanjiru Kariuki|Naledi Diallo,Sokoto Crop Research Station,97,"MK 13,239 per 10kg",low-rainfall|river-basin|certified-seed
196,Tendai Dlamini|Lindiwe Toure|Baraka Adeyemi|Baraka Kariuki|Amara Mwangi|Omari Abara,Ukulima Seed Institute,186,"MK 21,701 per 10kg",relay-crop|high-protein
197,Kofi Odhiambo|Baraka Sarr|Furaha Mwangi|Aisha Osei|Kwame Toure,Chemba Seed Works,64,"MK 7,606 per 10kg",relay-crop|hybrid
198,Themba Dlamini|Wanjiru Mensah|Aisha Okoye|Baraka Mwangi|Furaha Abara|Mandla Nkosi|Tendai Odhiambo,Chemba Seed Works,154,"MK 8,129 per 10kg",rotation|relay-crop|lodging-resistant|certified-seed
199,Zola Okoye|Kofi Dlamini|Chidi Mensah|Mandla Mwangi|Themba Banda|Aisha Moyo|Sipho Dlamini|Lindiwe Osei,National Grain Programme,183,MK 841 per 10kg,high-starch|export-grade|hybrid
200,Amara Nkosi|Themba Okoye|Themba Moyo|Chidi Adeyemi|Imani Kariuki,Kilimani Agricultural College,138,"MK 8,651 per 10kg",rotation|aphid-resistant|certified-seed|river-basin
201,Imani Chirwa|Wanjiru Adeyemi|Rudo Mensah|Lindiwe Toure|Kofi Osei|Kwame Diallo|Amara Mwangi,Chemba Seed Works,82,"MK 10,299 per 10kg",terraced|long-season
203,Aisha Dlamini|Rudo Okoye|Naledi Chirwa|Tendai Kariuki|Kwame Odhiambo|Omari Sarr|Aisha Mensah|Amara Sarr,National Grain Programme,141,"MK 18,014 per 10kg",highland|high-starch
204,Lindiwe Abara|Kwame Mwangi|Lindiwe Odhiambo|Kofi Sarr|Kofi Adeyemi|Wanjiru Chirwa|Rudo Abara|Mandla Abara,National Grain Programme,180,"MK 16,934 per 10kg",river-basin|export-grade
206,Wanjiru Banda|Baraka Nkosi|Baraka Diallo|Zola Abara|Aisha Chirwa|Baraka Adeyemi|Kofi Moyo|Sipho Moyo,Akatsi Horticulture Board,123,"MK 9,439 per 10kg",aphid-resistant|low-rainfall|smallholder
207,Sipho Nkosi|Aisha Sarr|Kofi Moyo|Aisha Banda|Chidi Osei,Chemba Seed Works,121,"MK 14,177 per 10kg",high-protein|smallholder
208,Naledi Mensah|Imani Kariuki|Themba Kariuki|Sipho Okoye,Kilimani Agricultural College,110,"MK 24,325 per 10kg",fodder|valley-floor
209,Chidi Abara|Themba Moyo|Naledi Okoye|Rudo Moyo|Rudo Osei|Amara Chirwa|Themba Chirwa,Hawassa Plant Breeding Unit,112,"MK 6,748 per 10kg",open-pollinated|long-season
210,Rudo Nkosi|Rudo Diallo|Imani Okoye|Omari Sarr|Wanjiru Dlamini,Hawassa Plant Breeding Unit,196,"MK 19,755 per 10kg",short-season|river-basin
212,Lindiwe Moyo|Omari Mwangi|Aisha Kariuki|Amara Mwangi|Lindiwe Nkosi|Baraka Dlamini|Sipho Okoye,Chemba Seed Works,122,"MK 17,680 per 10kg",smallholder|striga-tolerant|fodder|long-season
213,Kofi Adeyemi|Baraka Diallo|Rudo Toure|Zola Sarr,Akatsi Horticulture Board,127,"MK 3,055 per 10kg",high-protein|low-rainfall|valley-floor
214,Amara Odhiambo|Themba Kariuki|Imani Chirwa|Kofi Chirwa|Aisha Osei|Tendai Osei|Wanjiru Diallo,Ukulima Seed Institute,124,"MK 22,396 per 10kg",rotation|relay-crop|smallholder
215,Zola Kariuki|Zola Dlamini|Aisha Dlamini|Zola Diallo|Omari Odhiambo|Imani Kariuki,National Grain Programme,151,"MK 10,894 per 10kg",rotation|green-manure
216,Sipho Okoye|Furaha Okoye|Mandla Okoye|Imani Nkosi|Naledi Dlamini|Kofi Adeyemi|Kwame Banda|Kwame Mwangi,Amanzi Valley Seed Co-op,67,"MK 23,717 per 10kg",relay-crop|certified-seed|oil-grade|green-manure
217,Tendai Banda|Kwame Abara|Omari Dlamini|Aisha Banda|Chidi Diallo,Sokoto Crop Research Station,173,"MK 3,017 per 10kg",lowland|certified-seed|aphid-resistant|relay-crop
218,Naledi Dlamini|Themba Mwangi|Wanjiru Okoye|Amara Mensah|Lindiwe Banda,Sokoto Crop Research Station,191,"MK 1,127 per 10kg",low-rainfall|hybrid|aphid-resistant
219,Zola Adeyemi|Rudo Osei|Kwame Banda|Chidi Kariuki|Kwame Mensah|Rudo Toure|Mandla Mwangi|Wanjiru Mwangi,Kilimani Agricultural College,182,"MK 8,565 per 10kg",mechanized|smallholder|terraced|aphid-resistant
221,Kofi Moyo|Naledi Adeyemi|Furaha Abara|Rudo Okoye|Chidi Kariuki,Akatsi Horticulture Board,157,"MK 3,588 per 10kg",mechanized|green-manure|oil-grade
222,Naledi Chirwa|Kofi Sarr|Rudo Toure|Zola Mwangi|Baraka Toure|Furaha Dlamini,Akatsi Horticulture Board,86,"MK 17,048 per 10kg",lodging-resistant|highland|striga-tolerant
223,Mandla Sarr|Naledi Banda|Themba Osei|Kofi Odhiambo|Imani Diallo|Imani Nkosi,Amanzi Valley Seed Co-op,127,"MK 5,141 per 10kg",oil-grade|highland|smallholder|aphid-resistant
225,Naledi Sarr|Imani Nkosi|Lindiwe Sarr|Naledi Osei|Themba Chirwa|Themba Banda|Kwame Toure,Amanzi Valley Seed Co-op,121,"MK 15,559 per 10kg",smallholder|export-grade|high-starch
226,Aisha Dlamini|Sipho Moyo|Lindiwe Odhiambo|Chidi Dlamini|Tendai Chirwa|Kofi Sarr,Akatsi Horticulture Board,174,"MK 3,778 per 10kg",smallholder|relay-crop|hybrid|short-season
227,Kofi Moyo|Aisha Diallo|Kofi Kariuki|Tendai Okoye|Amara Toure,Sokoto Crop Research Station,99,"MK 24,149 per 10kg",green-manure|relay-crop|short-season|lodging-resistant
229,Amara Nkosi|Rudo Kariuki|Baraka Chirwa|Rudo Abara|Kwame Osei|Baraka Kariuki|Wanjiru Chirwa,Akatsi Horticulture Board,100,"MK 16,370 per 10kg",lowland|long-season|smallholder
230,Tendai Banda|Aisha Abara|Zola Nkosi|Wanjiru Mwangi|Mandla Nkosi|Tendai Abara|Kwame Nkosi,National Grain Programme,191,"MK 23,366 per 10kg",valley-floor|certified-seed
231,Wanjiru Chirwa|Lindiwe Osei|Amara Toure|Mandla Kariuki|Imani Dlamini|Themba Okoye,Amanzi Valley Seed Co-op,119,"MK 14,901 per 10kg",rotation|open-pollinated
232,Chidi Sarr|Sipho Chirwa|Imani Chirwa|Themba Diallo|Kwame Abara|Furaha Adeyemi|Rudo Osei|Amara Adeyemi,Akatsi Horticulture Board,66,"MK 18,579 per 10kg",terraced|lowland|high-starch
233,Omari Sarr|Chidi Osei|Themba Diallo|Imani Kariuki|Imani Kariuki|Mandla Okoye|Naledi Osei,Akatsi Horticulture Board,180,"MK 7,939 per 10kg",open-pollinated|export-grade
234,Lindiwe Nkosi|Imani Chirwa|Tendai Dlamini|Imani Toure|Mandla Moyo,Akatsi Horticulture Board,153,"MK 5,310 per 10kg",certified-seed|fodder|oil-grade|valley-floor
235,Furaha Okoye|Tendai Okoye|Themba Moyo|Themba Dlamini|Themba Mensah|Amara Toure,National Grain Programme,113,"MK 14,271 per 10kg",relay-crop|valley-floor|fodder|smallholder
236,Omari Toure|Wanjiru Sarr|Themba Nkosi|Baraka Toure|Furaha Mensah|Kwame Dlamini|Aisha Sarr,Kilimani Agricultural College,63,"MK 2,048 per 10kg",long-season|hybrid|low-rainfall|fodder
237,Rudo Adeyemi|Sipho Abara|Omari Mensah|Sipho Mwangi,Amanzi Valley Seed Co-op,91,"MK 12,680 per 10kg",hybrid|mechanized|river-basin
239,Aisha Moyo|Baraka Osei|Kwame Nkosi|Chidi Dlamini|Amara Dlamini|Rudo Mwangi|Aisha Diallo,Hawassa Plant Breeding Unit,156,"MK 18,746 per 10kg",relay-crop|striga-tolerant|highland
240,Rudo Osei|Amara Okoye|Aisha Kariuki|Naledi Abara,National Grain Programme,116,"MK 8,782 per 10kg",rotation|river-basin|smallholder|lodging-resistant
241,Furaha Moyo|Rudo Abara|Aisha Kariuki|Lindiwe Okoye|Sipho Toure,Chemba Seed Works,131,"MK 15,543 per 10kg",aphid-resistant|low-rainfall|river-basin|valley-floor
242,Aisha Banda|Furaha Kariuki|Tendai Banda|Wanjiru Chirwa|Lindiwe Mwangi|Imani Diallo,Amanzi Valley Seed Co-op,191,"MK 6,135 per 10kg",oil-grade|fodder|lowland|certified-seed
243,Amara Osei|Kofi Toure|Kwame Mensah|Rudo Adeyemi|Aisha Osei|Tendai Sarr,Ukulima Seed Institute,82,"MK 24,814 per 10kg",fodder|highland|open-pollinated
244,Sipho Odhiambo|Sipho Nkosi|Wanjiru Moyo|Tendai Banda|Sipho Odhiambo,Akatsi Horticulture Board,65,"MK 2,648 per 10kg",long-season|fodder
245,Baraka Moyo|Themba Moyo|Rudo Abara|Aisha Okoye|Omari Odhiambo,Akatsi Horticulture Board,77,"MK 13,082 per 10kg",terraced|fodder|highland
246,Imani Mensah|Mandla Nkosi|Themba Sarr|Amara Mwangi|Aisha Chirwa|Tendai Dlamini|Sipho Diallo,Sokoto Crop Research Station,189,"MK 7,171 per 10kg",short-season|terraced|hybrid|export-grade
247,Rudo Banda|Wanjiru Banda|Mandla Banda|Kofi Toure|Baraka Osei|Zola Toure|Baraka Mensah,Ukulima Seed Institute,79,"MK 3,072 per 10kg",long-season|river-basin|fodder
248,Kwame Banda|Baraka Mensah|Kofi Mwangi|Zola Abara|Themba Osei|Rudo Moyo,Hawassa Plant Breeding Unit,193,"MK 3,738 per 10kg",relay-crop|high-protein|terraced
249,Tendai Osei|Baraka Chirwa|Lindiwe Osei|Kwame Sarr,Sokoto Crop Research Station,142,"MK 19,677 per 10kg",low-rainfall|open-pollinated|certified-seed|valley-floor
250,Themba Odhiambo|Kwame Kariuki|Tendai Moyo|Kofi Adeyemi|Naledi Diallo|Omari Chirwa,National Grain Programme,107,"MK 11,468 per 10kg",mechanized|terraced
251,Naledi Toure|Mandla Chirwa|Lindiwe Moyo|Naledi Nkosi,Hawassa Plant Breeding Unit,126,"MK 17,326 per 10kg",open-pollinated|export-grade
252,Rudo Moyo|Naledi Diallo|Omari Adeyemi|Lindiwe Sarr,Ukulima Seed Institute,67,"MK 5,233 per 10kg",lodging-resistant|river-basin|smallholder|export-grade
253,Baraka Adeyemi|Tendai Diallo|Wanjiru Okoye|Zola Dlamini|Kofi Okoye|Naledi Banda|Chidi Adeyemi|Kwame Abara,Chemba Seed Works,189,"MK 6,391 per 10kg",green-manure|highland|river-basin|fodder
254,Tendai Chirwa|Zola Toure|Zola Toure|Amara Kariuki,Chemba Seed Works,100,"MK 23,302 per 10kg",river-basin|aphid-resistant|high-protein|highland
255,Sipho Toure|Furaha Sarr|Themba Mensah|Sipho Sarr|Sipho Adeyemi|Tendai Mwangi|Omari Adeyemi,Akatsi Horticulture Board,74,"MK 16,772 per 10kg",striga-tolerant|high-protein
256,Imani Adeyemi|Lindiwe Toure|Rudo Chirwa|Kofi Adeyemi|Aisha Osei|Mandla Mensah|Furaha Mwangi,Akatsi Horticulture Board,74,"MK 15,688 per 10kg",striga-tolerant|mechanized|smallholder|fodder
257,Mandla Dlamini|Wanjiru Kariuki|Zola Abara|Kofi Sarr|Furaha Moyo|Naledi Mensah|Kofi Nkosi,Sokoto Crop Research Station,123,"MK 20,438 per 10kg",mechanized|striga-tolerant
259,Rudo Adeyemi|Imani Toure|Rudo Diallo|Imani Odhiambo,Kilimani Agricultural College,78,"MK 19,321 per 10kg",river-basin|smallholder|export-grade
260,Amara Banda|Furaha Odhiambo|Furaha Dlamini|Tendai Odhiambo|Furaha Odhiambo|Tendai Kariuki|Aisha Osei|Kwame Adeyemi,Hawassa Plant Breeding Unit,137,"MK 5,441 per 10kg",mechanized|export-grade
261,Aisha Okoye|Imani Dlamini|Themba Osei|Wanjiru Moyo,Sokoto Crop Research Station,173,"MK 1,728 per 10kg",terraced|short-season|highland
262,Tendai Nkosi|Baraka Nkosi|Chidi Odhiambo|Naledi Chirwa|Kwame Mwangi,Chemba Seed Works,85,"MK 7,797 per 10kg",hybrid|high-protein|lodging-resistant|striga-tolerant
263,Imani Moyo|Aisha Adeyemi|Wanjiru Diallo|Amara Okoye|Chidi Okoye|Wanjiru Kariuki|Themba Diallo|Omari Mensah,Amanzi Valley Seed Co-op,120,"MK 19,252 per 10kg",aphid-resistant|striga-tolerant
264,Imani Okoye|Mandla Odhiambo|Kwame Chirwa|Tendai Banda|Amara Banda,Hawassa Plant Breeding Unit,177,"MK 6,614 per 10kg",short-season|aphid-resistant|relay-crop|highland
265,Zola Adeyemi|Amara Kariuki|Rudo Okoye|Wanjiru Okoye|Themba Adeyemi|Mandla Odhiambo,Sokoto Crop Research Station,111,"MK 20,962 per 10kg",oil-grade|striga-tolerant
266,Kwame Odhiambo|Imani Chirwa|Omari Odhiambo|Amara Banda|Aisha Nkosi|Chidi Dlamini,Kilimani Agricultural College,198,"MK 22,297 per 10kg",terraced|river-basin|rotation
267,Baraka Okoye|Lindiwe Kariuki|Kofi Banda|Lindiwe Abara|Omari Okoye,Hawassa Plant Breeding Unit,116,"MK 5,542 per 10kg",rotation|hybrid
268,Themba Mensah|Wanjiru Abara|Kwame Mwangi|Sipho Sarr,Chemba Seed Works,69,"MK 6,318 per 10kg",hybrid|valley-floor|striga-tolerant
269,Aisha Adeyemi|Wanjiru Mensah|Zola Mwangi|Baraka Dlamini|Tendai Adeyemi|Chidi Dlamini|Aisha Nkosi|Imani Toure,Ukulima Seed Institute,86,"MK 15,190 per 10kg",high-starch|long-season|aphid-resistant
272,Imani Abara|Zola Moyo|Tendai Mwangi|Tendai Banda|Furaha Mensah|Aisha Mwangi|Furaha Toure,Kilimani Agricultural College,177,"MK 16,038 per 10kg",highland|short-season
273,Rudo Diallo|Lindiwe Dlamini|Tendai Osei|Wanjiru Odhiambo|Imani Mensah|Kwame Mwangi,Hawassa Plant Breeding Unit,100,"MK 12,382 per 10kg",river-basin|relay-crop
274,Naledi Abara|Baraka Toure|Imani Odhiambo|Imani Moyo|Baraka Mwangi,Ukulima Seed Institute,179,"MK 16,573 per 10kg",fodder|smallholder
277,Wanjiru Adeyemi|Naledi Adeyemi|Kwame Dlamini|Furaha Sarr,Sokoto Crop Research Station,119,"MK 3,673 per 10kg",aphid-resistant|smallholder|terraced|export-grade
278,Naledi Diallo|Furaha Mensah|Furaha Diallo|Lindiwe Okoye,National Grain Programme,75,"MK 23,335 per 10kg",highland|terraced
279,Kofi Mwangi|Kofi Abara|Rudo Mensah|Sipho Banda,Kilimani Agricultural College,91,"MK 14,695 per 10kg",lodging-resistant|open-pollinated|rotation
281,Chidi Chirwa|Zola Dlamini|Kofi Odhiambo|Baraka Sarr|Lindiwe Okoye|Naledi Moyo|Amara Chirwa|Furaha Sarr,National Grain Programme,137,"MK 2,654 per 10kg",high-starch|fodder|short-season|certified-seed
282,Lindiwe Dlamini|Zola Toure|Naledi Dlamini|Furaha Odhiambo|Kwame Adeyemi,Sokoto Crop Research Station,159,"MK 21,761 per 10kg",oil-grade|long-season
283,Zola Kariuki|Kofi Dlamini|Chidi Okoye|Imani Chirwa|Mandla Abara|Rudo Kariuki|Rudo Banda,Sokoto Crop Research Station,110,"MK 7,972 per 10kg",certified-seed|export-grade|smallholder
284,Zola Nkosi|Rudo Mwangi|Imani Sarr|Kwame Adeyemi|Imani Odhiambo|Mandla Diallo|Mandla Banda|Naledi Toure,Chemba Seed Works,125,"MK 17,363 per 10kg",high-starch|river-basin|fodder
285,Wanjiru Chirwa|Themba Mwangi|Lindiwe Odhiambo|Baraka Dlamini|Omari Toure|Furaha Adeyemi|Rudo Adeyemi|Wanjiru Osei,Chemba Seed Works,82,"MK 1,987 per 10kg",hybrid|smallholder|lodging-resistant
287,Kofi Banda|Imani Moyo|Mandla Okoye|Rudo Dlamini|Naledi Banda|Tendai Adeyemi|Tendai Osei|Rudo Mwangi,National Grain Programme,91,"MK 12,361 per 10kg",river-basin|high-protein|rotation|hybrid
289,Kofi Abara|Tendai Okoye|Furaha Moyo|Baraka Moyo|Kwame Mensah|Zola Kariuki|Baraka Abara|Imani Diallo,Kilimani Agricultural College,190,"MK 11,059 per 10kg",oil-grade|export-grade|long-season
290,Amara Chirwa|Naledi Mwangi|Amara Dlamini|Zola Sarr|Sipho Osei|Aisha Mensah|Mandla Kariuki,Akatsi Horticulture Board,108,"MK 18,030 per 10kg",fodder|aphid-resistant|highland|oil-grade
291,Themba Mwangi|Naledi Mensah|Themba Nkosi|Lindiwe Dlamini,Chemba Seed Works,111,"MK 19,402 per 10kg",rotation|fodder|long-season
292,Mandla Kariuki|Lindiwe Mensah|Tendai Toure|Rudo Adeyemi|Omari Okoye|Sipho Sarr|Furaha Toure,Ukulima Seed Institute,110,"MK 5,811 per 10kg",export-grade|fodder|open-pollinated
293,Kwame Nkosi|Mandla Odhiambo|Chidi Abara|Tendai Banda|Mandla Diallo,Chemba Seed Works,143,"MK 5,071 per 10kg",hybrid|lodging-resistant
294,Rudo Sarr|Kwame Toure|Sipho Dlamini|Imani Sarr,Sokoto Crop Research Station,144,"MK 8,994 per 10kg",smallholder|short-season|river-basin|hybrid
295,Lindiwe Mwangi|Chidi Adeyemi|Furaha Sarr|Lindiwe Mensah|Imani Sarr|Mandla Sarr|Amara Sarr,Hawassa Plant Breeding Unit,116,"MK 1,742 per 10kg",export-grade|aphid-resistant
296,Zola Okoye|Naledi Dlamini|Zola Abara|Naledi Diallo|Furaha Abara,Akatsi Horticulture Board,160,"MK 18,799 per 10kg",aphid-resistant|high-starch
297,Baraka Dlamini|Tendai Adeyemi|Sipho Mwangi|Omari Moyo|Kwame Toure|Amara Sarr,Sokoto Crop Research Station,75,"MK 19,438 per 10kg",mechanized|certified-seed|rotation
298,Themba Abara|Tendai Adeyemi|Zola Mensah|Rudo Kariuki|Themba Moyo|Aisha Chirwa,National Grain Programme,153,"MK 9,689 per 10kg",lodging-resistant|low-rainfall|oil-grade
299,Lindiwe Sarr|Omari Nkosi|Lindiwe Sarr|Themba Chirwa|Wanjiru Banda|Rudo Okoye|Omari Diallo|Kofi Abara,Ukulima Seed Institute,118,"MK 8,478 per 10kg",high-starch|oil-grade|mechanized|aphid-resistant
300,Imani Abara|Naledi Toure|Rudo Nkosi|Mandla Adeyemi|Aisha Toure|Sipho Okoye|Mandla Abara,Chemba Seed Works,144,"MK 7,781 per 10kg",smallholder|export-grade
301,Chidi Abara|Zola Kariuki|Furaha Odhiambo|Kofi Dlamini|Mandla Diallo|Zola Sarr,National Grain Programme,86,"MK 17,412 per 10kg",mechanized|oil-grade
302,Mandla Toure|Amara Osei|Baraka Toure|Lindiwe Sarr|Naledi Abara|Kofi Adeyemi|Amara Chirwa|Zola Osei,Sokoto Crop Research Station,198,"MK 9,034 per 10kg",rotation|smallholder|certified-seed
304,Zola Dlamini|Omari Diallo|Zola Mwangi|Kofi Moyo|Tendai Osei|Kofi Mensah|Mandla Dlamini,National Grain Programme,81,"MK 18,004 per 10kg",low-rainfall|relay-crop
305,Lindiwe Abara|Aisha Mensah|Furaha Adeyemi|Tendai Moyo|Sipho Sarr,Hawassa Plant Breeding Unit,77,"MK 13,312 per 10kg",smallholder|terraced|short-season
306,Aisha Okoye|Imani Mwangi|Amara Banda|Omari Okoye,Akatsi Horticulture Board,126,"MK 3,248 per 10kg",smallholder|aphid-resistant
307,Naledi Okoye|Naledi Moyo|Tendai Banda|Tendai Osei|Wanjiru Okoye,Hawassa Plant Breeding Unit,197,"MK 20,581 per 10kg",striga-tolerant|high-protein|high-starch
308,Tendai Toure|Chidi Odhiambo|Aisha Abara|Themba Odhiambo|Naledi Mensah|Lindiwe Toure|Themba Toure,Ukulima Seed Institute,96,"MK 19,694 per 10kg",smallholder|fodder|open-pollinated|export-grade
309,Rudo Dlamini|Aisha Odhiambo|Furaha Chirwa|Imani Kariuki|Amara Sarr|Lindiwe Toure|Naledi Odhiambo|Imani Moyo,Hawassa Plant Breeding Unit,100,"MK 19,802 per 10kg",aphid-resistant|striga-tolerant
310,Themba Diallo|Zola Nkosi|Aisha Osei|Kwame Okoye|Lindiwe Mwangi|Chidi Kariuki,Hawassa Plant Breeding Unit,66,"MK 1,560 per 10kg",green-manure|mechanized|open-pollinated|export-grade
311,Aisha Mwangi|Omari Mwangi|Omari Nkosi|Wanjiru Mensah|Rudo Osei|Kofi Kariuki|Sipho Chirwa,Ukulima Seed Institute,107,"MK 18,875 per 10kg",certified-seed|green-manure
313,Kofi Chirwa|Naledi Nkosi|Lindiwe Diallo|Chidi Dlamini|Chidi Dlamini|Chidi Toure,Sokoto Crop Research Station,105,"MK 6,522 per 10kg",valley-floor|mechanized|striga-tolerant
316,Zola Moyo|Tendai Diallo|Sipho Osei|Kwame Mwangi|Furaha Nkosi|Themba Toure|Tendai Sarr,Akatsi Horticulture Board,79,"MK 10,720 per 10kg",certified-seed|open-pollinated|valley-floor|oil-grade
317,Kwame Banda|Zola Adeyemi|Furaha Chirwa|Chidi Kariuki|Baraka Chirwa|Rudo Adeyemi|Amara Osei,National Grain Programme,157,"MK 8,100 per 10kg",oil-grade|aphid-resistant|relay-crop
319,Furaha Abara|Omari Odhiambo|Lindiwe Nkosi|Wanjiru Moyo,Amanzi Valley Seed Co-op,180,"MK 1,718 per 10kg",river-basin|highland|green-manure|striga-tolerant
320,Baraka Banda|Sipho Dlamini|Kofi Abara|Aisha Kariuki|Mandla Kariuki|Naledi Toure|Sipho Moyo|Naledi Okoye,Akatsi Horticulture Board,112,"MK 7,968 per 10kg",open-pollinated|terraced
321,Rudo Osei|Omari Dlamini|Baraka Banda|Chidi Nkosi,Chemba Seed Works,185,"MK 19,869 per 10kg",river-basin|lodging-resistant
322,Rudo Banda|Furaha Okoye|Naledi Abara|Kofi Banda|Naledi Banda|Wanjiru Kariuki|Kwame Osei|Imani Osei,Akatsi Horticulture Board,143,"MK 5,482 per 10kg",terraced|low-rainfall
323,Amara Nkosi|Chidi Chirwa|Furaha Odhiambo|Lindiwe Nkosi|Sipho Nkosi|Naledi Abara|Baraka Chirwa,Chemba Seed Works,78,"MK 6,304 per 10kg",low-rainfall|terraced|smallholder|fodder
324,Aisha Diallo|Sipho Toure|Kwame Mwangi|Kofi Dlamini,Hawassa Plant Breeding Unit,138,"MK 17,386 per 10kg",certified-seed|smallholder|highland
326,Baraka Osei|Furaha Toure|Imani Diallo|Tendai Abara|Lindiwe Moyo|Chidi Banda|Naledi Mwangi,Chemba Seed Works,102,"MK 24,406 per 10kg",valley-floor|smallholder|green-manure
327,Sipho Banda|Kofi Toure|Kwame Sarr|Mandla Abara|Themba Abara,Kilimani Agricultural College,173,"MK 24,342 per 10kg",highland|rotation|long-season
328,Omari Kariuki|Chidi Mensah|Imani Odhiambo|Furaha Chirwa|Sipho Adeyemi|Naledi Kariuki,National Grain Programme,86,"MK 11,796 per 10kg",aphid-resistant|high-protein
329,Wanjiru Chirwa|Kwame Mensah|Omari Toure|Imani Odhiambo|Kwame Moyo|Themba Okoye|Mandla Nkosi|Wanjiru Moyo,Kilimani Agricultural College,155,"MK 12,588 per 10kg",valley-floor|long-season
331,Aisha Abara|Lindiwe Sarr|Mandla Dlamini|Kwame Sarr|Tendai Sarr|Themba Mensah|Aisha Diallo|Chidi Osei,Sokoto Crop Research Station,196,"MK 11,710 per 10kg",hybrid|valley-floor|green-manure
332,Amara Adeyemi|Themba Diallo|Sipho Mensah|Imani Dlamini|Chidi Mwangi|Baraka Adeyemi|Omari Nkosi,Sokoto Crop Research Station,74,"MK 5,238 per 10kg",smallholder|hybrid|relay-crop
333,Amara Adeyemi|Naledi Dlamini|Furaha Diallo|Naledi Chirwa|Aisha Chirwa,Akatsi Horticulture Board,153,"MK 21,788 per 10kg",oil-grade|mechanized|high-protein|short-season
334,Chidi Nkosi|Aisha Moyo|Sipho Dlamini|Naledi Kariuki,National Grain Programme,70,"MK 4,612 per 10kg",certified-seed|hybrid|smallholder
335,Rudo Dlamini|Aisha Adeyemi|Rudo Adeyemi|Naledi Diallo|Wanjiru Mensah|Tendai Toure|Amara Kariuki|Rudo Diallo,Chemba Seed Works,83,"MK 23,346 per 10kg",long-season|certified-seed
336,Kofi Sarr|Rudo Banda|Kofi Osei|Furaha Osei,Sokoto Crop Research Station,166,"MK 13,866 per 10kg",lodging-resistant|lowland|low-rainfall|open-pollinated
337,Naledi Banda|Mandla Mensah|Sipho Odhiambo|Wanjiru Diallo,Amanzi Valley Seed Co-op,168,"MK 14,355 per 10kg",aphid-resistant|long-season|fodder|highland
338,Themba Kariuki|Chidi Odhiambo|Naledi Adeyemi|Kofi Mwangi|Amara Nkosi,Akatsi Horticulture Board,75,"MK 13,166 per 10kg",short-season|fodder|lodging-resistant|smallholder
339,Naledi Dlamini|Lindiwe Dlamini|Omari Kariuki|Rudo Adeyemi|Omari Kariuki|Kwame Okoye|Rudo Nkosi,Kilimani Agricultural College,163,"MK 20,092 per 10kg",mechanized|smallholder|lowland|open-pollinated
340,Themba Banda|Themba Dlamini|Sipho Toure|Themba Banda|Amara Sarr|Sipho Osei|Omari Odhiambo|Furaha Banda,Kilimani Agricultural College,143,"MK 15,101 per 10kg",short-season|valley-floor|lowland|mechanized
341,Tendai Dlamini|Chidi Dlamini|Zola Mensah|Rudo Moyo|Mandla Mwangi|Rudo Odhiambo|Kwame Kariuki|Chidi Banda,National Grain Programme,166,"MK 10,283 per 10kg",highland|smallholder|open-pollinated|certified-seed
342,Lindiwe Sarr|Naledi Nkosi|Omari Toure|Wanjiru Moyo,Sokoto Crop Research Station,118,"MK 12,911 per 10kg",highland|terraced|mechanized|short-season
343,Amara Banda|Naledi Dlamini|Zola Nkosi|Tendai Okoye|Furaha Chirwa|Themba Nkosi,Chemba Seed Works,132,"MK 9,683 per 10kg",export-grade|striga-tolerant|lowland
344,Kofi Moyo|Omari Abara|Amara Mensah|Omari Toure|Themba Kariuki|Baraka Mwangi,Sokoto Crop Research Station,83,"MK 8,514 per 10kg",hybrid|short-season
345,Zola Toure|Kwame Odhiambo|Tendai Odhiambo|Imani Odhiambo|Chidi Chirwa,Amanzi Valley Seed Co-op,126,"MK 1,850 per 10kg",high-protein|mechanized|hybrid|aphid-resistant
346,Naledi Moyo|Mandla Diallo|Sipho Mwangi|Wanjiru Osei|Rudo Nkosi|Naledi Diallo|Aisha Mensah|Chidi Kariuki,Sokoto Crop Research Station,114,"MK 11,766 per 10kg",low-rainfall|high-starch|export-grade
347,Omari Kariuki|Lindiwe Chirwa|Amara Adeyemi|Naledi Chirwa|Sipho Moyo,Kilimani Agricultural College,133,"MK 5,252 per 10kg",export-grade|mechanized|short-season
348,Amara Moyo|Kofi Diallo|Aisha Adeyemi|Tendai Odhiambo|Chidi Chirwa|Kwame Odhiambo|Aisha Mwangi|Mandla Dlamini,National Grain Programme,145,"MK 4,651 per 10kg",high-starch|export-grade
349,Omari Abara|Imani Diallo|Rudo Odhiambo|Omari Adeyemi|Aisha Adeyemi,Ukulima Seed Institute,83,"MK 11,095 per 10kg",export-grade|short-season|certified-seed
351,Kwame Sarr|Zola Osei|Kwame Abara|Chidi Chirwa|Baraka Mwangi|Imani Dlamini,Sokoto Crop Research Station,139,"MK 8,435 per 10kg",lodging-resistant|high-starch|aphid-resistant
352,Tendai Toure|Lindiwe Osei|Amara Sarr|Mandla Banda|Sipho Odhiambo|Sipho Mwangi,National Grain Programme,194,"MK 19,342 per 10kg",valley-floor|fodder|green-manure
353,Baraka Moyo|Imani Banda|Wanjiru Banda|Lindiwe Abara|Furaha Mwangi|Kofi Nkosi|Zola Mensah,Amanzi Valley Seed Co-op,132,"MK 8,009 per 10kg",valley-floor|long-season|lodging-resistant|open-pollinated
354,Sipho Dlamini|Baraka Moyo|Baraka Moyo|Rudo Moyo|Zola Sarr|Themba Kariuki,Sokoto Crop Research Station,70,"MK 14,483 per 10kg",certified-seed|export-grade|hybrid
355,Wanjiru Okoye|Naledi Mwangi|Mandla Banda|Kwame Nkosi|Rudo Moyo|Baraka Okoye,Sokoto Crop Research Station,80,"MK 13,364 per 10kg",river-basin|terraced
356,Baraka Abara|Omari Nkosi|Aisha Banda|Lindiwe Sarr|Amara Odhiambo|Tendai Sarr|Sipho Diallo|Furaha Dlamini,Amanzi Valley Seed Co-op,131,"MK 24,756 per 10kg",highland|mechanized|relay-crop
357,Themba Okoye|Wanjiru Sarr|Rudo Nkosi|Amara Moyo|Naledi Toure|Chidi Adeyemi|Amara Toure,National Grain Programme,120,"MK 21,752 per 10kg",hybrid|lodging-resistant|oil-grade|valley-floor
358,Aisha Nkosi|Furaha Okoye|Sipho Dlamini|Mandla Toure|Furaha Mensah,National Grain Programme,93,"MK 12,152 per 10kg",fodder|export-grade
360,Naledi Banda|Aisha Abara|Mandla Mwangi|Naledi Toure,Kilimani Agricultural College,150,"MK 14,253 per 10kg",mechanized|relay-crop|open-pollinated
361,Rudo Abara|Naledi Mensah|Aisha Diallo|Naledi Abara|Rudo Dlamini|Mandla Okoye,Ukulima Seed Institute,121,"MK 11,420 per 10kg",fodder|high-protein
362,Lindiwe Sarr|Wanjiru Adeyemi|Aisha Odhiambo|Lindiwe Nkosi|Tendai Okoye|Aisha Nkosi,Akatsi Horticulture Board,112,"MK 20,949 per 10kg",terraced|high-starch
363,Kofi Chirwa|Kwame Nkosi|Chidi Odhiambo|Imani Toure|Omari Toure|Kwame Diallo|Naledi Kariuki|Rudo Moyo,Chemba Seed Works,191,"MK 16,754 per 10kg",highland|striga-tolerant|terraced|relay-crop
364,Amara Banda|Imani Mwangi|Wanjiru Odhiambo|Naledi Abara|Chidi Moyo,Akatsi Horticulture Board,159,"MK 11,335 per 10kg",open-pollinated|lowland|rotation|certified-seed
366,Sipho Moyo|Furaha Sarr|Wanjiru Kariuki|Chidi Nkosi|Zola Okoye|Themba Okoye,Sokoto Crop Research Station,155,"MK 14,305 per 10kg",certified-seed|export-grade|mechanized
367,Aisha Chirwa|Kofi Chirwa|Aisha Sarr|Lindiwe Dlamini|Furaha Adeyemi,Hawassa Plant Breeding Unit,173,"MK 16,703 per 10kg",lowland|long-season|lodging-resistant
368,Amara Osei|Zola Sarr|Rudo Diallo|Lindiwe Osei|Sipho Diallo|Sipho Moyo|Aisha Osei|Aisha Diallo,Hawassa Plant Breeding Unit,71,"MK 12,508 per 10kg",open-pollinated|oil-grade|rotation
369,Themba Diallo|Rudo Adeyemi|Amara Dlamini|Sipho Diallo|Kwame Chirwa,Akatsi Horticulture Board,118,"MK 18,773 per 10kg",long-season|short-season|terraced|high-protein
370,Furaha Diallo|Wanjiru Adeyemi|Kwame Abara|Lindiwe Moyo,Hawassa Plant Breeding Unit,67,"MK 16,993 per 10kg",smallholder|river-basin
372,Baraka Moyo|Sipho Osei|Naledi Osei|Chidi Sarr|Rudo Okoye|Wanjiru Mwangi|Tendai Kariuki|Chidi Banda,Chemba Seed Works,67,"MK 20,735 per 10kg",smallholder|certified-seed
373,Kofi Chirwa|Tendai Moyo|Themba Dlamini|Mandla Mensah|Rudo Osei|Rudo Mwangi|Naledi Mensah|Baraka Toure,Hawassa Plant Breeding Unit,155,"MK 19,863 per 10kg",long-season|river-basin
374,Chidi Chirwa|Naledi Mensah|Kwame Odhiambo|Zola Adeyemi,Hawassa Plant Breeding Unit,181,"MK 9,562 per 10kg",smallholder|valley-floor
376,Sipho Adeyemi|Lindiwe Mwangi|Themba Moyo|Imani Toure,Hawassa Plant Breeding Unit,167,"MK 17,447 per 10kg",open-pollinated|certified-seed|high-protein
378,Tendai Mwangi|Kofi Nkosi|Tendai Mwangi|Chidi Adeyemi|Wanjiru Sarr,Kilimani Agricultural College,164,"MK 12,794 per 10kg",smallholder|high-starch|open-pollinated|terraced
379,Wanjiru Diallo|Lindiwe Sarr|Themba Osei|Omari Okoye|Tendai Chirwa|Rudo Toure|Zola Abara|Aisha Chirwa,Kilimani Agricultural College,179,"MK 20,743 per 10kg",short-season|export-grade
381,Imani Mwangi|Baraka Okoye|Kwame Osei|Aisha Kariuki|Kwame Kariuki|Kofi Odhiambo,Hawassa Plant Breeding Unit,175,"MK 6,672 per 10kg",high-starch|aphid-resistant
382,Amara Nkosi|Tendai Kariuki|Zola Abara|Kwame Banda|Imani Mwangi|Kofi Banda,Sokoto Crop Research Station,163,"MK 24,989 per 10kg",highland|lowland
383,Aisha Abara|Imani Chirwa|Kofi Nkosi|Furaha Okoye|Furaha Moyo|Tendai Mwangi|Lindiwe Banda,Sokoto Crop Research Station,116,"MK 13,339 per 10kg",short-season|hybrid|relay-crop
384,Lindiwe Dlamini|Lindiwe Kariuki|Omari Sarr|Kwame Abara|Kwame Toure|Kofi Sarr,Amanzi Valley Seed Co-op,136,"MK 21,995 per 10kg",aphid-resistant|rotation|highland|certified-seed
385,Tendai Mwangi|Omari Adeyemi|Zola Moyo|Baraka Mwangi|Rudo Kariuki|Aisha Mwangi,Ukulima Seed Institute,160,"MK 7,709 per 10kg",smallholder|relay-crop|long-season|low-rainfall
386,Naledi Moyo|Wanjiru Adeyemi|Amara Nkosi|Themba Nkosi,Hawassa Plant Breeding Unit,155,"MK 13,164 per 10kg",lowland|green-manure|open-pollinated
387,Kwame Okoye|Naledi Mwangi|Rudo Toure|Kofi Kariuki|Themba Okoye,Akatsi Horticulture Board,170,"MK 22,093 per 10kg",striga-tolerant|high-protein|high-starch
388,Chidi Mensah|Omari Sarr|Naledi Okoye|Imani Mensah|Kofi Moyo|Kofi Toure|Wanjiru Chirwa|Chidi Kariuki,Sokoto Crop Research Station,125,"MK 11,311 per 10kg",rotation|striga-tolerant|oil-grade
389,Themba Abara|Rudo Abara|Baraka Abara|Wanjiru Nkosi|Amara Moyo|Tendai Mensah|Kofi Adeyemi,Chemba Seed Works,146,"MK 18,341 per 10kg",oil-grade|rotation
390,Naledi Abara|Kwame Moyo|Tendai Kariuki|Zola Dlamini|Aisha Mwangi|Amara Toure,Kilimani Agricultural College,145,"MK 4,654 per 10kg",low-rainfall|certified-seed
391,Amara Okoye|Sipho Moyo|Mandla Toure|Naledi Sarr|Chidi Mwangi,Sokoto Crop Research Station,162,"MK 9,126 per 10kg",short-season|valley-floor|high-protein
392,Zola Okoye|Naledi Abara|Tendai Sarr|Kofi Mwangi,Kilimani Agricultural College,65,"MK 5,740 per 10kg",high-protein|valley-floor|high-starch|low-rainfall
393,Furaha Banda|Chidi Mwangi|Mandla Abara|Aisha Chirwa,National Grain Programme,126,"MK 23,674 per 10kg",river-basin|valley-floor|green-manure|rotation
395,Zola Odhiambo|Omari Chirwa|Naledi Kariuki|Sipho Chirwa|Imani Adeyemi|Baraka Sarr|Amara Mensah,Akatsi Horticulture Board,182,"MK 17,878 per 10kg",smallholder|open-pollinated|short-season|mechanized
396,Furaha Toure|Naledi Kariuki|Kofi Sarr|Mandla Abara|Kofi Mensah|Imani Abara,Akatsi Horticulture Board,117,"MK 6,899 per 10kg",certified-seed|high-protein|export-grade|long-season
397,Aisha Adeyemi|Kofi Toure|Mandla Okoye|Rudo Diallo|Mandla Kariuki|Chidi Nkosi,Hawassa Plant Breeding Unit,122,"MK 11,609 per 10kg",smallholder|terraced
398,Baraka Sarr|Imani Dlamini|Themba Banda|Imani Mwangi|Naledi Kariuki|Baraka Kariuki|Omari Mwangi|Amara Mwangi,Hawassa Plant Breeding Unit,115,"MK 15,965 per 10kg",oil-grade|lodging-resistant
399,Sipho Nkosi|Chidi Abara|Imani Abara|Themba Osei|Kwame Sarr|Aisha Mensah,Amanzi Valley Seed Co-op,116,"MK 19,806 per 10kg",terraced|long-season
400,Kofi Sarr|Kwame Kariuki|Wanjiru Kariuki|Furaha Chirwa|Furaha Moyo|Zola Mensah|Kwame Mensah|Mandla Dlamini,Sokoto Crop Research Station,83,"MK 10,846 per 10kg",open-pollinated|rotation|fodder
401,Wanjiru Sarr|Tendai Chirwa|Themba Adeyemi|Mandla Osei|Themba Sarr|Zola Banda|Amara Dlamini|Kwame Kariuki,National Grain Programme,183,"MK 15,658 per 10kg",aphid-resistant|mechanized
402,Mandla Chirwa|Naledi Osei|Tendai Mwangi|Themba Banda|Baraka Sarr|Themba Dlamini|Imani Abara,Akatsi Horticulture Board,136,"MK 20,130 per 10kg",high-protein|highland
403,Baraka Dlamini|Rudo Kariuki|Baraka Toure|Naledi Adeyemi,Hawassa Plant Breeding Unit,92,"MK 20,944 per 10kg",high-starch|fodder|high-protein
404,Amara Adeyemi|Amara Diallo|Kwame Osei|Lindiwe Diallo|Kwame Odhiambo|Amara Dlamini|Mandla Diallo|Rudo Mensah,Hawassa Plant Breeding Unit,152,"MK 22,250 per 10kg",fodder|hybrid|striga-tolerant
405,Furaha Okoye|Lindiwe Abara|Omari Moyo|Mandla Chirwa|Naledi Mensah|Chidi Odhiambo|Kofi Nkosi,Sokoto Crop Research Station,150,"MK 15,514 per 10kg",aphid-resistant|relay-crop|striga-tolerant
406,Furaha Kariuki|Naledi Abara|Kofi Kariuki|Sipho Moyo,National Grain Programme,72,"MK 18,404 per 10kg",high-protein|low-rainfall|green-manure|valley-floor
407,Lindiwe Banda|Kofi Okoye|Aisha Mwangi|Imani Dlamini|Omari Sarr|Naledi Okoye|Aisha Banda,Hawassa Plant Breeding Unit,155,"MK 20,325 per 10kg",certified-seed|valley-floor|lodging-resistant|high-starch
408,Themba Chirwa|Baraka Sarr|Amara Abara|Omari Kariuki|Mandla Abara|Rudo Mensah|Tendai Sarr|Lindiwe Odhiambo,Hawassa Plant Breeding Unit,81,"MK 23,105 per 10kg",lodging-resistant|fodder
409,Zola Mwangi|Tendai Chirwa|Themba Mensah|Furaha Diallo|Lindiwe Odhiambo,Amanzi Valley Seed Co-op,78,"MK 7,753 per 10kg",high-starch|aphid-resistant|open-pollinated
410,Rudo Chirwa|Chidi Kariuki|Sipho Kariuki|Aisha Dlamini|Sipho Adeyemi,Akatsi Horticulture Board,127,"MK 3,775 per 10kg",high-starch|high-protein|relay-crop|certified-seed
411,Tendai Osei|Rudo Mwangi|Naledi Moyo|Themba Adeyemi|Omari Odhiambo,Amanzi Valley Seed Co-op,119,"MK 24,397 per 10kg",export-grade|striga-tolerant|certified-seed
412,Themba Nkosi|Omari Mwangi|Baraka Chirwa|Lindiwe Moyo|Aisha Nkosi|Wanjiru Osei|Zola Chirwa,Chemba Seed Works,112,"MK 16,559 per 10kg",rotation|high-protein
413,Sipho Okoye|Naledi Moyo|Amara Osei|Omari Mensah,Sokoto Crop Research Station,123,"MK 8,008 per 10kg",certified-seed|mechanized|striga-tolerant
414,Omari Kariuki|Amara Adeyemi|Chidi Diallo|Zola Osei|Naledi Okoye|Zola Okoye|Themba Nkosi,Sokoto Crop Research Station,99,"MK 23,992 per 10kg",highland|green-manure|smallholder|fodder
415,Furaha Adeyemi|Naledi Abara|Kwame Moyo|Tendai Nkosi|Tendai Nkosi|Sipho Toure|Rudo Kariuki|Chidi Toure,Chemba Seed Works,193,"MK 22,679 per 10kg",lowland|mechanized
416,Themba Diallo|Chidi Chirwa|Amara Adeyemi|Aisha Odhiambo|Aisha Mensah|Rudo Toure|Amara Adeyemi|Naledi Diallo,National Grain Programme,135,"MK 16,251 per 10kg",striga-tolerant|export-grade
417,Mandla Sarr|Furaha Mensah|Lindiwe Banda|Aisha Okoye,Chemba Seed Works,170,"MK 16,819 per 10kg",long-season|export-grade|river-basin
418,Naledi Dlamini|Omari Mensah|Chidi Dlamini|Aisha Nkosi|Kwame Moyo|Aisha Okoye|Rudo Adeyemi,Amanzi Valley Seed Co-op,76,"MK 16,483 per 10kg",mechanized|valley-floor|high-protein
419,Chidi Okoye|Rudo Banda|Sipho Banda|Zola Abara|Rudo Okoye|Furaha Abara,Kilimani Agricultural College,70,"MK 11,436 per 10kg",relay-crop|lodging-resistant|high-protein
420,Amara Toure|Mandla Odhiambo|Imani Kariuki|Themba Odhiambo|Amara Okoye,Kilimani Agricultural College,195,"MK 15,967 per 10kg",smallholder|lodging-resistant
421,Zola Mwangi|Wanjiru Chirwa|Omari Osei|Furaha Mwangi|Mandla Dlamini|Omari Abara|Themba Toure,Ukulima Seed Institute,194,"MK 14,058 per 10kg",open-pollinated|low-rainfall
422,Omari Moyo|Amara Toure|Kofi Odhiambo|Naledi Osei|Rudo Osei|Rudo Moyo|Chidi Abara|Lindiwe Adeyemi,Akatsi Horticulture Board,177,"MK 22,311 per 10kg",low-rainfall|high-protein|highland|hybrid
423,Lindiwe Diallo|Imani Osei|Sipho Dlamini|Kofi Diallo|Chidi Diallo|Omari Mensah|Furaha Mwangi,Sokoto Crop Research Station,98,"MK 12,015 per 10kg",low-rainfall|lowland|rotation
424,Mandla Dlamini|Naledi Kariuki|Kwame Mensah|Sipho Dlamini,Akatsi Horticulture Board,182,"MK 20,578 per 10kg",short-season|high-protein|mechanized
425,Baraka Kariuki|Kwame Nkosi|Omari Sarr|Omari Abara|Naledi Osei|Lindiwe Toure,National Grain Programme,192,"MK 2,880 per 10kg",relay-crop|hybrid|short-season|green-manure
426,Naledi Odhiambo|Tendai Abara|Naledi Okoye|Sipho Banda|Chidi Okoye|Naledi Mensah,Kilimani Agricultural College,195,"MK 5,405 per 10kg",relay-crop|aphid-resistant|rotation
428,Baraka Mensah|Baraka Chirwa|Aisha Diallo|Amara Banda|Themba Osei,Amanzi Valley Seed Co-op,192,"MK 5,507 per 10kg",lowland|green-manure|smallholder
429,Baraka Nkosi|Themba Dlamini|Aisha Kariuki|Kofi Odhiambo|Omari Toure|Chidi Mensah|Omari Mwangi,Ukulima Seed Institute,161,"MK 10,059 per 10kg",long-season|low-rainfall|oil-grade|open-pollinated
430,Rudo Abara|Zola Banda|Kofi Kariuki|Sipho Banda,Amanzi Valley Seed Co-op,120,"MK 1,720 per 10kg",striga-tolerant|hybrid|rotation|high-starch
431,Amara Osei|Mandla Abara|Zola Kariuki|Lindiwe Chirwa|Mandla Moyo,Chemba Seed Works,118,"MK 9,098 per 10kg",short-season|aphid-resistant|long-season|green-manure
433,Lindiwe Kariuki|Rudo Mensah|Naledi Okoye|Lindiwe Dlamini|Kofi Nkosi,Hawassa Plant Breeding Unit,154,"MK 19,428 per 10kg",terraced|mechanized|high-starch|striga-tolerant
434,Amara Adeyemi|Wanjiru Osei|Furaha Diallo|Themba Osei|Sipho Osei|Wanjiru Toure|Lindiwe Moyo|Tendai Abara,Ukulima Seed Institute,188,"MK 20,978 per 10kg",river-basin|aphid-resistant|terraced|high-protein
435,Furaha Chirwa|Kwame Odhiambo|Mandla Mensah|Amara Osei|Amara Nkosi|Chidi Nkosi|Lindiwe Odhiambo,Akatsi Horticulture Board,147,"MK 8,335 per 10kg",fodder|hybrid|low-rainfall
436,Themba Sarr|Omari Moyo|Furaha Odhiambo|Baraka Okoye|Chidi Moyo|Kofi Osei,Hawassa Plant Breeding Unit,122,"MK 23,949 per 10kg",relay-crop|oil-grade|long-season
437,Chidi Sarr|Kwame Mensah|Naledi Dlamini|Wanjiru Okoye|Tendai Abara|Sipho Nkosi|Wanjiru Mensah|Baraka Mwangi,Sokoto Crop Research Station,153,"MK 10,093 per 10kg",lowland|open-pollinated
438,Aisha Chirwa|Rudo Abara|Zola Mensah|Amara Chirwa,Amanzi Valley Seed Co-op,85,"MK 12,183 per 10kg",relay-crop|hybrid
439,Omari Mwangi|Furaha Kariuki|Lindiwe Chirwa|Zola Odhiambo,Chemba Seed Works,147,"MK 12,225 per 10kg",relay-crop|striga-tolerant|open-pollinated
440,Imani Dlamini|Lindiwe Sarr|Kwame Osei|Themba Nkosi,Amanzi Valley Seed Co-op,150,"MK 12,025 per 10kg",highland|export-grade|fodder|green-manure
441,Amara Dlamini|Chidi Nkosi|Kofi Dlamini|Naledi Toure|Mandla Sarr,National Grain Programme,96,"MK 16,645 per 10kg",long-season|terraced
442,Omari Nkosi|Rudo Moyo|Tendai Toure|Zola Toure,Chemba Seed Works,152,"MK 7,280 per 10kg",river-basin|green-manure|lowland|high-starch
443,Wanjiru Abara|Chidi Adeyemi|Zola Okoye|Mandla Adeyemi|Lindiwe Osei|Wanjiru Toure,National Grain Programme,179,"MK 9,786 per 10kg",fodder|lowland|high-protein|short-season
444,Imani Odhiambo|Furaha Banda|Chidi Nkosi|Chidi Sarr|Naledi Osei|Zola Dlamini|Sipho Okoye,Ukulima Seed Institute,69,"MK 17,171 per 10kg",certified-seed|rotation|high-starch
445,Sipho Dlamini|Rudo Moyo|Aisha Odhiambo|Naledi Mensah|Mandla Adeyemi|Sipho Sarr|Kofi Banda,Akatsi Horticulture Board,141,"MK 15,185 per 10kg",export-grade|terraced|smallholder|highland
446,Wanjiru Toure|Amara Diallo|Omari Odhiambo|Zola Osei|Zola Sarr|Mandla Mwangi|Zola Odhiambo|Tendai Banda,Amanzi Valley Seed Co-op,150,"MK 15,554 per 10kg",terraced|lodging-resistant|low-rainfall
447,Furaha Moyo|Aisha Mwangi|Themba Diallo|Sipho Osei|Themba Dlamini|Chidi Diallo,National Grain Programme,82,"MK 6,781 per 10kg",lodging-resistant|river-basin
448,Baraka Nkosi|Amara Adeyemi|Rudo Moyo|Mandla Mwangi,Kilimani Agricultural College,143,"MK 7,532 per 10kg",export-grade|high-protein|open-pollinated|lodging-resistant
449,Kofi Osei|Sipho Okoye|Mandla Diallo|Mandla Abara,Amanzi Valley Seed Co-op,96,"MK 3,865 per 10kg",export-grade|low-rainfall|oil-grade|aphid-resistant
450,Mandla Chirwa|Themba Toure|Mandla Mwangi|Kwame Moyo|Imani Adeyemi|Baraka Mwangi|Zola Moyo,Amanzi Valley Seed Co-op,118,"MK 22,481 per 10kg",terraced|high-starch
452,Omari Diallo|Themba Kariuki|Mandla Okoye|Sipho Toure|Amara Okoye|Kofi Mensah,Hawassa Plant Breeding Unit,198,"MK 6,588 per 10kg",lowland|hybrid
453,Kwame Odhiambo|Tendai Diallo|Rudo Banda|Baraka Diallo|Baraka Osei|Aisha Chirwa,Ukulima Seed Institute,80,"MK 21,034 per 10kg",valley-floor|smallholder|hybrid
455,Lindiwe Toure|Rudo Mwangi|Chidi Moyo|Baraka Osei,National Grain Programme,113,"MK 14,397 per 10kg",low-rainfall|long-season|river-basin|mechanized
456,Chidi Okoye|Mandla Banda|Mandla Odhiambo|Kwame Nkosi|Chidi Odhiambo,Hawassa Plant Breeding Unit,195,"MK 8,556 per 10kg",lodging-resistant|aphid-resistant|highland
458,Mandla Dlamini|Baraka Sarr|Rudo Abara|Wanjiru Mwangi|Zola Moyo,Amanzi Valley Seed Co-op,163,"MK 6,746 per 10kg",certified-seed|smallholder|lowland|green-manure
460,Lindiwe Mwangi|Furaha Toure|Kofi Dlamini|Imani Osei|Themba Mwangi|Kofi Okoye|Sipho Osei|Sipho Toure,Kilimani Agricultural College,167,"MK 22,773 per 10kg",terraced|export-grade
461,Rudo Moyo|Furaha Mensah|Kofi Mensah|Sipho Diallo|Furaha Sarr,Hawassa Plant Breeding Unit,69,"MK 16,532 per 10kg",aphid-resistant|high-protein
462,Mandla Diallo|Tendai Okoye|Furaha Adeyemi|Themba Diallo,Kilimani Agricultural College,186,"MK 13,314 per 10kg",export-grade|high-protein|open-pollinated
463,Aisha Kariuki|Furaha Osei|Chidi Osei|Imani Dlamini|Chidi Mensah|Wanjiru Toure,Amanzi Valley Seed Co-op,183,"MK 14,623 per 10kg",low-rainfall|fodder
464,Omari Nkosi|Baraka Osei|Kofi Toure|Themba Chirwa|Kofi Banda,National Grain Programme,167,"MK 6,920 per 10kg",terraced|low-rainfall|green-manure
465,Lindiwe Adeyemi|Wanjiru Odhiambo|Naledi Okoye|Rudo Adeyemi|Tendai Toure|Kwame Mwangi|Rudo Osei|Baraka Dlamini,Sokoto Crop Research Station,188,"MK 2,804 per 10kg",striga-tolerant|aphid-resistant
466,Kofi Kariuki|Lindiwe Moyo|Naledi Toure|Tendai Osei|Lindiwe Moyo|Sipho Mensah,National Grain Programme,134,"MK 3,649 per 10kg",oil-grade|fodder|relay-crop|green-manure
467,Naledi Odhiambo|Rudo Kariuki|Kofi Odhiambo|Sipho Sarr|Imani Mensah|Kwame Odhiambo|Omari Nkosi|Chidi Odhiambo,Sokoto Crop Research Station,132,"MK 8,792 per 10kg",lowland|green-manure|mechanized|valley-floor
469,Tendai Moyo|Tendai Diallo|Wanjiru Adeyemi|Imani Diallo|Tendai Abara|Aisha Abara|Baraka Adeyemi,Sokoto Crop Research Station,173,"MK 21,119 per 10kg",smallholder|oil-grade
470,Furaha Kariuki|Mandla Chirwa|Tendai Nkosi|Themba Sarr,Chemba Seed Works,60,"MK 2,254 per 10kg",long-season|lowland
471,Rudo Kariuki|Wanjiru Banda|Kofi Mensah|Mandla Moyo,Amanzi Valley Seed Co-op,195,"MK 19,478 per 10kg",striga-tolerant|certified-seed|open-pollinated|highland
472,Amara Adeyemi|Aisha Odhiambo|Tendai Kariuki|Wanjiru Mensah|Kofi Dlamini|Tendai Osei|Amara Sarr|Kwame Osei,National Grain Programme,68,"MK 19,580 per 10kg",lodging-resistant|open-pollinated|aphid-resistant|hybrid
473,Kwame Mwangi|Naledi Kariuki|Rudo Nkosi|Aisha Odhiambo,National Grain Programme,185,"MK 15,180 per 10kg",river-basin|smallholder|high-protein|striga-tolerant
474,Mandla Banda|Omari Toure|Baraka Mwangi|Furaha Moyo|Kofi Adeyemi,Akatsi Horticulture Board,136,"MK 10,212 per 10kg",long-season|river-basin|striga-tolerant|high-protein
476,Naledi Odhiambo|Furaha Osei|Rudo Nkosi|Themba Dlamini|Aisha Adeyemi|Imani Diallo,Sokoto Crop Research Station,165,"MK 16,078 per 10kg",river-basin|aphid-resistant|hybrid
477,Tendai Adeyemi|Amara Abara|Omari Mensah|Themba Banda|Omari Okoye|Zola Odhiambo,Sokoto Crop Research Station,145,"MK 14,409 per 10kg",open-pollinated|river-basin
478,Zola Diallo|Zola Kariuki|Naledi Nkosi|Rudo Sarr,Akatsi Horticulture Board,122,"MK 23,689 per 10kg",terraced|rotation|certified-seed
479,Amara Mwangi|Sipho Nkosi|Imani Banda|Amara Sarr|Furaha Nkosi|Baraka Adeyemi|Rudo Abara,Hawassa Plant Breeding Unit,182,"MK 9,254 per 10kg",green-manure|oil-grade|aphid-resistant|river-basin
480,Wanjiru Moyo|Aisha Okoye|Kwame Okoye|Baraka Mwangi|Aisha Mwangi|Themba Nkosi|Themba Okoye,Hawassa Plant Breeding Unit,164,"MK 9,984 per 10kg",lowland|valley-floor|certified-seed
481,Imani Mensah|Furaha Chirwa|Aisha Moyo|Mandla Abara|Zola Dlamini,Hawassa Plant Breeding Unit,112,"MK 2,122 per 10kg",relay-crop|mechanized|highland
482,Kwame Osei|Kofi Dlamini|Chidi Diallo|Mandla Okoye|Imani Chirwa|Baraka Dlamini,Kilimani Agricultural College,176,"MK 13,857 per 10kg",aphid-resistant|green-manure|export-grade|highland
485,Naledi Mwangi|Zola Mwangi|Zola Toure|Themba Okoye|Omari Chirwa|Aisha Okoye|Aisha Adeyemi|Baraka Okoye,Hawassa Plant Breeding Unit,109,"MK 3,703 per 10kg",export-grade|low-rainfall|aphid-resistant|short-season
486,Kofi Nkosi|Rudo Moyo|Omari Moyo|Mandla Dlamini|Amara Okoye|Baraka Diallo,Akatsi Horticulture Board,88,"MK 19,003 per 10kg",mechanized|fodder
487,Tendai Nkosi|Mandla Banda|Chidi Moyo|Lindiwe Nkosi|Baraka Kariuki|Lindiwe Adeyemi,Sokoto Crop Research Station,154,"MK 22,153 per 10kg",short-season|low-rainfall|export-grade
488,Furaha Sarr|Tendai Sarr|Baraka Moyo|Amara Sarr|Tendai Adeyemi|Imani Diallo|Baraka Nkosi|Omari Kariuki,Chemba Seed Works,75,"MK 20,008 per 10kg",smallholder|aphid-resistant
489,Mandla Mensah|Tendai Sarr|Amara Chirwa|Aisha Mwangi|Themba Okoye|Chidi Mensah,National Grain Programme,196,"MK 24,911 per 10kg",fodder|green-manure|aphid-resistant|valley-floor
490,Amara Odhiambo|Omari Diallo|Amara Abara|Naledi Sarr|Sipho Mensah|Imani Osei|Mandla Adeyemi|Baraka Nkosi,Hawassa Plant Breeding Unit,96,"MK 17,625 per 10kg",rotation|valley-floor
491,Themba Kariuki|Themba Nkosi|Naledi Abara|Furaha Okoye|Kwame Diallo,Amanzi Valley Seed Co-op,70,"MK 13,868 per 10kg",striga-tolerant|smallholder|export-grade
492,Zola Dlamini|Amara Chirwa|Omari Okoye|Baraka Okoye|Themba Okoye,Kilimani Agricultural College,115,"MK 14,245 per 10kg",lodging-resistant|aphid-resistant|mechanized
493,Sipho Osei|Lindiwe Diallo|Lindiwe Kariuki|Omari Abara|Furaha Mwangi|Lindiwe Osei,Kilimani Agricultural College,69,"MK 10,308 per 10kg",high-starch|valley-floor
494,Sipho Moyo|Kofi Chirwa|Naledi Mwangi|Rudo Moyo,National Grain Programme,91,"MK 21,465 per 10kg",low-rainfall|rotation|striga-tolerant|highland
495,Sipho Odhiambo|Amara Mwangi|Zola Diallo|Mandla Nkosi|Chidi Abara|Naledi Mensah,Amanzi Valley Seed Co-op,89,"MK 11,145 per 10kg",hybrid|striga-tolerant
496,Omari Diallo|Kofi Odhiambo|Kwame Banda|Aisha Moyo|Imani Chirwa,Ukulima Seed Institute,153,"MK 23,095 per 10kg",hybrid|mechanized
497,Themba Chirwa|Omari Toure|Chidi Mensah|Lindiwe Okoye|Lindiwe Abara|Mandla Odhiambo,National Grain Programme,72,"MK 11,632 per 10kg",aphid-resistant|river-basin|terraced
498,Tendai Chirwa|Kofi Adeyemi|Wanjiru Sarr|Sipho Toure|Mandla Mwangi|Amara Kariuki,Ukulima Seed Institute,137,"MK 2,954 per 10kg",river-basin|highland
499,Aisha Sarr|Themba Osei|Aisha Nkosi|Aisha Abara|Imani Nkosi|Tendai Toure|Naledi Osei,Amanzi Valley Seed Co-op,123,"MK 5,683 per 10kg",terraced|long-season|smallholder
500,Zola Moyo|Wanjiru Osei|Furaha Okoye|Baraka Sarr|Omari Moyo,Kilimani Agricultural College,178,"MK 19,461 per 10kg",long-season|export-grade|green-manure|river-basin
501,Wanjiru Mensah|Imani Nkosi|Lindiwe Moyo|Furaha Okoye|Naledi Banda|Rudo Moyo|Rudo Moyo|Zola Moyo,Sokoto Crop Research Station,66,"MK 18,743 per 10kg",certified-seed|lodging-resistant|high-starch|rotation
502,Lindiwe Mensah|Naledi Kariuki|Kwame Odhiambo|Baraka Diallo|Lindiwe Banda|Furaha Kariuki,Akatsi Horticulture Board,191,"MK 11,630 per 10kg",terraced|long-season|rotation
503,Kofi Mwangi|Mandla Mensah|Sipho Kariuki|Imani Odhiambo|Tendai Mensah|Amara Nkosi,Sokoto Crop Research Station,121,"MK 22,324 per 10kg",mechanized|valley-floor|lodging-resistant
504,Kwame Sarr|Aisha Nkosi|Kofi Banda|Naledi Okoye|Sipho Nkosi|Tendai Okoye|Rudo Chirwa,Hawassa Plant Breeding Unit,105,"MK 13,699 per 10kg",green-manure|mechanized
505,Rudo Osei|Chidi Osei|Wanjiru Okoye|Baraka Adeyemi|Kwame Moyo,National Grain Programme,79,"MK 19,276 per 10kg",river-basin|hybrid|valley-floor|relay-crop
506,Kofi Okoye|Wanjiru Abara|Omari Dlamini|Lindiwe Odhiambo|Kofi Dlamini|Sipho Nkosi|Imani Adeyemi|Mandla Nkosi,Amanzi Valley Seed Co-op,75,"MK 24,406 per 10kg",long-season|low-rainfall|high-starch
507,Tendai Kariuki|Sipho Abara|Kofi Diallo|Mandla Nkosi,Amanzi Valley Seed Co-op,164,"MK 13,127 per 10kg",open-pollinated|mechanized|river-basin
509,Mandla Banda|Kwame Okoye|Zola Odhiambo|Amara Adeyemi|Mandla Osei|Omari Sarr,Kilimani Agricultural College,179,"MK 7,406 per 10kg",open-pollinated|smallholder|export-grade
510,Mandla Mensah|Sipho Diallo|Sipho Adeyemi|Themba Moyo|Zola Banda|Rudo Abara|Omari Moyo|Chidi Banda,Ukulima Seed Institute,170,"MK 14,412 per 10kg",hybrid|open-pollinated
512,Baraka Adeyemi|Themba Nkosi|Imani Dlamini|Mandla Odhiambo,National Grain Programme,174,"MK 22,423 per 10kg",short-season|valley-floor|aphid-resistant|lodging-resistant
513,Themba Chirwa|Kwame Dlamini|Themba Abara|Naledi Mwangi,Sokoto Crop Research Station,79,"MK 11,662 per 10kg",open-pollinated|lodging-resistant|export-grade|green-manure
514,Imani Adeyemi|Wanjiru Diallo|Imani Diallo|Amara Kariuki|Rudo Moyo|Zola Odhiambo|Zola Dlamini|Kofi Adeyemi,Kilimani Agricultural College,191,"MK 22,715 per 10kg",lodging-resistant|river-basin
515,Chidi Adeyemi|Omari Moyo|Omari Mwangi|Omari Mwangi|Tendai Moyo|Naledi Adeyemi,National Grain Programme,83,"MK 11,050 per 10kg",export-grade|high-protein|lodging-resistant|aphid-resistant
518,Themba Sarr|Naledi Chirwa|Mandla Chirwa|Furaha Odhiambo,Hawassa Plant Breeding Unit,162,"MK 24,134 per 10kg",terraced|low-rainfall|high-protein
519,Chidi Diallo|Wanjiru Diallo|Amara Mensah|Omari Banda|Zola Toure|Rudo Mensah|Zola Sarr,Sokoto Crop Research Station,134,"MK 24,349 per 10kg",striga-tolerant|long-season
520,Naledi Odhiambo|Kwame Toure|Zola Okoye|Naledi Abara|Themba Mensah|Omari Sarr|Imani Abara|Baraka Mensah,Chemba Seed Works,104,"MK 5,811 per 10kg",lowland|aphid-resistant
521,Kofi Banda|Kofi Odhiambo|Kwame Odhiambo|Kwame Kariuki|Mandla Mwangi|Omari Toure|Wanjiru Nkosi,Sokoto Crop Research Station,60,"MK 12,245 per 10kg",lowland|highland|mechanized|river-basin
523,Furaha Diallo|Chidi Toure|Furaha Diallo|Mandla Okoye|Omari Moyo|Naledi Kariuki|Kofi Chirwa,Amanzi Valley Seed Co-op,121,"MK 20,424 per 10kg",lowland|striga-tolerant
525,Rudo Odhiambo|Chidi Chirwa|Naledi Sarr|Amara Sarr|Omari Sarr|Aisha Moyo|Amara Mensah|Kofi Kariuki,Hawassa Plant Breeding Unit,144,"MK 14,125 per 10kg",low-rainfall|open-pollinated|highland|lowland
526,Lindiwe Okoye|Naledi Adeyemi|Aisha Banda|Kwame Odhiambo|Lindiwe Dlamini|Aisha Kariuki|Omari Kariuki|Lindiwe Okoye,Kilimani Agricultural College,62,"MK 1,486 per 10kg",high-starch|hybrid
527,Naledi Mwangi|Naledi Okoye|Baraka Dlamini|Zola Moyo|Furaha Mwangi|Aisha Odhiambo|Mandla Dlamini|Chidi Sarr,Hawassa Plant Breeding Unit,119,"MK 12,000 per 10kg",low-rainfall|short-season
528,Chidi Adeyemi|Chidi Adeyemi|Kwame Moyo|Sipho Okoye|Wanjiru Osei,Chemba Seed Works,102,"MK 20,624 per 10kg",terraced|smallholder|high-starch|striga-tolerant
530,Tendai Kariuki|Amara Odhiambo|Kwame Dlamini|Rudo Dlamini|Imani Osei|Naledi Odhiambo,Ukulima Seed Institute,64,"MK 23,840 per 10kg",lowland|certified-seed
531,Imani Diallo|Amara Mwangi|Lindiwe Odhiambo|Sipho Banda|Themba Chirwa,Hawassa Plant Breeding Unit,141,"MK 7,557 per 10kg",mechanized|hybrid|smallholder
532,Omari Toure|Wanjiru Adeyemi|Naledi Adeyemi|Mandla Banda|Mandla Moyo|Lindiwe Mwangi|Kofi Chirwa|Kwame Banda,Amanzi Valley Seed Co-op,175,"MK 12,301 per 10kg",striga-tolerant|relay-crop
533,Kofi Chirwa|Chidi Odhiambo|Kwame Sarr|Themba Mensah|Naledi Dlamini,Sokoto Crop Research Station,134,"MK 15,160 per 10kg",striga-tolerant|mechanized
534,Kwame Okoye|Zola Kariuki|Kofi Kariuki|Wanjiru Chirwa|Imani Mwangi|Naledi Sarr|Tendai Mwangi|Naledi Adeyemi,Hawassa Plant Breeding Unit,90,"MK 23,676 per 10kg",lowland|rotation|high-starch
535,Imani Banda|Kofi Sarr|Baraka Diallo|Baraka Osei|Wanjiru Chirwa|Imani Kariuki|Kwame Diallo|Chidi Kariuki,Akatsi Horticulture Board,171,"MK 7,566 per 10kg",high-protein|long-season
536,Kwame Chirwa|Naledi Mensah|Themba Toure|Amara Nkosi|Kofi Banda|Sipho Odhiambo|Rudo Chirwa,Hawassa Plant Breeding Unit,169,"MK 24,158 per 10kg",high-protein|highland
537,Wanjiru Moyo|Kofi Mwangi|Aisha Dlamini|Sipho Nkosi|Amara Banda|Kwame Moyo|Themba Okoye,Hawassa Plant Breeding Unit,187,"MK 21,940 per 10kg",export-grade|smallholder|oil-grade|mechanized
538,Lindiwe Okoye|Naledi Moyo|Themba Moyo|Lindiwe Kariuki|Lindiwe Dlamini,National Grain Programme,173,"MK 6,001 per 10kg",river-basin|oil-grade|open-pollinated
539,Mandla Osei|Naledi Mensah|Tendai Banda|Sipho Nkosi|Tendai Mensah|Wanjiru Toure,Chemba Seed Works,192,"MK 3,374 per 10kg",mechanized|lowland
540,Furaha Odhiambo|Lindiwe Mensah|Baraka Sarr|Kwame Nkosi|Sipho Banda|Sipho Banda|Naledi Mwangi,National Grain Programme,135,"MK 12,752 per 10kg",highland|mechanized|low-rainfall|long-season
541,Amara Sarr|Rudo Kariuki|Mandla Sarr|Omari Sarr|Zola Kariuki|Amara Sarr|Lindiwe Kariuki,Amanzi Valley Seed Co-op,180,"MK 17,833 per 10kg",lodging-resistant|aphid-resistant|highland
542,Lindiwe Okoye|Wanjiru Banda|Omari Dlamini|Amara Kariuki|Furaha Abara|Naledi Dlamini,Chemba Seed Works,70,"MK 19,431 per 10kg",fodder|low-rainfall|valley-floor
543,Zola Mensah|Rudo Abara|Mandla Odhiambo|Furaha Moyo|Kwame Mwangi|Amara Dlamini|Imani Odhiambo,Kilimani Agricultural College,195,"MK 21,457 per 10kg",relay-crop|aphid-resistant
544,Imani Diallo|Omari Mensah|Zola Odhiambo|Tendai Dlamini|Kwame Adeyemi|Mandla Moyo|Kofi Kariuki|Naledi Mensah,Ukulima Seed Institute,136,"MK 1,574 per 10kg",valley-floor|highland|lowland
545,Naledi Dlamini|Mandla Kariuki|Chidi Toure|Imani Mensah|Kofi Mwangi|Themba Sarr|Themba Sarr,Chemba Seed Works,86,"MK 20,697 per 10kg",hybrid|river-basin
546,Baraka Okoye|Wanjiru Mwangi|Kwame Diallo|Wanjiru Sarr|Themba Abara|Naledi Moyo,Hawassa Plant Breeding Unit,99,"MK 1,721 per 10kg",certified-seed|terraced
547,Mandla Odhiambo|Kwame Dlamini|Mandla Adeyemi|Furaha Toure|Kofi Banda|Sipho Diallo|Mandla Toure|Amara Okoye,National Grain Programme,120,"MK 21,811 per 10kg",relay-crop|low-rainfall|terraced|export-grade
548,Kofi Toure|Rudo Nkosi|Naledi Toure|Tendai Diallo|Kofi Banda|Amara Moyo|Omari Chirwa|Amara Sarr,Kilimani Agricultural College,109,"MK 5,819 per 10kg",smallholder|lodging-resistant|open-pollinated
549,Sipho Sarr|Omari Okoye|Imani Kariuki|Tendai Abara|Sipho Chirwa|Wanjiru Chirwa|Zola Diallo|Naledi Osei,National Grain Programme,100,"MK 20,708 per 10kg",hybrid|high-protein
550,Tendai Chirwa|Aisha Mensah|Furaha Moyo|Aisha Moyo|Themba Mwangi,National Grain Programme,84,"MK 5,715 per 10kg",open-pollinated|long-season|valley-floor|aphid-resistant
552,Chidi Nkosi|Sipho Okoye|Imani Moyo|Imani Chirwa|Aisha Adeyemi|Mandla Odhiambo,Hawassa Plant Breeding Unit,126,"MK 5,204 per 10kg",hybrid|green-manure|smallholder
553,Lindiwe Mensah|Wanjiru Odhiambo|Naledi Mensah|Themba Banda,Akatsi Horticulture Board,103,"MK 5,207 per 10kg",export-grade|relay-crop
554,Rudo Abara|Baraka Toure|Kwame Osei|Mandla Toure,Ukulima Seed Institute,98,"MK 24,970 per 10kg",aphid-resistant|hybrid
555,Furaha Sarr|Themba Kariuki|Omari Nkosi|Furaha Chirwa|Omari Sarr,Hawassa Plant Breeding Unit,60,"MK 15,873 per 10kg",high-starch|lowland|fodder
556,Sipho Okoye|Imani Osei|Kwame Chirwa|Imani Chirwa|Chidi Adeyemi|Sipho Adeyemi|Kofi Adeyemi,Sokoto Crop Research Station,119,"MK 17,895 per 10kg",high-protein|low-rainfall|aphid-resistant|mechanized
557,Wanjiru Osei|Themba Kariuki|Themba Toure|Zola Sarr|Zola Osei|Mandla Okoye|Themba Osei,Hawassa Plant Breeding Unit,69,"MK 13,847 per 10kg",export-grade|certified-seed|rotation|relay-crop
558,Baraka Kariuki|Omari Kariuki|Lindiwe Toure|Themba Diallo|Chidi Mwangi,Chemba Seed Works,120,"MK 6,478 per 10kg",mechanized|green-manure
559,Kwame Odhiambo|Baraka Mensah|Wanjiru Nkosi|Aisha Abara|Naledi Osei|Rudo Osei|Tendai Osei|Themba Kariuki,Sokoto Crop Research Station,115,"MK 12,255 per 10kg",low-rainfall|aphid-resistant|terraced
560,Omari Okoye|Omari Osei|Naledi Sarr|Themba Kariuki|Wanjiru Diallo|Amara Diallo|Zola Toure,Sokoto Crop Research Station,70,"MK 14,480 per 10kg",terraced|smallholder|lowland
561,Rudo Banda|Lindiwe Sarr|Aisha Adeyemi|Omari Diallo|Lindiwe Mensah,National Grain Programme,158,"MK 2,130 per 10kg",river-basin|valley-floor
562,Kwame Mensah|Rudo Mensah|Naledi Mwangi|Wanjiru Chirwa|Rudo Mwangi|Kwame Adeyemi,Akatsi Horticulture Board,67,"MK 15,823 per 10kg",valley-floor|long-season
565,Chidi Toure|Naledi Diallo|Tendai Odhiambo|Lindiwe Mensah|Mandla Okoye|Naledi Adeyemi|Furaha Adeyemi|Kwame Sarr,Chemba Seed Works,190,"MK 19,943 per 10kg",relay-crop|export-grade
566,Chidi Mwangi|Omari Dlamini|Baraka Dlamini|Omari Toure|Amara Okoye,National Grain Programme,67,"MK 14,262 per 10kg",lowland|low-rainfall|high-starch
567,Aisha Mwangi|Omari Odhiambo|Naledi Diallo|Themba Adeyemi|Naledi Abara,Akatsi Horticulture Board,139,"MK 2,021 per 10kg",low-rainfall|smallholder|relay-crop|valley-floor
568,Furaha Diallo|Themba Moyo|Wanjiru Nkosi|Naledi Dlamini,Amanzi Valley Seed Co-op,130,"MK 10,598 per 10kg",certified-seed|highland|short-season|export-grade
569,Wanjiru Abara|Furaha Chirwa|Wanjiru Adeyemi|Kwame Abara|Aisha Toure,Kilimani Agricultural College,126,"MK 23,976 per 10kg",mechanized|lowland
570,Kofi Mensah|Baraka Toure|Zola Kariuki|Rudo Mwangi|Sipho Odhiambo|Rudo Chirwa|Wanjiru Abara,Chemba Seed Works,107,"MK 15,019 per 10kg",valley-floor|hybrid|fodder|short-season
571,Lindiwe Diallo|Kwame Toure|Kwame Dlamini|Furaha Toure|Omari Chirwa,National Grain Programme,89,"MK 24,605 per 10kg",terraced|smallholder|striga-tolerant|long-season
572,Mandla Adeyemi|Kwame Odhiambo|Sipho Okoye|Sipho Mwangi|Themba Sarr|Lindiwe Sarr|Omari Sarr|Kwame Moyo,Sokoto Crop Research Station,101,"MK 19,611 per 10kg",high-protein|lowland|high-starch|open-pollinated
574,Wanjiru Mensah|Aisha Nkosi|Lindiwe Moyo|Sipho Sarr|Themba Sarr|Kofi Nkosi,Sokoto Crop Research Station,178,"MK 2,138 per 10kg",aphid-resistant|relay-crop|certified-seed
575,Naledi Dlamini|Mandla Mwangi|Tendai Odhiambo|Kofi Nkosi,Hawassa Plant Breeding Unit,118,"MK 23,827 per 10kg",smallholder|high-starch|river-basin|relay-crop
576,Naledi Adeyemi|Wanjiru Osei|Chidi Adeyemi|Amara Mensah|Furaha Abara|Baraka Toure,Amanzi Valley Seed Co-op,105,"MK 11,746 per 10kg",fodder|valley-floor|river-basin|highland
578,Naledi Abara|Omari Abara|Tendai Sarr|Themba Toure|Rudo Toure,Amanzi Valley Seed Co-op,167,"MK 1,180 per 10kg",relay-crop|lowland|long-season|fodder
579,Mandla Kariuki|Themba Chirwa|Omari Moyo|Omari Mwangi,Amanzi Valley Seed Co-op,61,"MK 10,768 per 10kg",terraced|oil-grade|smallholder|high-starch
580,Furaha Abara|Omari Mensah|Imani Abara|Naledi Sarr,Akatsi Horticulture Board,196,"MK 14,262 per 10kg",green-manure|open-pollinated|low-rainfall|rotation
582,Kofi Osei|Sipho Toure|Naledi Okoye|Amara Chirwa,Amanzi Valley Seed Co-op,186,"MK 1,262 per 10kg",export-grade|river-basin
583,Themba Osei|Amara Chirwa|Tendai Mensah|Mandla Kariuki|Tendai Dlamini|Tendai Diallo,Akatsi Horticulture Board,79,"MK 8,635 per 10kg",high-protein|aphid-resistant|highland
584,Wanjiru Adeyemi|Kofi Nkosi|Naledi Toure|Kofi Odhiambo,Kilimani Agricultural College,112,"MK 18,482 per 10kg",mechanized|export-grade|terraced
587,Lindiwe Chirwa|Baraka Toure|Sipho Adeyemi|Kwame Moyo|Imani Sarr|Aisha Sarr|Mandla Diallo|Rudo Sarr,Ukulima Seed Institute,176,"MK 20,610 per 10kg",export-grade|green-manure
588,Zola Odhiambo|Zola Banda|Sipho Banda|Mandla Adeyemi|Zola Sarr|Kwame Sarr|Imani Okoye,Akatsi Horticulture Board,171,"MK 10,917 per 10kg",high-starch|terraced|smallholder
589,Lindiwe Mwangi|Kwame Adeyemi|Naledi Osei|Naledi Sarr|Wanjiru Okoye|Zola Nkosi|Zola Nkosi|Kwame Kariuki,Sokoto Crop Research Station,134,"MK 24,758 per 10kg",striga-tolerant|short-season
590,Baraka Adeyemi|Baraka Nkosi|Imani Mensah|Mandla Mensah,Ukulima Seed Institute,120,"MK 18,965 per 10kg",lowland|river-basin
591,Aisha Adeyemi|Chidi Nkosi|Mandla Okoye|Mandla Banda|Naledi Osei|Lindiwe Osei,Hawassa Plant Breeding Unit,127,"MK 9,257 per 10kg",low-rainfall|short-season|long-season|export-grade
592,Kofi Abara|Zola Chirwa|Lindiwe Mwangi|Imani Adeyemi|Amara Kariuki|Wanjiru Mensah|Lindiwe Adeyemi|Kwame Adeyemi,Kilimani Agricultural College,147,"MK 3,548 per 10kg",river-basin|fodder
593,Imani Okoye|Chidi Moyo|Wanjiru Sarr|Chidi Toure|Themba Okoye|Themba Kariuki|Wanjiru Mensah,Sokoto Crop Research Station,150,"MK 2,686 per 10kg",terraced|highland
594,Themba Mensah|Aisha Kariuki|Furaha Dlamini|Imani Toure|Lindiwe Sarr|Tendai Diallo|Zola Abara,Hawassa Plant Breeding Unit,180,"MK 21,106 per 10kg",relay-crop|highland|aphid-resistant
595,Tendai Sarr|Mandla Abara|Kofi Mensah|Mandla Banda|Mandla Chirwa|Chidi Banda|Omari Banda,Chemba Seed Works,172,"MK 19,563 per 10kg",low-rainfall|relay-crop|river-basin|mechanized
596,Aisha Odhiambo|Mandla Nkosi|Zola Odhiambo|Themba Sarr,Sokoto Crop Research Station,172,MK 954 per 10kg,rotation|oil-grade|aphid-resistant|highland
597,Baraka Nkosi|Zola Osei|Amara Okoye|Rudo Odhiambo|Baraka Banda|Lindiwe Mensah|Wanjiru Kariuki|Zola Adeyemi,Sokoto Crop Research Station,154,"MK 15,289 per 10kg",highland|smallholder|striga-tolerant|lowland
598,Zola Toure|Kwame Kariuki|Themba Okoye|Naledi Okoye,Chemba Seed Works,139,"MK 16,714 per 10kg",low-rainfall|lowland
600,Imani Adeyemi|Themba Okoye|Mandla Chirwa|Themba Nkosi,National Grain Programme,188,"MK 20,448 per 10kg",lowland|high-protein
601,Sipho Sarr|Aisha Moyo|Amara Nkosi|Rudo Chirwa,Akatsi Horticulture Board,112,"MK 4,845 per 10kg",green-manure|short-season|low-rainfall
602,Naledi Nkosi|Amara Banda|Tendai Nkosi|Naledi Osei|Tendai Dlamini|Lindiwe Mwangi|Zola Sarr|Chidi Abara,Chemba Seed Works,109,"MK 1,805 per 10kg",terraced|fodder|mechanized|oil-grade
604,Mandla Adeyemi|Furaha Chirwa|Kofi Chirwa|Tendai Kariuki|Naledi Sarr|Chidi Diallo|Chidi Mensah,Amanzi Valley Seed Co-op,128,"MK 20,016 per 10kg",export-grade|striga-tolerant|smallholder
605,Baraka Dlamini|Wanjiru Okoye|Sipho Osei|Kwame Okoye,Kilimani Agricultural College,134,"MK 10,820 per 10kg",relay-crop|oil-grade
606,Lindiwe Diallo|Naledi Chirwa|Furaha Dlamini|Wanjiru Banda|Kofi Osei,Akatsi Horticulture Board,155,"MK 16,329 per 10kg",certified-seed|mechanized|hybrid
607,Wanjiru Mensah|Imani Sarr|Sipho Nkosi|Furaha Mwangi,Hawassa Plant Breeding Unit,93,"MK 22,925 per 10kg",lodging-resistant|highland|short-season|river-basin
608,Sipho Nkosi|Omari Odhiambo|Sipho Nkosi|Omari Okoye,National Grain Programme,76,"MK 8,170 per 10kg",terraced|striga-tolerant
609,Sipho Nkosi|Imani Kariuki|Lindiwe Banda|Omari Odhiambo|Chidi Banda|Zola Mensah|Naledi Odhiambo|Kofi Moyo,Hawassa Plant Breeding Unit,180,"MK 19,066 per 10kg",certified-seed|high-starch|river-basin|export-grade
610,Aisha Abara|Kwame Banda|Furaha Banda|Furaha Okoye|Kwame Kariuki|Imani Mwangi,Akatsi Horticulture Board,136,"MK 17,586 per 10kg",hybrid|aphid-resistant|low-rainfall
612,Aisha Dlamini|Wanjiru Toure|Mandla Odhiambo|Lindiwe Diallo|Kwame Sarr|Themba Abara|Rudo Chirwa,Kilimani Agricultural College,187,"MK 12,431 per 10kg",smallholder|high-protein
613,Themba Dlamini|Aisha Mwangi|Rudo Nkosi|Tendai Moyo|Lindiwe Odhiambo|Aisha Abara,Akatsi Horticulture Board,110,"MK 21,599 per 10kg",mechanized|hybrid|terraced
614,Chidi Mwangi|Imani Kariuki|Naledi Toure|Aisha Sarr,Chemba Seed Works,167,"MK 15,183 per 10kg",relay-crop|lodging-resistant|oil-grade|high-starch
615,Omari Osei|Kwame Dlamini|Aisha Nkosi|Kwame Kariuki|Rudo Kariuki,National Grain Programme,139,"MK 1,511 per 10kg",river-basin|green-manure|long-season|open-pollinated
616,Rudo Chirwa|Amara Mensah|Aisha Kariuki|Kwame Kariuki,Amanzi Valley Seed Co-op,84,"MK 7,584 per 10kg",aphid-resistant|short-season|striga-tolerant
617,Lindiwe Diallo|Wanjiru Banda|Kwame Osei|Zola Mensah|Sipho Abara|Amara Osei,Chemba Seed Works,154,"MK 16,452 per 10kg",export-grade|certified-seed|short-season
618,Furaha Chirwa|Baraka Banda|Mandla Diallo|Kofi Kariuki|Themba Moyo|Baraka Mwangi|Aisha Banda|Themba Nkosi,Ukulima Seed Institute,192,"MK 8,128 per 10kg",export-grade|green-manure|low-rainfall|mechanized
620,Aisha Osei|Kwame Mwangi|Aisha Mensah|Kwame Moyo|Themba Okoye|Sipho Toure|Mandla Dlamini,Sokoto Crop Research Station,88,"MK 15,655 per 10kg",aphid-resistant|relay-crop
621,Tendai Nkosi|Lindiwe Diallo|Imani Mwangi|Rudo Toure|Naledi Sarr,Akatsi Horticulture Board,80,"MK 14,091 per 10kg",mechanized|valley-floor|aphid-resistant
622,Sipho Sarr|Sipho Nkosi|Kwame Mensah|Lindiwe Nkosi|Furaha Chirwa|Zola Chirwa,Amanzi Valley Seed Co-op,137,"MK 16,928 per 10kg",open-pollinated|valley-floor|terraced|relay-crop
623,Lindiwe Moyo|Kofi Moyo|Kwame Mwangi|Kofi Adeyemi|Amara Mensah|Chidi Moyo|Sipho Diallo,Amanzi Valley Seed Co-op,114,"MK 20,186 per 10kg",short-season|low-rainfall|oil-grade|green-manure
624,Amara Osei|Omari Toure|Tendai Abara|Chidi Toure|Tendai Okoye|Kofi Sarr|Amara Toure,Akatsi Horticulture Board,177,"MK 16,047 per 10kg",terraced|lodging-resistant|relay-crop|low-rainfall
625,Kwame Toure|Furaha Dlamini|Aisha Moyo|Rudo Chirwa|Kwame Dlamini|Themba Dlamini|Zola Odhiambo,Hawassa Plant Breeding Unit,155,"MK 15,441 per 10kg",green-manure|aphid-resistant
626,Amara Mensah|Kofi Sarr|Omari Abara|Imani Kariuki|Chidi Dlamini,Ukulima Seed Institute,110,"MK 1,450 per 10kg",mechanized|long-season
627,Baraka Okoye|Aisha Moyo|Zola Chirwa|Zola Chirwa|Amara Okoye|Themba Diallo|Mandla Banda,Ukulima Seed Institute,94,"MK 23,661 per 10kg",terraced|relay-crop|striga-tolerant|export-grade
628,Rudo Osei|Amara Abara|Kofi Dlamini|Kwame Mensah|Baraka Banda|Sipho Toure|Tendai Toure,Amanzi Valley Seed Co-op,184,"MK 3,913 per 10kg",export-grade|open-pollinated|relay-crop
629,Aisha Diallo|Imani Odhiambo|Amara Abara|Chidi Kariuki|Sipho Toure,Kilimani Agricultural College,112,"MK 24,189 per 10kg",lowland|river-basin
630,Kwame Moyo|Tendai Toure|Amara Mensah|Kofi Abara|Lindiwe Kariuki|Naledi Abara,Kilimani Agricultural College,198,"MK 18,195 per 10kg",highland|green-manure
631,Furaha Dlamini|Amara Adeyemi|Lindiwe Diallo|Furaha Dlamini|Rudo Adeyemi|Wanjiru Chirwa|Themba Moyo|Mandla Toure,Hawassa Plant Breeding Unit,81,"MK 1,029 per 10kg",smallholder|hybrid|certified-seed|high-protein
632,Naledi Abara|Imani Okoye|Chidi Mensah|Rudo Toure|Omari Osei,Sokoto Crop Research Station,72,"MK 4,558 per 10kg",hybrid|certified-seed|smallholder
633,Kwame Adeyemi|Chidi Chirwa|Kofi Abara|Amara Osei|Furaha Okoye|Kwame Diallo|Mandla Banda|Tendai Abara,Chemba Seed Works,77,"MK 24,698 per 10kg",oil-grade|lodging-resistant
634,Zola Chirwa|Imani Mwangi|Themba Chirwa|Chidi Moyo|Aisha Dlamini,Sokoto Crop Research Station,168,"MK 17,511 per 10kg",highland|lowland|relay-crop|valley-floor
635,Rudo Kariuki|Tendai Moyo|Kwame Adeyemi|Amara Mwangi|Amara Nkosi,Chemba Seed Works,114,"MK 22,816 per 10kg",relay-crop|lowland|fodder
636,Mandla Okoye|Mandla Toure|Themba Kariuki|Mandla Sarr|Aisha Dlamini|Aisha Abara|Amara Sarr|Sipho Mensah,Akatsi Horticulture Board,131,"MK 18,564 per 10kg",export-grade|high-protein|rotation|long-season
637,Wanjiru Moyo|Mandla Osei|Kofi Mwangi|Kwame Chirwa,Sokoto Crop Research Station,151,"MK 16,052 per 10kg",mechanized|highland
638,Amara Odhiambo|Naledi Adeyemi|Kwame Abara|Imani Toure|Lindiwe Adeyemi|Naledi Banda,Ukulima Seed Institute,67,"MK 9,672 per 10kg",hybrid|green-manure|long-season
639,Wanjiru Osei|Sipho Adeyemi|Furaha Kariuki|Omari Mwangi|Kofi Kariuki,Kilimani Agricultural College,107,"MK 18,673 per 10kg",valley-floor|striga-tolerant
640,Lindiwe Banda|Omari Adeyemi|Omari Banda|Aisha Dlamini|Rudo Odhiambo|Tendai Odhiambo|Rudo Moyo,Amanzi Valley Seed Co-op,197,"MK 7,854 per 10kg",long-season|high-protein|relay-crop|hybrid
641,Mandla Dlamini|Kwame Toure|Omari Banda|Tendai Toure|Amara Sarr|Naledi Osei,National Grain Programme,170,"MK 23,820 per 10kg",striga-tolerant|mechanized|oil-grade|certified-seed
642,Kofi Adeyemi|Aisha Moyo|Imani Okoye|Themba Osei|Tendai Diallo|Themba Dlamini,Kilimani Agricultural College,95,"MK 12,196 per 10kg",striga-tolerant|open-pollinated
643,Kofi Kariuki|Aisha Nkosi|Themba Dlamini|Lindiwe Abara|Tendai Mwangi|Zola Dlamini|Omari Sarr,Chemba Seed Works,153,"MK 21,314 per 10kg",relay-crop|hybrid
644,Aisha Kariuki|Zola Mensah|Furaha Nkosi|Lindiwe Odhiambo|Baraka Chirwa|Furaha Dlamini|Furaha Chirwa,Sokoto Crop Research Station,158,"MK 7,021 per 10kg",river-basin|highland|striga-tolerant|green-manure
645,Kwame Banda|Sipho Okoye|Lindiwe Moyo|Lindiwe Dlamini,Akatsi Horticulture Board,190,"MK 7,069 per 10kg",high-protein|export-grade|relay-crop
646,Furaha Toure|Kofi Mwangi|Wanjiru Mwangi|Kwame Diallo|Furaha Abara|Mandla Toure|Omari Toure,Sokoto Crop Research Station,197,"MK 17,619 per 10kg",high-starch|export-grade|relay-crop
647,Kofi Toure|Omari Mensah|Kwame Moyo|Wanjiru Moyo|Zola Dlamini|Aisha Moyo|Mandla Moyo|Themba Diallo,Sokoto Crop Research Station,122,"MK 8,554 per 10kg",terraced|low-rainfall|certified-seed|aphid-resistant
648,Mandla Nkosi|Tendai Chirwa|Sipho Odhiambo|Rudo Abara|Themba Toure|Zola Mensah|Sipho Moyo|Omari Osei,Amanzi Valley Seed Co-op,116,"MK 17,496 per 10kg",aphid-resistant|highland|lowland
649,Rudo Abara|Rudo Kariuki|Amara Adeyemi|Sipho Mwangi|Amara Osei,Hawassa Plant Breeding Unit,62,"MK 18,618 per 10kg",mechanized|striga-tolerant|highland|export-grade
650,Naledi Sarr|Mandla Abara|Themba Kariuki|Lindiwe Sarr,National Grain Programme,118,"MK 15,367 per 10kg",high-protein|mechanized|valley-floor|oil-grade
651,Mandla Kariuki|Zola Odhiambo|Furaha Mensah|Chidi Toure|Tendai Diallo,National Grain Programme,101,"MK 24,616 per 10kg",green-manure|terraced|high-starch
652,Kwame Okoye|Kwame Adeyemi|Sipho Nkosi|Omari Kariuki|Aisha Okoye|Omari Okoye|Aisha Kariuki|Imani Adeyemi,Chemba Seed Works,83,"MK 14,001 per 10kg",oil-grade|lodging-resistant|certified-seed
654,Chidi Diallo|Furaha Sarr|Kwame Abara|Sipho Dlamini|Rudo Okoye,Kilimani Agricultural College,157,"MK 4,362 per 10kg",certified-seed|open-pollinated|long-season|oil-grade
655,Naledi Mensah|Baraka Osei|Rudo Abara|Baraka Diallo|Sipho Moyo,Amanzi Valley Seed Co-op,193,"MK 5,503 per 10kg",short-season|certified-seed|valley-floor|aphid-resistant
656,Zola Osei|Furaha Moyo|Kwame Kariuki|Sipho Kariuki|Aisha Banda|Aisha Kariuki,Amanzi Valley Seed Co-op,170,"MK 24,198 per 10kg",rotation|export-grade
657,Omari Mensah|Omari Okoye|Aisha Chirwa|Amara Adeyemi|Zola Osei|Rudo Dlamini,Akatsi Horticulture Board,73,"MK 13,453 per 10kg",lodging-resistant|mechanized|terraced|hybrid
658,Chidi Chirwa|Wanjiru Okoye|Chidi Diallo|Kwame Dlamini|Chidi Chirwa|Sipho Dlamini|Baraka Adeyemi|Baraka Nkosi,Kilimani Agricultural College,182,"MK 18,631 per 10kg",valley-floor|aphid-resistant|highland|rotation
660,Kofi Moyo|Zola Moyo|Naledi Nkosi|Aisha Sarr|Naledi Moyo,Akatsi Horticulture Board,67,"MK 1,551 per 10kg",lodging-resistant|relay-crop|export-grade|valley-floor
661,Chidi Mensah|Themba Diallo|Naledi Osei|Omari Kariuki|Zola Adeyemi|Rudo Moyo|Furaha Okoye|Kofi Chirwa,Akatsi Horticulture Board,146,"MK 5,694 per 10kg",open-pollinated|terraced|high-protein|relay-crop
662,Chidi Kariuki|Rudo Kariuki|Naledi Okoye|Wanjiru Moyo|Kwame Sarr,Ukulima Seed Institute,64,"MK 4,829 per 10kg",rotation|valley-floor|terraced
663,Wanjiru Odhiambo|Aisha Mwangi|Imani Dlamini|Rudo Moyo,Hawassa Plant Breeding Unit,182,"MK 9,635 per 10kg",export-grade|high-starch|short-season|relay-crop
664,Kwame Mwangi|Omari Odhiambo|Wanjiru Toure|Kwame Abara,Amanzi Valley Seed Co-op,165,"MK 22,847 per 10kg",terraced|export-grade|lowland|open-pollinated
665,Lindiwe Chirwa|Kofi Odhiambo|Kwame Moyo|Rudo Mensah|Kofi Odhiambo|Kwame Mensah|Chidi Nkosi|Amara Sarr,Kilimani Agricultural College,80,"MK 3,452 per 10kg",smallholder|open-pollinated|mechanized
666,Aisha Kariuki|Baraka Sarr|Omari Okoye|Furaha Chirwa|Sipho Nkosi|Sipho Osei|Kwame Mensah,National Grain Programme,198,"MK 8,864 per 10kg",high-protein|export-grade|mechanized
667,Naledi Sarr|Aisha Kariuki|Zola Chirwa|Furaha Moyo|Imani Adeyemi|Kwame Kariuki|Sipho Adeyemi|Baraka Diallo,Akatsi Horticulture Board,92,"MK 23,994 per 10kg",striga-tolerant|oil-grade|high-starch
668,Baraka Toure|Aisha Toure|Sipho Mwangi|Rudo Okoye|Aisha Kariuki|Naledi Abara,National Grain Programme,66,"MK 6,172 per 10kg",terraced|striga-tolerant|lodging-resistant|smallholder
670,Omari Abara|Baraka Toure|Kofi Odhiambo|Amara Diallo|Sipho Mwangi,Amanzi Valley Seed Co-op,142,"MK 6,883 per 10kg",low-rainfall|oil-grade
671,Furaha Dlamini|Aisha Mwangi|Naledi Toure|Amara Toure|Furaha Moyo|Sipho Banda|Sipho Diallo|Sipho Chirwa,National Grain Programme,67,"MK 15,513 per 10kg",aphid-resistant|oil-grade|rotation
672,Aisha Okoye|Baraka Moyo|Themba Abara|Mandla Mensah|Baraka Okoye|Wanjiru Mensah|Sipho Osei,Ukulima Seed Institute,147,"MK 6,392 per 10kg",low-rainfall|lodging-resistant|smallholder|certified-seed
673,Imani Odhiambo|Mandla Moyo|Lindiwe Osei|Aisha Abara|Baraka Mwangi|Baraka Diallo,Sokoto Crop Research Station,120,"MK 17,450 per 10kg",aphid-resistant|striga-tolerant
674,Rudo Adeyemi|Sipho Toure|Sipho Osei|Furaha Nkosi|Imani Banda|Rudo Abara,Ukulima Seed Institute,106,"MK 4,619 per 10kg",terraced|green-manure
675,Tendai Banda|Tendai Sarr|Sipho Diallo|Zola Kariuki|Rudo Sarr|Imani Dlamini|Lindiwe Toure,Akatsi Horticulture Board,164,"MK 22,988 per 10kg",fodder|high-starch
676,Omari Kariuki|Chidi Odhiambo|Kofi Nkosi|Imani Odhiambo|Imani Nkosi|Sipho Odhiambo|Lindiwe Kariuki,Amanzi Valley Seed Co-op,61,"MK 13,020 per 10kg",high-protein|certified-seed
678,Themba Sarr|Naledi Moyo|Baraka Moyo|Naledi Nkosi|Naledi Nkosi|Tendai Chirwa|Zola Abara|Themba Nkosi,Akatsi Horticulture Board,131,"MK 8,003 per 10kg",long-season|valley-floor|lowland|lodging-resistant
679,Kofi Dlamini|Furaha Moyo|Wanjiru Kariuki|Themba Nkosi|Aisha Dlamini|Themba Diallo|Chidi Diallo,Ukulima Seed Institute,112,"MK 13,485 per 10kg",rotation|long-season|low-rainfall
680,Zola Diallo|Wanjiru Kariuki|Rudo Abara|Omari Banda|Wanjiru Odhiambo|Lindiwe Odhiambo|Wanjiru Okoye,Amanzi Valley Seed Co-op,97,"MK 18,388 per 10kg",fodder|low-rainfall
681,Wanjiru Adeyemi|Amara Mensah|Wanjiru Banda|Zola Odhiambo,Hawassa Plant Breeding Unit,156,"MK 21,565 per 10kg",oil-grade|lodging-resistant
682,Kofi Okoye|Zola Diallo|Naledi Mensah|Wanjiru Sarr|Lindiwe Mensah,Akatsi Horticulture Board,86,"MK 17,083 per 10kg",green-manure|open-pollinated
683,Omari Nkosi|Naledi Abara|Mandla Banda|Naledi Toure|Naledi Adeyemi,Chemba Seed Works,151,"MK 22,643 per 10kg",highland|long-season|low-rainfall
684,Omari Toure|Wanjiru Banda|Furaha Diallo|Baraka Banda|Amara Banda|Wanjiru Mensah,Amanzi Valley Seed Co-op,133,"MK 20,398 per 10kg",high-starch|rotation|low-rainfall
685,Kwame Mensah|Lindiwe Adeyemi|Furaha Dlamini|Naledi Chirwa|Aisha Osei,Ukulima Seed Institute,66,"MK 2,262 per 10kg",striga-tolerant|high-protein
686,Themba Kariuki|Rudo Nkosi|Rudo Dlamini|Sipho Sarr|Furaha Mwangi|Amara Osei|Naledi Kariuki,Chemba Seed Works,155,"MK 19,626 per 10kg",smallholder|hybrid|export-grade|low-rainfall
687,Rudo Dlamini|Kofi Osei|Kofi Adeyemi|Mandla Sarr|Baraka Sarr|Baraka Odhiambo,Akatsi Horticulture Board,100,"MK 4,515 per 10kg",green-manure|river-basin
688,Aisha Adeyemi|Imani Toure|Kofi Mwangi|Themba Banda|Themba Dlamini,Kilimani Agricultural College,60,"MK 17,681 per 10kg",low-rainfall|rotation|striga-tolerant
690,Omari Odhiambo|Omari Abara|Chidi Abara|Imani Odhiambo|Kofi Diallo,Sokoto Crop Research Station,146,"MK 20,882 per 10kg",smallholder|low-rainfall|export-grade|long-season
691,Amara Osei|Sipho Osei|Omari Kariuki|Aisha Dlamini,Amanzi Valley Seed Co-op,177,MK 999 per 10kg,hybrid|short-season|certified-seed|rotation
692,Imani Okoye|Zola Diallo|Wanjiru Mensah|Chidi Toure|Chidi Mensah|Rudo Odhiambo|Sipho Chirwa,Ukulima Seed Institute,141,"MK 13,027 per 10kg",relay-crop|lowland|fodder|open-pollinated
693,Tendai Mensah|Naledi Mensah|Aisha Nkosi|Kofi Odhiambo|Chidi Nkosi|Lindiwe Dlamini|Chidi Odhiambo,Chemba Seed Works,97,MK 896 per 10kg,oil-grade|long-season|highland|terraced
694,Rudo Kariuki|Wanjiru Dlamini|Imani Dlamini|Amara Dlamini|Naledi Adeyemi,Chemba Seed Works,177,"MK 14,793 per 10kg",open-pollinated|high-protein
695,Lindiwe Mwangi|Chidi Mensah|Kofi Abara|Kofi Mwangi|Rudo Osei|Themba Chirwa|Baraka Banda,National Grain Programme,67,"MK 11,183 per 10kg",aphid-resistant|green-manure|mechanized|open-pollinated
696,Mandla Nkosi|Rudo Diallo|Rudo Dlamini|Aisha Nkosi|Furaha Osei,Ukulima Seed Institute,108,"MK 1,428 per 10kg",green-manure|low-rainfall
697,Kofi Toure|Furaha Osei|Zola Toure|Naledi Nkosi|Imani Odhiambo|Furaha Odhiambo,Hawassa Plant Breeding Unit,91,"MK 15,129 per 10kg",lowland|open-pollinated|rotation
698,Amara Chirwa|Lindiwe Banda|Kwame Dlamini|Kwame Diallo|Imani Mensah|Tendai Mwangi|Imani Chirwa,Chemba Seed Works,120,"MK 1,791 per 10kg",fodder|mechanized|low-rainfall|export-grade
699,Rudo Abara|Imani Adeyemi|Tendai Odhiambo|Kwame Dlamini|Imani Sarr|Mandla Nkosi,Ukulima Seed Institute,160,"MK 21,365 per 10kg",highland|mechanized
700,Lindiwe Mensah|Furaha Moyo|Sipho Moyo|Zola Chirwa|Baraka Sarr|Omari Osei|Omari Sarr,Akatsi Horticulture Board,181,"MK 24,804 per 10kg",high-starch|lowland|terraced
703,Chidi Okoye|Amara Moyo|Furaha Toure|Sipho Dlamini|Sipho Moyo|Omari Adeyemi|Kofi Nkosi|Tendai Banda,National Grain Programme,98,"MK 20,301 per 10kg",rotation|low-rainfall|export-grade|terraced
704,Naledi Kariuki|Furaha Sarr|Kwame Chirwa|Sipho Okoye|Wanjiru Kariuki|Furaha Moyo|Baraka Osei|Furaha Mensah,Chemba Seed Works,195,"MK 24,837 per 10kg",high-starch|long-season|striga-tolerant
705,Themba Chirwa|Sipho Mwangi|Wanjiru Osei|Imani Chirwa|Rudo Okoye|Imani Odhiambo|Naledi Dlamini|Naledi Mensah,Akatsi Horticulture Board,192,"MK 17,695 per 10kg",certified-seed|mechanized|terraced
706,Furaha Dlamini|Chidi Chirwa|Wanjiru Nkosi|Kwame Dlamini|Aisha Sarr|Imani Dlamini|Wanjiru Chirwa|Rudo Moyo,Amanzi Valley Seed Co-op,153,"MK 20,928 per 10kg",highland|aphid-resistant|valley-floor
707,Zola Chirwa|Chidi Abara|Omari Osei|Imani Odhiambo|Aisha Okoye|Zola Nkosi,Hawassa Plant Breeding Unit,61,"MK 8,986 per 10kg",low-rainfall|highland|mechanized
708,Chidi Mensah|Omari Sarr|Amara Toure|Amara Okoye|Omari Moyo|Wanjiru Banda,Akatsi Horticulture Board,135,"MK 18,846 per 10kg",valley-floor|mechanized
710,Kwame Okoye|Amara Moyo|Sipho Diallo|Tendai Okoye,Akatsi Horticulture Board,105,"MK 22,346 per 10kg",long-season|export-grade|fodder
711,Kwame Adeyemi|Naledi Banda|Lindiwe Okoye|Naledi Dlamini,National Grain Programme,120,"MK 8,168 per 10kg",hybrid|export-grade|lodging-resistant|low-rainfall
712,Amara Okoye|Furaha Chirwa|Tendai Adeyemi|Themba Okoye|Rudo Diallo,National Grain Programme,194,"MK 12,261 per 10kg",certified-seed|low-rainfall|short-season|lodging-resistant
713,Kofi Mensah|Amara Okoye|Zola Moyo|Naledi Kariuki|Omari Banda|Tendai Osei|Kwame Adeyemi,Chemba Seed Works,119,"MK 15,930 per 10kg",export-grade|green-manure|lowland|river-basin
714,Baraka Mensah|Amara Dlamini|Kofi Odhiambo|Lindiwe Abara|Tendai Mensah|Aisha Adeyemi|Aisha Toure|Themba Abara,National Grain Programme,81,"MK 13,042 per 10kg",long-season|green-manure|oil-grade
715,Mandla Dlamini|Tendai Abara|Kofi Abara|Amara Sarr|Tendai Odhiambo|Omari Osei|Amara Odhiambo|Furaha Toure,Amanzi Valley Seed Co-op,123,"MK 4,117 per 10kg",hybrid|export-grade
716,Furaha Kariuki|Mandla Odhiambo|Imani Chirwa|Imani Adeyemi,Hawassa Plant Breeding Unit,85,"MK 8,474 per 10kg",relay-crop|lowland|green-manure|short-season
717,Rudo Sarr|Furaha Nkosi|Mandla Diallo|Tendai Dlamini|Kofi Moyo|Aisha Mensah,Hawassa Plant Breeding Unit,177,"MK 21,500 per 10kg",short-season|smallholder|river-basin
718,Rudo Sarr|Naledi Dlamini|Naledi Osei|Aisha Mensah,Akatsi Horticulture Board,191,"MK 17,669 per 10kg",smallholder|rotation|aphid-resistant
719,Chidi Mensah|Wanjiru Okoye|Kwame Odhiambo|Aisha Osei|Chidi Diallo|Aisha Diallo,Ukulima Seed Institute,79,"MK 14,477 per 10kg",terraced|lowland|hybrid|green-manure
720,Kwame Odhiambo|Zola Abara|Aisha Diallo|Zola Sarr|Furaha Mensah|Omari Sarr|Amara Moyo|Themba Okoye,Kilimani Agricultural College,171,"MK 1,535 per 10kg",smallholder|oil-grade
722,Wanjiru Adeyemi|Naledi Chirwa|Rudo Mwangi|Amara Sarr,Akatsi Horticulture Board,73,"MK 14,101 per 10kg",mechanized|hybrid|oil-grade
723,Zola Chirwa|Imani Odhiambo|Imani Kariuki|Sipho Chirwa,Kilimani Agricultural College,140,"MK 5,644 per 10kg",highland|hybrid|river-basin|valley-floor
724,Imani Moyo|Baraka Mensah|Tendai Dlamini|Naledi Toure|Amara Osei,Hawassa Plant Breeding Unit,176,"MK 5,864 per 10kg",certified-seed|open-pollinated
725,Omari Mensah|Sipho Chirwa|Baraka Diallo|Wanjiru Kariuki|Tendai Kariuki|Zola Odhiambo|Aisha Mwangi,Chemba Seed Works,64,"MK 1,432 per 10kg",striga-tolerant|smallholder|valley-floor|river-basin
726,Tendai Banda|Aisha Chirwa|Themba Mensah|Furaha Okoye|Kofi Kariuki|Naledi Odhiambo|Rudo Sarr|Omari Odhiambo,Hawassa Plant Breeding Unit,162,"MK 21,323 per 10kg",relay-crop|highland
728,Wanjiru Dlamini|Lindiwe Dlamini|Amara Odhiambo|Kofi Abara|Furaha Odhiambo,Chemba Seed Works,74,"MK 16,388 per 10kg",valley-floor|short-season|highland|terraced
729,Amara Diallo|Chidi Odhiambo|Omari Toure|Rudo Diallo|Naledi Kariuki,Amanzi Valley Seed Co-op,82,"MK 5,821 per 10kg",lowland|river-basin
730,Mandla Abara|Wanjiru Osei|Lindiwe Abara|Sipho Mensah|Amara Okoye|Aisha Chirwa|Furaha Abara,National Grain Programme,70,"MK 24,215 per 10kg",relay-crop|highland|river-basin
731,Naledi Osei|Zola Banda|Sipho Moyo|Furaha Kariuki|Omari Banda|Aisha Banda,Akatsi Horticulture Board,121,"MK 8,883 per 10kg",high-protein|relay-crop|highland|mechanized
732,Rudo Nkosi|Themba Abara|Wanjiru Sarr|Furaha Okoye|Imani Toure,Chemba Seed Works,197,"MK 11,731 per 10kg",mechanized|striga-tolerant|lowland
733,Themba Okoye|Omari Sarr|Furaha Adeyemi|Lindiwe Okoye|Sipho Moyo|Chidi Osei|Omari Mensah,National Grain Programme,197,"MK 6,870 per 10kg",long-season|low-rainfall|lodging-resistant|relay-crop
735,Aisha Mensah|Amara Diallo|Amara Toure|Omari Banda|Aisha Toure,Kilimani Agricultural College,74,"MK 18,748 per 10kg",smallholder|high-protein
736,Wanjiru Dlamini|Sipho Okoye|Imani Sarr|Imani Mensah|Mandla Chirwa|Naledi Banda|Kofi Toure|Furaha Banda,Amanzi Valley Seed Co-op,88,"MK 2,604 per 10kg",rotation|oil-grade|open-pollinated|river-basin
737,Sipho Mensah|Zola Chirwa|Lindiwe Mensah|Aisha Moyo|Naledi Sarr,National Grain Programme,143,"MK 2,267 per 10kg",short-season|long-season
738,Tendai Adeyemi|Naledi Toure|Zola Sarr|Amara Odhiambo,Ukulima Seed Institute,176,"MK 22,807 per 10kg",mechanized|smallholder
739,Zola Toure|Omari Osei|Omari Kariuki|Rudo Okoye|Omari Kariuki|Sipho Diallo,Amanzi Valley Seed Co-op,186,"MK 5,765 per 10kg",lowland|smallholder|fodder|river-basin
740,Zola Adeyemi|Chidi Adeyemi|Mandla Okoye|Omari Okoye|Baraka Dlamini|Zola Okoye,Hawassa Plant Breeding Unit,192,"MK 12,540 per 10kg",fodder|certified-seed|long-season
741,Mandla Nkosi|Themba Diallo|Themba Osei|Omari Nkosi,Amanzi Valley Seed Co-op,100,"MK 3,941 per 10kg",lowland|hybrid
744,Rudo Sarr|Mandla Moyo|Kwame Kariuki|Sipho Diallo|Tendai Dlamini,Ukulima Seed Institute,124,"MK 24,253 per 10kg",short-season|lowland
745,Omari Okoye|Baraka Odhiambo|Aisha Osei|Kwame Mensah,Sokoto Crop Research Station,99,"MK 18,594 per 10kg",smallholder|river-basin|striga-tolerant
746,Furaha Moyo|Aisha Adeyemi|Sipho Kariuki|Aisha Odhiambo|Chidi Abara|Aisha Dlamini|Lindiwe Osei|Naledi Toure,Akatsi Horticulture Board,105,"MK 18,099 per 10kg",striga-tolerant|valley-floor|long-season
747,Mandla Sarr|Mandla Diallo|Wanjiru Mensah|Chidi Diallo|Rudo Okoye|Tendai Okoye,Sokoto Crop Research Station,182,"MK 8,176 per 10kg",mechanized|long-season
748,Rudo Dlamini|Rudo Mwangi|Tendai Sarr|Omari Mensah|Omari Kariuki|Tendai Banda,Kilimani Agricultural College,148,"MK 17,406 per 10kg",certified-seed|oil-grade
749,Tendai Odhiambo|Themba Chirwa|Baraka Mensah|Chidi Kariuki|Kwame Odhiambo,Amanzi Valley Seed Co-op,137,"MK 16,850 per 10kg",rotation|aphid-resistant|export-grade|fodder
750,Tendai Odhiambo|Themba Nkosi|Rudo Mwangi|Amara Adeyemi|Chidi Odhiambo|Lindiwe Abara|Zola Banda|Rudo Dlamini,Akatsi Horticulture Board,82,"MK 13,930 per 10kg",mechanized|aphid-resistant|terraced|fodder
751,Rudo Odhiambo|Amara Dlamini|Amara Chirwa|Wanjiru Adeyemi,Chemba Seed Works,127,"MK 4,044 per 10kg",lodging-resistant|short-season|certified-seed|low-rainfall
752,Baraka Sarr|Themba Abara|Naledi Kariuki|Kofi Dlamini|Mandla Abara|Baraka Abara|Sipho Dlamini|Furaha Mensah,National Grain Programme,122,"MK 3,031 per 10kg",fodder|high-protein|rotation
753,Sipho Moyo|Furaha Moyo|Kofi Adeyemi|Imani Moyo|Imani Dlamini,Amanzi Valley Seed Co-op,95,"MK 24,048 per 10kg",terraced|smallholder|lowland|highland
754,Kofi Mwangi|Omari Sarr|Kofi Sarr|Rudo Chirwa|Rudo Moyo|Baraka Odhiambo,Ukulima Seed Institute,196,"MK 14,025 per 10kg",relay-crop|fodder|certified-seed|rotation
756,Zola Mensah|Naledi Chirwa|Wanjiru Abara|Sipho Odhiambo|Baraka Moyo|Kofi Dlamini|Tendai Dlamini,Chemba Seed Works,195,"MK 1,420 per 10kg",highland|mechanized
757,Zola Abara|Aisha Odhiambo|Amara Odhiambo|Furaha Toure|Kofi Osei,Amanzi Valley Seed Co-op,190,"MK 23,123 per 10kg",lowland|hybrid
759,Omari Abara|Kwame Okoye|Rudo Toure|Mandla Adeyemi|Mandla Moyo|Rudo Banda,Amanzi Valley Seed Co-op,178,"MK 19,553 per 10kg",low-rainfall|mechanized
760,Naledi Kariuki|Mandla Chirwa|Rudo Kariuki|Tendai Diallo|Imani Moyo,Ukulima Seed Institute,116,"MK 6,502 per 10kg",short-season|green-manure|smallholder
761,Zola Toure|Naledi Diallo|Kofi Nkosi|Wanjiru Banda|Kwame Mensah,Akatsi Horticulture Board,191,"MK 21,940 per 10kg",rotation|open-pollinated|valley-floor|lowland
762,Kwame Moyo|Furaha Odhiambo|Baraka Sarr|Zola Odhiambo|Sipho Nkosi|Tendai Nkosi|Chidi Moyo,Akatsi Horticulture Board,193,"MK 13,567 per 10kg",smallholder|oil-grade
763,Baraka Mensah|Rudo Sarr|Chidi Abara|Sipho Dlamini,Amanzi Valley Seed Co-op,86,"MK 9,657 per 10kg",smallholder|valley-floor|lodging-resistant
764,Rudo Dlamini|Rudo Abara|Themba Dlamini|Kwame Mensah|Themba Mwangi|Mandla Moyo|Tendai Abara|Mandla Mwangi,Sokoto Crop Research Station,61,"MK 16,331 per 10kg",high-starch|mechanized
765,Themba Adeyemi|Amara Moyo|Naledi Abara|Chidi Mwangi|Amara Dlamini,Akatsi Horticulture Board,81,"MK 8,730 per 10kg",relay-crop|highland|river-basin
766,Chidi Sarr|Kwame Okoye|Aisha Adeyemi|Kwame Moyo|Kwame Toure|Rudo Osei,Kilimani Agricultural College,78,"MK 14,756 per 10kg",open-pollinated|hybrid|mechanized|high-protein
768,Omari Abara|Furaha Chirwa|Mandla Sarr|Aisha Dlamini,National Grain Programme,126,"MK 7,670 per 10kg",relay-crop|oil-grade|terraced
769,Amara Sarr|Kofi Dlamini|Themba Nkosi|Baraka Kariuki|Baraka Diallo|Chidi Okoye|Wanjiru Mensah|Chidi Adeyemi,Akatsi Horticulture Board,163,"MK 4,180 per 10kg",fodder|high-protein|short-season|high-starch
771,Baraka Nkosi|Imani Nkosi|Aisha Okoye|Furaha Odhiambo,Hawassa Plant Breeding Unit,63,"MK 19,443 per 10kg",aphid-resistant|striga-tolerant
772,Amara Adeyemi|Chidi Mensah|Amara Banda|Zola Osei|Furaha Adeyemi,Amanzi Valley Seed Co-op,101,"MK 18,090 per 10kg",mechanized|green-manure
773,Wanjiru Adeyemi|Mandla Diallo|Kwame Okoye|Lindiwe Kariuki|Amara Okoye|Amara Mensah|Kwame Diallo,Sokoto Crop Research Station,127,"MK 16,310 per 10kg",aphid-resistant|striga-tolerant|highland|short-season
774,Aisha Mwangi|Kofi Diallo|Zola Toure|Kwame Chirwa|Mandla Chirwa|Amara Okoye|Zola Mensah,Ukulima Seed Institute,72,"MK 24,042 per 10kg",aphid-resistant|terraced|export-grade|lodging-resistant
775,Kwame Kariuki|Themba Toure|Themba Banda|Kofi Osei|Tendai Diallo,Amanzi Valley Seed Co-op,132,"MK 5,464 per 10kg",short-season|smallholder|export-grade|green-manure
776,Naledi Kariuki|Themba Osei|Kwame Sarr|Omari Moyo|Kwame Mensah|Omari Diallo|Rudo Nkosi,Ukulima Seed Institute,80,"MK 15,394 per 10kg",highland|lowland|export-grade|high-starch
777,Aisha Mensah|Amara Abara|Furaha Dlamini|Imani Okoye,Hawassa Plant Breeding Unit,87,"MK 16,950 per 10kg",valley-floor|high-protein
778,Themba Banda|Zola Kariuki|Naledi Adeyemi|Naledi Dlamini|Tendai Odhiambo|Omari Diallo|Furaha Chirwa,Amanzi Valley Seed Co-op,146,"MK 13,848 per 10kg",rotation|smallholder|lodging-resistant
779,Imani Odhiambo|Lindiwe Mwangi|Sipho Dlamini|Furaha Toure|Sipho Toure|Lindiwe Kariuki,Chemba Seed Works,169,"MK 16,316 per 10kg",rotation|highland|oil-grade|fodder
780,Tendai Sarr|Amara Banda|Lindiwe Okoye|Baraka Osei,Ukulima Seed Institute,73,"MK 6,963 per 10kg",hybrid|relay-crop|mechanized
781,Wanjiru Toure|Naledi Nkosi|Kwame Dlamini|Sipho Nkosi|Kofi Banda|Aisha Osei|Omari Dlamini|Aisha Abara,Sokoto Crop Research Station,79,"MK 23,110 per 10kg",open-pollinated|mechanized|hybrid
783,Amara Adeyemi|Mandla Sarr|Kwame Moyo|Zola Moyo|Themba Dlamini|Kwame Kariuki|Rudo Toure|Zola Okoye,Kilimani Agricultural College,100,"MK 2,251 per 10kg",oil-grade|fodder|high-starch
784,Sipho Dlamini|Amara Nkosi|Furaha Mwangi|Kwame Moyo|Sipho Kariuki|Tendai Dlamini,Akatsi Horticulture Board,180,"MK 19,630 per 10kg",valley-floor|certified-seed
785,Tendai Moyo|Furaha Sarr|Mandla Banda|Baraka Odhiambo|Rudo Okoye|Amara Nkosi|Imani Mensah,Sokoto Crop Research Station,194,"MK 10,849 per 10kg",valley-floor|striga-tolerant
786,Wanjiru Odhiambo|Naledi Odhiambo|Themba Odhiambo|Lindiwe Osei|Kofi Sarr|Wanjiru Moyo|Aisha Chirwa,Kilimani Agricultural College,136,"MK 21,265 per 10kg",high-protein|oil-grade|striga-tolerant
787,Imani Nkosi|Baraka Dlamini|Wanjiru Abara|Sipho Dlamini|Sipho Diallo,Amanzi Valley Seed Co-op,68,"MK 18,495 per 10kg",aphid-resistant|short-season
790,Lindiwe Nkosi|Omari Chirwa|Mandla Okoye|Amara Mensah,Chemba Seed Works,92,"MK 11,237 per 10kg",long-season|smallholder|lowland
792,Aisha Odhiambo|Chidi Osei|Furaha Osei|Lindiwe Okoye|Themba Nkosi|Imani Abara,National Grain Programme,164,"MK 21,348 per 10kg",highland|valley-floor|long-season|striga-tolerant
795,Kwame Osei|Rudo Odhiambo|Imani Moyo|Mandla Kariuki|Kofi Dlamini|Sipho Abara|Zola Osei|Furaha Nkosi,National Grain Programme,74,"MK 4,942 per 10kg",high-starch|low-rainfall|green-manure|river-basin
796,Imani Chirwa|Tendai Banda|Rudo Mwangi|Baraka Adeyemi|Amara Mwangi|Baraka Okoye|Lindiwe Mwangi,Akatsi Horticulture Board,184,"MK 4,485 per 10kg",valley-floor|short-season|hybrid
797,Zola Mensah|Furaha Toure|Naledi Nkosi|Omari Nkosi|Wanjiru Odhiambo,Hawassa Plant Breeding Unit,176,"MK 10,793 per 10kg",aphid-resistant|mechanized
798,Lindiwe Nkosi|Lindiwe Osei|Kofi Nkosi|Lindiwe Sarr,National Grain Programme,115,"MK 2,136 per 10kg",high-protein|striga-tolerant|lowland
799,Zola Toure|Chidi Odhiambo|Furaha Toure|Kwame Abara|Amara Kariuki|Sipho Mwangi|Omari Odhiambo,Ukulima Seed Institute,186,"MK 16,044 per 10kg",export-grade|smallholder|mechanized|aphid-resistant
800,Amara Toure|Themba Nkosi|Rudo Okoye|Kofi Osei|Chidi Adeyemi|Rudo Osei,Kilimani Agricultural College,84,"MK 9,550 per 10kg",mechanized|high-starch|oil-grade
801,Themba Adeyemi|Tendai Mensah|Baraka Osei|Mandla Toure|Imani Sarr|Amara Adeyemi,Sokoto Crop Research Station,81,"MK 17,276 per 10kg",oil-grade|hybrid|certified-seed|high-starch
802,Kofi Diallo|Amara Okoye|Chidi Odhiambo|Sipho Kariuki|Furaha Nkosi,Akatsi Horticulture Board,198,"MK 14,808 per 10kg",high-starch|river-basin|lodging-resistant|certified-seed
804,Furaha Diallo|Lindiwe Dlamini|Rudo Banda|Imani Moyo,Sokoto Crop Research Station,160,"MK 14,928 per 10kg",export-grade|lodging-resistant|smallholder
805,Naledi Osei|Rudo Chirwa|Baraka Banda|Aisha Kariuki|Mandla Osei|Themba Odhiambo|Themba Kariuki|Amara Toure,National Grain Programme,69,"MK 2,520 per 10kg",river-basin|long-season|oil-grade|relay-crop
806,Lindiwe Mensah|Naledi Banda|Kwame Nkosi|Tendai Kariuki,Kilimani Agricultural College,149,"MK 15,787 per 10kg",rotation|high-protein
807,Naledi Nkosi|Tendai Sarr|Naledi Adeyemi|Themba Odhiambo|Kofi Dlamini,Sokoto Crop Research Station,105,"MK 23,724 per 10kg",short-season|mechanized|highland|valley-floor
808,Baraka Diallo|Omari Dlamini|Kofi Odhiambo|Imani Banda|Naledi Chirwa|Chidi Osei|Themba Dlamini,Sokoto Crop Research Station,166,"MK 23,744 per 10kg",short-season|fodder|green-manure|high-starch
810,Baraka Dlamini|Rudo Moyo|Imani Toure|Kwame Moyo|Imani Moyo,Chemba Seed Works,80,"MK 2,988 per 10kg",mechanized|export-grade
811,Omari Diallo|Lindiwe Odhiambo|Rudo Mensah|Rudo Mensah|Imani Sarr|Zola Osei|Omari Chirwa|Naledi Moyo,Sokoto Crop Research Station,172,"MK 12,413 per 10kg",lowland|striga-tolerant|mechanized|export-grade
812,Naledi Mwangi|Aisha Moyo|Mandla Moyo|Omari Dlamini,Akatsi Horticulture Board,61,"MK 6,293 per 10kg",relay-crop|mechanized|export-grade
813,Mandla Nkosi|Imani Abara|Omari Sarr|Kofi Abara|Tendai Adeyemi|Lindiwe Nkosi,Ukulima Seed Institute,136,"MK 17,854 per 10kg",green-manure|highland
814,Kwame Nkosi|Mandla Chirwa|Naledi Abara|Themba Moyo|Sipho Adeyemi|Kofi Nkosi|Furaha Abara,Kilimani Agricultural College,61,"MK 12,418 per 10kg",hybrid|mechanized|long-season|export-grade
815,Zola Moyo|Naledi Nkosi|Themba Mwangi|Wanjiru Abara,Chemba Seed Works,64,"MK 18,015 per 10kg",certified-seed|short-season
816,Naledi Toure|Lindiwe Diallo|Kofi Mensah|Baraka Moyo|Omari Okoye|Imani Kariuki|Zola Toure,Chemba Seed Works,125,"MK 20,370 per 10kg",rotation|certified-seed|hybrid
817,Zola Nkosi|Amara Chirwa|Naledi Moyo|Furaha Mensah|Tendai Banda|Amara Sarr,Ukulima Seed Institute,112,"MK 8,657 per 10kg",lodging-resistant|export-grade|aphid-resistant|high-protein
818,Furaha Dlamini|Amara Abara|Amara Mensah|Naledi Chirwa|Omari Moyo|Imani Mwangi,Kilimani Agricultural College,163,"MK 5,074 per 10kg",fodder|green-manure|oil-grade|lodging-resistant
819,Omari Dlamini|Amara Diallo|Lindiwe Chirwa|Kofi Okoye|Amara Nkosi|Omari Mensah,Chemba Seed Works,113,"MK 21,684 per 10kg",low-rainfall|export-grade|short-season
820,Chidi Nkosi|Lindiwe Toure|Kofi Mensah|Zola Okoye|Wanjiru Moyo|Omari Mwangi,National Grain Programme,109,"MK 22,089 per 10kg",mechanized|relay-crop
821,Omari Osei|Chidi Kariuki|Naledi Toure|Omari Odhiambo|Chidi Kariuki,Hawassa Plant Breeding Unit,61,"MK 23,797 per 10kg",export-grade|oil-grade|certified-seed
822,Omari Kariuki|Kofi Diallo|Lindiwe Odhiambo|Kofi Dlamini|Amara Adeyemi|Lindiwe Dlamini|Imani Sarr,Hawassa Plant Breeding Unit,63,"MK 1,032 per 10kg",short-season|long-season
824,Zola Toure|Omari Okoye|Tendai Nkosi|Themba Sarr|Furaha Diallo|Themba Mensah,National Grain Programme,144,"MK 9,959 per 10kg",lodging-resistant|export-grade
825,Lindiwe Adeyemi|Tendai Toure|Sipho Mensah|Rudo Okoye|Baraka Toure|Tendai Diallo|Zola Chirwa|Lindiwe Toure,National Grain Programme,88,"MK 6,792 per 10kg",hybrid|terraced
826,Mandla Osei|Themba Adeyemi|Naledi Diallo|Rudo Moyo,Hawassa Plant Breeding Unit,181,"MK 8,806 per 10kg",valley-floor|mechanized|rotation
827,Mandla Odhiambo|Imani Mwangi|Kwame Nkosi|Chidi Toure|Aisha Kariuki,National Grain Programme,154,"MK 5,478 per 10kg",hybrid|lowland|rotation|certified-seed
828,Aisha Adeyemi|Zola Diallo|Zola Osei|Kofi Abara|Sipho Mwangi|Themba Toure,Sokoto Crop Research Station,157,"MK 12,142 per 10kg",terraced|lodging-resistant|lowland
829,Sipho Adeyemi|Kwame Adeyemi|Tendai Diallo|Rudo Chirwa|Amara Chirwa|Wanjiru Kariuki|Naledi Chirwa|Lindiwe Toure,Chemba Seed Works,100,"MK 15,201 per 10kg",high-protein|relay-crop
830,Amara Toure|Amara Mwangi|Baraka Adeyemi|Imani Mensah,Amanzi Valley Seed Co-op,63,"MK 20,523 per 10kg",relay-crop|high-starch|short-season
831,Omari Diallo|Lindiwe Kariuki|Sipho Abara|Kofi Sarr|Aisha Mwangi,National Grain Programme,92,"MK 23,843 per 10kg",oil-grade|open-pollinated|low-rainfall
832,Rudo Mensah|Kofi Abara|Sipho Mwangi|Naledi Osei|Kofi Okoye|Baraka Abara|Kofi Osei|Rudo Chirwa,National Grain Programme,184,"MK 4,716 per 10kg",mechanized|low-rainfall
833,Amara Adeyemi|Lindiwe Kariuki|Naledi Nkosi|Rudo Toure|Zola Toure|Furaha Sarr,Sokoto Crop Research Station,178,"MK 19,761 per 10kg",low-rainfall|river-basin|relay-crop|high-protein
834,Mandla Abara|Mandla Kariuki|Kwame Abara|Furaha Odhiambo|Naledi Okoye|Baraka Dlamini,Sokoto Crop Research Station,189,"MK 23,730 per 10kg",low-rainfall|rotation|aphid-resistant
835,Mandla Toure|Themba Okoye|Lindiwe Mwangi|Imani Moyo,Sokoto Crop Research Station,146,"MK 18,338 per 10kg",smallholder|lodging-resistant|low-rainfall|lowland
836,Omari Toure|Baraka Odhiambo|Imani Kariuki|Aisha Diallo,Akatsi Horticulture Board,146,"MK 22,664 per 10kg",aphid-resistant|high-protein|low-rainfall
837,Sipho Abara|Tendai Chirwa|Themba Kariuki|Imani Diallo|Mandla Osei|Lindiwe Chirwa,Kilimani Agricultural College,103,"MK 10,003 per 10kg",open-pollinated|mechanized|relay-crop|valley-floor
838,Aisha Toure|Kofi Mensah|Imani Okoye|Imani Nkosi|Tendai Chirwa|Tendai Osei|Aisha Banda,Amanzi Valley Seed Co-op,91,"MK 12,754 per 10kg",river-basin|mechanized
839,Imani Okoye|Naledi Kariuki|Chidi Dlamini|Wanjiru Odhiambo|Zola Abara,Hawassa Plant Breeding Unit,96,"MK 10,007 per 10kg",short-season|export-grade|valley-floor|hybrid
840,Rudo Nkosi|Tendai Kariuki|Lindiwe Kariuki|Aisha Mwangi|Aisha Moyo,Kilimani Agricultural College,63,"MK 18,637 per 10kg",river-basin|short-season|open-pollinated|terraced
841,Omari Moyo|Chidi Nkosi|Amara Okoye|Omari Osei,Amanzi Valley Seed Co-op,139,"MK 14,600 per 10kg",lowland|terraced|valley-floor
842,Themba Abara|Chidi Odhiambo|Tendai Sarr|Kwame Odhiambo|Wanjiru Adeyemi,Kilimani Agricultural College,80,"MK 10,067 per 10kg",oil-grade|export-grade|terraced|long-season
843,Tendai Osei|Chidi Adeyemi|Sipho Abara|Wanjiru Nkosi,Chemba Seed Works,142,"MK 4,624 per 10kg",lodging-resistant|export-grade
845,Themba Toure|Wanjiru Toure|Lindiwe Diallo|Chidi Diallo,National Grain Programme,104,"MK 24,471 per 10kg",terraced|high-starch|valley-floor
846,Baraka Diallo|Themba Abara|Imani Okoye|Omari Sarr|Baraka Abara|Lindiwe Mensah|Omari Kariuki,Chemba Seed Works,185,"MK 11,505 per 10kg",hybrid|striga-tolerant|export-grade|green-manure
847,Furaha Toure|Zola Adeyemi|Naledi Kariuki|Imani Adeyemi|Aisha Sarr|Mandla Banda,Kilimani Agricultural College,99,"MK 21,917 per 10kg",open-pollinated|lodging-resistant
848,Aisha Abara|Omari Toure|Zola Osei|Lindiwe Chirwa,Chemba Seed Works,153,"MK 22,814 per 10kg",valley-floor|high-protein
849,Zola Adeyemi|Zola Mensah|Aisha Moyo|Naledi Chirwa|Zola Adeyemi,Amanzi Valley Seed Co-op,110,"MK 2,261 per 10kg",highland|smallholder
851,Zola Moyo|Kwame Kariuki|Tendai Abara|Furaha Okoye|Baraka Diallo,Akatsi Horticulture Board,68,"MK 19,713 per 10kg",mechanized|open-pollinated|rotation|striga-tolerant
852,Lindiwe Moyo|Sipho Dlamini|Chidi Diallo|Imani Okoye|Mandla Mensah|Mandla Nkosi|Imani Mensah|Zola Nkosi,Ukulima Seed Institute,83,"MK 16,406 per 10kg",open-pollinated|high-protein|hybrid|rotation
853,Zola Toure|Tendai Mwangi|Imani Moyo|Omari Toure|Baraka Kariuki|Omari Odhiambo|Kofi Toure|Aisha Nkosi,Sokoto Crop Research Station,120,"MK 24,765 per 10kg",high-starch|low-rainfall|aphid-resistant|fodder
854,Sipho Toure|Tendai Mensah|Kwame Toure|Tendai Okoye|Lindiwe Adeyemi,Amanzi Valley Seed Co-op,151,"MK 20,293 per 10kg",open-pollinated|relay-crop
855,Themba Sarr|Zola Toure|Kofi Mensah|Kwame Osei|Kwame Diallo|Imani Odhiambo|Imani Dlamini|Themba Mwangi,Ukulima Seed Institute,79,"MK 14,139 per 10kg",smallholder|open-pollinated|long-season|relay-crop
856,Wanjiru Mensah|Baraka Odhiambo|Mandla Moyo|Mandla Okoye|Sipho Okoye|Aisha Kariuki|Rudo Osei|Themba Nkosi,Sokoto Crop Research Station,111,"MK 4,201 per 10kg",lowland|rotation|striga-tolerant|oil-grade
857,Mandla Adeyemi|Omari Adeyemi|Kwame Diallo|Tendai Sarr|Wanjiru Odhiambo,Akatsi Horticulture Board,182,"MK 4,963 per 10kg",rotation|fodder|aphid-resistant|smallholder
858,Kwame Okoye|Themba Odhiambo|Zola Odhiambo|Lindiwe Banda|Wanjiru Nkosi|Omari Banda,Amanzi Valley Seed Co-op,133,"MK 3,525 per 10kg",hybrid|lodging-resistant|high-starch
859,Lindiwe Mensah|Imani Okoye|Furaha Osei|Wanjiru Dlamini|Amara Sarr,National Grain Programme,72,"MK 11,983 per 10kg",long-season|short-season
860,Themba Abara|Lindiwe Abara|Wanjiru Okoye|Lindiwe Nkosi|Rudo Adeyemi|Sipho Sarr|Imani Dlamini|Chidi Abara,Akatsi Horticulture Board,80,"MK 16,781 per 10kg",high-starch|highland|lowland|mechanized
861,Imani Dlamini|Aisha Mwangi|Mandla Odhiambo|Wanjiru Kariuki|Themba Abara,Amanzi Valley Seed Co-op,85,"MK 19,890 per 10kg",aphid-resistant|fodder|lowland
862,Mandla Abara|Imani Mwangi|Rudo Sarr|Tendai Abara|Zola Adeyemi|Aisha Abara,Ukulima Seed Institute,68,"MK 13,594 per 10kg",smallholder|green-manure|hybrid
863,Lindiwe Toure|Aisha Moyo|Imani Dlamini|Omari Dlamini|Chidi Kariuki,Sokoto Crop Research Station,92,"MK 18,885 per 10kg",smallholder|short-season|relay-crop
864,Imani Abara|Sipho Nkosi|Zola Diallo|Omari Toure,Chemba Seed Works,111,"MK 16,540 per 10kg",open-pollinated|oil-grade
865,Kofi Mwangi|Imani Abara|Zola Kariuki|Wanjiru Okoye,National Grain Programme,119,"MK 23,400 per 10kg",rotation|green-manure
866,Wanjiru Okoye|Tendai Kariuki|Kofi Osei|Zola Okoye|Omari Okoye,Akatsi Horticulture Board,85,"MK 20,986 per 10kg",highland|green-manure
867,Baraka Dlamini|Sipho Adeyemi|Wanjiru Mensah|Rudo Okoye|Themba Moyo|Amara Toure,Chemba Seed Works,123,"MK 18,812 per 10kg",certified-seed|open-pollinated
868,Mandla Kariuki|Sipho Adeyemi|Imani Dlamini|Kwame Osei|Aisha Okoye|Amara Nkosi|Sipho Diallo,Amanzi Valley Seed Co-op,103,"MK 7,590 per 10kg",short-season|terraced|lowland|high-protein
869,Zola Mwangi|Omari Odhiambo|Imani Mwangi|Kofi Dlamini|Lindiwe Banda,Amanzi Valley Seed Co-op,164,"MK 2,944 per 10kg",mechanized|terraced|lodging-resistant
870,Themba Toure|Zola Toure|Rudo Kariuki|Wanjiru Mensah|Baraka Dlamini,Chemba Seed Works,104,"MK 3,135 per 10kg",hybrid|lodging-resistant|export-grade
871,Aisha Okoye|Omari Diallo|Amara Banda|Lindiwe Sarr|Kofi Dlamini|Aisha Nkosi|Baraka Chirwa,Akatsi Horticulture Board,168,"MK 1,967 per 10kg",oil-grade|lowland|short-season|high-protein
872,Naledi Kariuki|Wanjiru Toure|Imani Toure|Wanjiru Dlamini,Kilimani Agricultural College,139,"MK 17,065 per 10kg",river-basin|highland|relay-crop|striga-tolerant
873,Kwame Osei|Mandla Adeyemi|Furaha Mensah|Rudo Mwangi|Amara Abara|Mandla Chirwa|Wanjiru Kariuki,Ukulima Seed Institute,163,"MK 23,284 per 10kg",high-protein|striga-tolerant|open-pollinated
875,Kofi Dlamini|Amara Kariuki|Mandla Mwangi|Kwame Kariuki|Amara Kariuki|Chidi Sarr|Wanjiru Abara,Sokoto Crop Research Station,162,"MK 24,326 per 10kg",short-season|fodder
876,Omari Banda|Tendai Okoye|Aisha Dlamini|Wanjiru Kariuki|Themba Abara|Tendai Sarr|Themba Sarr|Omari Toure,National Grain Programme,90,"MK 18,075 per 10kg",hybrid|short-season
877,Amara Okoye|Wanjiru Mensah|Themba Okoye|Lindiwe Osei|Themba Okoye,Sokoto Crop Research Station,70,"MK 7,941 per 10kg",striga-tolerant|long-season
878,Aisha Diallo|Sipho Odhiambo|Zola Adeyemi|Themba Adeyemi|Amara Toure|Furaha Odhiambo|Sipho Odhiambo|Furaha Sarr,Akatsi Horticulture Board,74,"MK 18,566 per 10kg",hybrid|high-starch|aphid-resistant|fodder
879,Rudo Toure|Tendai Nkosi|Mandla Banda|Amara Nkosi|Tendai Nkosi|Sipho Diallo|Wanjiru Adeyemi|Omari Adeyemi,Sokoto Crop Research Station,184,"MK 22,259 per 10kg",striga-tolerant|relay-crop
880,Kwame Mwangi|Lindiwe Dlamini|Kwame Mwangi|Chidi Nkosi|Wanjiru Banda|Sipho Toure|Zola Abara,Akatsi Horticulture Board,114,"MK 5,907 per 10kg",lowland|valley-floor
881,Kofi Toure|Lindiwe Abara|Furaha Toure|Naledi Osei|Omari Mensah|Naledi Abara|Baraka Banda|Baraka Odhiambo,Sokoto Crop Research Station,150,"MK 7,556 per 10kg",rotation|export-grade|mechanized
882,Tendai Sarr|Kofi Moyo|Chidi Adeyemi|Kofi Banda|Rudo Okoye,Kilimani Agricultural College,193,"MK 10,205 per 10kg",relay-crop|highland|open-pollinated|lowland
884,Kwame Kariuki|Imani Banda|Sipho Nkosi|Sipho Chirwa,Ukulima Seed Institute,76,"MK 2,133 per 10kg",highland|hybrid|long-season|export-grade
885,Aisha Mwangi|Sipho Osei|Rudo Moyo|Sipho Moyo,Hawassa Plant Breeding Unit,181,"MK 11,020 per 10kg",highland|smallholder|green-manure|mechanized
886,Imani Abara|Lindiwe Mwangi|Mandla Adeyemi|Furaha Odhiambo|Kofi Chirwa|Sipho Abara|Baraka Okoye|Amara Diallo,National Grain Programme,69,"MK 16,746 per 10kg",open-pollinated|mechanized
887,Omari Nkosi|Kwame Mwangi|Aisha Kariuki|Kofi Toure|Sipho Mwangi|Rudo Mensah|Wanjiru Kariuki|Kwame Osei,Kilimani Agricultural College,142,"MK 8,200 per 10kg",open-pollinated|long-season
888,Kwame Mensah|Imani Osei|Chidi Adeyemi|Wanjiru Toure,Chemba Seed Works,142,"MK 3,167 per 10kg",highland|rotation|river-basin
889,Baraka Chirwa|Wanjiru Banda|Tendai Banda|Lindiwe Mensah|Baraka Dlamini|Amara Chirwa|Lindiwe Mensah,Sokoto Crop Research Station,83,"MK 20,029 per 10kg",river-basin|smallholder|export-grade|open-pollinated
890,Rudo Moyo|Wanjiru Kariuki|Baraka Mensah|Chidi Mwangi|Rudo Dlamini|Furaha Diallo,National Grain Programme,116,"MK 8,057 per 10kg",lodging-resistant|rotation
892,Chidi Nkosi|Rudo Toure|Aisha Osei|Mandla Dlamini,Amanzi Valley Seed Co-op,193,"MK 2,676 per 10kg",aphid-resistant|striga-tolerant
893,Wanjiru Banda|Kofi Diallo|Aisha Dlamini|Rudo Adeyemi,Amanzi Valley Seed Co-op,69,"MK 3,673 per 10kg",open-pollinated|fodder|short-season|high-protein
894,Tendai Kariuki|Lindiwe Odhiambo|Imani Diallo|Zola Toure|Rudo Moyo|Wanjiru Chirwa|Rudo Diallo|Tendai Odhiambo,Kilimani Agricultural College,142,"MK 13,244 per 10kg",high-starch|high-protein|oil-grade
895,Amara Diallo|Baraka Diallo|Omari Osei|Rudo Adeyemi|Wanjiru Adeyemi|Tendai Toure,Hawassa Plant Breeding Unit,166,"MK 9,993 per 10kg",short-season|river-basin|lowland
896,Imani Osei|Naledi Dlamini|Baraka Osei|Aisha Osei|Chidi Adeyemi|Imani Diallo|Omari Mwangi|Wanjiru Mwangi,Amanzi Valley Seed Co-op,108,"MK 10,007 per 10kg",certified-seed|river-basin
897,Zola Kariuki|Baraka Toure|Zola Banda|Lindiwe Osei,Chemba Seed Works,74,"MK 12,055 per 10kg",smallholder|high-starch|oil-grade|open-pollinated
898,Sipho Chirwa|Imani Banda|Naledi Diallo|Kofi Toure|Baraka Abara|Aisha Osei|Sipho Nkosi,National Grain Programme,199,"MK 23,088 per 10kg",certified-seed|hybrid|short-season
899,Naledi Banda|Omari Moyo|Wanjiru Adeyemi|Naledi Adeyemi|Themba Dlamini|Sipho Mwangi|Kofi Chirwa,Kilimani Agricultural College,155,"MK 13,562 per 10kg",lowland|valley-floor|terraced|mechanized
901,Chidi Chirwa|Baraka Abara|Lindiwe Moyo|Furaha Abara,Akatsi Horticulture Board,148,"MK 9,653 per 10kg",terraced|long-season
902,Themba Moyo|Zola Mensah|Rudo Mwangi|Baraka Okoye,Sokoto Crop Research Station,178,"MK 3,449 per 10kg",river-basin|mechanized|certified-seed|lodging-resistant
903,Sipho Toure|Naledi Banda|Tendai Nkosi|Sipho Dlamini|Zola Banda|Themba Diallo|Imani Nkosi|Amara Moyo,Sokoto Crop Research Station,101,"MK 1,612 per 10kg",low-rainfall|terraced|smallholder
905,Lindiwe Adeyemi|Omari Okoye|Mandla Abara|Lindiwe Osei|Amara Sarr|Furaha Mensah|Kwame Kariuki,Amanzi Valley Seed Co-op,110,"MK 19,323 per 10kg",relay-crop|oil-grade
906,Wanjiru Adeyemi|Naledi Moyo|Sipho Adeyemi|Omari Kariuki,Hawassa Plant Breeding Unit,180,"MK 24,161 per 10kg",river-basin|oil-grade|green-manure|lowland
907,Zola Mwangi|Naledi Abara|Zola Dlamini|Omari Osei,Chemba Seed Works,197,"MK 23,366 per 10kg",terraced|long-season|high-starch
908,Chidi Diallo|Baraka Sarr|Sipho Mensah|Kofi Odhiambo,Sokoto Crop Research Station,189,"MK 11,039 per 10kg",mechanized|relay-crop
909,Aisha Mwangi|Imani Abara|Sipho Mensah|Zola Sarr|Kofi Chirwa|Amara Mensah|Amara Sarr,Ukulima Seed Institute,94,"MK 11,594 per 10kg",low-rainfall|striga-tolerant|short-season
910,Themba Okoye|Naledi Okoye|Furaha Mwangi|Chidi Kariuki|Amara Nkosi|Omari Chirwa,National Grain Programme,97,"MK 14,048 per 10kg",rotation|terraced
911,Baraka Odhiambo|Furaha Nkosi|Themba Sarr|Kofi Mwangi|Wanjiru Kariuki,Ukulima Seed Institute,197,"MK 12,501 per 10kg",mechanized|river-basin
912,Imani Sarr|Mandla Nkosi|Zola Adeyemi|Lindiwe Mensah|Zola Mwangi|Naledi Sarr|Kwame Mwangi,Kilimani Agricultural College,181,"MK 11,882 per 10kg",relay-crop|export-grade|rotation
913,Wanjiru Adeyemi|Sipho Odhiambo|Kwame Mensah|Rudo Chirwa|Imani Toure|Lindiwe Osei|Naledi Toure|Kwame Adeyemi,Akatsi Horticulture Board,87,"MK 23,844 per 10kg",aphid-resistant|export-grade|lodging-resistant
914,Omari Toure|Chidi Diallo|Tendai Toure|Imani Moyo|Omari Mwangi,Chemba Seed Works,188,"MK 17,940 per 10kg",export-grade|mechanized
915,Baraka Moyo|Rudo Dlamini|Amara Dlamini|Sipho Toure|Kwame Okoye|Omari Adeyemi,Chemba Seed Works,131,"MK 5,281 per 10kg",export-grade|short-season|hybrid
916,Chidi Mensah|Kofi Diallo|Wanjiru Chirwa|Aisha Odhiambo|Furaha Okoye,Kilimani Agricultural College,114,"MK 22,391 per 10kg",lodging-resistant|smallholder|mechanized
917,Tendai Nkosi|Aisha Mwangi|Naledi Moyo|Aisha Dlamini|Aisha Diallo|Rudo Chirwa|Kwame Osei|Furaha Adeyemi,Hawassa Plant Breeding Unit,199,"MK 14,092 per 10kg",lowland|open-pollinated
918,Tendai Banda|Furaha Moyo|Themba Adeyemi|Lindiwe Moyo|Furaha Nkosi,Hawassa Plant Breeding Unit,126,"MK 21,166 per 10kg",mechanized|hybrid|relay-crop
919,Omari Adeyemi|Kwame Diallo|Omari Dlamini|Furaha Banda|Naledi Diallo|Imani Mensah,Hawassa Plant Breeding Unit,66,"MK 20,822 per 10kg",high-starch|lodging-resistant|mechanized
920,Sipho Okoye|Sipho Banda|Lindiwe Odhiambo|Furaha Odhiambo|Baraka Sarr|Kwame Osei|Rudo Kariuki|Aisha Okoye,Akatsi Horticulture Board,101,"MK 16,806 per 10kg",river-basin|striga-tolerant
922,Kofi Mwangi|Themba Mwangi|Aisha Kariuki|Amara Mensah|Imani Diallo|Sipho Osei,Chemba Seed Works,87,"MK 2,951 per 10kg",lowland|high-protein|river-basin|terraced
923,Themba Diallo|Chidi Chirwa|Amara Banda|Naledi Diallo,Ukulima Seed Institute,199,"MK 4,104 per 10kg",fodder|open-pollinated
924,Sipho Abara|Wanjiru Mensah|Naledi Sarr|Baraka Sarr|Naledi Osei|Omari Odhiambo|Mandla Adeyemi,Chemba Seed Works,84,"MK 21,254 per 10kg",mechanized|smallholder|short-season|export-grade
925,Chidi Moyo|Wanjiru Adeyemi|Kwame Sarr|Imani Adeyemi,National Grain Programme,127,"MK 8,196 per 10kg",high-protein|lodging-resistant
926,Aisha Banda|Zola Osei|Mandla Kariuki|Mandla Chirwa|Amara Diallo|Naledi Moyo|Chidi Odhiambo,Amanzi Valley Seed Co-op,169,"MK 3,020 per 10kg",oil-grade|long-season|lodging-resistant
928,Omari Osei|Chidi Mwangi|Omari Kariuki|Baraka Abara|Lindiwe Adeyemi|Naledi Banda|Omari Diallo|Chidi Mensah,Hawassa Plant Breeding Unit,157,"MK 22,851 per 10kg",mechanized|hybrid
930,Amara Adeyemi|Zola Sarr|Zola Moyo|Naledi Banda|Lindiwe Kariuki|Zola Chirwa|Wanjiru Diallo|Lindiwe Banda,Amanzi Valley Seed Co-op,169,"MK 20,226 per 10kg",export-grade|highland|hybrid|high-protein
931,Zola Chirwa|Kofi Adeyemi|Tendai Dlamini|Kofi Banda|Kofi Nkosi,Kilimani Agricultural College,141,"MK 11,618 per 10kg",relay-crop|short-season
932,Wanjiru Odhiambo|Sipho Odhiambo|Chidi Banda|Rudo Mwangi,Kilimani Agricultural College,109,"MK 17,164 per 10kg",export-grade|long-season|mechanized|short-season
933,Furaha Moyo|Kwame Mwangi|Furaha Adeyemi|Mandla Osei|Kwame Nkosi,Amanzi Valley Seed Co-op,97,"MK 21,285 per 10kg",rotation|highland
934,Zola Chirwa|Naledi Moyo|Furaha Mensah|Furaha Mensah|Kwame Adeyemi|Themba Abara|Wanjiru Okoye,Sokoto Crop Research Station,97,"MK 8,831 per 10kg",terraced|smallholder|certified-seed
935,Themba Okoye|Imani Mensah|Furaha Chirwa|Zola Abara|Omari Nkosi|Themba Nkosi,Amanzi Valley Seed Co-op,163,"MK 13,595 per 10kg",short-season|fodder
936,Imani Mensah|Furaha Odhiambo|Sipho Mensah|Wanjiru Mensah|Mandla Chirwa,Hawassa Plant Breeding Unit,65,"MK 1,429 per 10kg",fodder|certified-seed|export-grade|oil-grade
937,Baraka Abara|Tendai Mensah|Chidi Kariuki|Rudo Okoye,Ukulima Seed Institute,121,"MK 13,092 per 10kg",low-rainfall|valley-floor|high-protein
938,Kwame Mensah|Lindiwe Chirwa|Amara Sarr|Sipho Mwangi|Baraka Nkosi|Furaha Mensah|Kofi Mwangi|Themba Moyo,Chemba Seed Works,86,"MK 15,427 per 10kg",export-grade|short-season
939,Furaha Adeyemi|Aisha Osei|Aisha Banda|Kwame Mensah,Amanzi Valley Seed Co-op,122,"MK 18,576 per 10kg",striga-tolerant|open-pollinated
940,Naledi Adeyemi|Themba Dlamini|Furaha Mensah|Themba Nkosi|Sipho Nkosi,National Grain Programme,184,"MK 13,980 per 10kg",mechanized|lowland
941,Mandla Mwangi|Zola Sarr|Furaha Abara|Tendai Sarr|Furaha Diallo|Furaha Okoye,Hawassa Plant Breeding Unit,172,"MK 20,715 per 10kg",high-protein|aphid-resistant|terraced|certified-seed
942,Furaha Toure|Tendai Banda|Rudo Okoye|Aisha Toure|Imani Moyo|Aisha Osei,Hawassa Plant Breeding Unit,152,"MK 15,604 per 10kg",hybrid|smallholder|highland
943,Zola Dlamini|Kofi Okoye|Mandla Chirwa|Zola Chirwa,Hawassa Plant Breeding Unit,159,"MK 6,404 per 10kg",mechanized|aphid-resistant|terraced|high-starch
944,Aisha Mensah|Naledi Dlamini|Aisha Diallo|Amara Okoye|Aisha Toure|Lindiwe Kariuki|Sipho Banda|Chidi Banda,Kilimani Agricultural College,67,"MK 17,702 per 10kg",hybrid|export-grade|highland|relay-crop
945,Lindiwe Kariuki|Aisha Mwangi|Rudo Kariuki|Rudo Sarr|Zola Okoye|Kofi Chirwa,Hawassa Plant Breeding Unit,89,"MK 8,323 per 10kg",river-basin|striga-tolerant
946,Imani Abara|Aisha Mwangi|Themba Okoye|Wanjiru Chirwa|Themba Mwangi|Kwame Abara|Baraka Mwangi|Omari Diallo,Akatsi Horticulture Board,192,"MK 16,880 per 10kg",oil-grade|lowland
947,Themba Osei|Zola Nkosi|Omari Okoye|Imani Toure|Kwame Okoye,Amanzi Valley Seed Co-op,180,"MK 8,156 per 10kg",river-basin|aphid-resistant|terraced
948,Lindiwe Osei|Furaha Mwangi|Mandla Diallo|Imani Mensah|Tendai Mwangi|Sipho Banda|Sipho Okoye|Omari Mensah,Amanzi Valley Seed Co-op,144,"MK 20,131 per 10kg",aphid-resistant|oil-grade|export-grade|high-protein
949,Tendai Chirwa|Sipho Odhiambo|Wanjiru Toure|Tendai Odhiambo|Naledi Odhiambo|Furaha Mwangi|Mandla Nkosi,Amanzi Valley Seed Co-op,146,"MK 10,924 per 10kg",valley-floor|hybrid|fodder|lodging-resistant
952,Lindiwe Chirwa|Aisha Mensah|Furaha Toure|Omari Kariuki|Baraka Dlamini,Kilimani Agricultural College,109,"MK 11,959 per 10kg",green-manure|mechanized
953,Rudo Chirwa|Sipho Adeyemi|Mandla Okoye|Sipho Odhiambo|Lindiwe Banda,Hawassa Plant Breeding Unit,180,"MK 5,019 per 10kg",mechanized|highland|smallholder
954,Mandla Osei|Zola Sarr|Imani Diallo|Chidi Adeyemi|Sipho Okoye|Tendai Mwangi|Wanjiru Adeyemi,Chemba Seed Works,62,"MK 6,306 per 10kg",oil-grade|valley-floor|export-grade|river-basin
955,Wanjiru Adeyemi|Imani Banda|Aisha Adeyemi|Zola Osei|Tendai Banda|Naledi Chirwa|Furaha Nkosi|Amara Odhiambo,Hawassa Plant Breeding Unit,70,"MK 20,984 per 10kg",rotation|lodging-resistant
956,Kwame Diallo|Naledi Odhiambo|Naledi Kariuki|Themba Mensah|Tendai Nkosi|Kofi Kariuki|Imani Osei|Imani Nkosi,Ukulima Seed Institute,126,"MK 24,915 per 10kg",export-grade|certified-seed
957,Amara Dlamini|Naledi Mwangi|Baraka Mwangi|Mandla Moyo|Tendai Adeyemi|Naledi Odhiambo,Chemba Seed Works,115,"MK 24,753 per 10kg",low-rainfall|relay-crop|rotation
959,Zola Dlamini|Furaha Toure|Chidi Chirwa|Themba Osei|Naledi Toure|Imani Nkosi|Zola Osei|Themba Kariuki,National Grain Programme,123,"MK 21,787 per 10kg",green-manure|mechanized|lowland|fodder
961,Lindiwe Chirwa|Sipho Mwangi|Mandla Moyo|Mandla Nkosi|Wanjiru Banda|Naledi Chirwa|Sipho Banda|Naledi Diallo,Hawassa Plant Breeding Unit,118,"MK 20,118 per 10kg",smallholder|hybrid|low-rainfall|green-manure
962,Aisha Moyo|Sipho Chirwa|Lindiwe Dlamini|Sipho Okoye,National Grain Programme,83,"MK 24,545 per 10kg",relay-crop|lowland|striga-tolerant
963,Aisha Banda|Omari Diallo|Furaha Mensah|Baraka Toure,Amanzi Valley Seed Co-op,162,"MK 15,098 per 10kg",open-pollinated|high-protein
964,Chidi Moyo|Themba Odhiambo|Sipho Diallo|Mandla Banda|Amara Odhiambo|Amara Odhiambo|Baraka Sarr,Amanzi Valley Seed Co-op,157,"MK 9,295 per 10kg",oil-grade|certified-seed|green-manure
965,Imani Osei|Lindiwe Sarr|Amara Mwangi|Mandla Banda|Wanjiru Toure|Chidi Mwangi,Sokoto Crop Research Station,156,"MK 20,603 per 10kg",high-starch|mechanized|low-rainfall
966,Zola Toure|Kofi Adeyemi|Furaha Odhiambo|Wanjiru Adeyemi|Furaha Banda|Omari Nkosi|Zola Mensah|Mandla Odhiambo,National Grain Programme,102,"MK 15,560 per 10kg",valley-floor|fodder
967,Zola Dlamini|Themba Mwangi|Omari Okoye|Omari Mwangi|Aisha Abara|Furaha Odhiambo|Imani Kariuki|Kwame Sarr,Akatsi Horticulture Board,124,"MK 13,894 per 10kg",highland|striga-tolerant|relay-crop
968,Baraka Osei|Kwame Mwangi|Amara Sarr|Tendai Okoye|Themba Toure,Akatsi Horticulture Board,154,"MK 7,424 per 10kg",green-manure|export-grade
969,Aisha Okoye|Mandla Toure|Sipho Kariuki|Naledi Kariuki|Mandla Sarr|Furaha Mwangi|Imani Toure,National Grain Programme,118,"MK 13,169 per 10kg",smallholder|terraced|high-starch
971,Furaha Dlamini|Kofi Osei|Tendai Adeyemi|Mandla Nkosi|Amara Odhiambo|Mandla Abara|Kofi Okoye,Kilimani Agricultural College,132,"MK 21,156 per 10kg",highland|green-manure
972,Rudo Toure|Mandla Odhiambo|Kofi Toure|Kofi Adeyemi|Kofi Adeyemi,Kilimani Agricultural College,185,"MK 6,075 per 10kg",oil-grade|valley-floor
973,Chidi Chirwa|Rudo Okoye|Mandla Odhiambo|Rudo Okoye|Amara Okoye|Themba Moyo|Zola Mwangi,Amanzi Valley Seed Co-op,155,"MK 7,342 per 10kg",high-starch|relay-crop
976,Chidi Dlamini|Amara Mensah|Furaha Odhiambo|Baraka Toure|Sipho Abara|Mandla Sarr,Kilimani Agricultural College,138,"MK 11,638 per 10kg",relay-crop|export-grade|low-rainfall
977,Wanjiru Mwangi|Kwame Adeyemi|Aisha Kariuki|Imani Dlamini,Akatsi Horticulture Board,167,"MK 2,918 per 10kg",valley-floor|lowland
978,Themba Adeyemi|Omari Toure|Omari Chirwa|Rudo Banda,Ukulima Seed Institute,195,"MK 2,969 per 10kg",oil-grade|terraced|lodging-resistant
979,Tendai Kariuki|Zola Toure|Zola Abara|Baraka Adeyemi|Omari Moyo|Aisha Moyo|Lindiwe Chirwa|Tendai Moyo,Kilimani Agricultural College,160,"MK 13,537 per 10kg",fodder|mechanized
980,Amara Chirwa|Naledi Osei|Omari Moyo|Themba Dlamini|Sipho Banda|Imani Banda|Furaha Odhiambo|Sipho Sarr,Sokoto Crop Research Station,130,"MK 23,803 per 10kg",short-season|valley-floor
982,Baraka Adeyemi|Mandla Kariuki|Kwame Osei|Aisha Dlamini|Baraka Adeyemi,Akatsi Horticulture Board,79,"MK 8,252 per 10kg",lodging-resistant|high-protein|striga-tolerant
983,Amara Chirwa|Baraka Moyo|Naledi Moyo|Chidi Kariuki|Tendai Moyo,Ukulima Seed Institute,123,"MK 18,744 per 10kg",terraced|open-pollinated|oil-grade|mechanized
984,Kofi Osei|Sipho Abara|Mandla Mensah|Tendai Chirwa|Kofi Nkosi,Akatsi Horticulture Board,122,"MK 21,034 per 10kg",certified-seed|river-basin|rotation
985,Zola Diallo|Wanjiru Odhiambo|Chidi Moyo|Zola Dlamini,Ukulima Seed Institute,99,"MK 22,300 per 10kg",lodging-resistant|river-basin|terraced|rotation
986,Amara Mensah|Chidi Banda|Wanjiru Kariuki|Aisha Kariuki,Amanzi Valley Seed Co-op,173,"MK 3,306 per 10kg",lodging-resistant|high-protein|long-season
987,Tendai Chirwa|Lindiwe Adeyemi|Tendai Toure|Kwame Chirwa|Zola Okoye|Tendai Sarr|Wanjiru Osei,National Grain Programme,102,"MK 19,355 per 10kg",certified-seed|mechanized
988,Wanjiru Mwangi|Themba Banda|Lindiwe Mensah|Lindiwe Toure|Imani Okoye|Furaha Banda|Themba Kariuki|Tendai Sarr,Kilimani Agricultural College,139,"MK 2,976 per 10kg",lodging-resistant|fodder
989,Imani Adeyemi|Naledi Toure|Imani Odhiambo|Zola Nkosi|Naledi Banda,Kilimani Agricultural College,82,"MK 22,240 per 10kg",highland|relay-crop|green-manure|low-rainfall
990,Lindiwe Adeyemi|Tendai Osei|Mandla Toure|Rudo Sarr|Lindiwe Chirwa,Kilimani Agricultural College,194,"MK 20,892 per 10kg",mechanized|high-protein|smallholder|open-pollinated
991,Themba Kariuki|Aisha Abara|Chidi Dlamini|Imani Adeyemi,National Grain Programme,66,"MK 3,108 per 10kg",high-starch|short-season
992,Lindiwe Osei|Aisha Abara|Tendai Osei|Mandla Toure|Mandla Osei|Wanjiru Mensah,Sokoto Crop Research Station,185,"MK 20,010 per 10kg",oil-grade|mechanized|river-basin|hybrid
993,Wanjiru Banda|Baraka Kariuki|Sipho Abara|Sipho Nkosi|Mandla Toure,Ukulima Seed Institute,62,"MK 1,302 per 10kg",oil-grade|long-season|smallholder|relay-crop
994,Zola Okoye|Sipho Adeyemi|Omari Mwangi|Chidi Banda|Sipho Osei|Kofi Mwangi,Hawassa Plant Breeding Unit,158,"MK 21,430 per 10kg",terraced|valley-floor
995,Omari Banda|Wanjiru Mensah|Themba Toure|Tendai Adeyemi|Lindiwe Moyo|Naledi Okoye|Themba Sarr,Akatsi Horticulture Board,181,"MK 9,375 per 10kg",high-starch|terraced|valley-floor
997,Sipho Mwangi|Kofi Odhiambo|Sipho Abara|Baraka Osei|Baraka Toure,Chemba Seed Works,100,"MK 3,930 per 10kg",high-protein|lodging-resistant
999,Naledi Diallo|Omari Diallo|Imani Osei|Furaha Mensah|Mandla Okoye|Zola Toure|Themba Mwangi,Ukulima Seed Institute,63,"MK 20,502 per 10kg",relay-crop|smallholder
1000,Omari Diallo|Aisha Chirwa|Kofi Diallo|Rudo Toure|Kofi Nkosi,National Grain Programme,94,"MK 9,587 per 10kg",high-starch|terraced
1001,Kwame Nkosi|Omari Kariuki|Chidi Abara|Mandla Sarr|Furaha Okoye|Mandla Abara,Kilimani Agricultural College,130,"MK 4,421 per 10kg",open-pollinated|smallholder|high-protein|long-season
1002,Wanjiru Kariuki|Baraka Diallo|Rudo Osei|Naledi Osei|Naledi Odhiambo,Chemba Seed Works,164,"MK 4,676 per 10kg",certified-seed|highland
1003,Sipho Okoye|Aisha Abara|Kofi Toure|Kwame Mwangi|Wanjiru Chirwa,National Grain Programme,184,"MK 9,686 per 10kg",export-grade|short-season
1004,Mandla Nkosi|Naledi Kariuki|Imani Osei|Chidi Diallo|Baraka Mwangi|Lindiwe Mwangi|Aisha Kariuki|Omari Diallo,Chemba Seed Works,123,"MK 1,514 per 10kg",fodder|high-protein|lodging-resistant
1005,Kwame Mensah|Rudo Dlamini|Wanjiru Okoye|Aisha Osei|Amara Mensah|Lindiwe Osei,Chemba Seed Works,199,"MK 21,184 per 10kg",mechanized|low-rainfall|high-protein
1006,Sipho Dlamini|Tendai Abara|Amara Adeyemi|Baraka Okoye|Baraka Diallo|Baraka Abara|Sipho Abara|Mandla Dlamini,Ukulima Seed Institute,169,"MK 20,375 per 10kg",green-manure|short-season|highland
1007,Rudo Adeyemi|Baraka Chirwa|Imani Kariuki|Chidi Okoye|Themba Mwangi|Wanjiru Sarr|Amara Chirwa,Akatsi Horticulture Board,135,"MK 24,846 per 10kg",fodder|oil-grade
1010,Furaha Osei|Themba Diallo|Naledi Sarr|Wanjiru Okoye,Ukulima Seed Institute,171,"MK 15,257 per 10kg",aphid-resistant|oil-grade
1011,Furaha Toure|Wanjiru Sarr|Aisha Mensah|Themba Moyo,Kilimani Agricultural College,197,"MK 9,223 per 10kg",fodder|rotation|river-basin|relay-crop
1012,Amara Osei|Kwame Kariuki|Tendai Sarr|Chidi Abara|Imani Chirwa,Amanzi Valley Seed Co-op,87,"MK 18,171 per 10kg",open-pollinated|fodder
1013,Furaha Toure|Baraka Dlamini|Lindiwe Mensah|Imani Toure|Kofi Okoye,Sokoto Crop Research Station,65,"MK 7,497 per 10kg",mechanized|certified-seed|rotation
1014,Kofi Banda|Sipho Diallo|Rudo Dlamini|Tendai Osei|Furaha Mensah,National Grain Programme,94,"MK 7,748 per 10kg",relay-crop|rotation|long-season
1015,Baraka Toure|Sipho Chirwa|Baraka Okoye|Zola Nkosi|Furaha Toure|Aisha Chirwa,Sokoto Crop Research Station,169,"MK 20,513 per 10kg",mechanized|high-starch
1017,Naledi Toure|Furaha Toure|Tendai Kariuki|Baraka Dlamini|Imani Abara|Amara Banda|Kofi Toure|Furaha Kariuki,National Grain Programme,122,"MK 14,304 per 10kg",hybrid|relay-crop|certified-seed
1018,Kwame Nkosi|Omari Chirwa|Themba Sarr|Mandla Toure|Zola Odhiambo,National Grain Programme,157,"MK 7,755 per 10kg",oil-grade|rotation|hybrid
1019,Omari Chirwa|Baraka Odhiambo|Naledi Mwangi|Tendai Mensah|Omari Banda|Lindiwe Kariuki,Ukulima Seed Institute,119,"MK 5,636 per 10kg",short-season|valley-floor
1020,Omari Diallo|Furaha Nkosi|Furaha Mensah|Rudo Okoye|Imani Dlamini|Rudo Chirwa|Furaha Okoye,National Grain Programme,158,"MK 15,215 per 10kg",oil-grade|long-season|river-basin|smallholder
1022,Lindiwe Moyo|Amara Sarr|Furaha Diallo|Aisha Sarr|Aisha Kariuki|Kwame Odhiambo|Sipho Chirwa|Sipho Mensah,Kilimani Agricultural College,137,"MK 7,342 per 10kg",mechanized|long-season|open-pollinated
1023,Furaha Banda|Lindiwe Osei|Kwame Osei|Furaha Dlamini|Aisha Odhiambo|Zola Diallo,Chemba Seed Works,99,"MK 17,608 per 10kg",oil-grade|rotation
1024,Furaha Chirwa|Zola Mensah|Tendai Abara|Zola Toure|Sipho Okoye,Chemba Seed Works,90,"MK 18,891 per 10kg",river-basin|export-grade|mechanized|open-pollinated
1025,Tendai Kariuki|Imani Banda|Furaha Dlamini|Imani Diallo|Lindiwe Sarr|Mandla Abara,Chemba Seed Works,142,"MK 15,581 per 10kg",lodging-resistant|aphid-resistant|export-grade|lowland
1026,Aisha Sarr|Lindiwe Mensah|Kofi Abara|Imani Adeyemi|Themba Abara|Naledi Mwangi,National Grain Programme,79,"MK 23,400 per 10kg",certified-seed|valley-floor|fodder|long-season
1027,Lindiwe Dlamini|Amara Banda|Wanjiru Abara|Tendai Banda|Naledi Abara|Sipho Osei,Kilimani Agricultural College,87,"MK 15,191 per 10kg",aphid-resistant|lowland
1028,Lindiwe Toure|Themba Mensah|Zola Nkosi|Kofi Sarr|Baraka Okoye,Kilimani Agricultural College,169,"MK 5,459 per 10kg",lodging-resistant|striga-tolerant|lowland
1029,Wanjiru Sarr|Imani Kariuki|Kofi Chirwa|Furaha Nkosi,Ukulima Seed Institute,107,"MK 18,071 per 10kg",smallholder|highland|valley-floor
1030,Wanjiru Banda|Tendai Moyo|Rudo Moyo|Kofi Odhiambo|Zola Chirwa|Wanjiru Toure|Sipho Odhiambo|Wanjiru Dlamini,Chemba Seed Works,86,"MK 16,521 per 10kg",highland|aphid-resistant
1031,Omari Okoye|Sipho Osei|Mandla Odhiambo|Aisha Toure|Chidi Chirwa|Aisha Sarr|Zola Nkosi|Omari Chirwa,Sokoto Crop Research Station,178,"MK 5,994 per 10kg",aphid-resistant|fodder|low-rainfall|high-protein
1032,Sipho Kariuki|Naledi Odhiambo|Aisha Banda|Baraka Sarr|Mandla Okoye|Wanjiru Banda|Rudo Okoye|Chidi Abara,Akatsi Horticulture Board,183,"MK 15,356 per 10kg",highland|open-pollinated|striga-tolerant|rotation
1033,Sipho Mensah|Mandla Sarr|Chidi Mensah|Kofi Mwangi|Omari Kariuki|Kofi Sarr|Aisha Osei,Ukulima Seed Institute,121,"MK 12,150 per 10kg",relay-crop|valley-floor|low-rainfall|open-pollinated
1035,Aisha Odhiambo|Mandla Sarr|Kofi Osei|Aisha Dlamini|Themba Mensah|Naledi Abara|Mandla Banda,Chemba Seed Works,109,"MK 11,563 per 10kg",relay-crop|oil-grade
1036,Zola Moyo|Sipho Nkosi|Rudo Diallo|Themba Diallo,National Grain Programme,69,"MK 15,395 per 10kg",mechanized|long-season|high-starch
1037,Kofi Osei|Themba Sarr|Aisha Mwangi|Sipho Chirwa|Zola Okoye,Sokoto Crop Research Station,170,"MK 10,173 per 10kg",lodging-resistant|lowland
1038,Kwame Mensah|Kwame Abara|Rudo Mensah|Aisha Odhiambo|Omari Dlamini|Kofi Toure|Imani Sarr|Amara Chirwa,National Grain Programme,87,"MK 11,407 per 10kg",highland|hybrid|certified-seed|terraced
1040,Themba Kariuki|Wanjiru Dlamini|Mandla Mwangi|Themba Odhiambo,Ukulima Seed Institute,109,"MK 1,091 per 10kg",valley-floor|short-season|rotation|lowland
1041,Mandla Dlamini|Tendai Chirwa|Wanjiru Chirwa|Zola Mwangi,National Grain Programme,192,"MK 7,792 per 10kg",high-starch|open-pollinated|valley-floor
1042,Wanjiru Osei|Themba Chirwa|Omari Mensah|Naledi Mensah|Aisha Sarr|Themba Mwangi|Imani Kariuki|Amara Osei,National Grain Programme,129,"MK 5,487 per 10kg",oil-grade|aphid-resistant
1043,Kwame Moyo|Omari Diallo|Naledi Odhiambo|Themba Osei|Zola Diallo|Furaha Sarr,Chemba Seed Works,140,MK 837 per 10kg,lodging-resistant|export-grade|terraced
1044,Wanjiru Diallo|Rudo Osei|Imani Abara|Naledi Osei|Kofi Chirwa|Omari Mensah|Rudo Nkosi|Sipho Dlamini,Akatsi Horticulture Board,77,"MK 4,704 per 10kg",open-pollinated|certified-seed
1045,Furaha Banda|Baraka Dlamini|Naledi Nkosi|Sipho Mensah|Tendai Odhiambo|Baraka Nkosi|Zola Kariuki|Mandla Kariuki,Sokoto Crop Research Station,68,"MK 2,502 per 10kg",smallholder|green-manure|long-season|mechanized
1046,Naledi Mensah|Mandla Okoye|Naledi Banda|Sipho Diallo|Baraka Abara,Kilimani Agricultural College,78,"MK 21,197 per 10kg",relay-crop|highland|low-rainfall|high-starch
1047,Aisha Abara|Amara Adeyemi|Rudo Okoye|Amara Banda|Sipho Okoye|Kofi Abara,Sokoto Crop Research Station,187,"MK 24,979 per 10kg",terraced|smallholder|fodder|low-rainfall
1048,Baraka Sarr|Lindiwe Mwangi|Sipho Banda|Kofi Okoye|Kwame Okoye|Aisha Abara,National Grain Programme,141,"MK 17,576 per 10kg",fodder|striga-tolerant|terraced
1049,Sipho Odhiambo|Sipho Adeyemi|Omari Mwangi|Omari Abara|Naledi Mensah|Aisha Nkosi|Rudo Toure|Baraka Toure,Hawassa Plant Breeding Unit,60,"MK 12,585 per 10kg",terraced|long-season|oil-grade|export-grade
1050,Zola Toure|Omari Banda|Mandla Mwangi|Wanjiru Diallo,Amanzi Valley Seed Co-op,101,"MK 20,670 per 10kg",short-season|green-manure|rotation|fodder
1052,Imani Diallo|Imani Abara|Themba Nkosi|Themba Abara|Naledi Moyo|Chidi Abara|Themba Nkosi,Ukulima Seed Institute,155,"MK 21,020 per 10kg",relay-crop|high-starch|valley-floor
1053,Lindiwe Toure|Imani Odhiambo|Tendai Kariuki|Rudo Odhiambo|Lindiwe Sarr|Aisha Okoye,Chemba Seed Works,175,"MK 13,337 per 10kg",relay-crop|high-protein|lodging-resistant|green-manure
1054,Zola Diallo|Themba Mwangi|Omari Okoye|Omari Mwangi|Omari Chirwa|Tendai Abara,National Grain Programme,124,"MK 22,022 per 10kg",certified-seed|aphid-resistant|oil-grade|fodder
1055,Rudo Moyo|Omari Adeyemi|Naledi Banda|Furaha Abara|Kofi Odhiambo|Mandla Dlamini|Zola Dlamini|Rudo Banda,Akatsi Horticulture Board,114,"MK 6,130 per 10kg",lodging-resistant|short-season|oil-grade|rotation
1056,Naledi Odhiambo|Sipho Chirwa|Lindiwe Osei|Imani Mensah|Baraka Dlamini|Rudo Osei|Lindiwe Sarr|Wanjiru Dlamini,Chemba Seed Works,138,"MK 21,219 per 10kg",river-basin|long-season|export-grade|low-rainfall
1057,Furaha Adeyemi|Omari Moyo|Kofi Abara|Lindiwe Mensah,Ukulima Seed Institute,119,"MK 10,789 per 10kg",mechanized|highland|high-protein
1058,Tendai Mensah|Themba Nkosi|Themba Sarr|Kofi Sarr|Zola Kariuki|Amara Odhiambo|Zola Sarr|Rudo Banda,Kilimani Agricultural College,83,"MK 15,611 per 10kg",fodder|open-pollinated|striga-tolerant|high-protein
1059,Omari Banda|Themba Banda|Zola Moyo|Tendai Toure|Imani Okoye|Wanjiru Moyo,National Grain Programme,81,"MK 19,007 per 10kg",relay-crop|long-season|lodging-resistant|striga-tolerant
1060,Mandla Chirwa|Baraka Dlamini|Amara Odhiambo|Amara Sarr|Chidi Sarr|Tendai Osei|Themba Kariuki,Akatsi Horticulture Board,177,"MK 21,526 per 10kg",fodder|green-manure|rotation
1062,Aisha Nkosi|Zola Moyo|Rudo Diallo|Lindiwe Odhiambo|Chidi Abara,Akatsi Horticulture Board,91,"MK 1,092 per 10kg",short-season|river-basin
1063,Rudo Sarr|Chidi Kariuki|Sipho Moyo|Rudo Okoye|Sipho Mwangi|Kofi Mensah|Mandla Okoye,Chemba Seed Works,186,"MK 1,622 per 10kg",rotation|mechanized|river-basin
1064,Imani Moyo|Baraka Sarr|Tendai Abara|Sipho Mensah|Furaha Chirwa|Kwame Moyo,Ukulima Seed Institute,106,"MK 3,600 per 10kg",high-starch|low-rainfall|river-basin
1066,Kofi Mwangi|Kofi Diallo|Omari Diallo|Imani Toure|Rudo Sarr|Omari Mensah,Akatsi Horticulture Board,115,"MK 22,768 per 10kg",striga-tolerant|long-season|mechanized|valley-floor
1067,Furaha Kariuki|Themba Moyo|Tendai Dlamini|Zola Okoye|Baraka Moyo,Sokoto Crop Research Station,179,"MK 10,106 per 10kg",hybrid|certified-seed
1068,Naledi Diallo|Imani Toure|Lindiwe Chirwa|Aisha Diallo,National Grain Programme,74,"MK 17,823 per 10kg",open-pollinated|long-season|mechanized
1069,Amara Diallo|Omari Abara|Rudo Moyo|Furaha Okoye|Tendai Diallo,Kilimani Agricultural College,146,"MK 20,879 per 10kg",short-season|lowland|certified-seed
1070,Themba Mwangi|Furaha Osei|Kofi Chirwa|Naledi Okoye|Rudo Abara,Kilimani Agricultural College,81,"MK 23,283 per 10kg",low-rainfall|high-protein|open-pollinated
1071,Mandla Diallo|Lindiwe Abara|Mandla Chirwa|Sipho Chirwa|Tendai Sarr|Aisha Okoye,Ukulima Seed Institute,194,"MK 3,836 per 10kg",certified-seed|lowland
1072,Mandla Diallo|Rudo Okoye|Chidi Moyo|Omari Mensah|Wanjiru Sarr|Aisha Okoye|Aisha Adeyemi,Amanzi Valley Seed Co-op,100,"MK 13,305 per 10kg",low-rainfall|hybrid
1073,Sipho Chirwa|Baraka Sarr|Baraka Toure|Amara Okoye|Mandla Osei|Tendai Adeyemi,Ukulima Seed Institute,171,"MK 24,981 per 10kg",smallholder|green-manure|valley-floor
1074,Rudo Toure|Baraka Banda|Naledi Dlamini|Lindiwe Mensah|Tendai Chirwa|Wanjiru Diallo,National Grain Programme,71,"MK 11,339 per 10kg",valley-floor|highland|long-season
1075,Imani Sarr|Wanjiru Okoye|Themba Sarr|Baraka Abara|Kwame Moyo|Amara Odhiambo|Themba Okoye,Sokoto Crop Research Station,152,"MK 11,518 per 10kg",mechanized|certified-seed
1079,Zola Mwangi|Rudo Kariuki|Amara Moyo|Aisha Mensah|Omari Mensah,Kilimani Agricultural College,122,"MK 2,773 per 10kg",green-manure|low-rainfall
1080,Sipho Sarr|Aisha Chirwa|Mandla Osei|Kwame Chirwa|Kwame Mensah|Baraka Moyo|Imani Diallo,Akatsi Horticulture Board,88,"MK 14,351 per 10kg",lowland|export-grade|green-manure
1081,Kofi Osei|Rudo Toure|Naledi Sarr|Kofi Abara|Themba Adeyemi|Omari Mensah,Sokoto Crop Research Station,161,"MK 4,086 per 10kg",aphid-resistant|river-basin|lodging-resistant|high-starch
1082,Sipho Moyo|Omari Odhiambo|Naledi Toure|Rudo Okoye|Kwame Mensah|Rudo Adeyemi|Chidi Osei|Lindiwe Dlamini,Kilimani Agricultural College,79,"MK 24,222 per 10kg",high-starch|relay-crop|certified-seed
1083,Furaha Diallo|Mandla Kariuki|Kofi Odhiambo|Zola Chirwa|Naledi Chirwa,Ukulima Seed Institute,68,"MK 3,937 per 10kg",aphid-resistant|fodder
1085,Sipho Sarr|Wanjiru Mwangi|Wanjiru Diallo|Themba Nkosi|Naledi Mwangi|Tendai Dlamini|Naledi Osei|Naledi Kariuki,Ukulima Seed Institute,190,"MK 20,210 per 10kg",fodder|hybrid
1087,Zola Mwangi|Tendai Banda|Lindiwe Toure|Aisha Kariuki|Naledi Osei,Hawassa Plant Breeding Unit,99,"MK 19,598 per 10kg",long-season|green-manure|rotation
1088,Tendai Banda|Tendai Banda|Aisha Banda|Rudo Odhiambo|Rudo Mwangi|Baraka Sarr,Akatsi Horticulture Board,183,"MK 6,535 per 10kg",striga-tolerant|relay-crop|lodging-resistant
1089,Wanjiru Odhiambo|Kwame Dlamini|Amara Toure|Omari Moyo,Amanzi Valley Seed Co-op,138,"MK 15,419 per 10kg",high-starch|open-pollinated
1091,Naledi Diallo|Aisha Okoye|Themba Okoye|Furaha Okoye|Amara Banda|Baraka Dlamini,Sokoto Crop Research Station,74,"MK 23,051 per 10kg",oil-grade|rotation|lodging-resistant
1092,Naledi Mensah|Mandla Chirwa|Aisha Banda|Sipho Odhiambo|Zola Diallo|Wanjiru Okoye|Aisha Adeyemi|Amara Diallo,Kilimani Agricultural College,195,"MK 4,233 per 10kg",valley-floor|rotation
1093,Chidi Osei|Rudo Osei|Zola Toure|Lindiwe Nkosi|Baraka Kariuki|Rudo Okoye|Themba Moyo,Akatsi Horticulture Board,176,"MK 10,390 per 10kg",smallholder|high-starch|fodder|river-basin
1094,Wanjiru Dlamini|Chidi Kariuki|Lindiwe Osei|Lindiwe Banda|Amara Dlamini|Omari Odhiambo|Themba Odhiambo|Kofi Abara,Kilimani Agricultural College,67,"MK 7,284 per 10kg",mechanized|lodging-resistant|high-starch|rotation
1095,Tendai Mwangi|Tendai Dlamini|Kofi Chirwa|Kofi Kariuki|Lindiwe Osei|Amara Dlamini|Themba Moyo|Omari Chirwa,Hawassa Plant Breeding Unit,78,"MK 10,341 per 10kg",mechanized|high-starch
1096,Sipho Dlamini|Naledi Mensah|Wanjiru Mensah|Baraka Kariuki|Zola Banda|Wanjiru Banda|Zola Kariuki,Chemba Seed Works,133,"MK 23,700 per 10kg",fodder|oil-grade
1097,Themba Diallo|Amara Odhiambo|Kwame Osei|Aisha Moyo|Naledi Toure|Lindiwe Dlamini|Wanjiru Nkosi|Rudo Chirwa,Sokoto Crop Research Station,130,"MK 6,947 per 10kg",river-basin|high-starch|fodder
1098,Tendai Osei|Themba Adeyemi|Omari Osei|Wanjiru Abara,Ukulima Seed Institute,72,"MK 3,203 per 10kg",high-protein|striga-tolerant
1099,Baraka Mensah|Mandla Mwangi|Lindiwe Okoye|Mandla Chirwa,Sokoto Crop Research Station,119,"MK 4,280 per 10kg",terraced|certified-seed|hybrid
1100,Rudo Banda|Baraka Adeyemi|Chidi Diallo|Baraka Mwangi|Omari Diallo,Sokoto Crop Research Station,132,"MK 10,954 per 10kg",lodging-resistant|valley-floor|certified-seed
1101,Tendai Abara|Naledi Dlamini|Zola Kariuki|Tendai Toure|Mandla Diallo|Mandla Chirwa,National Grain Programme,119,"MK 13,834 per 10kg",short-season|smallholder
1102,Baraka Chirwa|Tendai Chirwa|Imani Osei|Mandla Moyo|Aisha Dlamini|Themba Diallo|Sipho Toure,Hawassa Plant Breeding Unit,86,"MK 7,897 per 10kg",smallholder|rotation
1103,Furaha Chirwa|Imani Nkosi|Omari Sarr|Rudo Dlamini|Mandla Moyo|Zola Dlamini|Tendai Kariuki,Sokoto Crop Research Station,116,"MK 2,095 per 10kg",highland|mechanized|aphid-resistant
1105,Lindiwe Sarr|Tendai Okoye|Baraka Adeyemi|Tendai Mensah,Kilimani Agricultural College,135,"MK 23,092 per 10kg",oil-grade|certified-seed
1106,Zola Diallo|Baraka Okoye|Sipho Sarr|Imani Moyo|Kwame Chirwa,Amanzi Valley Seed Co-op,124,"MK 8,866 per 10kg",mechanized|smallholder
1107,Furaha Moyo|Tendai Diallo|Tendai Adeyemi|Mandla Nkosi,National Grain Programme,76,"MK 12,269 per 10kg",highland|mechanized
1108,Imani Abara|Themba Odhiambo|Mandla Adeyemi|Sipho Mensah,Chemba Seed Works,105,"MK 22,577 per 10kg",high-protein|aphid-resistant
1109,Kofi Odhiambo|Tendai Nkosi|Imani Nkosi|Furaha Kariuki|Kofi Toure|Rudo Mwangi,National Grain Programme,84,"MK 12,531 per 10kg",lowland|long-season|high-protein|river-basin
1110,Kwame Mwangi|Lindiwe Mensah|Rudo Mwangi|Rudo Banda|Naledi Odhiambo,Chemba Seed Works,111,"MK 10,841 per 10kg",certified-seed|short-season|relay-crop
1111,Furaha Kariuki|Themba Osei|Omari Diallo|Themba Adeyemi|Amara Diallo,Kilimani Agricultural College,119,"MK 9,481 per 10kg",export-grade|relay-crop|certified-seed
1112,Kofi Osei|Furaha Chirwa|Furaha Chirwa|Imani Kariuki,Amanzi Valley Seed Co-op,101,"MK 14,152 per 10kg",lowland|mechanized
1113,Kofi Adeyemi|Zola Banda|Chidi Banda|Wanjiru Osei|Omari Adeyemi|Kwame Dlamini|Zola Chirwa|Zola Sarr,Amanzi Valley Seed Co-op,103,"MK 17,707 per 10kg",smallholder|long-season|river-basin|low-rainfall
1115,Chidi Moyo|Rudo Adeyemi|Kwame Adeyemi|Kwame Toure|Kwame Mensah,Hawassa Plant Breeding Unit,131,"MK 7,969 per 10kg",valley-floor|export-grade|smallholder
1117,Themba Nkosi|Aisha Sarr|Chidi Okoye|Zola Mwangi|Sipho Mwangi|Aisha Toure|Chidi Odhiambo|Wanjiru Toure,Amanzi Valley Seed Co-op,187,"MK 4,390 per 10kg",aphid-resistant|smallholder
1118,Kofi Dlamini|Imani Mwangi|Wanjiru Odhiambo|Zola Nkosi|Rudo Abara,Ukulima Seed Institute,193,"MK 6,445 per 10kg",green-manure|smallholder|relay-crop|export-grade
1119,Zola Odhiambo|Zola Abara|Lindiwe Toure|Wanjiru Osei|Baraka Mensah|Sipho Mensah|Wanjiru Mwangi|Naledi Okoye,National Grain Programme,95,"MK 17,339 per 10kg",valley-floor|certified-seed
1120,Sipho Nkosi|Kofi Abara|Omari Okoye|Omari Chirwa,National Grain Programme,155,"MK 17,233 per 10kg",valley-floor|certified-seed
1123,Imani Abara|Rudo Osei|Wanjiru Chirwa|Wanjiru Okoye|Baraka Nkosi,Kilimani Agricultural College,123,"MK 15,147 per 10kg",smallholder|hybrid|oil-grade
1124,Imani Sarr|Omari Nkosi|Furaha Kariuki|Themba Toure|Furaha Kariuki|Wanjiru Banda|Kwame Mwangi,Chemba Seed Works,140,"MK 22,521 per 10kg",highland|mechanized
1125,Rudo Abara|Sipho Odhiambo|Kofi Mensah|Tendai Okoye,Akatsi Horticulture Board,129,"MK 4,561 per 10kg",low-rainfall|terraced|short-season
1126,Naledi Okoye|Aisha Banda|Rudo Banda|Baraka Adeyemi,Amanzi Valley Seed Co-op,65,"MK 21,749 per 10kg",high-protein|relay-crop|highland
1127,Baraka Moyo|Mandla Adeyemi|Sipho Mensah|Mandla Odhiambo|Kofi Nkosi|Tendai Mensah,Ukulima Seed Institute,96,"MK 11,257 per 10kg",hybrid|low-rainfall|lowland|high-protein
1128,Rudo Odhiambo|Kwame Dlamini|Rudo Odhiambo|Mandla Adeyemi|Lindiwe Mensah|Tendai Okoye|Omari Banda|Lindiwe Abara,Ukulima Seed Institute,101,"MK 11,080 per 10kg",low-rainfall|striga-tolerant|open-pollinated|aphid-resistant
1129,Kofi Mwangi|Zola Adeyemi|Tendai Abara|Amara Abara,Ukulima Seed Institute,119,"MK 9,360 per 10kg",oil-grade|rotation|short-season|terraced
1130,Furaha Chirwa|Lindiwe Dlamini|Kwame Nkosi|Themba Osei|Baraka Kariuki|Amara Adeyemi|Baraka Abara|Lindiwe Osei,Hawassa Plant Breeding Unit,119,MK 939 per 10kg,high-starch|terraced
1131,Themba Dlamini|Mandla Moyo|Tendai Abara|Imani Okoye|Kofi Banda,National Grain Programme,68,"MK 4,542 per 10kg",open-pollinated|river-basin
1132,Naledi Osei|Omari Diallo|Furaha Adeyemi|Sipho Banda|Mandla Abara|Lindiwe Mensah|Furaha Mwangi,Sokoto Crop Research Station,189,"MK 10,984 per 10kg",fodder|high-starch
1134,Furaha Toure|Kofi Okoye|Rudo Banda|Lindiwe Mwangi|Tendai Mwangi,Chemba Seed Works,148,"MK 7,589 per 10kg",smallholder|certified-seed|mechanized
1135,Rudo Odhiambo|Mandla Chirwa|Sipho Diallo|Zola Nkosi|Imani Okoye,Sokoto Crop Research Station,117,"MK 22,665 per 10kg",smallholder|open-pollinated|striga-tolerant|green-manure
1136,Kofi Banda|Chidi Moyo|Kofi Mwangi|Lindiwe Toure|Zola Nkosi,Ukulima Seed Institute,156,"MK 16,967 per 10kg",open-pollinated|lodging-resistant|relay-crop|hybrid
1137,Lindiwe Mwangi|Rudo Toure|Wanjiru Adeyemi|Baraka Dlamini|Kwame Diallo|Amara Sarr|Rudo Adeyemi,Chemba Seed Works,118,"MK 5,920 per 10kg",oil-grade|river-basin|green-manure|smallholder
1138,Kwame Adeyemi|Sipho Chirwa|Furaha Nkosi|Imani Mensah,Akatsi Horticulture Board,146,"MK 12,996 per 10kg",long-season|export-grade|low-rainfall
1139,Kofi Chirwa|Chidi Kariuki|Rudo Odhiambo|Chidi Toure|Imani Mwangi,National Grain Programme,94,"MK 2,645 per 10kg",open-pollinated|hybrid
1140,Zola Adeyemi|Kwame Dlamini|Sipho Dlamini|Imani Adeyemi|Lindiwe Nkosi,Sokoto Crop Research Station,144,"MK 24,615 per 10kg",terraced|open-pollinated
1141,Themba Mwangi|Wanjiru Moyo|Furaha Mensah|Kofi Osei,Hawassa Plant Breeding Unit,108,"MK 1,101 per 10kg",lodging-resistant|relay-crop
1142,Rudo Nkosi|Amara Okoye|Imani Chirwa|Rudo Chirwa|Omari Odhiambo|Mandla Nkosi|Tendai Abara,Ukulima Seed Institute,64,"MK 2,979 per 10kg",terraced|highland|low-rainfall|hybrid
1144,Chidi Chirwa|Naledi Odhiambo|Mandla Osei|Themba Kariuki|Aisha Odhiambo,Hawassa Plant Breeding Unit,84,"MK 20,841 per 10kg",short-season|low-rainfall
1145,Kwame Banda|Kofi Mwangi|Wanjiru Banda|Amara Okoye|Aisha Kariuki|Themba Chirwa|Wanjiru Dlamini,Kilimani Agricultural College,154,"MK 24,473 per 10kg",oil-grade|lodging-resistant|export-grade
1146,Naledi Diallo|Amara Odhiambo|Aisha Diallo|Rudo Mensah|Kwame Abara,Hawassa Plant Breeding Unit,61,"MK 20,006 per 10kg",low-rainfall|open-pollinated
1147,Mandla Mwangi|Themba Osei|Aisha Chirwa|Kwame Sarr|Kwame Chirwa|Omari Adeyemi|Zola Moyo|Amara Abara,National Grain Programme,154,"MK 23,698 per 10kg",striga-tolerant|short-season|certified-seed
1148,Omari Adeyemi|Rudo Adeyemi|Mandla Nkosi|Rudo Toure|Imani Banda|Amara Abara,Akatsi Horticulture Board,60,"MK 15,112 per 10kg",river-basin|export-grade|certified-seed
1149,Kofi Moyo|Kwame Abara|Sipho Osei|Furaha Mwangi,Sokoto Crop Research Station,133,"MK 2,575 per 10kg",fodder|open-pollinated|aphid-resistant|export-grade
1150,Kwame Moyo|Themba Banda|Furaha Mensah|Furaha Okoye|Themba Kariuki|Kofi Banda,Akatsi Horticulture Board,98,"MK 17,194 per 10kg",striga-tolerant|hybrid|green-manure
1151,Lindiwe Dlamini|Kwame Moyo|Chidi Abara|Sipho Chirwa|Rudo Kariuki|Kofi Moyo|Kwame Kariuki,Ukulima Seed Institute,89,"MK 18,972 per 10kg",lodging-resistant|river-basin
1152,Sipho Mwangi|Rudo Sarr|Naledi Osei|Themba Abara|Aisha Sarr,Ukulima Seed Institute,188,"MK 21,484 per 10kg",low-rainfall|high-protein|rotation|terraced
1155,Themba Nkosi|Aisha Kariuki|Lindiwe Mensah|Wanjiru Moyo|Imani Sarr|Baraka Kariuki,Ukulima Seed Institute,113,"MK 16,708 per 10kg",export-grade|terraced|open-pollinated|high-starch
1156,Aisha Mwangi|Kofi Adeyemi|Kwame Mwangi|Sipho Diallo|Omari Kariuki,Hawassa Plant Breeding Unit,144,"MK 4,251 per 10kg",export-grade|short-season|highland
1157,Mandla Osei|Rudo Banda|Furaha Osei|Furaha Okoye,National Grain Programme,132,"MK 22,534 per 10kg",striga-tolerant|short-season
1158,Rudo Banda|Imani Banda|Imani Osei|Chidi Abara,Hawassa Plant Breeding Unit,116,"MK 10,233 per 10kg",valley-floor|green-manure
1160,Sipho Chirwa|Wanjiru Diallo|Mandla Diallo|Imani Nkosi,Amanzi Valley Seed Co-op,102,"MK 9,821 per 10kg",lodging-resistant|terraced|highland
1161,Mandla Moyo|Lindiwe Sarr|Aisha Mensah|Baraka Mwangi,Akatsi Horticulture Board,117,"MK 12,067 per 10kg",hybrid|long-season
1162,Themba Abara|Mandla Kariuki|Furaha Chirwa|Themba Osei,Akatsi Horticulture Board,192,"MK 4,463 per 10kg",oil-grade|open-pollinated|short-season|high-protein
1163,Sipho Sarr|Mandla Okoye|Themba Moyo|Wanjiru Abara|Kofi Moyo|Rudo Banda,Chemba Seed Works,68,"MK 1,263 per 10kg",high-protein|oil-grade
1164,Furaha Nkosi|Baraka Chirwa|Omari Odhiambo|Lindiwe Okoye|Naledi Odhiambo,Kilimani Agricultural College,198,"MK 22,277 per 10kg",green-manure|certified-seed|mechanized
1165,Wanjiru Diallo|Furaha Okoye|Wanjiru Chirwa|Aisha Toure|Lindiwe Abara|Mandla Okoye|Imani Diallo|Omari Chirwa,Ukulima Seed Institute,147,"MK 15,481 per 10kg",river-basin|hybrid|rotation
1166,Wanjiru Moyo|Themba Chirwa|Aisha Chirwa|Furaha Dlamini|Kwame Moyo,Akatsi Horticulture Board,175,"MK 8,098 per 10kg",certified-seed|highland
1167,Zola Okoye|Kofi Moyo|Lindiwe Adeyemi|Lindiwe Adeyemi|Sipho Sarr,National Grain Programme,160,"MK 8,480 per 10kg",rotation|short-season|valley-floor|river-basin
1168,Rudo Nkosi|Baraka Toure|Furaha Adeyemi|Tendai Okoye|Naledi Chirwa|Baraka Diallo,Ukulima Seed Institute,131,"MK 1,706 per 10kg",green-manure|striga-tolerant
1169,Kofi Odhiambo|Zola Mensah|Wanjiru Toure|Zola Adeyemi|Themba Dlamini|Furaha Nkosi|Zola Osei,Sokoto Crop Research Station,131,"MK 18,343 per 10kg",aphid-resistant|mechanized|river-basin
1170,Baraka Abara|Amara Chirwa|Omari Dlamini|Naledi Moyo,Ukulima Seed Institute,133,"MK 12,190 per 10kg",certified-seed|mechanized|lodging-resistant|short-season
1171,Omari Sarr|Zola Nkosi|Themba Banda|Themba Osei|Lindiwe Chirwa|Baraka Nkosi|Kwame Moyo,Amanzi Valley Seed Co-op,75,"MK 10,403 per 10kg",highland|mechanized
1172,Omari Abara|Omari Mwangi|Kwame Mensah|Themba Sarr|Kofi Moyo|Aisha Chirwa|Mandla Banda|Chidi Mwangi,National Grain Programme,77,"MK 6,553 per 10kg",fodder|lodging-resistant|certified-seed
1173,Furaha Adeyemi|Zola Moyo|Aisha Sarr|Rudo Diallo|Themba Dlamini,Hawassa Plant Breeding Unit,168,"MK 21,294 per 10kg",fodder|striga-tolerant|low-rainfall|lodging-resistant
1174,Kofi Chirwa|Baraka Toure|Sipho Moyo|Wanjiru Sarr|Tendai Kariuki|Baraka Osei|Omari Diallo|Omari Okoye,Hawassa Plant Breeding Unit,179,"MK 8,870 per 10kg",highland|high-starch
1175,Amara Moyo|Kofi Kariuki|Zola Odhiambo|Naledi Mensah,Kilimani Agricultural College,96,"MK 18,998 per 10kg",rotation|certified-seed|highland
1176,Mandla Adeyemi|Lindiwe Moyo|Kofi Mwangi|Chidi Osei|Chidi Osei,Ukulima Seed Institute,89,"MK 20,709 per 10kg",fodder|relay-crop|oil-grade
1177,Kwame Sarr|Kofi Sarr|Tendai Odhiambo|Aisha Osei|Imani Abara|Aisha Mensah|Wanjiru Adeyemi|Omari Sarr,Hawassa Plant Breeding Unit,162,"MK 4,285 per 10kg",highland|export-grade|certified-seed
1178,Lindiwe Adeyemi|Rudo Toure|Chidi Kariuki|Aisha Kariuki|Kofi Toure,Hawassa Plant Breeding Unit,193,"MK 23,922 per 10kg",river-basin|export-grade|green-manure|lodging-resistant
1180,Baraka Sarr|Aisha Diallo|Mandla Mensah|Baraka Moyo|Zola Chirwa,Hawassa Plant Breeding Unit,171,"MK 10,229 per 10kg",high-protein|oil-grade|lodging-resistant
1181,Tendai Okoye|Baraka Moyo|Omari Osei|Kwame Abara|Mandla Diallo|Mandla Abara,National Grain Programme,142,"MK 8,616 per 10kg",striga-tolerant|aphid-resistant|valley-floor|smallholder
1182,Sipho Adeyemi|Amara Toure|Tendai Odhiambo|Naledi Chirwa|Kwame Adeyemi|Themba Okoye,Chemba Seed Works,179,"MK 4,000 per 10kg",export-grade|fodder
1184,Aisha Moyo|Wanjiru Sarr|Aisha Diallo|Wanjiru Abara|Imani Diallo|Themba Adeyemi|Aisha Nkosi|Chidi Diallo,Kilimani Agricultural College,161,"MK 19,156 per 10kg",high-protein|high-starch
1185,Themba Banda|Omari Nkosi|Lindiwe Toure|Tendai Mwangi|Baraka Abara,National Grain Programme,167,"MK 1,862 per 10kg",certified-seed|long-season|mechanized
1186,Imani Okoye|Furaha Odhiambo|Kofi Sarr|Lindiwe Kariuki|Naledi Osei,Chemba Seed Works,138,"MK 8,232 per 10kg",valley-floor|low-rainfall|relay-crop
1187,Mandla Adeyemi|Rudo Diallo|Lindiwe Abara|Aisha Chirwa|Mandla Nkosi|Wanjiru Moyo|Tendai Chirwa,Akatsi Horticulture Board,181,"MK 8,365 per 10kg",low-rainfall|high-protein|relay-crop|highland
1188,Amara Chirwa|Themba Sarr|Lindiwe Toure|Naledi Mensah|Wanjiru Sarr|Chidi Diallo|Zola Diallo|Aisha Dlamini,Sokoto Crop Research Station,160,"MK 6,822 per 10kg",open-pollinated|highland|certified-seed
1189,Tendai Mensah|Furaha Abara|Themba Moyo|Kofi Mwangi|Furaha Okoye,Hawassa Plant Breeding Unit,117,"MK 19,088 per 10kg",open-pollinated|river-basin|striga-tolerant
1190,Imani Banda|Baraka Mensah|Sipho Abara|Wanjiru Moyo,National Grain Programme,79,"MK 5,303 per 10kg",high-starch|terraced|hybrid|rotation
1191,Lindiwe Sarr|Omari Chirwa|Wanjiru Abara|Mandla Chirwa|Themba Moyo|Furaha Moyo|Baraka Dlamini|Baraka Osei,National Grain Programme,167,"MK 14,639 per 10kg",long-season|terraced
1192,Rudo Okoye|Kwame Dlamini|Aisha Mwangi|Kofi Odhiambo|Lindiwe Moyo|Baraka Adeyemi,Hawassa Plant Breeding Unit,119,"MK 5,841 per 10kg",oil-grade|relay-crop|low-rainfall
1193,Themba Mensah|Imani Banda|Kwame Dlamini|Mandla Diallo|Sipho Toure|Chidi Chirwa,Sokoto Crop Research Station,83,"MK 17,006 per 10kg",export-grade|short-season|lodging-resistant|green-manure
1194,Mandla Toure|Baraka Mwangi|Omari Mwangi|Furaha Nkosi|Rudo Osei|Zola Nkosi|Themba Sarr|Baraka Nkosi,Chemba Seed Works,147,"MK 5,020 per 10kg",striga-tolerant|long-season
1195,Lindiwe Sarr|Chidi Kariuki|Baraka Okoye|Lindiwe Odhiambo|Tendai Sarr|Sipho Abara|Amara Chirwa|Naledi Toure,Chemba Seed Works,175,"MK 6,694 per 10kg",terraced|fodder
1196,Tendai Nkosi|Omari Sarr|Chidi Mensah|Amara Osei|Baraka Odhiambo,Ukulima Seed Institute,79,"MK 10,208 per 10kg",valley-floor|smallholder
1197,Omari Okoye|Lindiwe Mwangi|Imani Toure|Kofi Mwangi,Amanzi Valley Seed Co-op,199,"MK 21,675 per 10kg",smallholder|open-pollinated|export-grade|lodging-resistant
1198,Chidi Mwangi|Zola Moyo|Wanjiru Toure|Tendai Dlamini|Kofi Dlamini|Rudo Diallo|Wanjiru Sarr|Naledi Kariuki,Akatsi Horticulture Board,75,"MK 18,876 per 10kg",valley-floor|low-rainfall|aphid-resistant
1199,Aisha Mwangi|Kofi Osei|Omari Nkosi|Themba Abara|Tendai Odhiambo|Amara Chirwa|Lindiwe Banda|Themba Okoye,Chemba Seed Works,122,"MK 20,170 per 10kg",green-manure|relay-crop
1200,Lindiwe Odhiambo|Kwame Mensah|Mandla Chirwa|Omari Odhiambo,Chemba Seed Works,190,"MK 22,062 per 10kg",open-pollinated|mechanized|low-rainfall
1201,Wanjiru Banda|Chidi Mensah|Naledi Kariuki|Aisha Banda|Furaha Osei|Chidi Chirwa,Kilimani Agricultural College,166,"MK 23,399 per 10kg",low-rainfall|relay-crop|export-grade|hybrid
1202,Imani Sarr|Furaha Toure|Imani Moyo|Zola Adeyemi|Aisha Moyo|Chidi Toure,Chemba Seed Works,110,"MK 10,654 per 10kg",fodder|hybrid
1203,Baraka Diallo|Amara Toure|Naledi Toure|Tendai Mwangi|Kofi Odhiambo|Amara Okoye|Naledi Nkosi,Akatsi Horticulture Board,158,"MK 18,009 per 10kg",striga-tolerant|smallholder
1204,Naledi Odhiambo|Kwame Sarr|Baraka Sarr|Kofi Diallo|Furaha Toure|Mandla Mensah|Amara Odhiambo|Wanjiru Okoye,Hawassa Plant Breeding Unit,131,"MK 7,210 per 10kg",valley-floor|rotation|aphid-resistant|green-manure
1205,Kwame Banda|Sipho Dlamini|Imani Okoye|Kwame Nkosi|Furaha Osei|Themba Banda|Wanjiru Toure,Ukulima Seed Institute,151,"MK 21,558 per 10kg",striga-tolerant|hybrid
1206,Furaha Abara|Furaha Diallo|Lindiwe Kariuki|Rudo Mensah|Furaha Mensah|Kofi Odhiambo,Akatsi Horticulture Board,194,"MK 15,172 per 10kg",terraced|highland|lodging-resistant
1207,Rudo Dlamini|Lindiwe Mensah|Kofi Diallo|Mandla Odhiambo|Lindiwe Toure,National Grain Programme,165,"MK 17,362 per 10kg",aphid-resistant|export-grade|terraced
1208,Themba Banda|Furaha Moyo|Kofi Mensah|Naledi Adeyemi,Ukulima Seed Institute,75,"MK 5,798 per 10kg",certified-seed|terraced
1209,Baraka Adeyemi|Rudo Nkosi|Kofi Moyo|Furaha Odhiambo|Furaha Mensah|Tendai Sarr|Zola Nkosi|Imani Mwangi,Chemba Seed Works,153,"MK 6,846 per 10kg",valley-floor|high-protein
1210,Zola Kariuki|Amara Banda|Aisha Mensah|Naledi Sarr|Amara Kariuki|Zola Moyo|Naledi Sarr|Aisha Okoye,Ukulima Seed Institute,86,"MK 5,104 per 10kg",certified-seed|short-season|export-grade
1211,Lindiwe Moyo|Kwame Diallo|Aisha Moyo|Tendai Chirwa|Zola Diallo|Amara Banda|Sipho Kariuki|Tendai Toure,National Grain Programme,182,"MK 9,648 per 10kg",export-grade|oil-grade|striga-tolerant|green-manure
1212,Amara Adeyemi|Aisha Adeyemi|Chidi Mensah|Aisha Nkosi|Furaha Diallo,National Grain Programme,176,"MK 16,908 per 10kg",oil-grade|mechanized|green-manure
1213,Baraka Mensah|Chidi Adeyemi|Amara Chirwa|Kofi Osei|Baraka Chirwa|Rudo Mwangi|Wanjiru Odhiambo,Chemba Seed Works,131,"MK 10,584 per 10kg",long-season|open-pollinated|fodder|aphid-resistant
1214,Omari Mensah|Amara Adeyemi|Sipho Odhiambo|Sipho Diallo,National Grain Programme,197,"MK 1,740 per 10kg",lowland|open-pollinated
1215,Wanjiru Moyo|Baraka Sarr|Amara Sarr|Rudo Chirwa|Kwame Adeyemi,Ukulima Seed Institute,184,"MK 10,550 per 10kg",hybrid|certified-seed
1216,Baraka Diallo|Rudo Mwangi|Chidi Sarr|Kwame Toure|Aisha Odhiambo|Sipho Abara|Kofi Mensah,Sokoto Crop Research Station,169,"MK 22,512 per 10kg",smallholder|high-starch|terraced
1217,Kwame Kariuki|Kwame Dlamini|Kofi Osei|Furaha Nkosi,Amanzi Valley Seed Co-op,166,"MK 15,337 per 10kg",fodder|river-basin|valley-floor|oil-grade
1218,Baraka Adeyemi|Kwame Toure|Furaha Dlamini|Zola Abara|Chidi Banda,Akatsi Horticulture Board,159,"MK 18,617 per 10kg",highland|mechanized|high-protein|oil-grade
1219,Wanjiru Adeyemi|Furaha Mensah|Imani Abara|Omari Moyo|Naledi Mwangi|Naledi Adeyemi|Kwame Okoye|Omari Kariuki,National Grain Programme,113,"MK 21,472 per 10kg",high-starch|lodging-resistant
1221,Themba Adeyemi|Baraka Chirwa|Baraka Sarr|Themba Osei|Baraka Sarr|Aisha Toure,National Grain Programme,191,"MK 4,980 per 10kg",river-basin|green-manure|rotation
1222,Wanjiru Mensah|Chidi Chirwa|Chidi Okoye|Sipho Chirwa|Aisha Osei,Amanzi Valley Seed Co-op,152,"MK 10,582 per 10kg",rotation|terraced|hybrid|export-grade
1223,Omari Abara|Wanjiru Sarr|Imani Toure|Kofi Sarr|Lindiwe Chirwa|Imani Mwangi|Rudo Odhiambo,Kilimani Agricultural College,184,"MK 6,932 per 10kg",oil-grade|river-basin|smallholder|aphid-resistant
1224,Kofi Abara|Themba Abara|Kofi Okoye|Omari Osei|Imani Abara|Tendai Moyo|Chidi Osei|Wanjiru Banda,Ukulima Seed Institute,117,"MK 9,297 per 10kg",highland|river-basin|hybrid
1225,Mandla Osei|Lindiwe Mensah|Mandla Abara|Sipho Nkosi|Tendai Banda|Omari Odhiambo|Furaha Abara,Amanzi Valley Seed Co-op,98,"MK 5,366 per 10kg",rotation|low-rainfall
1226,Aisha Osei|Rudo Okoye|Imani Mwangi|Naledi Nkosi|Rudo Moyo|Tendai Odhiambo|Naledi Okoye,Chemba Seed Works,110,"MK 24,872 per 10kg",fodder|lowland|long-season
1227,Zola Kariuki|Aisha Okoye|Mandla Chirwa|Chidi Toure,Sokoto Crop Research Station,158,"MK 1,611 per 10kg",striga-tolerant|aphid-resistant|terraced
1229,Aisha Okoye|Wanjiru Mwangi|Wanjiru Banda|Amara Kariuki|Rudo Osei,Ukulima Seed Institute,142,"MK 23,383 per 10kg",striga-tolerant|highland|lodging-resistant|long-season
1230,Mandla Abara|Kofi Okoye|Naledi Okoye|Tendai Osei,Chemba Seed Works,119,"MK 6,730 per 10kg",export-grade|lowland
1231,Baraka Dlamini|Wanjiru Dlamini|Zola Mensah|Sipho Chirwa|Rudo Diallo,National Grain Programme,91,"MK 17,692 per 10kg",low-rainfall|short-season
1232,Chidi Chirwa|Zola Banda|Amara Osei|Tendai Banda|Imani Mensah,Amanzi Valley Seed Co-op,155,"MK 11,925 per 10kg",export-grade|oil-grade|fodder
1233,Sipho Sarr|Wanjiru Banda|Mandla Mensah|Themba Okoye,Chemba Seed Works,67,"MK 7,399 per 10kg",valley-floor|open-pollinated|short-season
1234,Tendai Chirwa|Lindiwe Odhiambo|Lindiwe Okoye|Aisha Okoye|Amara Osei|Kofi Toure|Omari Adeyemi|Imani Mensah,Sokoto Crop Research Station,158,"MK 17,565 per 10kg",open-pollinated|high-protein
1235,Wanjiru Odhiambo|Amara Osei|Amara Diallo|Naledi Sarr|Tendai Chirwa,Akatsi Horticulture Board,145,"MK 4,203 per 10kg",certified-seed|high-starch|river-basin
1236,Imani Mwangi|Chidi Diallo|Baraka Moyo|Kwame Okoye|Aisha Dlamini|Omari Odhiambo|Naledi Toure|Wanjiru Mensah,Amanzi Valley Seed Co-op,170,"MK 10,406 per 10kg",certified-seed|export-grade
1237,Omari Odhiambo|Furaha Diallo|Kwame Abara|Sipho Sarr|Aisha Mensah|Zola Nkosi|Tendai Abara|Sipho Chirwa,Akatsi Horticulture Board,126,"MK 13,333 per 10kg",hybrid|long-season|certified-seed|mechanized
1239,Omari Sarr|Furaha Osei|Rudo Okoye|Kwame Adeyemi|Kofi Okoye|Sipho Sarr|Omari Chirwa|Lindiwe Banda,Kilimani Agricultural College,89,"MK 18,687 per 10kg",short-season|high-starch|open-pollinated
1240,Omari Kariuki|Rudo Odhiambo|Naledi Abara|Wanjiru Odhiambo|Rudo Toure|Sipho Kariuki,Akatsi Horticulture Board,107,"MK 23,938 per 10kg",valley-floor|long-season|open-pollinated|highland
1241,Amara Banda|Mandla Okoye|Rudo Nkosi|Sipho Dlamini|Furaha Adeyemi|Wanjiru Odhiambo|Baraka Sarr|Tendai Chirwa,Chemba Seed Works,183,"MK 16,703 per 10kg",oil-grade|striga-tolerant|highland|mechanized
1242,Mandla Moyo|Omari Mwangi|Mandla Toure|Imani Diallo|Baraka Chirwa,Ukulima Seed Institute,80,"MK 21,549 per 10kg",hybrid|lodging-resistant|long-season
1243,Sipho Abara|Chidi Abara|Chidi Kariuki|Rudo Mwangi|Baraka Dlamini|Kofi Mensah,Akatsi Horticulture Board,170,"MK 6,761 per 10kg",high-protein|high-starch|highland
1244,Chidi Adeyemi|Sipho Dlamini|Themba Toure|Kofi Kariuki|Zola Nkosi|Tendai Banda,Ukulima Seed Institute,104,"MK 8,383 per 10kg",high-protein|smallholder|terraced
1245,Mandla Abara|Chidi Nkosi|Naledi Mwangi|Wanjiru Kariuki|Rudo Dlamini,Sokoto Crop Research Station,123,"MK 10,068 per 10kg",terraced|mechanized|export-grade|striga-tolerant
1246,Rudo Mensah|Furaha Dlamini|Kwame Mensah|Chidi Mwangi|Lindiwe Toure|Tendai Toure|Aisha Okoye,Ukulima Seed Institute,130,"MK 24,506 per 10kg",striga-tolerant|short-season
1248,Chidi Dlamini|Rudo Chirwa|Tendai Diallo|Rudo Kariuki|Omari Dlamini|Omari Toure|Zola Dlamini|Mandla Osei,Akatsi Horticulture Board,129,"MK 8,522 per 10kg",river-basin|highland|rotation
1249,Aisha Chirwa|Chidi Mensah|Lindiwe Okoye|Furaha Mensah|Kwame Mensah|Tendai Moyo|Wanjiru Moyo|Tendai Chirwa,Sokoto Crop Research Station,177,"MK 21,366 per 10kg",certified-seed|striga-tolerant|lodging-resistant|relay-crop
1250,Kofi Chirwa|Furaha Sarr|Rudo Osei|Tendai Mwangi|Omari Toure,Amanzi Valley Seed Co-op,119,"MK 3,400 per 10kg",rotation|high-starch
1251,Lindiwe Dlamini|Furaha Adeyemi|Mandla Mwangi|Imani Sarr,Akatsi Horticulture Board,95,"MK 19,332 per 10kg",river-basin|low-rainfall|relay-crop|smallholder
1252,Imani Chirwa|Kwame Osei|Mandla Diallo|Naledi Abara|Furaha Odhiambo,Amanzi Valley Seed Co-op,184,"MK 24,520 per 10kg",highland|valley-floor
1253,Omari Okoye|Kwame Toure|Omari Chirwa|Kwame Osei|Themba Moyo|Wanjiru Sarr|Tendai Kariuki,Hawassa Plant Breeding Unit,170,"MK 5,683 per 10kg",green-manure|aphid-resistant|fodder|low-rainfall
1254,Imani Mwangi|Mandla Mensah|Baraka Moyo|Kwame Toure|Chidi Chirwa|Rudo Moyo|Kofi Mwangi,Sokoto Crop Research Station,60,"MK 22,029 per 10kg",certified-seed|oil-grade
1255,Amara Abara|Furaha Mensah|Furaha Banda|Baraka Nkosi|Baraka Mensah|Zola Mensah|Mandla Okoye|Furaha Mwangi,Akatsi Horticulture Board,129,"MK 6,699 per 10kg",green-manure|oil-grade|terraced|lowland
1256,Chidi Kariuki|Themba Mensah|Imani Banda|Sipho Okoye|Chidi Mensah,Kilimani Agricultural College,87,"MK 23,420 per 10kg",striga-tolerant|rotation
1257,Rudo Adeyemi|Omari Abara|Lindiwe Toure|Amara Kariuki|Sipho Mensah|Wanjiru Moyo|Mandla Adeyemi|Aisha Sarr,Chemba Seed Works,124,"MK 6,968 per 10kg",river-basin|striga-tolerant|short-season
1258,Wanjiru Chirwa|Tendai Nkosi|Imani Odhiambo|Themba Okoye|Naledi Moyo|Rudo Nkosi|Aisha Chirwa|Naledi Banda,Sokoto Crop Research Station,159,"MK 2,574 per 10kg",hybrid|lowland
1260,Zola Dlamini|Mandla Kariuki|Rudo Mwangi|Tendai Mensah|Zola Banda|Rudo Toure|Imani Abara|Rudo Mensah,Sokoto Crop Research Station,146,"MK 2,943 per 10kg",oil-grade|aphid-resistant|river-basin|lodging-resistant
1261,Furaha Adeyemi|Zola Sarr|Sipho Mwangi|Kwame Osei|Aisha Nkosi|Themba Diallo,Kilimani Agricultural College,108,"MK 17,783 per 10kg",high-starch|hybrid|high-protein|lodging-resistant
1262,Lindiwe Kariuki|Mandla Mensah|Aisha Abara|Sipho Diallo|Aisha Mensah|Lindiwe Mensah,Sokoto Crop Research Station,80,"MK 24,183 per 10kg",short-season|hybrid|lodging-resistant
1263,Kofi Moyo|Naledi Diallo|Tendai Okoye|Omari Dlamini|Furaha Dlamini,Ukulima Seed Institute,62,"MK 17,271 per 10kg",open-pollinated|export-grade|long-season
1264,Chidi Kariuki|Wanjiru Adeyemi|Mandla Mwangi|Furaha Chirwa|Naledi Abara|Naledi Dlamini|Lindiwe Chirwa,Sokoto Crop Research Station,192,"MK 2,098 per 10kg",rotation|high-starch|relay-crop|terraced
1265,Baraka Mensah|Kofi Abara|Chidi Adeyemi|Lindiwe Nkosi|Naledi Okoye,Hawassa Plant Breeding Unit,123,"MK 17,387 per 10kg",short-season|oil-grade|fodder
1266,Imani Kariuki|Lindiwe Diallo|Rudo Banda|Rudo Mensah,Akatsi Horticulture Board,103,"MK 5,113 per 10kg",high-starch|striga-tolerant|export-grade|open-pollinated
1268,Aisha Chirwa|Naledi Sarr|Amara Sarr|Themba Odhiambo|Amara Adeyemi|Sipho Chirwa|Tendai Mwangi,Chemba Seed Works,119,"MK 2,958 per 10kg",green-manure|high-starch|short-season
1269,Tendai Moyo|Aisha Diallo|Furaha Abara|Wanjiru Abara|Omari Abara|Wanjiru Toure|Lindiwe Mensah,Amanzi Valley Seed Co-op,187,"MK 11,530 per 10kg",lodging-resistant|low-rainfall|export-grade|relay-crop
1270,Sipho Okoye|Tendai Toure|Tendai Moyo|Zola Okoye|Kwame Dlamini|Wanjiru Mensah,Akatsi Horticulture Board,193,"MK 7,512 per 10kg",mechanized|certified-seed|valley-floor
1271,Chidi Kariuki|Tendai Mwangi|Amara Banda|Omari Diallo,Chemba Seed Works,60,"MK 5,180 per 10kg",high-starch|mechanized|highland
1272,Zola Kariuki|Lindiwe Dlamini|Imani Mwangi|Tendai Abara|Kofi Sarr|Themba Dlamini,Ukulima Seed Institute,107,"MK 2,354 per 10kg",open-pollinated|low-rainfall|hybrid|oil-grade
1274,Themba Diallo|Sipho Chirwa|Mandla Sarr|Kofi Dlamini|Kwame Nkosi|Sipho Abara|Themba Mensah|Lindiwe Osei,Kilimani Agricultural College,75,"MK 8,597 per 10kg",aphid-resistant|rotation|highland|river-basin
1275,Zola Mwangi|Furaha Osei|Furaha Moyo|Tendai Dlamini|Sipho Okoye|Sipho Moyo|Sipho Diallo,Sokoto Crop Research Station,65,"MK 23,004 per 10kg",striga-tolerant|smallholder|green-manure|high-starch
1276,Naledi Banda|Themba Adeyemi|Lindiwe Osei|Rudo Diallo,National Grain Programme,189,"MK 5,872 per 10kg",fodder|lowland
1277,Wanjiru Diallo|Zola Nkosi|Kwame Adeyemi|Rudo Moyo|Sipho Dlamini,Sokoto Crop Research Station,183,"MK 18,530 per 10kg",smallholder|hybrid|short-season|export-grade
1278,Wanjiru Mensah|Kwame Diallo|Baraka Mwangi|Sipho Diallo|Kofi Okoye|Omari Osei|Furaha Sarr|Amara Sarr,Akatsi Horticulture Board,141,"MK 6,381 per 10kg",relay-crop|high-starch
1279,Baraka Osei|Naledi Dlamini|Chidi Mensah|Kofi Banda|Zola Mwangi|Imani Osei|Themba Sarr,Ukulima Seed Institute,133,"MK 23,109 per 10kg",terraced|fodder|lodging-resistant|open-pollinated
1280,Sipho Moyo|Lindiwe Diallo|Chidi Chirwa|Zola Chirwa|Lindiwe Osei,National Grain Programme,134,"MK 10,997 per 10kg",striga-tolerant|hybrid|open-pollinated
1281,Rudo Chirwa|Rudo Chirwa|Baraka Chirwa|Baraka Banda|Aisha Mwangi|Wanjiru Toure|Imani Abara|Mandla Diallo,National Grain Programme,122,"MK 17,416 per 10kg",highland|green-manure
1282,Imani Okoye|Chidi Chirwa|Tendai Moyo|Chidi Mwangi|Themba Toure|Wanjiru Banda|Chidi Abara,Akatsi Horticulture Board,198,"MK 18,898 per 10kg",mechanized|long-season
1283,Aisha Odhiambo|Aisha Okoye|Naledi Mensah|Kwame Toure,Kilimani Agricultural College,67,"MK 17,269 per 10kg",rotation|green-manure
1284,Lindiwe Odhiambo|Kofi Chirwa|Chidi Adeyemi|Kwame Moyo|Chidi Moyo|Omari Dlamini|Aisha Dlamini|Amara Odhiambo,Kilimani Agricultural College,128,"MK 4,962 per 10kg",export-grade|certified-seed
1285,Zola Chirwa|Wanjiru Adeyemi|Furaha Mwangi|Lindiwe Chirwa|Naledi Osei|Wanjiru Mwangi|Amara Chirwa|Kwame Toure,Ukulima Seed Institute,154,"MK 11,376 per 10kg",oil-grade|lodging-resistant|high-protein|long-season
1286,Aisha Kariuki|Amara Chirwa|Baraka Okoye|Rudo Toure|Wanjiru Sarr|Aisha Mwangi|Chidi Dlamini|Amara Mwangi,Ukulima Seed Institute,123,"MK 7,128 per 10kg",striga-tolerant|oil-grade
1287,Tendai Nkosi|Zola Chirwa|Amara Okoye|Aisha Diallo|Kofi Odhiambo,Amanzi Valley Seed Co-op,111,"MK 9,957 per 10kg",mechanized|certified-seed|hybrid|high-protein
1288,Zola Abara|Omari Mwangi|Imani Osei|Sipho Chirwa,National Grain Programme,191,"MK 3,480 per 10kg",smallholder|mechanized
1290,Themba Mwangi|Amara Toure|Naledi Dlamini|Tendai Abara,Amanzi Valley Seed Co-op,158,"MK 22,994 per 10kg",short-season|lodging-resistant
1292,Kwame Okoye|Wanjiru Chirwa|Kwame Nkosi|Lindiwe Diallo,Amanzi Valley Seed Co-op,95,"MK 21,300 per 10kg",hybrid|smallholder|long-season|highland
1293,Imani Odhiambo|Themba Banda|Naledi Toure|Amara Diallo|Kwame Toure,Ukulima Seed Institute,180,"MK 7,221 per 10kg",highland|fodder|oil-grade|lowland
1295,Rudo Diallo|Omari Mwangi|Kwame Osei|Sipho Abara|Rudo Toure|Zola Kariuki|Mandla Osei,Amanzi Valley Seed Co-op,140,"MK 14,044 per 10kg",rotation|high-starch|export-grade
1296,Baraka Mensah|Zola Banda|Themba Mensah|Kwame Okoye|Kwame Odhiambo|Kofi Toure|Mandla Adeyemi,Kilimani Agricultural College,170,"MK 22,600 per 10kg",green-manure|hybrid|low-rainfall
1297,Themba Nkosi|Imani Diallo|Tendai Osei|Kofi Moyo|Mandla Kariuki|Lindiwe Dlamini|Lindiwe Adeyemi,Hawassa Plant Breeding Unit,110,"MK 3,119 per 10kg",river-basin|export-grade|low-rainfall|oil-grade
1298,Wanjiru Odhiambo|Wanjiru Diallo|Chidi Adeyemi|Themba Chirwa|Kofi Toure|Mandla Dlamini|Naledi Mwangi|Wanjiru Mensah,Akatsi Horticulture Board,73,"MK 17,340 per 10kg",certified-seed|valley-floor
1299,Omari Osei|Naledi Odhiambo|Rudo Adeyemi|Naledi Diallo,National Grain Programme,183,"MK 15,343 per 10kg",highland|valley-floor|oil-grade
1300,Mandla Nkosi|Furaha Okoye|Baraka Mwangi|Sipho Kariuki|Kwame Nkosi|Wanjiru Toure|Tendai Chirwa|Lindiwe Adeyemi,Hawassa Plant Breeding Unit,95,"MK 4,874 per 10kg",lowland|short-season|rotation
1301,Omari Nkosi|Chidi Moyo|Naledi Chirwa|Amara Odhiambo|Furaha Adeyemi|Lindiwe Sarr,Kilimani Agricultural College,124,"MK 24,513 per 10kg",lowland|striga-tolerant
1302,Lindiwe Sarr|Furaha Nkosi|Omari Dlamini|Baraka Toure,Sokoto Crop Research Station,183,"MK 4,093 per 10kg",aphid-resistant|rotation|green-manure|lowland
1303,Lindiwe Mwangi|Lindiwe Mensah|Imani Sarr|Omari Okoye|Baraka Banda|Zola Sarr,Amanzi Valley Seed Co-op,180,"MK 20,973 per 10kg",valley-floor|aphid-resistant|striga-tolerant
1304,Sipho Okoye|Omari Moyo|Kwame Kariuki|Naledi Mwangi|Tendai Toure|Themba Moyo,Akatsi Horticulture Board,160,"MK 4,820 per 10kg",mechanized|hybrid|green-manure
1305,Lindiwe Nkosi|Amara Odhiambo|Baraka Diallo|Wanjiru Moyo|Themba Moyo|Imani Okoye|Imani Osei|Kwame Toure,Akatsi Horticulture Board,161,"MK 6,188 per 10kg",short-season|lowland|valley-floor|export-grade
1306,Sipho Abara|Sipho Abara|Tendai Osei|Aisha Banda|Wanjiru Banda,Ukulima Seed Institute,84,"MK 9,856 per 10kg",lodging-resistant|low-rainfall
1307,Baraka Odhiambo|Amara Banda|Wanjiru Okoye|Aisha Adeyemi|Chidi Adeyemi|Kofi Mensah,Sokoto Crop Research Station,80,"MK 12,642 per 10kg",green-manure|lowland|fodder|long-season
1308,Aisha Nkosi|Lindiwe Banda|Sipho Kariuki|Sipho Adeyemi|Kwame Mensah|Furaha Mensah|Themba Chirwa,Sokoto Crop Research Station,185,"MK 6,371 per 10kg",smallholder|relay-crop|export-grade
1309,Kofi Toure|Wanjiru Mwangi|Amara Moyo|Wanjiru Adeyemi|Naledi Odhiambo|Rudo Mwangi|Omari Diallo|Mandla Sarr,Ukulima Seed Institute,148,"MK 24,779 per 10kg",aphid-resistant|oil-grade|rotation
1311,Omari Osei|Kwame Abara|Sipho Dlamini|Sipho Chirwa|Lindiwe Mwangi,Amanzi Valley Seed Co-op,133,"MK 20,882 per 10kg",fodder|striga-tolerant|terraced
1312,Mandla Okoye|Furaha Sarr|Imani Sarr|Mandla Banda,Ukulima Seed Institute,131,"MK 11,551 per 10kg",high-protein|low-rainfall
1313,Aisha Chirwa|Kofi Banda|Rudo Dlamini|Imani Chirwa|Aisha Dlamini|Tendai Kariuki|Furaha Chirwa,Sokoto Crop Research Station,83,"MK 17,419 per 10kg",highland|lowland
1315,Mandla Toure|Rudo Chirwa|Kwame Toure|Tendai Banda|Omari Odhiambo,Sokoto Crop Research Station,111,"MK 16,900 per 10kg",river-basin|long-season
1317,Zola Mwangi|Rudo Banda|Mandla Toure|Lindiwe Odhiambo,Ukulima Seed Institute,64,"MK 22,828 per 10kg",striga-tolerant|rotation|open-pollinated|mechanized
1318,Kwame Nkosi|Tendai Dlamini|Imani Chirwa|Tendai Dlamini,National Grain Programme,113,"MK 19,997 per 10kg",rotation|river-basin|open-pollinated
1319,Themba Kariuki|Themba Osei|Aisha Kariuki|Kofi Kariuki,Ukulima Seed Institute,68,"MK 20,625 per 10kg",lowland|lodging-resistant|terraced
1322,Omari Banda|Chidi Diallo|Wanjiru Abara|Aisha Adeyemi,Akatsi Horticulture Board,79,"MK 22,990 per 10kg",striga-tolerant|hybrid
1323,Imani Diallo|Lindiwe Odhiambo|Furaha Chirwa|Amara Moyo|Kwame Adeyemi|Furaha Adeyemi|Tendai Abara,Hawassa Plant Breeding Unit,135,"MK 8,533 per 10kg",long-season|open-pollinated
1324,Omari Kariuki|Wanjiru Toure|Kwame Nkosi|Themba Adeyemi,Ukulima Seed Institute,146,"MK 3,056 per 10kg",low-rainfall|highland
1325,Rudo Mwangi|Rudo Nkosi|Lindiwe Osei|Chidi Diallo|Furaha Toure|Amara Diallo|Amara Sarr,Hawassa Plant Breeding Unit,68,"MK 22,066 per 10kg",mechanized|open-pollinated
1326,Mandla Chirwa|Wanjiru Sarr|Tendai Banda|Zola Odhiambo|Kwame Nkosi|Zola Moyo,Amanzi Valley Seed Co-op,161,"MK 23,688 per 10kg",hybrid|smallholder|low-rainfall|valley-floor
1327,Baraka Osei|Sipho Diallo|Amara Okoye|Omari Abara|Aisha Dlamini,Hawassa Plant Breeding Unit,177,"MK 14,343 per 10kg",terraced|rotation
1328,Mandla Kariuki|Aisha Mensah|Rudo Okoye|Mandla Diallo|Sipho Adeyemi,Chemba Seed Works,109,"MK 17,213 per 10kg",high-protein|long-season|striga-tolerant|low-rainfall
1329,Amara Moyo|Baraka Mwangi|Omari Banda|Imani Adeyemi,Akatsi Horticulture Board,73,"MK 4,576 per 10kg",lodging-resistant|smallholder|short-season|striga-tolerant
1330,Zola Osei|Chidi Adeyemi|Naledi Moyo|Themba Moyo|Amara Dlamini,Kilimani Agricultural College,163,"MK 22,074 per 10kg",relay-crop|low-rainfall|lodging-resistant
1331,Chidi Diallo|Kofi Banda|Kofi Okoye|Kwame Okoye|Furaha Abara|Aisha Osei|Rudo Sarr|Zola Kariuki,Kilimani Agricultural College,104,"MK 22,164 per 10kg",high-starch|aphid-resistant|highland
1332,Wanjiru Chirwa|Tendai Toure|Baraka Sarr|Baraka Moyo|Sipho Mensah|Themba Mensah|Zola Banda,Sokoto Crop Research Station,177,"MK 11,940 per 10kg",highland|short-season|long-season
1333,Amara Banda|Kwame Dlamini|Themba Toure|Omari Chirwa|Amara Okoye|Rudo Osei,Sokoto Crop Research Station,137,"MK 10,173 per 10kg",open-pollinated|export-grade
1334,Chidi Nkosi|Lindiwe Banda|Zola Chirwa|Imani Moyo|Rudo Chirwa|Sipho Odhiambo,Chemba Seed Works,152,"MK 15,064 per 10kg",green-manure|lodging-resistant
1336,Lindiwe Kariuki|Themba Banda|Tendai Banda|Imani Okoye|Kwame Dlamini|Naledi Kariuki,National Grain Programme,104,"MK 9,722 per 10kg",export-grade|striga-tolerant|certified-seed|rotation
1337,Wanjiru Nkosi|Omari Diallo|Naledi Toure|Rudo Okoye|Themba Adeyemi|Chidi Mensah|Chidi Mensah|Rudo Abara,Sokoto Crop Research Station,190,"MK 9,145 per 10kg",smallholder|fodder
1339,Naledi Okoye|Kwame Odhiambo|Kwame Nkosi|Mandla Chirwa,National Grain Programme,133,"MK 19,513 per 10kg",export-grade|green-manure
1340,Sipho Abara|Chidi Nkosi|Naledi Abara|Amara Mensah,Chemba Seed Works,107,"MK 15,876 per 10kg",high-protein|long-season|lodging-resistant|export-grade
1341,Kwame Moyo|Rudo Sarr|Chidi Moyo|Zola Osei|Imani Odhiambo,Kilimani Agricultural College,149,"MK 4,583 per 10kg",high-starch|terraced
1342,Amara Okoye|Omari Odhiambo|Amara Dlamini|Rudo Toure|Lindiwe Toure,Akatsi Horticulture Board,146,"MK 16,654 per 10kg",aphid-resistant|hybrid|export-grade|high-starch
1343,Chidi Osei|Wanjiru Nkosi|Furaha Kariuki|Kwame Osei|Aisha Sarr|Kwame Chirwa|Aisha Mensah,Kilimani Agricultural College,119,"MK 7,746 per 10kg",river-basin|rotation|lodging-resistant|aphid-resistant
1344,Zola Diallo|Baraka Diallo|Lindiwe Kariuki|Furaha Adeyemi|Chidi Kariuki|Imani Toure,Kilimani Agricultural College,170,"MK 5,205 per 10kg",striga-tolerant|hybrid
1345,Kofi Diallo|Imani Moyo|Rudo Nkosi|Kwame Toure|Omari Abara|Rudo Toure|Baraka Dlamini|Zola Moyo,Ukulima Seed Institute,153,"MK 4,430 per 10kg",high-starch|low-rainfall|short-season|certified-seed
1346,Amara Abara|Themba Nkosi|Kofi Mwangi|Kofi Osei|Themba Banda|Zola Sarr|Mandla Nkosi|Wanjiru Kariuki,National Grain Programme,148,"MK 10,081 per 10kg",striga-tolerant|fodder|green-manure
1347,Kofi Osei|Omari Dlamini|Chidi Abara|Tendai Mensah|Sipho Diallo|Amara Banda,Kilimani Agricultural College,168,"MK 23,043 per 10kg",lowland|smallholder|river-basin|export-grade
1348,Zola Toure|Wanjiru Dlamini|Omari Okoye|Lindiwe Odhiambo|Omari Osei|Wanjiru Sarr|Kofi Moyo,Hawassa Plant Breeding Unit,184,"MK 7,045 per 10kg",lodging-resistant|lowland|long-season|smallholder
1349,Sipho Dlamini|Mandla Sarr|Omari Osei|Naledi Mwangi|Rudo Kariuki|Chidi Mwangi|Chidi Okoye|Tendai Mwangi,National Grain Programme,180,"MK 11,332 per 10kg",export-grade|long-season
1350,Baraka Dlamini|Lindiwe Osei|Naledi Abara|Mandla Moyo|Kofi Mensah|Furaha Odhiambo|Kwame Osei,Ukulima Seed Institute,171,"MK 21,089 per 10kg",high-protein|highland
1351,Imani Moyo|Wanjiru Nkosi|Wanjiru Odhiambo|Mandla Chirwa,Amanzi Valley Seed Co-op,120,"MK 1,202 per 10kg",river-basin|low-rainfall
1352,Themba Osei|Tendai Nkosi|Lindiwe Moyo|Baraka Chirwa|Imani Dlamini|Tendai Mwangi|Tendai Mwangi|Wanjiru Dlamini,Akatsi Horticulture Board,162,"MK 11,102 per 10kg",highland|aphid-resistant|river-basin
1353,Sipho Toure|Baraka Adeyemi|Chidi Dlamini|Furaha Abara,Chemba Seed Works,106,"MK 18,892 per 10kg",long-season|green-manure|valley-floor
1354,Amara Adeyemi|Themba Sarr|Themba Sarr|Kwame Banda,National Grain Programme,189,"MK 4,259 per 10kg",high-protein|highland|smallholder
1356,Aisha Osei|Themba Mwangi|Amara Abara|Kofi Moyo|Wanjiru Sarr|Kwame Toure|Aisha Odhiambo|Baraka Chirwa,Akatsi Horticulture Board,159,"MK 2,316 per 10kg",green-manure|mechanized
1357,Furaha Okoye|Lindiwe Mwangi|Kofi Moyo|Tendai Diallo|Aisha Banda|Rudo Kariuki|Chidi Mensah,Kilimani Agricultural College,149,"MK 14,892 per 10kg",striga-tolerant|smallholder
1358,Zola Banda|Aisha Moyo|Zola Mensah|Amara Abara|Omari Sarr|Kwame Kariuki,Chemba Seed Works,70,"MK 11,681 per 10kg",valley-floor|smallholder
1360,Baraka Banda|Omari Abara|Sipho Sarr|Kofi Dlamini|Kofi Odhiambo,Amanzi Valley Seed Co-op,113,"MK 23,702 per 10kg",terraced|short-season|river-basin
1361,Aisha Mensah|Wanjiru Dlamini|Wanjiru Dlamini|Themba Sarr|Kwame Sarr,Hawassa Plant Breeding Unit,74,"MK 14,457 per 10kg",striga-tolerant|highland|rotation
1362,Imani Toure|Baraka Mwangi|Amara Mwangi|Zola Mwangi,Hawassa Plant Breeding Unit,194,"MK 3,243 per 10kg",river-basin|highland|long-season|rotation
1363,Wanjiru Chirwa|Kwame Adeyemi|Aisha Adeyemi|Mandla Kariuki|Kwame Odhiambo|Kofi Diallo|Kwame Dlamini,Chemba Seed Works,173,"MK 17,977 per 10kg",terraced|valley-floor|high-protein|low-rainfall
1364,Imani Odhiambo|Furaha Toure|Tendai Mwangi|Chidi Osei|Baraka Chirwa|Sipho Odhiambo,Kilimani Agricultural College,174,"MK 1,926 per 10kg",short-season|aphid-resistant|striga-tolerant|export-grade
1365,Kwame Nkosi|Aisha Nkosi|Naledi Mwangi|Baraka Mensah|Zola Sarr,Hawassa Plant Breeding Unit,79,"MK 19,083 per 10kg",highland|fodder|green-manure
1366,Omari Osei|Lindiwe Moyo|Lindiwe Mwangi|Naledi Dlamini|Aisha Mwangi|Lindiwe Osei,Kilimani Agricultural College,73,"MK 8,774 per 10kg",high-starch|high-protein
1367,Themba Sarr|Aisha Banda|Kofi Dlamini|Lindiwe Mensah|Chidi Odhiambo,Ukulima Seed Institute,181,"MK 7,474 per 10kg",terraced|fodder
1368,Wanjiru Moyo|Aisha Diallo|Kwame Dlamini|Naledi Toure|Amara Abara|Amara Chirwa,National Grain Programme,133,"MK 2,429 per 10kg",hybrid|river-basin
1369,Lindiwe Odhiambo|Kwame Mwangi|Themba Moyo|Amara Diallo|Imani Banda|Themba Okoye|Themba Banda,Chemba Seed Works,86,"MK 1,497 per 10kg",aphid-resistant|green-manure
1370,Zola Sarr|Mandla Okoye|Baraka Dlamini|Themba Mwangi|Sipho Kariuki,Ukulima Seed Institute,93,"MK 19,308 per 10kg",high-starch|mechanized|export-grade|short-season
1371,Lindiwe Moyo|Chidi Osei|Kofi Banda|Lindiwe Mensah|Kwame Mensah,Amanzi Valley Seed Co-op,61,"MK 17,854 per 10kg",lowland|lodging-resistant|export-grade
1373,Lindiwe Okoye|Furaha Odhiambo|Rudo Adeyemi|Wanjiru Sarr|Naledi Mwangi|Zola Mwangi|Aisha Moyo,Ukulima Seed Institute,192,"MK 19,714 per 10kg",highland|green-manure|relay-crop
1374,Zola Banda|Rudo Mwangi|Zola Odhiambo|Sipho Banda|Wanjiru Kariuki|Wanjiru Kariuki,Hawassa Plant Breeding Unit,141,"MK 21,727 per 10kg",high-protein|mechanized|open-pollinated
1375,Baraka Mensah|Omari Chirwa|Themba Nkosi|Rudo Moyo,Ukulima Seed Institute,136,"MK 21,610 per 10kg",mechanized|open-pollinated
1376,Kwame Toure|Naledi Okoye|Zola Kariuki|Baraka Adeyemi|Imani Abara|Omari Odhiambo|Baraka Moyo,Akatsi Horticulture Board,161,"MK 14,589 per 10kg",short-season|river-basin
1377,Furaha Toure|Kwame Toure|Lindiwe Nkosi|Baraka Osei|Sipho Diallo|Wanjiru Mwangi|Mandla Odhiambo|Lindiwe Mwangi,Ukulima Seed Institute,99,"MK 14,029 per 10kg",terraced|river-basin|long-season
1379,Zola Kariuki|Mandla Nkosi|Zola Moyo|Aisha Sarr|Kofi Toure,Akatsi Horticulture Board,184,"MK 15,403 per 10kg",fodder|valley-floor|hybrid|green-manure
1380,Naledi Diallo|Zola Diallo|Kwame Banda|Imani Diallo|Amara Diallo,Akatsi Horticulture Board,83,"MK 12,313 per 10kg",fodder|terraced|river-basin|rotation
1381,Naledi Mwangi|Sipho Dlamini|Wanjiru Kariuki|Furaha Odhiambo|Wanjiru Chirwa|Chidi Nkosi,Amanzi Valley Seed Co-op,181,"MK 13,426 per 10kg",fodder|lowland|low-rainfall|relay-crop
1382,Sipho Adeyemi|Tendai Chirwa|Omari Sarr|Mandla Toure|Baraka Mensah|Kofi Mwangi|Kofi Toure|Amara Adeyemi,Sokoto Crop Research Station,144,"MK 14,906 per 10kg",low-rainfall|high-starch|lodging-resistant
1384,Mandla Odhiambo|Kwame Osei|Amara Dlamini|Rudo Moyo|Lindiwe Adeyemi,Akatsi Horticulture Board,198,"MK 19,822 per 10kg",rotation|mechanized|lowland
1385,Furaha Sarr|Rudo Okoye|Chidi Okoye|Aisha Osei|Kwame Sarr,Ukulima Seed Institute,154,"MK 21,492 per 10kg",aphid-resistant|striga-tolerant|smallholder|terraced
1386,Baraka Osei|Omari Odhiambo|Omari Odhiambo|Omari Adeyemi|Sipho Chirwa|Chidi Toure,Chemba Seed Works,168,"MK 13,503 per 10kg",valley-floor|smallholder|rotation|high-starch
1387,Chidi Dlamini|Rudo Toure|Rudo Nkosi|Chidi Mwangi|Lindiwe Adeyemi,Amanzi Valley Seed Co-op,135,"MK 23,809 per 10kg",low-rainfall|highland|high-protein|river-basin
1388,Chidi Mwangi|Tendai Toure|Tendai Adeyemi|Mandla Okoye|Furaha Sarr|Lindiwe Moyo|Lindiwe Dlamini,Akatsi Horticulture Board,85,"MK 23,631 per 10kg",highland|short-season|fodder
1389,Tendai Kariuki|Furaha Diallo|Zola Moyo|Baraka Mwangi|Rudo Dlamini|Lindiwe Dlamini,Kilimani Agricultural College,154,"MK 8,737 per 10kg",certified-seed|lowland
1390,Themba Osei|Chidi Osei|Sipho Chirwa|Amara Toure|Themba Diallo|Mandla Abara,National Grain Programme,62,"MK 21,979 per 10kg",striga-tolerant|valley-floor|river-basin|relay-crop
1391,Aisha Adeyemi|Tendai Banda|Baraka Kariuki|Tendai Chirwa,Amanzi Valley Seed Co-op,167,"MK 24,323 per 10kg",valley-floor|export-grade|mechanized|smallholder
1393,Rudo Dlamini|Zola Moyo|Zola Moyo|Imani Dlamini|Wanjiru Kariuki|Omari Dlamini|Themba Okoye|Chidi Banda,Ukulima Seed Institute,178,"MK 2,828 per 10kg",hybrid|open-pollinated|river-basin
1395,Zola Mwangi|Naledi Diallo|Aisha Kariuki|Naledi Nkosi|Themba Toure,Sokoto Crop Research Station,107,"MK 5,482 per 10kg",hybrid|valley-floor|export-grade|striga-tolerant
1396,Kwame Osei|Themba Adeyemi|Furaha Dlamini|Chidi Kariuki,Sokoto Crop Research Station,108,"MK 15,039 per 10kg",green-manure|long-season
1397,Rudo Abara|Omari Banda|Zola Sarr|Wanjiru Odhiambo|Imani Nkosi|Imani Odhiambo|Omari Mensah,Ukulima Seed Institute,185,"MK 10,692 per 10kg",striga-tolerant|long-season
1398,Omari Abara|Sipho Mwangi|Zola Odhiambo|Wanjiru Moyo|Imani Banda|Kofi Moyo|Chidi Banda|Imani Banda,Kilimani Agricultural College,74,"MK 14,816 per 10kg",oil-grade|smallholder|certified-seed
1399,Amara Adeyemi|Mandla Odhiambo|Sipho Mwangi|Kofi Okoye|Wanjiru Diallo|Lindiwe Chirwa,National Grain Programme,116,"MK 19,158 per 10kg",valley-floor|high-starch
1400,Chidi Adeyemi|Baraka Adeyemi|Wanjiru Okoye|Aisha Okoye|Kwame Moyo|Kofi Adeyemi,National Grain Programme,100,"MK 12,879 per 10kg",certified-seed|fodder|river-basin|valley-floor
1401,Omari Toure|Mandla Mwangi|Wanjiru Chirwa|Kofi Mwangi,Ukulima Seed Institute,93,"MK 10,517 per 10kg",certified-seed|mechanized|low-rainfall|lodging-resistant
1402,Rudo Abara|Amara Kariuki|Mandla Osei|Naledi Banda|Tendai Moyo,Akatsi Horticulture Board,68,"MK 16,605 per 10kg",long-season|fodder
1403,Chidi Toure|Chidi Diallo|Tendai Moyo|Kwame Abara|Wanjiru Osei|Baraka Diallo,Kilimani Agricultural College,157,"MK 18,242 per 10kg",lowland|long-season|export-grade|lodging-resistant
1404,Sipho Dlamini|Omari Nkosi|Lindiwe Dlamini|Omari Diallo|Sipho Adeyemi|Omari Odhiambo,National Grain Programme,135,"MK 17,485 per 10kg",mechanized|short-season|smallholder
1405,Kofi Okoye|Aisha Okoye|Lindiwe Nkosi|Sipho Adeyemi,Hawassa Plant Breeding Unit,98,"MK 14,538 per 10kg",lowland|oil-grade
1406,Amara Diallo|Lindiwe Diallo|Lindiwe Osei|Themba Dlamini|Sipho Diallo,Kilimani Agricultural College,91,"MK 11,654 per 10kg",certified-seed|export-grade|high-protein|highland
1407,Amara Moyo|Kofi Odhiambo|Themba Sarr|Baraka Moyo,Ukulima Seed Institute,181,"MK 18,990 per 10kg",smallholder|certified-seed|terraced
1410,Baraka Chirwa|Omari Mensah|Tendai Banda|Sipho Odhiambo|Rudo Nkosi|Kwame Kariuki,Hawassa Plant Breeding Unit,162,"MK 14,631 per 10kg",valley-floor|aphid-resistant|terraced|river-basin
1411,Imani Mwangi|Omari Chirwa|Kofi Osei|Chidi Osei|Tendai Kariuki|Tendai Abara|Omari Dlamini|Rudo Mwangi,Chemba Seed Works,184,"MK 8,877 per 10kg",green-manure|open-pollinated|fodder|lowland
1412,Imani Adeyemi|Amara Toure|Naledi Abara|Zola Nkosi,Sokoto Crop Research Station,137,"MK 8,271 per 10kg",striga-tolerant|green-manure
1413,Kofi Banda|Tendai Nkosi|Imani Mensah|Chidi Okoye,Hawassa Plant Breeding Unit,175,"MK 11,120 per 10kg",certified-seed|mechanized|long-season
1414,Imani Banda|Omari Toure|Furaha Dlamini|Rudo Dlamini|Sipho Abara|Imani Osei|Aisha Dlamini|Tendai Banda,Akatsi Horticulture Board,159,"MK 14,077 per 10kg",low-rainfall|rotation
1415,Mandla Abara|Imani Dlamini|Amara Diallo|Tendai Moyo|Amara Diallo|Chidi Chirwa|Zola Okoye,Ukulima Seed Institute,144,"MK 9,747 per 10kg",high-protein|fodder|aphid-resistant
1416,Omari Nkosi|Amara Adeyemi|Lindiwe Nkosi|Furaha Abara|Mandla Mensah|Rudo Mensah,Akatsi Horticulture Board,139,"MK 1,111 per 10kg",open-pollinated|lowland|aphid-resistant|high-protein
1418,Lindiwe Nkosi|Amara Banda|Chidi Kariuki|Aisha Okoye|Aisha Odhiambo,Chemba Seed Works,149,"MK 18,886 per 10kg",open-pollinated|mechanized|green-manure|striga-tolerant
1420,Amara Mwangi|Tendai Kariuki|Lindiwe Adeyemi|Naledi Nkosi|Aisha Dlamini|Baraka Toure|Amara Nkosi|Amara Nkosi,Kilimani Agricultural College,144,"MK 24,419 per 10kg",certified-seed|relay-crop
1421,Chidi Sarr|Chidi Okoye|Themba Sarr|Omari Mwangi|Amara Banda|Chidi Adeyemi,Sokoto Crop Research Station,143,"MK 15,782 per 10kg",export-grade|lowland|relay-crop
1422,Naledi Diallo|Zola Chirwa|Wanjiru Dlamini|Furaha Sarr|Kofi Abara|Lindiwe Mwangi,Hawassa Plant Breeding Unit,179,"MK 3,420 per 10kg",striga-tolerant|low-rainfall
1423,Chidi Kariuki|Kofi Moyo|Kwame Nkosi|Zola Mensah|Mandla Okoye,Chemba Seed Works,79,"MK 1,063 per 10kg",smallholder|relay-crop
1424,Naledi Chirwa|Amara Toure|Tendai Okoye|Tendai Okoye|Imani Moyo,Hawassa Plant Breeding Unit,123,"MK 20,616 per 10kg",rotation|highland
1426,Kwame Osei|Omari Banda|Naledi Mensah|Rudo Mensah|Wanjiru Chirwa|Chidi Toure|Tendai Odhiambo|Wanjiru Mwangi,Akatsi Horticulture Board,80,"MK 7,854 per 10kg",open-pollinated|lowland|short-season
1427,Kwame Moyo|Imani Dlamini|Lindiwe Osei|Wanjiru Mensah|Baraka Toure|Kwame Odhiambo,Sokoto Crop Research Station,190,"MK 4,779 per 10kg",lowland|mechanized|hybrid|export-grade
1428,Chidi Kariuki|Kwame Chirwa|Lindiwe Mensah|Kwame Dlamini,National Grain Programme,81,"MK 13,301 per 10kg",high-starch|low-rainfall|mechanized|fodder
1429,Mandla Osei|Lindiwe Mwangi|Furaha Kariuki|Lindiwe Nkosi|Imani Mensah|Sipho Nkosi,Akatsi Horticulture Board,173,MK 968 per 10kg,low-rainfall|high-starch|short-season
1430,Tendai Odhiambo|Omari Okoye|Lindiwe Banda|Kwame Odhiambo|Amara Kariuki|Naledi Diallo|Omari Nkosi|Baraka Okoye,Hawassa Plant Breeding Unit,166,"MK 17,247 per 10kg",oil-grade|short-season
1431,Sipho Sarr|Amara Banda|Aisha Chirwa|Zola Osei|Rudo Kariuki|Lindiwe Moyo|Lindiwe Chirwa,Akatsi Horticulture Board,141,"MK 3,760 per 10kg",river-basin|highland
1432,Wanjiru Osei|Baraka Diallo|Kwame Kariuki|Furaha Diallo,Akatsi Horticulture Board,186,"MK 7,567 per 10kg",highland|open-pollinated|oil-grade|hybrid
1433,Baraka Adeyemi|Aisha Osei|Lindiwe Toure|Themba Mwangi|Furaha Adeyemi,Chemba Seed Works,184,"MK 23,527 per 10kg",fodder|aphid-resistant
1434,Amara Mwangi|Zola Adeyemi|Imani Moyo|Rudo Diallo|Rudo Moyo|Themba Sarr|Mandla Nkosi,Amanzi Valley Seed Co-op,84,"MK 16,776 per 10kg",short-season|valley-floor|highland|smallholder
1435,Themba Toure|Sipho Osei|Rudo Osei|Amara Kariuki|Baraka Nkosi|Naledi Okoye,Ukulima Seed Institute,122,"MK 11,155 per 10kg",low-rainfall|certified-seed|export-grade
1436,Furaha Banda|Imani Diallo|Kwame Chirwa|Sipho Kariuki,Ukulima Seed Institute,195,"MK 24,873 per 10kg",relay-crop|valley-floor|river-basin|rotation
1437,Baraka Abara|Furaha Dlamini|Chidi Odhiambo|Sipho Banda|Chidi Dlamini|Naledi Adeyemi|Mandla Abara,Sokoto Crop Research Station,136,"MK 15,156 per 10kg",high-starch|valley-floor
1438,Lindiwe Odhiambo|Baraka Osei|Mandla Mwangi|Baraka Mwangi|Kofi Kariuki|Chidi Diallo|Mandla Nkosi,Chemba Seed Works,120,"MK 12,016 per 10kg",short-season|highland|smallholder
1439,Lindiwe Abara|Baraka Mensah|Aisha Sarr|Kwame Toure|Rudo Sarr|Naledi Moyo,Akatsi Horticulture Board,123,"MK 18,055 per 10kg",river-basin|low-rainfall|green-manure|striga-tolerant
1440,Amara Diallo|Imani Dlamini|Kofi Chirwa|Zola Adeyemi|Imani Diallo|Amara Sarr,Akatsi Horticulture Board,94,"MK 15,145 per 10kg",striga-tolerant|rotation|lodging-resistant
1443,Chidi Kariuki|Kofi Sarr|Tendai Osei|Wanjiru Adeyemi|Kofi Osei|Omari Chirwa|Rudo Dlamini|Naledi Diallo,Sokoto Crop Research Station,82,"MK 13,934 per 10kg",highland|lodging-resistant|rotation|fodder
1444,Baraka Mensah|Wanjiru Diallo|Tendai Kariuki|Sipho Mensah|Imani Diallo|Mandla Sarr,Chemba Seed Works,71,"MK 16,558 per 10kg",export-grade|high-protein
1445,Rudo Diallo|Wanjiru Abara|Furaha Nkosi|Lindiwe Chirwa,Hawassa Plant Breeding Unit,144,"MK 11,024 per 10kg",export-grade|rotation
1446,Zola Toure|Chidi Mensah|Amara Nkosi|Mandla Abara|Baraka Sarr|Kwame Dlamini|Imani Banda,Chemba Seed Works,62,"MK 8,993 per 10kg",smallholder|high-starch
1447,Mandla Okoye|Kofi Nkosi|Furaha Dlamini|Tendai Mensah|Omari Moyo|Kofi Diallo|Baraka Sarr|Naledi Abara,Sokoto Crop Research Station,71,"MK 3,945 per 10kg",long-season|green-manure|valley-floor|low-rainfall
1449,Chidi Toure|Themba Osei|Kofi Abara|Tendai Abara|Aisha Okoye|Rudo Moyo,Sokoto Crop Research Station,195,"MK 10,327 per 10kg",export-grade|short-season|terraced
1450,Sipho Diallo|Wanjiru Kariuki|Kofi Osei|Lindiwe Dlamini|Kofi Sarr|Aisha Okoye|Kwame Sarr,National Grain Programme,191,"MK 17,064 per 10kg",hybrid|striga-tolerant|high-starch|short-season
1452,Chidi Odhiambo|Imani Okoye|Baraka Mwangi|Lindiwe Kariuki,Ukulima Seed Institute,148,"MK 1,904 per 10kg",striga-tolerant|aphid-resistant
1453,Zola Osei|Themba Adeyemi|Kwame Mensah|Baraka Chirwa|Wanjiru Banda|Wanjiru Nkosi|Baraka Diallo|Rudo Okoye,Hawassa Plant Breeding Unit,139,"MK 5,962 per 10kg",hybrid|aphid-resistant|long-season|certified-seed
1454,Sipho Nkosi|Tendai Sarr|Wanjiru Abara|Furaha Nkosi|Sipho Dlamini|Zola Adeyemi,Chemba Seed Works,153,"MK 21,874 per 10kg",lodging-resistant|relay-crop
1455,Naledi Adeyemi|Kofi Toure|Imani Abara|Aisha Mensah|Kwame Mwangi|Amara Adeyemi,Chemba Seed Works,179,"MK 20,207 per 10kg",relay-crop|lowland
1456,Omari Osei|Kofi Kariuki|Chidi Osei|Furaha Nkosi|Mandla Diallo|Rudo Diallo,Chemba Seed Works,151,"MK 13,555 per 10kg",lowland|export-grade|certified-seed|highland
1457,Lindiwe Kariuki|Furaha Dlamini|Rudo Odhiambo|Amara Kariuki|Lindiwe Odhiambo|Baraka Osei|Lindiwe Abara|Lindiwe Chirwa,Kilimani Agricultural College,163,"MK 13,841 per 10kg",lowland|valley-floor|river-basin|certified-seed
1458,Lindiwe Banda|Aisha Adeyemi|Tendai Osei|Tendai Adeyemi|Chidi Adeyemi|Chidi Sarr|Kwame Nkosi,Sokoto Crop Research Station,84,"MK 15,643 per 10kg",long-season|river-basin
1460,Wanjiru Odhiambo|Furaha Kariuki|Rudo Kariuki|Rudo Osei,Sokoto Crop Research Station,143,"MK 16,831 per 10kg",striga-tolerant|aphid-resistant
1461,Rudo Diallo|Rudo Abara|Lindiwe Banda|Tendai Toure|Wanjiru Chirwa|Zola Moyo|Kwame Adeyemi|Baraka Okoye,Sokoto Crop Research Station,185,"MK 16,948 per 10kg",high-protein|river-basin|aphid-resistant|certified-seed
1462,Imani Kariuki|Aisha Abara|Imani Dlamini|Baraka Nkosi|Rudo Nkosi|Themba Nkosi,Akatsi Horticulture Board,67,"MK 22,452 per 10kg",aphid-resistant|green-manure|valley-floor|hybrid
1463,Furaha Mwangi|Baraka Nkosi|Wanjiru Banda|Aisha Mwangi|Lindiwe Chirwa|Naledi Banda|Zola Mwangi,Amanzi Valley Seed Co-op,152,"MK 22,662 per 10kg",green-manure|aphid-resistant|fodder
1464,Mandla Odhiambo|Baraka Sarr|Tendai Toure|Themba Moyo|Zola Okoye|Aisha Abara,National Grain Programme,142,"MK 5,840 per 10kg",high-starch|rotation
1465,Amara Mensah|Sipho Banda|Imani Chirwa|Furaha Banda,National Grain Programme,80,"MK 24,978 per 10kg",terraced|lowland|hybrid
1466,Imani Kariuki|Tendai Odhiambo|Wanjiru Chirwa|Naledi Dlamini,National Grain Programme,198,"MK 16,810 per 10kg",river-basin|long-season
1467,Themba Nkosi|Naledi Moyo|Zola Nkosi|Wanjiru Toure,National Grain Programme,84,"MK 13,529 per 10kg",relay-crop|long-season|rotation
1468,Baraka Abara|Rudo Okoye|Themba Mwangi|Sipho Chirwa|Themba Mwangi|Mandla Odhiambo|Tendai Odhiambo|Themba Dlamini,National Grain Programme,69,"MK 20,273 per 10kg",high-starch|hybrid|open-pollinated
1469,Themba Diallo|Chidi Mwangi|Amara Moyo|Baraka Kariuki|Kofi Banda|Imani Adeyemi,Sokoto Crop Research Station,152,"MK 22,562 per 10kg",green-manure|certified-seed
1471,Aisha Mwangi|Mandla Banda|Zola Banda|Zola Kariuki|Furaha Adeyemi|Lindiwe Osei,Kilimani Agricultural College,167,"MK 7,521 per 10kg",smallholder|terraced|certified-seed|striga-tolerant
1473,Tendai Okoye|Themba Osei|Sipho Mensah|Naledi Banda|Baraka Kariuki|Sipho Chirwa,Hawassa Plant Breeding Unit,68,"MK 9,254 per 10kg",long-season|aphid-resistant
1475,Amara Dlamini|Lindiwe Moyo|Themba Okoye|Zola Dlamini|Furaha Sarr,Hawassa Plant Breeding Unit,80,"MK 4,801 per 10kg",terraced|valley-floor|aphid-resistant|mechanized
1476,Lindiwe Sarr|Furaha Abara|Amara Diallo|Wanjiru Toure,Ukulima Seed Institute,115,"MK 10,467 per 10kg",short-season|terraced|export-grade
1477,Tendai Odhiambo|Mandla Osei|Lindiwe Okoye|Lindiwe Mensah,Ukulima Seed Institute,164,"MK 21,399 per 10kg",open-pollinated|mechanized|hybrid
1478,Themba Odhiambo|Sipho Moyo|Chidi Osei|Aisha Sarr,Sokoto Crop Research Station,177,"MK 22,810 per 10kg",certified-seed|export-grade|open-pollinated|river-basin
1479,Rudo Abara|Wanjiru Osei|Chidi Chirwa|Aisha Osei|Omari Osei|Themba Sarr,Ukulima Seed Institute,170,"MK 7,350 per 10kg",lodging-resistant|short-season|hybrid|terraced
1480,Omari Adeyemi|Furaha Moyo|Zola Osei|Omari Nkosi|Rudo Okoye|Kwame Nkosi|Zola Mwangi|Furaha Mensah,Ukulima Seed Institute,96,"MK 24,797 per 10kg",high-starch|rotation
1481,Zola Kariuki|Amara Sarr|Naledi Osei|Amara Banda|Themba Moyo|Amara Banda,Kilimani Agricultural College,99,"MK 5,872 per 10kg",lodging-resistant|striga-tolerant|short-season|terraced
1483,Themba Dlamini|Furaha Mensah|Furaha Nkosi|Rudo Abara|Amara Nkosi,Amanzi Valley Seed Co-op,106,"MK 22,005 per 10kg",lowland|hybrid
1484,Tendai Sarr|Furaha Nkosi|Sipho Diallo|Baraka Dlamini|Kofi Dlamini,Hawassa Plant Breeding Unit,102,"MK 16,888 per 10kg",valley-floor|aphid-resistant|high-protein
1485,Amara Dlamini|Themba Toure|Wanjiru Chirwa|Zola Moyo|Aisha Moyo|Wanjiru Chirwa|Wanjiru Okoye|Imani Toure,Hawassa Plant Breeding Unit,77,"MK 14,308 per 10kg",hybrid|fodder|terraced|relay-crop
1486,Imani Sarr|Baraka Diallo|Mandla Sarr|Sipho Okoye|Themba Abara|Imani Okoye|Tendai Sarr,Chemba Seed Works,93,"MK 6,802 per 10kg",smallholder|mechanized|short-season
1487,Chidi Kariuki|Naledi Nkosi|Imani Abara|Kwame Mwangi|Amara Toure|Wanjiru Odhiambo|Naledi Dlamini,Amanzi Valley Seed Co-op,128,"MK 22,616 per 10kg",highland|high-protein
1488,Themba Banda|Chidi Nkosi|Omari Abara|Omari Okoye|Chidi Chirwa|Imani Banda,Ukulima Seed Institute,175,"MK 9,631 per 10kg",green-manure|lowland
1489,Kofi Osei|Naledi Dlamini|Amara Kariuki|Chidi Chirwa|Kofi Kariuki|Naledi Adeyemi,Chemba Seed Works,134,"MK 11,787 per 10kg",aphid-resistant|long-season|lowland|terraced
1490,Sipho Diallo|Imani Mwangi|Chidi Toure|Mandla Dlamini|Chidi Odhiambo,Akatsi Horticulture Board,172,"MK 4,611 per 10kg",relay-crop|high-starch
1491,Wanjiru Sarr|Chidi Mwangi|Tendai Okoye|Amara Kariuki|Mandla Banda,National Grain Programme,72,"MK 1,662 per 10kg",smallholder|certified-seed|export-grade
1492,Wanjiru Chirwa|Kwame Sarr|Themba Diallo|Naledi Nkosi|Baraka Odhiambo|Omari Mwangi|Tendai Okoye,Chemba Seed Works,145,"MK 2,005 per 10kg",hybrid|lodging-resistant
1493,Naledi Banda|Tendai Banda|Amara Nkosi|Imani Sarr|Chidi Dlamini|Kofi Dlamini|Wanjiru Banda,Hawassa Plant Breeding Unit,194,"MK 11,400 per 10kg",striga-tolerant|mechanized
1494,Wanjiru Sarr|Naledi Toure|Tendai Mensah|Kwame Diallo|Aisha Mwangi|Amara Mensah|Mandla Adeyemi|Sipho Osei,Sokoto Crop Research Station,96,"MK 5,330 per 10kg",highland|short-season|long-season|open-pollinated
1495,Zola Diallo|Rudo Mwangi|Baraka Moyo|Kofi Mwangi|Naledi Toure|Kofi Odhiambo,Amanzi Valley Seed Co-op,79,"MK 8,801 per 10kg",fodder|short-season|long-season|relay-crop
1496,Chidi Toure|Mandla Kariuki|Amara Chirwa|Zola Adeyemi,Akatsi Horticulture Board,139,"MK 11,876 per 10kg",highland|rotation
1497,Amara Mwangi|Sipho Sarr|Aisha Banda|Amara Mensah,Hawassa Plant Breeding Unit,126,"MK 8,213 per 10kg",valley-floor|oil-grade
1499,Aisha Banda|Amara Abara|Aisha Diallo|Furaha Adeyemi|Imani Diallo|Lindiwe Kariuki,National Grain Programme,168,"MK 6,956 per 10kg",striga-tolerant|highland|open-pollinated
1500,Kofi Mwangi|Themba Okoye|Kofi Toure|Imani Chirwa|Naledi Mensah|Sipho Sarr|Imani Mensah,Amanzi Valley Seed Co-op,165,"MK 4,068 per 10kg",relay-crop|export-grade|terraced|high-starch
1501,Amara Moyo|Kwame Mensah|Wanjiru Banda|Kofi Dlamini|Omari Adeyemi|Kofi Banda|Themba Abara,Sokoto Crop Research Station,70,"MK 9,882 per 10kg",aphid-resistant|export-grade|rotation|high-starch
1502,Zola Mensah|Mandla Odhiambo|Furaha Moyo|Baraka Adeyemi,Amanzi Valley Seed Co-op,160,"MK 16,466 per 10kg",smallholder|lodging-resistant|lowland
1503,Amara Diallo|Omari Dlamini|Kwame Chirwa|Sipho Nkosi|Imani Mensah|Rudo Banda|Themba Banda,Kilimani Agricultural College,158,"MK 20,972 per 10kg",fodder|rotation|high-protein
1504,Naledi Kariuki|Furaha Sarr|Kofi Sarr|Wanjiru Osei|Kwame Mwangi,Kilimani Agricultural College,171,"MK 18,205 per 10kg",aphid-resistant|valley-floor|lodging-resistant
1505,Naledi Okoye|Baraka Nkosi|Amara Kariuki|Baraka Kariuki|Omari Nkosi,Sokoto Crop Research Station,110,"MK 14,814 per 10kg",valley-floor|fodder|short-season|long-season
1506,Lindiwe Osei|Naledi Mwangi|Sipho Diallo|Mandla Banda|Imani Nkosi,Sokoto Crop Research Station,139,"MK 15,219 per 10kg",oil-grade|short-season|export-grade|striga-tolerant
1507,Naledi Banda|Sipho Moyo|Zola Nkosi|Aisha Kariuki|Naledi Nkosi|Amara Nkosi|Zola Chirwa|Tendai Diallo,Kilimani Agricultural College,143,"MK 19,216 per 10kg",aphid-resistant|relay-crop|green-manure|mechanized
1509,Themba Sarr|Chidi Okoye|Rudo Adeyemi|Mandla Abara|Tendai Diallo|Themba Sarr|Omari Toure,Sokoto Crop Research Station,110,"MK 22,598 per 10kg",striga-tolerant|low-rainfall
1510,Omari Kariuki|Tendai Nkosi|Sipho Mensah|Rudo Okoye,Chemba Seed Works,65,"MK 22,676 per 10kg",smallholder|short-season|fodder
1511,Kwame Dlamini|Imani Toure|Tendai Odhiambo|Omari Nkosi|Amara Kariuki|Kofi Chirwa|Mandla Adeyemi|Rudo Chirwa,Hawassa Plant Breeding Unit,121,"MK 5,834 per 10kg",green-manure|long-season|mechanized|short-season
1512,Furaha Moyo|Lindiwe Osei|Sipho Dlamini|Naledi Dlamini,National Grain Programme,69,"MK 14,926 per 10kg",smallholder|river-basin|mechanized|low-rainfall
1513,Wanjiru Diallo|Kofi Nkosi|Aisha Okoye|Lindiwe Osei|Themba Okoye,National Grain Programme,146,"MK 18,700 per 10kg",valley-floor|fodder|lowland|river-basin
1514,Zola Abara|Imani Moyo|Kwame Kariuki|Kofi Dlamini,National Grain Programme,106,"MK 22,251 per 10kg",green-manure|certified-seed|hybrid
1515,Aisha Sarr|Amara Kariuki|Chidi Nkosi|Tendai Sarr|Chidi Abara|Chidi Okoye|Omari Banda|Amara Toure,Hawassa Plant Breeding Unit,117,"MK 20,555 per 10kg",terraced|green-manure|highland
1517,Themba Sarr|Zola Okoye|Sipho Banda|Imani Diallo,Kilimani Agricultural College,181,"MK 13,354 per 10kg",hybrid|smallholder|green-manure
1518,Baraka Abara|Chidi Chirwa|Themba Moyo|Lindiwe Diallo|Furaha Nkosi|Furaha Osei,Kilimani Agricultural College,193,"MK 18,463 per 10kg",certified-seed|long-season|lowland
1519,Aisha Sarr|Furaha Sarr|Baraka Toure|Sipho Mwangi,Chemba Seed Works,106,"MK 6,702 per 10kg",striga-tolerant|aphid-resistant
1520,Baraka Dlamini|Wanjiru Diallo|Kofi Okoye|Kofi Okoye|Baraka Okoye|Mandla Kariuki,National Grain Programme,110,"MK 3,950 per 10kg",high-protein|river-basin
1521,Lindiwe Nkosi|Kwame Okoye|Zola Odhiambo|Kofi Toure|Lindiwe Adeyemi|Sipho Kariuki|Amara Mwangi|Imani Kariuki,Kilimani Agricultural College,149,"MK 16,404 per 10kg",highland|long-season
1522,Sipho Osei|Naledi Kariuki|Themba Kariuki|Tendai Toure|Lindiwe Nkosi|Naledi Okoye|Baraka Dlamini|Omari Moyo,National Grain Programme,121,"MK 6,040 per 10kg",certified-seed|smallholder
1523,Baraka Adeyemi|Mandla Abara|Wanjiru Kariuki|Tendai Mwangi|Amara Adeyemi,Akatsi Horticulture Board,174,"MK 23,854 per 10kg",aphid-resistant|striga-tolerant|short-season
1524,Omari Kariuki|Zola Okoye|Wanjiru Nkosi|Furaha Odhiambo|Furaha Kariuki|Amara Abara,Chemba Seed Works,155,"MK 21,789 per 10kg",aphid-resistant|low-rainfall|lowland
1525,Imani Osei|Omari Chirwa|Lindiwe Adeyemi|Wanjiru Mwangi|Baraka Banda|Mandla Mensah,Hawassa Plant Breeding Unit,110,"MK 19,351 per 10kg",valley-floor|certified-seed
1526,Wanjiru Adeyemi|Imani Kariuki|Furaha Banda|Naledi Dlamini|Kofi Adeyemi|Omari Sarr|Baraka Mwangi,Akatsi Horticulture Board,116,"MK 2,354 per 10kg",lowland|oil-grade|hybrid
1527,Themba Diallo|Amara Diallo|Omari Diallo|Baraka Kariuki,Amanzi Valley Seed Co-op,154,"MK 7,339 per 10kg",certified-seed|green-manure|terraced|river-basin
1528,Kwame Adeyemi|Naledi Osei|Zola Moyo|Kofi Toure|Tendai Mensah|Rudo Okoye|Kwame Mwangi|Chidi Nkosi,Ukulima Seed Institute,150,"MK 12,995 per 10kg",valley-floor|green-manure
1529,Zola Toure|Zola Osei|Omari Chirwa|Zola Moyo|Naledi Adeyemi|Themba Chirwa|Wanjiru Banda|Chidi Dlamini,Kilimani Agricultural College,140,"MK 1,722 per 10kg",export-grade|rotation|fodder
1530,Tendai Diallo|Wanjiru Chirwa|Kwame Okoye|Chidi Osei,Chemba Seed Works,71,"MK 24,921 per 10kg",certified-seed|relay-crop|lodging-resistant|open-pollinated
1531,Kwame Abara|Themba Diallo|Tendai Moyo|Sipho Adeyemi,National Grain Programme,190,"MK 18,992 per 10kg",lowland|relay-crop
1532,Wanjiru Banda|Baraka Mensah|Themba Odhiambo|Naledi Okoye|Furaha Sarr|Omari Mwangi|Wanjiru Odhiambo,Kilimani Agricultural College,77,"MK 2,019 per 10kg",high-starch|hybrid|lowland
1533,Naledi Dlamini|Omari Sarr|Kwame Mensah|Furaha Toure|Wanjiru Dlamini,Ukulima Seed Institute,82,"MK 12,246 per 10kg",high-protein|export-grade|fodder
1534,Naledi Okoye|Wanjiru Sarr|Lindiwe Okoye|Naledi Mwangi|Wanjiru Dlamini|Chidi Banda,Sokoto Crop Research Station,162,"MK 22,478 per 10kg",hybrid|aphid-resistant|open-pollinated
1535,Lindiwe Dlamini|Tendai Toure|Tendai Moyo|Rudo Moyo|Tendai Chirwa|Aisha Mwangi,Amanzi Valley Seed Co-op,118,"MK 19,215 per 10kg",terraced|mechanized|high-starch
1536,Mandla Odhiambo|Sipho Diallo|Zola Odhiambo|Mandla Mwangi|Aisha Mwangi,Akatsi Horticulture Board,164,"MK 10,693 per 10kg",terraced|lodging-resistant|certified-seed|open-pollinated
1538,Furaha Osei|Mandla Abara|Lindiwe Dlamini|Amara Osei|Chidi Nkosi|Lindiwe Okoye,Akatsi Horticulture Board,125,"MK 1,892 per 10kg",aphid-resistant|lodging-resistant|export-grade|rotation
1539,Kofi Adeyemi|Omari Diallo|Aisha Banda|Sipho Kariuki|Zola Abara|Furaha Mwangi,Chemba Seed Works,60,"MK 16,031 per 10kg",lowland|long-season
1540,Furaha Adeyemi|Aisha Nkosi|Lindiwe Abara|Rudo Osei|Baraka Kariuki|Kwame Okoye|Themba Banda,Akatsi Horticulture Board,81,"MK 3,607 per 10kg",hybrid|striga-tolerant|terraced
1541,Lindiwe Osei|Kwame Chirwa|Omari Kariuki|Zola Nkosi|Zola Odhiambo,Hawassa Plant Breeding Unit,185,"MK 11,913 per 10kg",river-basin|lowland|relay-crop
1542,Kofi Chirwa|Baraka Sarr|Furaha Odhiambo|Rudo Banda|Chidi Odhiambo,Amanzi Valley Seed Co-op,119,"MK 12,365 per 10kg",river-basin|highland
1543,Kofi Diallo|Kwame Kariuki|Themba Mensah|Sipho Banda|Baraka Mensah|Furaha Mwangi|Furaha Okoye|Mandla Moyo,National Grain Programme,97,"MK 24,078 per 10kg",striga-tolerant|valley-floor|highland
1544,Kofi Dlamini|Amara Adeyemi|Baraka Adeyemi|Rudo Diallo|Zola Banda|Imani Nkosi,Amanzi Valley Seed Co-op,83,"MK 5,602 per 10kg",long-season|aphid-resistant|highland
1545,Imani Toure|Zola Dlamini|Furaha Toure|Omari Kariuki,National Grain Programme,124,"MK 15,624 per 10kg",relay-crop|green-manure|aphid-resistant|high-protein
1546,Tendai Sarr|Imani Kariuki|Tendai Okoye|Tendai Chirwa|Lindiwe Banda|Themba Sarr,Hawassa Plant Breeding Unit,179,"MK 23,727 per 10kg",high-starch|export-grade|smallholder|river-basin
1547,Mandla Osei|Kofi Dlamini|Amara Okoye|Amara Abara|Kwame Chirwa|Rudo Okoye|Omari Banda,Hawassa Plant Breeding Unit,110,"MK 1,866 per 10kg",green-manure|export-grade
1548,Naledi Moyo|Naledi Abara|Imani Okoye|Aisha Sarr|Kofi Diallo,Ukulima Seed Institute,70,"MK 19,107 per 10kg",aphid-resistant|low-rainfall|high-starch|striga-tolerant
1549,Tendai Abara|Lindiwe Chirwa|Furaha Okoye|Furaha Okoye|Omari Banda|Amara Odhiambo|Kwame Banda|Tendai Dlamini,Amanzi Valley Seed Co-op,85,"MK 6,329 per 10kg",relay-crop|long-season
1550,Aisha Kariuki|Lindiwe Sarr|Sipho Banda|Imani Toure|Chidi Adeyemi|Sipho Abara|Imani Moyo,Amanzi Valley Seed Co-op,155,"MK 19,834 per 10kg",striga-tolerant|river-basin
1551,Kofi Abara|Omari Nkosi|Chidi Abara|Omari Nkosi|Naledi Abara,Chemba Seed Works,71,"MK 9,285 per 10kg",rotation|hybrid
1552,Baraka Nkosi|Kwame Adeyemi|Chidi Mwangi|Imani Banda,Hawassa Plant Breeding Unit,60,"MK 16,361 per 10kg",rotation|open-pollinated|river-basin
1553,Tendai Sarr|Lindiwe Odhiambo|Zola Toure|Kwame Toure,Sokoto Crop Research Station,129,"MK 10,901 per 10kg",rotation|relay-crop
1556,Baraka Toure|Sipho Sarr|Tendai Toure|Sipho Osei,Amanzi Valley Seed Co-op,153,"MK 18,823 per 10kg",highland|fodder
1557,Mandla Banda|Furaha Mensah|Imani Dlamini|Kofi Nkosi|Lindiwe Banda|Kwame Mwangi|Aisha Adeyemi,Hawassa Plant Breeding Unit,131,"MK 9,535 per 10kg",short-season|open-pollinated
1558,Kwame Okoye|Furaha Mensah|Chidi Okoye|Amara Sarr|Kofi Abara|Sipho Diallo,Kilimani Agricultural College,178,"MK 18,100 per 10kg",fodder|valley-floor
1559,Baraka Toure|Furaha Dlamini|Rudo Adeyemi|Chidi Sarr|Sipho Okoye|Themba Nkosi,Ukulima Seed Institute,172,"MK 15,684 per 10kg",green-manure|export-grade|aphid-resistant
1560,Imani Sarr|Rudo Chirwa|Wanjiru Nkosi|Lindiwe Diallo|Sipho Toure|Rudo Mensah|Sipho Toure|Kwame Toure,Akatsi Horticulture Board,155,"MK 3,164 per 10kg",mechanized|river-basin|green-manure|high-starch
1561,Kwame Adeyemi|Kofi Kariuki|Aisha Osei|Baraka Sarr|Wanjiru Adeyemi|Rudo Nkosi|Aisha Kariuki|Furaha Sarr,Chemba Seed Works,64,"MK 20,412 per 10kg",relay-crop|export-grade
1562,Sipho Adeyemi|Mandla Mwangi|Baraka Sarr|Mandla Banda|Sipho Osei|Sipho Abara,National Grain Programme,96,"MK 5,345 per 10kg",short-season|valley-floor
1563,Themba Osei|Amara Abara|Aisha Mensah|Mandla Osei|Mandla Abara|Mandla Odhiambo,Chemba Seed Works,71,"MK 5,541 per 10kg",fodder|short-season|high-protein
1565,Chidi Nkosi|Lindiwe Osei|Furaha Odhiambo|Aisha Okoye|Sipho Mwangi|Naledi Okoye|Furaha Sarr,Amanzi Valley Seed Co-op,68,"MK 10,008 per 10kg",fodder|export-grade|oil-grade|high-protein
1566,Baraka Sarr|Furaha Toure|Chidi Chirwa|Wanjiru Toure|Naledi Toure|Kofi Nkosi|Chidi Banda,Sokoto Crop Research Station,118,"MK 11,232 per 10kg",high-protein|valley-floor|rotation
1569,Kofi Mensah|Kwame Nkosi|Mandla Moyo|Kwame Kariuki|Amara Chirwa|Zola Adeyemi,Amanzi Valley Seed Co-op,141,"MK 12,156 per 10kg",high-protein|valley-floor
1570,Sipho Abara|Themba Moyo|Chidi Osei|Sipho Adeyemi|Kofi Sarr|Imani Okoye|Mandla Banda|Zola Nkosi,Amanzi Valley Seed Co-op,195,"MK 19,277 per 10kg",hybrid|short-season
1571,Kwame Chirwa|Chidi Diallo|Sipho Abara|Lindiwe Diallo|Lindiwe Mensah|Sipho Nkosi|Mandla Diallo|Aisha Chirwa,Amanzi Valley Seed Co-op,82,"MK 12,302 per 10kg",highland|terraced
1572,Themba Abara|Amara Kariuki|Lindiwe Okoye|Kofi Toure|Kofi Mensah|Amara Moyo,Hawassa Plant Breeding Unit,86,"MK 9,970 per 10kg",high-protein|striga-tolerant
1573,Kwame Moyo|Wanjiru Chirwa|Tendai Nkosi|Amara Odhiambo,National Grain Programme,124,"MK 23,188 per 10kg",rotation|certified-seed|terraced|highland
1574,Themba Nkosi|Naledi Nkosi|Kwame Diallo|Tendai Kariuki|Rudo Mwangi|Wanjiru Abara|Tendai Dlamini,Chemba Seed Works,172,"MK 7,760 per 10kg",lowland|hybrid
1575,Chidi Adeyemi|Kofi Banda|Sipho Chirwa|Baraka Dlamini|Zola Chirwa|Furaha Nkosi|Lindiwe Abara,Kilimani Agricultural College,147,"MK 17,372 per 10kg",lowland|low-rainfall
1576,Mandla Odhiambo|Kwame Abara|Amara Mensah|Aisha Moyo|Lindiwe Mwangi|Kofi Okoye|Lindiwe Toure|Naledi Adeyemi,Ukulima Seed Institute,176,"MK 11,799 per 10kg",open-pollinated|short-season|relay-crop
1577,Amara Okoye|Rudo Odhiambo|Aisha Diallo|Chidi Chirwa|Themba Moyo|Mandla Sarr|Kwame Osei,Hawassa Plant Breeding Unit,180,"MK 15,012 per 10kg",mechanized|relay-crop|open-pollinated|high-starch
1578,Omari Moyo|Naledi Odhiambo|Zola Odhiambo|Omari Dlamini|Furaha Adeyemi|Themba Mwangi|Tendai Odhiambo,Kilimani Agricultural College,104,"MK 13,259 per 10kg",open-pollinated|highland|smallholder
1579,Lindiwe Kariuki|Rudo Chirwa|Kofi Adeyemi|Imani Okoye|Tendai Adeyemi,Sokoto Crop Research Station,88,"MK 19,037 per 10kg",export-grade|relay-crop
1580,Zola Nkosi|Chidi Moyo|Omari Odhiambo|Naledi Kariuki|Aisha Chirwa,Kilimani Agricultural College,172,"MK 3,960 per 10kg",high-protein|rotation|hybrid|smallholder
1581,Kofi Diallo|Lindiwe Okoye|Sipho Moyo|Rudo Adeyemi|Kofi Diallo|Amara Nkosi|Chidi Dlamini,Akatsi Horticulture Board,149,"MK 12,864 per 10kg",long-season|hybrid|fodder|short-season
1583,Aisha Osei|Zola Chirwa|Mandla Chirwa|Chidi Abara|Omari Adeyemi|Kwame Diallo|Omari Odhiambo,Sokoto Crop Research Station,127,"MK 1,983 per 10kg",oil-grade|mechanized|highland
1586,Furaha Osei|Sipho Abara|Furaha Moyo|Baraka Mwangi|Furaha Diallo|Zola Abara,Sokoto Crop Research Station,139,"MK 20,273 per 10kg",hybrid|smallholder|open-pollinated
1587,Furaha Banda|Zola Sarr|Omari Diallo|Kwame Mwangi,National Grain Programme,93,"MK 4,959 per 10kg",aphid-resistant|short-season|valley-floor
1588,Naledi Moyo|Zola Moyo|Themba Moyo|Themba Odhiambo|Amara Moyo|Wanjiru Kariuki|Zola Toure|Baraka Toure,Sokoto Crop Research Station,88,"MK 15,244 per 10kg",long-season|river-basin|aphid-resistant
1589,Aisha Banda|Baraka Mwangi|Furaha Mensah|Tendai Nkosi,National Grain Programme,83,"MK 21,639 per 10kg",high-protein|high-starch|highland
1590,Naledi Banda|Chidi Abara|Tendai Banda|Rudo Okoye|Kwame Mensah|Furaha Mensah|Mandla Kariuki,National Grain Programme,86,"MK 16,902 per 10kg",open-pollinated|highland|hybrid|high-starch
1592,Chidi Nkosi|Lindiwe Odhiambo|Chidi Mwangi|Rudo Osei,Akatsi Horticulture Board,144,"MK 16,527 per 10kg",hybrid|high-starch|lodging-resistant|green-manure
1594,Lindiwe Okoye|Mandla Diallo|Omari Toure|Lindiwe Toure|Baraka Odhiambo|Baraka Dlamini|Omari Banda|Wanjiru Mwangi,Chemba Seed Works,180,"MK 17,201 per 10kg",fodder|certified-seed|high-protein|striga-tolerant
1595,Tendai Moyo|Imani Mwangi|Imani Okoye|Chidi Osei|Naledi Nkosi,Akatsi Horticulture Board,90,"MK 23,135 per 10kg",valley-floor|fodder|oil-grade
1596,Chidi Kariuki|Zola Mensah|Zola Abara|Chidi Osei|Mandla Moyo|Imani Mwangi|Baraka Moyo|Tendai Kariuki,Hawassa Plant Breeding Unit,171,"MK 11,257 per 10kg",open-pollinated|short-season
1597,Tendai Dlamini|Furaha Sarr|Omari Osei|Imani Chirwa|Mandla Odhiambo|Zola Nkosi|Naledi Mensah,Amanzi Valley Seed Co-op,163,"MK 10,800 per 10kg",certified-seed|long-season
1598,Baraka Kariuki|Tendai Okoye|Amara Osei|Aisha Adeyemi|Kwame Adeyemi|Furaha Kariuki|Aisha Mensah,Akatsi Horticulture Board,97,"MK 9,690 per 10kg",striga-tolerant|aphid-resistant
1599,Aisha Diallo|Baraka Sarr|Wanjiru Okoye|Wanjiru Kariuki,Hawassa Plant Breeding Unit,149,"MK 14,559 per 10kg",valley-floor|terraced|highland|low-rainfall
1600,Lindiwe Kariuki|Themba Mensah|Baraka Moyo|Amara Banda|Wanjiru Abara|Omari Banda|Sipho Adeyemi,Sokoto Crop Research Station,150,"MK 4,542 per 10kg",hybrid|oil-grade
1601,Furaha Adeyemi|Omari Chirwa|Rudo Diallo|Wanjiru Odhiambo|Mandla Kariuki|Baraka Abara|Themba Banda,Ukulima Seed Institute,130,"MK 6,201 per 10kg",lodging-resistant|aphid-resistant|low-rainfall|short-season
1602,Omari Kariuki|Baraka Kariuki|Naledi Osei|Sipho Mwangi|Zola Chirwa,Ukulima Seed Institute,119,"MK 6,397 per 10kg",export-grade|green-manure|oil-grade|terraced
1604,Omari Toure|Baraka Banda|Tendai Osei|Naledi Odhiambo|Zola Banda|Tendai Moyo|Amara Mensah|Kofi Moyo,Hawassa Plant Breeding Unit,153,"MK 14,000 per 10kg",certified-seed|high-protein|highland|valley-floor
1605,Naledi Mensah|Rudo Chirwa|Sipho Dlamini|Imani Banda|Kofi Okoye,Chemba Seed Works,119,"MK 4,849 per 10kg",high-protein|low-rainfall|relay-crop|striga-tolerant
1606,Zola Moyo|Wanjiru Sarr|Baraka Osei|Baraka Odhiambo|Baraka Odhiambo|Kofi Chirwa,Sokoto Crop Research Station,69,"MK 1,296 per 10kg",hybrid|mechanized|long-season
1609,Sipho Kariuki|Sipho Mwangi|Wanjiru Moyo|Omari Banda|Sipho Sarr|Themba Diallo|Omari Kariuki,Kilimani Agricultural College,71,"MK 15,894 per 10kg",fodder|mechanized
1610,Kwame Diallo|Furaha Diallo|Kwame Kariuki|Zola Odhiambo|Themba Sarr|Kwame Osei|Kofi Abara,Kilimani Agricultural College,174,"MK 16,771 per 10kg",mechanized|striga-tolerant|fodder
1611,Tendai Adeyemi|Chidi Mwangi|Furaha Okoye|Baraka Dlamini,Chemba Seed Works,102,"MK 6,572 per 10kg",export-grade|open-pollinated|green-manure
1612,Zola Okoye|Kwame Sarr|Lindiwe Moyo|Amara Odhiambo|Lindiwe Osei|Lindiwe Mensah,Chemba Seed Works,174,"MK 10,482 per 10kg",certified-seed|rotation|smallholder
1613,Baraka Toure|Sipho Sarr|Omari Toure|Chidi Chirwa|Tendai Okoye,Hawassa Plant Breeding Unit,165,"MK 24,245 per 10kg",short-season|relay-crop
1614,Imani Nkosi|Naledi Okoye|Mandla Dlamini|Rudo Abara|Kofi Moyo|Rudo Osei|Zola Diallo,Chemba Seed Works,196,"MK 19,407 per 10kg",highland|long-season
1615,Amara Sarr|Amara Chirwa|Rudo Chirwa|Tendai Adeyemi,Sokoto Crop Research Station,97,"MK 6,703 per 10kg",long-season|rotation|river-basin|green-manure
1616,Amara Dlamini|Amara Sarr|Aisha Banda|Naledi Nkosi,Amanzi Valley Seed Co-op,105,"MK 7,624 per 10kg",short-season|export-grade|lowland|striga-tolerant
1617,Lindiwe Moyo|Furaha Osei|Kofi Sarr|Imani Banda|Themba Mensah|Themba Dlamini|Sipho Mwangi|Sipho Nkosi,Kilimani Agricultural College,151,"MK 3,247 per 10kg",river-basin|lodging-resistant|terraced|open-pollinated
1618,Imani Chirwa|Tendai Osei|Lindiwe Okoye|Amara Okoye,Ukulima Seed Institute,156,"MK 13,199 per 10kg",river-basin|export-grade|certified-seed
1619,Naledi Adeyemi|Imani Sarr|Baraka Mwangi|Chidi Odhiambo,Kilimani Agricultural College,156,"MK 15,897 per 10kg",striga-tolerant|valley-floor|fodder|smallholder
1620,Amara Kariuki|Tendai Toure|Omari Adeyemi|Tendai Dlamini|Kwame Adeyemi|Kwame Mensah|Mandla Toure|Sipho Mwangi,Ukulima Seed Institute,161,"MK 22,238 per 10kg",mechanized|rotation|high-protein
1621,Sipho Odhiambo|Naledi Chirwa|Imani Nkosi|Lindiwe Dlamini|Wanjiru Mwangi|Baraka Toure|Sipho Diallo|Tendai Dlamini,Akatsi Horticulture Board,96,"MK 18,993 per 10kg",high-starch|high-protein
1622,Aisha Moyo|Lindiwe Toure|Omari Osei|Furaha Mensah|Omari Toure,Ukulima Seed Institute,102,"MK 5,301 per 10kg",aphid-resistant|mechanized
1624,Naledi Odhiambo|Naledi Diallo|Themba Adeyemi|Omari Toure,National Grain Programme,170,"MK 17,725 per 10kg",green-manure|mechanized
1625,Omari Banda|Mandla Chirwa|Kwame Kariuki|Wanjiru Osei|Kwame Sarr|Kwame Okoye|Lindiwe Odhiambo|Aisha Adeyemi,Kilimani Agricultural College,150,"MK 10,064 per 10kg",aphid-resistant|high-starch|lodging-resistant|river-basin
1626,Baraka Mwangi|Lindiwe Okoye|Kwame Dlamini|Zola Abara|Naledi Osei,Hawassa Plant Breeding Unit,191,"MK 4,732 per 10kg",terraced|highland
1628,Aisha Toure|Chidi Chirwa|Aisha Diallo|Wanjiru Nkosi|Lindiwe Mensah,National Grain Programme,144,"MK 3,132 per 10kg",aphid-resistant|smallholder|high-protein
1629,Aisha Sarr|Omari Nkosi|Imani Banda|Imani Osei|Amara Kariuki|Rudo Banda|Zola Sarr,Chemba Seed Works,95,"MK 14,638 per 10kg",short-season|high-protein
1630,Kofi Adeyemi|Zola Dlamini|Rudo Abara|Aisha Mwangi|Chidi Okoye,Akatsi Horticulture Board,61,"MK 2,265 per 10kg",open-pollinated|oil-grade|terraced|hybrid
1631,Baraka Kariuki|Amara Mensah|Imani Dlamini|Tendai Nkosi|Furaha Mensah,Akatsi Horticulture Board,125,"MK 18,276 per 10kg",valley-floor|smallholder|relay-crop|oil-grade
1632,Chidi Osei|Aisha Kariuki|Lindiwe Diallo|Naledi Okoye|Wanjiru Chirwa|Aisha Chirwa,Kilimani Agricultural College,189,"MK 21,275 per 10kg",mechanized|striga-tolerant
1633,Zola Toure|Imani Chirwa|Amara Adeyemi|Aisha Kariuki|Kwame Toure|Baraka Chirwa,Hawassa Plant Breeding Unit,132,"MK 8,312 per 10kg",green-manure|low-rainfall
1634,Chidi Dlamini|Themba Chirwa|Rudo Mensah|Omari Diallo|Omari Adeyemi|Kofi Nkosi|Kwame Dlamini|Furaha Okoye,National Grain Programme,135,"MK 18,791 per 10kg",aphid-resistant|green-manure|long-season
1635,Kofi Banda|Naledi Dlamini|Tendai Osei|Amara Osei|Lindiwe Adeyemi|Baraka Toure|Themba Abara|Tendai Nkosi,Chemba Seed Works,108,"MK 19,292 per 10kg",short-season|high-starch
1637,Chidi Toure|Baraka Osei|Tendai Chirwa|Tendai Odhiambo|Lindiwe Okoye|Aisha Odhiambo|Furaha Osei|Rudo Sarr,Akatsi Horticulture Board,152,"MK 19,392 per 10kg",highland|valley-floor
1639,Wanjiru Toure|Lindiwe Okoye|Amara Adeyemi|Mandla Banda|Zola Dlamini|Omari Osei|Amara Diallo,Ukulima Seed Institute,171,"MK 6,043 per 10kg",relay-crop|certified-seed
1640,Themba Sarr|Kofi Nkosi|Mandla Diallo|Lindiwe Kariuki|Themba Diallo|Mandla Toure,Chemba Seed Works,101,"MK 18,180 per 10kg",high-protein|valley-floor
1641,Kwame Moyo|Tendai Moyo|Baraka Moyo|Tendai Mwangi|Zola Toure,Kilimani Agricultural College,67,"MK 7,447 per 10kg",aphid-resistant|export-grade|certified-seed|lowland
1642,Themba Mensah|Naledi Moyo|Tendai Odhiambo|Kofi Sarr|Kofi Abara|Sipho Banda|Amara Sarr|Themba Abara,National Grain Programme,149,"MK 16,759 per 10kg",valley-floor|aphid-resistant
1643,Imani Toure|Zola Kariuki|Baraka Odhiambo|Lindiwe Okoye|Lindiwe Abara|Sipho Chirwa,Ukulima Seed Institute,109,"MK 11,327 per 10kg",highland|certified-seed|green-manure|long-season
1647,Wanjiru Kariuki|Kwame Moyo|Chidi Diallo|Amara Mensah,Ukulima Seed Institute,75,"MK 13,603 per 10kg",fodder|rotation|short-season
1648,Aisha Banda|Zola Odhiambo|Omari Odhiambo|Rudo Moyo|Omari Nkosi,National Grain Programme,190,"MK 24,391 per 10kg",mechanized|high-starch|hybrid
1649,Kwame Nkosi|Kofi Diallo|Aisha Okoye|Kofi Sarr,Ukulima Seed Institute,98,"MK 13,986 per 10kg",mechanized|export-grade|lodging-resistant|long-season
1651,Aisha Abara|Baraka Toure|Mandla Sarr|Wanjiru Okoye|Wanjiru Dlamini|Zola Moyo,Ukulima Seed Institute,100,"MK 19,205 per 10kg",hybrid|certified-seed|striga-tolerant
1652,Baraka Mensah|Amara Dlamini|Themba Chirwa|Mandla Dlamini|Sipho Nkosi|Kofi Toure|Wanjiru Mensah,Amanzi Valley Seed Co-op,106,"MK 5,240 per 10kg",fodder|rotation
1653,Furaha Chirwa|Rudo Chirwa|Kwame Mensah|Themba Chirwa|Kofi Osei|Zola Kariuki|Furaha Osei|Mandla Moyo,Sokoto Crop Research Station,61,"MK 6,328 per 10kg",smallholder|highland
1654,Kwame Toure|Chidi Banda|Furaha Okoye|Kofi Kariuki|Naledi Dlamini,Akatsi Horticulture Board,84,"MK 24,681 per 10kg",short-season|rotation
1655,Tendai Nkosi|Tendai Okoye|Baraka Kariuki|Tendai Abara|Chidi Odhiambo|Zola Adeyemi|Kwame Nkosi,Amanzi Valley Seed Co-op,191,"MK 11,224 per 10kg",oil-grade|high-starch
1656,Tendai Dlamini|Wanjiru Diallo|Rudo Mensah|Kofi Kariuki|Themba Banda|Mandla Osei|Lindiwe Osei|Amara Adeyemi,Akatsi Horticulture Board,181,"MK 16,813 per 10kg",export-grade|highland
1657,Furaha Osei|Naledi Mwangi|Furaha Chirwa|Sipho Adeyemi|Amara Adeyemi|Chidi Okoye,Kilimani Agricultural College,65,"MK 3,038 per 10kg",hybrid|long-season
1658,Omari Abara|Naledi Mwangi|Kofi Diallo|Imani Diallo|Wanjiru Kariuki|Chidi Banda|Kwame Mwangi,Sokoto Crop Research Station,159,"MK 6,989 per 10kg",open-pollinated|striga-tolerant
1659,Tendai Osei|Kofi Mensah|Amara Adeyemi|Sipho Dlamini|Imani Chirwa|Baraka Banda|Naledi Okoye|Lindiwe Toure,Akatsi Horticulture Board,173,"MK 11,895 per 10kg",long-season|high-starch|aphid-resistant
1660,Aisha Kariuki|Zola Dlamini|Amara Chirwa|Aisha Sarr|Mandla Nkosi|Wanjiru Sarr|Amara Adeyemi|Lindiwe Osei,Ukulima Seed Institute,176,"MK 12,919 per 10kg",valley-floor|terraced|oil-grade|lodging-resistant
1661,Amara Moyo|Imani Mwangi|Kofi Toure|Omari Adeyemi|Mandla Odhiambo|Aisha Kariuki,Akatsi Horticulture Board,71,"MK 18,507 per 10kg",rotation|aphid-resistant
1662,Kwame Dlamini|Mandla Abara|Omari Abara|Kwame Dlamini|Omari Sarr|Kwame Dlamini,Akatsi Horticulture Board,147,"MK 5,332 per 10kg",fodder|low-rainfall
1663,Omari Dlamini|Naledi Odhiambo|Kwame Moyo|Rudo Sarr|Wanjiru Dlamini|Tendai Osei|Sipho Chirwa,Sokoto Crop Research Station,65,"MK 1,786 per 10kg",terraced|lowland
1664,Furaha Dlamini|Themba Abara|Omari Abara|Imani Chirwa|Kwame Osei,Chemba Seed Works,104,"MK 20,885 per 10kg",green-manure|lowland
1665,Imani Diallo|Tendai Mensah|Omari Mwangi|Chidi Mensah|Themba Dlamini|Furaha Diallo|Zola Abara,Ukulima Seed Institute,60,"MK 6,840 per 10kg",fodder|export-grade
1666,Tendai Okoye|Themba Banda|Aisha Toure|Zola Adeyemi|Aisha Odhiambo|Sipho Kariuki|Kwame Moyo,Hawassa Plant Breeding Unit,179,"MK 19,896 per 10kg",smallholder|short-season
1667,Zola Odhiambo|Naledi Kariuki|Kwame Kariuki|Themba Okoye,Hawassa Plant Breeding Unit,151,"MK 9,917 per 10kg",fodder|aphid-resistant|open-pollinated|river-basin
1668,Rudo Kariuki|Amara Moyo|Tendai Kariuki|Aisha Toure,Sokoto Crop Research Station,81,"MK 21,055 per 10kg",long-season|open-pollinated|valley-floor|green-manure
1669,Sipho Banda|Aisha Toure|Omari Nkosi|Furaha Diallo|Sipho Toure|Mandla Diallo|Baraka Osei,Chemba Seed Works,147,"MK 5,257 per 10kg",low-rainfall|high-starch
1670,Lindiwe Diallo|Lindiwe Adeyemi|Kwame Nkosi|Chidi Diallo|Baraka Dlamini,Ukulima Seed Institute,77,"MK 11,346 per 10kg",hybrid|river-basin|mechanized
1671,Zola Okoye|Baraka Abara|Naledi Dlamini|Wanjiru Chirwa|Imani Toure|Aisha Kariuki,Amanzi Valley Seed Co-op,155,"MK 21,262 per 10kg",open-pollinated|river-basin|aphid-resistant
1672,Rudo Sarr|Zola Banda|Baraka Mwangi|Furaha Chirwa|Kofi Moyo|Wanjiru Diallo,National Grain Programme,74,"MK 1,729 per 10kg",certified-seed|smallholder
1673,Zola Moyo|Mandla Dlamini|Aisha Kariuki|Wanjiru Nkosi|Kofi Chirwa,Amanzi Valley Seed Co-op,183,"MK 11,386 per 10kg",short-season|striga-tolerant
1674,Lindiwe Abara|Themba Diallo|Amara Moyo|Amara Chirwa|Kofi Moyo,Sokoto Crop Research Station,150,"MK 17,114 per 10kg",fodder|valley-floor|striga-tolerant
1675,Furaha Kariuki|Mandla Banda|Sipho Nkosi|Imani Okoye|Chidi Okoye|Kwame Mwangi,Sokoto Crop Research Station,94,"MK 22,740 per 10kg",terraced|valley-floor
1676,Themba Diallo|Amara Dlamini|Kwame Kariuki|Tendai Banda|Furaha Osei|Omari Banda|Furaha Osei|Imani Adeyemi,National Grain Programme,167,"MK 4,441 per 10kg",low-rainfall|fodder|rotation|aphid-resistant
1678,Sipho Nkosi|Tendai Chirwa|Sipho Nkosi|Sipho Mensah|Naledi Diallo|Amara Diallo|Omari Odhiambo|Mandla Dlamini,National Grain Programme,68,"MK 8,068 per 10kg",short-season|high-starch
1679,Lindiwe Odhiambo|Mandla Toure|Tendai Abara|Tendai Dlamini|Aisha Mensah|Kwame Kariuki|Lindiwe Adeyemi,National Grain Programme,178,"MK 23,401 per 10kg",mechanized|highland|lowland
1680,Kwame Dlamini|Baraka Sarr|Omari Chirwa|Baraka Kariuki,Amanzi Valley Seed Co-op,134,"MK 14,135 per 10kg",smallholder|green-manure|high-protein
1681,Zola Adeyemi|Zola Abara|Tendai Odhiambo|Mandla Sarr,Chemba Seed Works,68,"MK 22,578 per 10kg",lodging-resistant|oil-grade|river-basin|high-protein
1682,Baraka Mwangi|Tendai Nkosi|Amara Okoye|Rudo Okoye|Amara Odhiambo|Themba Sarr|Kwame Diallo,Amanzi Valley Seed Co-op,73,"MK 16,495 per 10kg",high-protein|export-grade
1685,Kwame Nkosi|Themba Banda|Kofi Kariuki|Amara Nkosi|Chidi Kariuki|Naledi Mensah,Akatsi Horticulture Board,179,"MK 19,073 per 10kg",valley-floor|highland
1687,Aisha Adeyemi|Themba Chirwa|Baraka Toure|Kwame Odhiambo|Baraka Nkosi|Sipho Sarr|Wanjiru Dlamini,Hawassa Plant Breeding Unit,163,"MK 7,215 per 10kg",fodder|export-grade|river-basin
1688,Kwame Dlamini|Mandla Mwangi|Baraka Osei|Zola Adeyemi|Furaha Sarr,National Grain Programme,193,"MK 14,386 per 10kg",river-basin|lowland
1690,Imani Osei|Wanjiru Sarr|Chidi Okoye|Wanjiru Kariuki|Sipho Dlamini,Chemba Seed Works,92,MK 968 per 10kg,lodging-resistant|export-grade|aphid-resistant|hybrid
1691,Zola Kariuki|Tendai Mensah|Baraka Mwangi|Kwame Okoye|Kwame Nkosi,Ukulima Seed Institute,86,"MK 11,033 per 10kg",high-starch|high-protein|green-manure
1692,Lindiwe Odhiambo|Omari Adeyemi|Zola Banda|Tendai Toure|Lindiwe Chirwa,Sokoto Crop Research Station,142,"MK 9,881 per 10kg",high-starch|valley-floor|mechanized|lowland
1693,Baraka Banda|Aisha Osei|Omari Diallo|Rudo Diallo|Baraka Moyo|Aisha Sarr|Themba Nkosi,Amanzi Valley Seed Co-op,109,"MK 14,939 per 10kg",striga-tolerant|lodging-resistant|low-rainfall
1694,Imani Kariuki|Rudo Mensah|Furaha Chirwa|Tendai Okoye|Sipho Chirwa|Kofi Nkosi|Tendai Odhiambo|Sipho Okoye,Ukulima Seed Institute,181,"MK 3,632 per 10kg",smallholder|oil-grade|export-grade|open-pollinated
1695,Imani Adeyemi|Kofi Mwangi|Tendai Nkosi|Baraka Chirwa|Lindiwe Banda|Lindiwe Kariuki|Lindiwe Odhiambo|Naledi Mwangi,Hawassa Plant Breeding Unit,109,"MK 23,442 per 10kg",highland|short-season
1697,Lindiwe Diallo|Naledi Adeyemi|Baraka Chirwa|Themba Sarr|Kofi Kariuki|Baraka Diallo,Hawassa Plant Breeding Unit,70,"MK 20,051 per 10kg",rotation|long-season|green-manure|high-protein
1698,Furaha Kariuki|Kofi Chirwa|Wanjiru Osei|Imani Diallo|Kwame Sarr|Imani Diallo,Amanzi Valley Seed Co-op,130,"MK 4,176 per 10kg",lowland|river-basin|striga-tolerant|oil-grade
1699,Kofi Abara|Rudo Nkosi|Lindiwe Okoye|Imani Diallo|Naledi Toure|Aisha Moyo,Chemba Seed Works,145,"MK 15,251 per 10kg",oil-grade|mechanized
1700,Amara Moyo|Wanjiru Okoye|Lindiwe Dlamini|Rudo Odhiambo|Rudo Odhiambo|Baraka Osei,Hawassa Plant Breeding Unit,71,"MK 8,073 per 10kg",striga-tolerant|oil-grade
1702,Omari Sarr|Zola Toure|Omari Odhiambo|Chidi Toure|Chidi Banda|Kwame Banda|Chidi Diallo|Themba Adeyemi,Akatsi Horticulture Board,113,"MK 17,031 per 10kg",mechanized|aphid-resistant
1703,Amara Adeyemi|Mandla Sarr|Furaha Adeyemi|Wanjiru Chirwa|Lindiwe Adeyemi|Wanjiru Chirwa|Sipho Moyo|Chidi Banda,Ukulima Seed Institute,156,"MK 20,755 per 10kg",aphid-resistant|certified-seed|high-protein
1704,Naledi Odhiambo|Chidi Chirwa|Themba Adeyemi|Kwame Moyo|Kwame Adeyemi|Mandla Mensah|Themba Chirwa|Chidi Osei,Kilimani Agricultural College,119,"MK 3,906 per 10kg",rotation|open-pollinated|mechanized
1705,Aisha Abara|Amara Mensah|Kwame Nkosi|Baraka Kariuki|Kofi Diallo|Sipho Osei|Baraka Sarr,Ukulima Seed Institute,173,"MK 3,963 per 10kg",fodder|lowland|open-pollinated
1706,Wanjiru Okoye|Themba Toure|Kwame Nkosi|Aisha Mensah|Kwame Abara|Kwame Nkosi|Chidi Diallo,National Grain Programme,67,"MK 12,196 per 10kg",long-season|river-basin
1708,Chidi Mwangi|Wanjiru Okoye|Lindiwe Kariuki|Omari Banda|Tendai Adeyemi|Amara Adeyemi|Zola Odhiambo|Sipho Moyo,Kilimani Agricultural College,183,"MK 7,001 per 10kg",hybrid|high-starch|export-grade|certified-seed
1709,Rudo Moyo|Aisha Moyo|Rudo Mwangi|Zola Odhiambo|Furaha Sarr|Lindiwe Dlamini|Themba Nkosi,Chemba Seed Works,168,"MK 2,061 per 10kg",low-rainfall|striga-tolerant|rotation|high-protein
1711,Chidi Dlamini|Zola Sarr|Naledi Okoye|Tendai Osei|Baraka Mensah,Ukulima Seed Institute,175,"MK 22,172 per 10kg",mechanized|smallholder
1712,Kofi Banda|Themba Osei|Wanjiru Sarr|Kwame Odhiambo|Zola Kariuki|Omari Kariuki|Zola Mensah,Chemba Seed Works,146,"MK 5,143 per 10kg",lodging-resistant|oil-grade|terraced|high-starch
1715,Baraka Adeyemi|Omari Odhiambo|Sipho Odhiambo|Kofi Adeyemi|Amara Banda|Imani Mensah|Wanjiru Sarr,Chemba Seed Works,95,"MK 10,265 per 10kg",highland|oil-grade|lowland|relay-crop
1716,Wanjiru Sarr|Lindiwe Mensah|Kofi Banda|Aisha Chirwa|Kofi Okoye|Naledi Nkosi|Themba Mwangi|Chidi Diallo,Chemba Seed Works,131,"MK 23,625 per 10kg",smallholder|lowland
1717,Omari Adeyemi|Lindiwe Sarr|Baraka Adeyemi|Omari Banda|Chidi Moyo|Zola Toure|Naledi Moyo,Chemba Seed Works,102,"MK 11,442 per 10kg",terraced|high-protein|short-season|fodder
1719,Imani Kariuki|Lindiwe Sarr|Kofi Nkosi|Mandla Mensah,Amanzi Valley Seed Co-op,123,"MK 5,405 per 10kg",low-rainfall|rotation|export-grade
1720,Naledi Moyo|Omari Mensah|Lindiwe Kariuki|Chidi Abara|Imani Diallo|Chidi Toure|Omari Toure|Lindiwe Banda,Kilimani Agricultural College,140,"MK 24,008 per 10kg",low-rainfall|smallholder|lowland
1722,Sipho Mensah|Zola Moyo|Baraka Abara|Amara Sarr|Furaha Adeyemi,Hawassa Plant Breeding Unit,158,"MK 3,565 per 10kg",short-season|oil-grade|low-rainfall|terraced
1723,Lindiwe Mwangi|Furaha Chirwa|Furaha Moyo|Kofi Toure|Omari Sarr,Ukulima Seed Institute,112,"MK 10,075 per 10kg",striga-tolerant|aphid-resistant
1724,Themba Odhiambo|Mandla Diallo|Naledi Dlamini|Chidi Nkosi|Zola Chirwa|Omari Odhiambo|Rudo Mensah,Hawassa Plant Breeding Unit,70,"MK 16,404 per 10kg",aphid-resistant|green-manure
1725,Imani Abara|Wanjiru Adeyemi|Aisha Okoye|Wanjiru Banda,Hawassa Plant Breeding Unit,101,"MK 18,719 per 10kg",low-rainfall|river-basin
1726,Tendai Toure|Kwame Chirwa|Chidi Okoye|Rudo Toure|Zola Mensah,Chemba Seed Works,63,"MK 10,141 per 10kg",lodging-resistant|highland|hybrid
1727,Themba Dlamini|Furaha Odhiambo|Baraka Mensah|Sipho Odhiambo|Baraka Banda,Sokoto Crop Research Station,83,"MK 22,144 per 10kg",long-season|export-grade|low-rainfall|aphid-resistant
1728,Tendai Dlamini|Sipho Diallo|Kofi Nkosi|Zola Diallo|Themba Chirwa|Wanjiru Odhiambo,Sokoto Crop Research Station,194,"MK 20,657 per 10kg",export-grade|mechanized
1729,Sipho Adeyemi|Sipho Moyo|Themba Mensah|Rudo Kariuki|Tendai Banda|Kwame Banda,Ukulima Seed Institute,192,"MK 8,942 per 10kg",certified-seed|rotation|long-season
1730,Wanjiru Moyo|Kwame Mensah|Lindiwe Banda|Tendai Mensah|Furaha Banda,Akatsi Horticulture Board,162,"MK 21,093 per 10kg",certified-seed|highland|aphid-resistant|river-basin
1731,Kwame Dlamini|Amara Osei|Furaha Diallo|Themba Okoye|Naledi Odhiambo|Aisha Kariuki,Chemba Seed Works,160,"MK 18,200 per 10kg",mechanized|export-grade|terraced|smallholder
1732,Omari Nkosi|Imani Adeyemi|Baraka Diallo|Omari Chirwa|Lindiwe Toure|Amara Sarr,Hawassa Plant Breeding Unit,198,"MK 16,277 per 10kg",fodder|striga-tolerant|highland
1733,Aisha Odhiambo|Wanjiru Okoye|Kwame Dlamini|Imani Odhiambo|Naledi Dlamini|Kofi Osei|Rudo Okoye,Akatsi Horticulture Board,167,"MK 20,342 per 10kg",fodder|short-season
1734,Zola Diallo|Lindiwe Banda|Chidi Diallo|Chidi Banda|Wanjiru Sarr|Mandla Mensah|Rudo Odhiambo,Sokoto Crop Research Station,117,"MK 20,121 per 10kg",lowland|high-protein|valley-floor|rotation
1735,Amara Moyo|Amara Nkosi|Zola Chirwa|Naledi Nkosi|Mandla Mensah|Themba Diallo|Amara Mwangi|Wanjiru Nkosi,National Grain Programme,87,"MK 12,365 per 10kg",rotation|green-manure
1736,Zola Nkosi|Lindiwe Adeyemi|Zola Abara|Kwame Mensah|Naledi Adeyemi,Sokoto Crop Research Station,189,"MK 17,328 per 10kg",long-season|aphid-resistant
1737,Baraka Kariuki|Omari Dlamini|Zola Sarr|Rudo Chirwa,Chemba Seed Works,116,"MK 21,591 per 10kg",long-season|rotation|aphid-resistant|low-rainfall
1738,Mandla Mensah|Baraka Banda|Omari Odhiambo|Themba Diallo|Rudo Nkosi|Aisha Mwangi|Lindiwe Nkosi,National Grain Programme,79,"MK 3,221 per 10kg",low-rainfall|high-protein|fodder|oil-grade
1739,Baraka Adeyemi|Lindiwe Sarr|Lindiwe Kariuki|Amara Mwangi|Tendai Chirwa,Kilimani Agricultural College,114,"MK 14,413 per 10kg",green-manure|striga-tolerant|relay-crop
1740,Sipho Mensah|Kwame Abara|Furaha Dlamini|Furaha Toure|Themba Mensah,Akatsi Horticulture Board,94,"MK 2,069 per 10kg",export-grade|smallholder|valley-floor
1741,Themba Sarr|Amara Diallo|Aisha Okoye|Kofi Moyo,Sokoto Crop Research Station,182,"MK 20,894 per 10kg",smallholder|long-season|lowland
1742,Kofi Adeyemi|Kwame Sarr|Tendai Mensah|Furaha Adeyemi|Furaha Adeyemi,Kilimani Agricultural College,147,"MK 22,433 per 10kg",river-basin|lowland|long-season
1743,Omari Nkosi|Sipho Chirwa|Rudo Odhiambo|Furaha Mensah,Ukulima Seed Institute,165,"MK 24,942 per 10kg",river-basin|hybrid|long-season
1744,Omari Abara|Chidi Osei|Furaha Toure|Omari Chirwa|Mandla Banda,Sokoto Crop Research Station,181,"MK 23,247 per 10kg",striga-tolerant|mechanized|low-rainfall
1745,Lindiwe Nkosi|Omari Sarr|Themba Odhiambo|Zola Chirwa|Lindiwe Toure|Furaha Abara|Chidi Adeyemi|Furaha Moyo,Amanzi Valley Seed Co-op,63,"MK 19,491 per 10kg",short-season|high-starch|fodder
1746,Themba Mensah|Omari Dlamini|Rudo Mwangi|Amara Moyo|Imani Mwangi|Furaha Sarr,National Grain Programme,62,"MK 5,186 per 10kg",lodging-resistant|long-season
1747,Themba Moyo|Omari Adeyemi|Kofi Chirwa|Lindiwe Mwangi|Rudo Sarr|Naledi Moyo|Kofi Abara|Sipho Abara,Kilimani Agricultural College,123,"MK 14,296 per 10kg",highland|striga-tolerant|fodder|river-basin
1748,Imani Nkosi|Baraka Mwangi|Wanjiru Banda|Mandla Chirwa|Omari Toure|Themba Adeyemi|Sipho Mensah|Naledi Odhiambo,Ukulima Seed Institute,87,"MK 15,961 per 10kg",rotation|river-basin
1749,Sipho Odhiambo|Furaha Osei|Furaha Mensah|Amara Mensah|Kwame Odhiambo|Mandla Dlamini|Baraka Mensah,Sokoto Crop Research Station,158,"MK 12,212 per 10kg",river-basin|high-starch
1750,Baraka Abara|Baraka Abara|Tendai Abara|Rudo Okoye|Wanjiru Abara|Themba Kariuki|Omari Toure,Ukulima Seed Institute,150,"MK 17,246 per 10kg",highland|aphid-resistant|hybrid
1751,Omari Osei|Sipho Mwangi|Wanjiru Nkosi|Naledi Mensah|Baraka Mensah|Themba Kariuki,Akatsi Horticulture Board,161,"MK 24,911 per 10kg",high-protein|open-pollinated
1752,Baraka Odhiambo|Tendai Mensah|Sipho Toure|Baraka Odhiambo|Chidi Kariuki,National Grain Programme,99,"MK 23,494 per 10kg",terraced|river-basin|mechanized|aphid-resistant
1753,Themba Osei|Wanjiru Moyo|Wanjiru Diallo|Omari Chirwa,Chemba Seed Works,191,"MK 19,627 per 10kg",oil-grade|smallholder
1754,Lindiwe Sarr|Wanjiru Mwangi|Lindiwe Toure|Omari Diallo|Zola Okoye|Kwame Mwangi|Naledi Mwangi,Sokoto Crop Research Station,198,"MK 17,189 per 10kg",export-grade|aphid-resistant
1756,Tendai Okoye|Aisha Nkosi|Tendai Odhiambo|Furaha Dlamini|Baraka Chirwa|Kofi Mwangi|Rudo Mwangi,National Grain Programme,73,"MK 13,149 per 10kg",certified-seed|long-season|valley-floor|smallholder
1758,Kwame Moyo|Aisha Osei|Lindiwe Mwangi|Imani Banda|Themba Toure|Aisha Okoye|Furaha Banda,Akatsi Horticulture Board,167,"MK 16,421 per 10kg",mechanized|green-manure|relay-crop|rotation
1759,Lindiwe Nkosi|Zola Okoye|Kwame Mensah|Chidi Mwangi|Wanjiru Mwangi|Rudo Mwangi,Chemba Seed Works,127,"MK 9,682 per 10kg",valley-floor|short-season
1760,Tendai Mwangi|Kwame Odhiambo|Tendai Diallo|Kwame Moyo|Amara Sarr|Tendai Okoye,Hawassa Plant Breeding Unit,113,MK 861 per 10kg,mechanized|high-starch
1761,Lindiwe Diallo|Omari Osei|Tendai Abara|Zola Abara|Tendai Moyo|Naledi Kariuki,National Grain Programme,146,"MK 20,874 per 10kg",lowland|green-manure|valley-floor|mechanized
1762,Naledi Abara|Kofi Abara|Rudo Okoye|Kwame Okoye,Kilimani Agricultural College,82,"MK 15,589 per 10kg",short-season|fodder
1763,Chidi Osei|Aisha Sarr|Sipho Mwangi|Omari Nkosi|Wanjiru Mensah|Lindiwe Abara|Baraka Okoye|Aisha Mwangi,Ukulima Seed Institute,181,"MK 22,490 per 10kg",terraced|low-rainfall
1764,Wanjiru Kariuki|Themba Moyo|Sipho Osei|Chidi Toure|Lindiwe Toure,Amanzi Valley Seed Co-op,184,"MK 22,970 per 10kg",terraced|high-starch|short-season
1765,Amara Banda|Lindiwe Diallo|Aisha Chirwa|Sipho Sarr|Amara Diallo|Rudo Moyo|Kofi Moyo|Omari Chirwa,Amanzi Valley Seed Co-op,70,"MK 14,688 per 10kg",long-season|hybrid|smallholder
1766,Furaha Banda|Rudo Kariuki|Themba Chirwa|Omari Toure|Baraka Abara|Imani Nkosi,Ukulima Seed Institute,194,"MK 19,000 per 10kg",aphid-resistant|relay-crop|oil-grade|terraced
1767,Naledi Okoye|Tendai Dlamini|Naledi Dlamini|Rudo Banda|Lindiwe Adeyemi|Omari Chirwa,National Grain Programme,193,"MK 24,156 per 10kg",highland|mechanized
1768,Omari Mwangi|Lindiwe Mensah|Imani Chirwa|Sipho Toure,Chemba Seed Works,132,"MK 15,207 per 10kg",long-season|striga-tolerant|river-basin
1769,Sipho Moyo|Imani Osei|Lindiwe Sarr|Rudo Sarr|Kofi Chirwa,Ukulima Seed Institute,107,"MK 11,844 per 10kg",relay-crop|oil-grade
1770,Aisha Sarr|Baraka Sarr|Furaha Odhiambo|Wanjiru Kariuki|Sipho Okoye|Zola Adeyemi|Themba Odhiambo|Naledi Odhiambo,Akatsi Horticulture Board,172,"MK 10,570 per 10kg",lodging-resistant|aphid-resistant
1771,Tendai Mwangi|Rudo Mwangi|Sipho Odhiambo|Kofi Toure|Amara Kariuki,Chemba Seed Works,174,"MK 22,641 per 10kg",aphid-resistant|high-starch|export-grade
1772,Baraka Osei|Amara Mensah|Tendai Okoye|Baraka Nkosi|Themba Moyo,Amanzi Valley Seed Co-op,127,"MK 20,439 per 10kg",terraced|mechanized
1773,Omari Moyo|Mandla Diallo|Kofi Diallo|Furaha Mwangi|Wanjiru Mensah,National Grain Programme,90,"MK 19,742 per 10kg",lodging-resistant|smallholder
1774,Tendai Moyo|Aisha Toure|Mandla Toure|Furaha Moyo,National Grain Programme,149,"MK 8,056 per 10kg",fodder|long-season|oil-grade|highland
1775,Kofi Banda|Imani Diallo|Tendai Toure|Kwame Adeyemi,National Grain Programme,89,"MK 13,821 per 10kg",open-pollinated|river-basin|hybrid|lodging-resistant
1776,Baraka Dlamini|Kwame Mensah|Omari Dlamini|Mandla Chirwa|Wanjiru Dlamini|Furaha Diallo,National Grain Programme,79,"MK 15,492 per 10kg",terraced|relay-crop
1777,Sipho Chirwa|Chidi Moyo|Mandla Nkosi|Lindiwe Banda|Furaha Abara|Tendai Mensah|Wanjiru Kariuki,Ukulima Seed Institute,131,"MK 20,438 per 10kg",short-season|hybrid
1778,Mandla Kariuki|Imani Banda|Wanjiru Osei|Kwame Moyo|Baraka Diallo,National Grain Programme,126,"MK 13,677 per 10kg",highland|rotation|certified-seed
1779,Kwame Odhiambo|Imani Sarr|Furaha Dlamini|Imani Diallo|Themba Okoye|Zola Osei|Aisha Mwangi,Amanzi Valley Seed Co-op,130,"MK 7,664 per 10kg",open-pollinated|smallholder|lodging-resistant|high-protein
1780,Baraka Nkosi|Furaha Odhiambo|Kwame Abara|Themba Mwangi|Kwame Dlamini|Kofi Toure|Amara Okoye,Akatsi Horticulture Board,125,"MK 17,800 per 10kg",river-basin|valley-floor|lowland|mechanized
1781,Naledi Dlamini|Sipho Mensah|Amara Diallo|Omari Sarr,Ukulima Seed Institute,120,"MK 3,593 per 10kg",smallholder|fodder|rotation
1782,Chidi Kariuki|Rudo Moyo|Kwame Odhiambo|Imani Diallo|Imani Sarr|Imani Toure|Kofi Osei|Naledi Okoye,Kilimani Agricultural College,102,"MK 5,278 per 10kg",relay-crop|hybrid|open-pollinated
1783,Furaha Odhiambo|Furaha Sarr|Chidi Nkosi|Lindiwe Moyo|Furaha Chirwa|Furaha Okoye,Chemba Seed Works,184,"MK 22,278 per 10kg",rotation|lodging-resistant|highland
1784,Imani Nkosi|Chidi Toure|Imani Diallo|Naledi Mensah,Chemba Seed Works,191,"MK 5,191 per 10kg",long-season|valley-floor
1785,Themba Mensah|Sipho Diallo|Mandla Toure|Lindiwe Moyo|Rudo Okoye|Imani Okoye|Chidi Chirwa,National Grain Programme,133,"MK 12,397 per 10kg",highland|high-starch|short-season
1786,Tendai Okoye|Themba Kariuki|Kwame Odhiambo|Aisha Odhiambo,Hawassa Plant Breeding Unit,76,"MK 12,328 per 10kg",rotation|relay-crop|mechanized
1787,Lindiwe Adeyemi|Lindiwe Dlamini|Chidi Banda|Naledi Mwangi,Ukulima Seed Institute,86,"MK 15,345 per 10kg",hybrid|short-season|high-protein|terraced
1788,Aisha Abara|Kwame Banda|Omari Adeyemi|Imani Abara|Amara Okoye|Mandla Adeyemi|Mandla Diallo|Aisha Diallo,Hawassa Plant Breeding Unit,150,"MK 14,291 per 10kg",terraced|valley-floor|relay-crop|lodging-resistant
1789,Baraka Mensah|Naledi Odhiambo|Zola Chirwa|Furaha Mensah|Baraka Okoye|Wanjiru Okoye,Hawassa Plant Breeding Unit,103,"MK 8,152 per 10kg",mechanized|high-starch|short-season
1790,Rudo Toure|Furaha Kariuki|Amara Chirwa|Sipho Sarr|Baraka Odhiambo|Amara Adeyemi|Kwame Abara|Baraka Nkosi,Kilimani Agricultural College,190,"MK 15,576 per 10kg",terraced|mechanized
1791,Amara Osei|Amara Abara|Lindiwe Okoye|Tendai Dlamini|Kofi Adeyemi|Baraka Mwangi,Sokoto Crop Research Station,181,"MK 9,746 per 10kg",oil-grade|relay-crop|long-season|rotation
1792,Sipho Diallo|Wanjiru Moyo|Aisha Mwangi|Omari Okoye|Furaha Mwangi,Hawassa Plant Breeding Unit,60,"MK 22,555 per 10kg",export-grade|hybrid|striga-tolerant
1794,Kofi Kariuki|Amara Chirwa|Themba Moyo|Kofi Mensah,Sokoto Crop Research Station,69,"MK 5,725 per 10kg",hybrid|oil-grade|short-season|river-basin
1795,Zola Abara|Zola Okoye|Sipho Odhiambo|Amara Odhiambo|Amara Mensah|Omari Osei|Wanjiru Okoye,Hawassa Plant Breeding Unit,147,"MK 22,275 per 10kg",highland|river-basin|terraced|striga-tolerant
1796,Furaha Chirwa|Zola Adeyemi|Mandla Moyo|Mandla Dlamini|Mandla Sarr|Omari Chirwa|Amara Mensah,Sokoto Crop Research Station,194,"MK 6,899 per 10kg",short-season|fodder
1797,Amara Abara|Imani Mensah|Aisha Mwangi|Furaha Adeyemi|Kofi Osei|Mandla Chirwa|Wanjiru Toure|Wanjiru Dlamini,Kilimani Agricultural College,75,"MK 22,480 per 10kg",high-protein|certified-seed|low-rainfall|hybrid
1800,Chidi Nkosi|Chidi Moyo|Imani Odhiambo|Naledi Banda,Amanzi Valley Seed Co-op,95,"MK 20,647 per 10kg",terraced|hybrid|export-grade|certified-seed
1801,Imani Dlamini|Tendai Osei|Tendai Sarr|Kofi Dlamini|Chidi Okoye|Furaha Chirwa,Hawassa Plant Breeding Unit,150,"MK 19,115 per 10kg",highland|relay-crop
1802,Amara Kariuki|Sipho Mwangi|Amara Sarr|Amara Abara|Omari Nkosi|Sipho Moyo|Baraka Moyo|Chidi Kariuki,Kilimani Agricultural College,64,"MK 16,258 per 10kg",relay-crop|highland|lowland
1803,Chidi Osei|Sipho Okoye|Rudo Mensah|Lindiwe Mwangi|Omari Osei|Chidi Kariuki|Themba Osei|Zola Osei,Amanzi Valley Seed Co-op,137,"MK 7,729 per 10kg",hybrid|rotation
1804,Sipho Dlamini|Chidi Okoye|Kofi Nkosi|Mandla Moyo,Ukulima Seed Institute,105,"MK 7,991 per 10kg",terraced|open-pollinated
1805,Zola Banda|Imani Mwangi|Kofi Mwangi|Wanjiru Abara|Kwame Chirwa|Baraka Sarr,Akatsi Horticulture Board,133,"MK 12,068 per 10kg",terraced|short-season|smallholder
1806,Wanjiru Moyo|Sipho Nkosi|Kwame Sarr|Kwame Sarr,National Grain Programme,111,"MK 7,329 per 10kg",hybrid|terraced|high-starch|low-rainfall
1807,Furaha Adeyemi|Amara Banda|Baraka Moyo|Aisha Banda|Aisha Osei|Aisha Mwangi|Mandla Mensah,Ukulima Seed Institute,70,"MK 13,407 per 10kg",hybrid|short-season
1808,Chidi Mwangi|Rudo Nkosi|Tendai Nkosi|Tendai Okoye,Sokoto Crop Research Station,98,"MK 3,060 per 10kg",long-season|hybrid
1809,Sipho Sarr|Chidi Sarr|Baraka Mwangi|Furaha Osei,Kilimani Agricultural College,133,"MK 18,423 per 10kg",lodging-resistant|hybrid|rotation
1810,Sipho Toure|Aisha Adeyemi|Furaha Okoye|Aisha Adeyemi|Omari Kariuki,Sokoto Crop Research Station,104,"MK 10,254 per 10kg",low-rainfall|export-grade|aphid-resistant
1812,Rudo Kariuki|Rudo Odhiambo|Lindiwe Diallo|Mandla Diallo|Lindiwe Okoye|Kofi Mensah|Aisha Mensah|Naledi Mensah,Amanzi Valley Seed Co-op,187,"MK 18,557 per 10kg",certified-seed|open-pollinated|smallholder
1813,Mandla Banda|Baraka Mensah|Zola Banda|Furaha Kariuki,National Grain Programme,168,"MK 9,543 per 10kg",hybrid|oil-grade|highland|aphid-resistant
1814,Tendai Dlamini|Chidi Kariuki|Sipho Mensah|Lindiwe Chirwa|Kwame Sarr|Wanjiru Moyo|Themba Mensah,Sokoto Crop Research Station,177,"MK 18,015 per 10kg",valley-floor|certified-seed|lodging-resistant|green-manure
1815,Lindiwe Odhiambo|Rudo Abara|Mandla Banda|Themba Abara,Ukulima Seed Institute,106,"MK 23,387 per 10kg",valley-floor|certified-seed|rotation|long-season
1817,Mandla Mensah|Mandla Moyo|Imani Toure|Wanjiru Moyo|Kwame Dlamini,Kilimani Agricultural College,76,"MK 17,626 per 10kg",rotation|export-grade
1818,Kwame Diallo|Sipho Abara|Naledi Mwangi|Lindiwe Osei|Wanjiru Kariuki|Kofi Odhiambo,Amanzi Valley Seed Co-op,126,"MK 9,994 per 10kg",smallholder|striga-tolerant|rotation|valley-floor
1819,Lindiwe Osei|Sipho Moyo|Naledi Mwangi|Omari Mwangi|Baraka Mwangi|Omari Okoye|Amara Okoye,Amanzi Valley Seed Co-op,190,"MK 17,619 per 10kg",oil-grade|low-rainfall
1820,Mandla Abara|Furaha Mensah|Sipho Kariuki|Lindiwe Odhiambo|Kwame Mwangi|Baraka Kariuki|Themba Osei|Tendai Dlamini,Sokoto Crop Research Station,110,"MK 22,222 per 10kg",lowland|high-protein
1821,Lindiwe Mensah|Baraka Kariuki|Themba Mwangi|Chidi Mwangi|Omari Chirwa|Chidi Kariuki|Imani Abara,Kilimani Agricultural College,169,MK 971 per 10kg,green-manure|high-starch|fodder|hybrid
1823,Imani Kariuki|Kwame Odhiambo|Zola Okoye|Chidi Dlamini,Kilimani Agricultural College,92,"MK 23,543 per 10kg",low-rainfall|smallholder|export-grade
1824,Themba Chirwa|Amara Odhiambo|Tendai Osei|Kwame Banda|Kwame Kariuki|Chidi Diallo|Tendai Moyo|Mandla Okoye,Kilimani Agricultural College,184,"MK 23,798 per 10kg",relay-crop|river-basin
1825,Zola Mwangi|Baraka Banda|Naledi Moyo|Rudo Mwangi|Sipho Kariuki,Sokoto Crop Research Station,199,"MK 16,460 per 10kg",river-basin|smallholder|lodging-resistant
1826,Furaha Osei|Kwame Diallo|Naledi Adeyemi|Tendai Osei|Tendai Abara|Amara Abara|Furaha Okoye,Chemba Seed Works,130,"MK 17,886 per 10kg",export-grade|smallholder|high-protein
1828,Naledi Osei|Themba Mensah|Themba Okoye|Amara Mwangi|Tendai Dlamini|Kwame Chirwa|Lindiwe Adeyemi|Chidi Diallo,Sokoto Crop Research Station,192,"MK 15,385 per 10kg",open-pollinated|export-grade|valley-floor|high-starch
1829,Sipho Okoye|Wanjiru Odhiambo|Chidi Mensah|Baraka Abara|Omari Dlamini,Kilimani Agricultural College,108,"MK 18,082 per 10kg",open-pollinated|smallholder|hybrid|terraced
1830,Zola Adeyemi|Chidi Mwangi|Wanjiru Adeyemi|Wanjiru Odhiambo|Amara Moyo,Akatsi Horticulture Board,105,"MK 11,597 per 10kg",long-season|terraced|lowland|mechanized
1831,Furaha Moyo|Mandla Sarr|Kofi Diallo|Kwame Banda|Imani Okoye|Omari Dlamini,Akatsi Horticulture Board,161,"MK 2,635 per 10kg",fodder|green-manure
1832,Tendai Nkosi|Lindiwe Adeyemi|Sipho Adeyemi|Aisha Odhiambo|Sipho Moyo|Lindiwe Abara|Lindiwe Dlamini,Kilimani Agricultural College,62,"MK 16,444 per 10kg",aphid-resistant|certified-seed
1833,Lindiwe Diallo|Zola Mensah|Omari Adeyemi|Aisha Okoye|Themba Banda|Mandla Odhiambo,Kilimani Agricultural College,163,"MK 22,400 per 10kg",valley-floor|smallholder|open-pollinated|low-rainfall
1834,Furaha Abara|Naledi Sarr|Naledi Adeyemi|Chidi Banda|Furaha Adeyemi,National Grain Programme,197,"MK 2,628 per 10kg",terraced|high-protein|relay-crop|aphid-resistant
1835,Rudo Diallo|Imani Toure|Sipho Odhiambo|Zola Banda,Ukulima Seed Institute,143,"MK 11,056 per 10kg",smallholder|aphid-resistant|export-grade
1836,Themba Osei|Aisha Kariuki|Rudo Okoye|Mandla Mensah|Mandla Adeyemi|Kwame Sarr|Mandla Chirwa,Kilimani Agricultural College,195,"MK 12,638 per 10kg",high-starch|short-season
1837,Themba Banda|Chidi Abara|Baraka Adeyemi|Kofi Diallo|Amara Odhiambo|Zola Moyo|Rudo Mwangi|Omari Moyo,Chemba Seed Works,151,"MK 11,035 per 10kg",high-protein|certified-seed|highland|oil-grade
1838,Rudo Diallo|Aisha Odhiambo|Imani Sarr|Tendai Abara|Naledi Toure|Kwame Abara|Furaha Mensah|Aisha Diallo,Akatsi Horticulture Board,198,"MK 10,137 per 10kg",striga-tolerant|low-rainfall|export-grade|river-basin
1839,Aisha Odhiambo|Naledi Banda|Wanjiru Osei|Chidi Banda,Ukulima Seed Institute,185,"MK 13,807 per 10kg",hybrid|certified-seed
1840,Naledi Osei|Amara Diallo|Zola Mwangi|Themba Odhiambo|Omari Osei,Akatsi Horticulture Board,124,"MK 16,799 per 10kg",rotation|green-manure
1841,Kwame Kariuki|Tendai Osei|Wanjiru Moyo|Naledi Chirwa|Sipho Osei|Aisha Diallo|Kofi Odhiambo|Kwame Abara,Chemba Seed Works,109,"MK 8,080 per 10kg",low-rainfall|certified-seed|green-manure
1842,Chidi Dlamini|Chidi Moyo|Aisha Abara|Lindiwe Okoye,Chemba Seed Works,186,"MK 10,771 per 10kg",river-basin|mechanized|open-pollinated
1843,Baraka Banda|Aisha Diallo|Imani Toure|Wanjiru Nkosi,National Grain Programme,92,"MK 23,837 per 10kg",terraced|aphid-resistant|short-season|striga-tolerant
1844,Imani Diallo|Themba Banda|Sipho Odhiambo|Mandla Moyo|Amara Sarr,Chemba Seed Works,88,"MK 8,559 per 10kg",smallholder|short-season|fodder
1845,Amara Mensah|Naledi Banda|Wanjiru Diallo|Naledi Odhiambo|Aisha Kariuki|Kwame Toure|Omari Odhiambo|Themba Okoye,Sokoto Crop Research Station,119,"MK 19,884 per 10kg",short-season|high-protein
1846,Aisha Adeyemi|Wanjiru Sarr|Amara Banda|Kwame Diallo,Hawassa Plant Breeding Unit,103,"MK 19,962 per 10kg",certified-seed|fodder|high-protein|long-season
1847,Kwame Odhiambo|Imani Toure|Lindiwe Abara|Aisha Dlamini|Chidi Toure,Chemba Seed Works,128,"MK 3,390 per 10kg",aphid-resistant|highland|open-pollinated
1848,Naledi Dlamini|Aisha Odhiambo|Chidi Adeyemi|Furaha Dlamini|Themba Osei|Zola Adeyemi|Baraka Moyo|Amara Nkosi,Ukulima Seed Institute,87,"MK 6,365 per 10kg",aphid-resistant|oil-grade
1849,Kofi Mensah|Wanjiru Dlamini|Sipho Sarr|Omari Nkosi,Amanzi Valley Seed Co-op,176,"MK 8,495 per 10kg",river-basin|aphid-resistant|short-season|striga-tolerant
1850,Kofi Banda|Wanjiru Osei|Sipho Okoye|Sipho Okoye|Naledi Moyo|Imani Moyo,Kilimani Agricultural College,116,"MK 14,338 per 10kg",high-protein|open-pollinated
1851,Themba Chirwa|Aisha Dlamini|Themba Mwangi|Furaha Mwangi|Rudo Mwangi|Amara Diallo|Rudo Okoye|Chidi Sarr,Amanzi Valley Seed Co-op,128,"MK 4,530 per 10kg",fodder|valley-floor|certified-seed
1852,Amara Nkosi|Imani Kariuki|Lindiwe Okoye|Kwame Abara|Amara Sarr|Themba Adeyemi|Imani Adeyemi|Sipho Mwangi,Hawassa Plant Breeding Unit,131,"MK 6,305 per 10kg",river-basin|highland|valley-floor|green-manure
1853,Wanjiru Abara|Tendai Diallo|Mandla Moyo|Lindiwe Odhiambo|Wanjiru Odhiambo|Wanjiru Chirwa|Kwame Odhiambo|Lindiwe Odhiambo,Hawassa Plant Breeding Unit,108,"MK 18,800 per 10kg",export-grade|hybrid|highland
1854,Naledi Abara|Sipho Diallo|Furaha Abara|Kwame Banda|Sipho Kariuki|Wanjiru Odhiambo|Zola Toure,Amanzi Valley Seed Co-op,187,"MK 7,215 per 10kg",open-pollinated|rotation|green-manure|export-grade
1855,Baraka Okoye|Themba Nkosi|Wanjiru Abara|Kofi Adeyemi|Tendai Odhiambo,Akatsi Horticulture Board,118,"MK 1,728 per 10kg",high-protein|certified-seed|green-manure
1857,Imani Osei|Amara Adeyemi|Kwame Moyo|Sipho Toure|Zola Chirwa|Sipho Adeyemi|Kofi Osei,Ukulima Seed Institute,145,"MK 19,644 per 10kg",export-grade|lodging-resistant
1858,Aisha Osei|Aisha Moyo|Chidi Banda|Imani Osei|Mandla Chirwa,Chemba Seed Works,144,"MK 22,635 per 10kg",hybrid|oil-grade|certified-seed|relay-crop
1860,Lindiwe Toure|Wanjiru Kariuki|Tendai Kariuki|Themba Sarr|Omari Dlamini,Hawassa Plant Breeding Unit,168,"MK 13,079 per 10kg",fodder|high-starch|terraced
1862,Themba Moyo|Sipho Okoye|Themba Abara|Aisha Abara|Amara Chirwa|Rudo Moyo,Ukulima Seed Institute,189,"MK 7,033 per 10kg",mechanized|river-basin|long-season
1863,Furaha Diallo|Omari Moyo|Furaha Sarr|Sipho Dlamini|Wanjiru Dlamini|Sipho Diallo,Ukulima Seed Institute,106,"MK 3,139 per 10kg",short-season|green-manure
1864,Kofi Kariuki|Wanjiru Diallo|Wanjiru Kariuki|Omari Dlamini|Tendai Odhiambo,Amanzi Valley Seed Co-op,64,"MK 7,463 per 10kg",river-basin|hybrid|striga-tolerant|certified-seed
1865,Baraka Toure|Sipho Osei|Themba Mensah|Tendai Adeyemi|Wanjiru Sarr|Naledi Okoye|Omari Odhiambo,Sokoto Crop Research Station,151,MK 912 per 10kg,high-protein|low-rainfall|mechanized
1866,Kofi Adeyemi|Kofi Chirwa|Aisha Banda|Mandla Moyo|Tendai Moyo|Naledi Mwangi|Naledi Sarr,Chemba Seed Works,123,"MK 2,194 per 10kg",mechanized|green-manure|lodging-resistant|lowland
1867,Mandla Mwangi|Tendai Chirwa|Mandla Osei|Imani Kariuki|Aisha Banda|Omari Chirwa|Mandla Okoye,Chemba Seed Works,101,"MK 12,366 per 10kg",relay-crop|fodder|long-season
1868,Furaha Okoye|Wanjiru Mwangi|Wanjiru Nkosi|Wanjiru Osei|Wanjiru Osei|Imani Okoye|Chidi Toure|Baraka Toure,National Grain Programme,118,"MK 7,262 per 10kg",hybrid|certified-seed|relay-crop|short-season
1869,Mandla Sarr|Sipho Toure|Furaha Mensah|Omari Mensah|Mandla Abara|Lindiwe Nkosi,Amanzi Valley Seed Co-op,91,"MK 8,562 per 10kg",green-manure|high-starch
1870,Naledi Dlamini|Tendai Abara|Baraka Mensah|Rudo Dlamini,National Grain Programme,146,"MK 4,647 per 10kg",terraced|high-starch|aphid-resistant|river-basin
1871,Lindiwe Chirwa|Kofi Kariuki|Furaha Dlamini|Themba Nkosi|Mandla Adeyemi|Sipho Dlamini|Zola Mensah,National Grain Programme,192,"MK 23,422 per 10kg",hybrid|relay-crop|oil-grade|green-manure
1872,Rudo Mensah|Baraka Chirwa|Zola Banda|Amara Mensah|Aisha Abara|Kofi Chirwa,Kilimani Agricultural College,101,"MK 15,150 per 10kg",lodging-resistant|smallholder
1873,Wanjiru Toure|Omari Mensah|Naledi Banda|Lindiwe Abara|Chidi Kariuki|Baraka Osei,Chemba Seed Works,196,"MK 3,758 per 10kg",fodder|striga-tolerant
1874,Kwame Diallo|Baraka Adeyemi|Kofi Dlamini|Omari Okoye|Naledi Moyo|Furaha Chirwa|Zola Osei|Amara Kariuki,Hawassa Plant Breeding Unit,116,"MK 3,320 per 10kg",relay-crop|fodder|smallholder|certified-seed
1875,Wanjiru Moyo|Mandla Mwangi|Imani Diallo|Omari Dlamini|Wanjiru Kariuki|Aisha Osei|Chidi Mensah,Hawassa Plant Breeding Unit,91,"MK 8,833 per 10kg",certified-seed|lowland|open-pollinated
1876,Zola Mensah|Tendai Dlamini|Omari Diallo|Mandla Odhiambo|Lindiwe Okoye|Wanjiru Mensah|Imani Toure|Themba Dlamini,Chemba Seed Works,97,"MK 6,328 per 10kg",river-basin|hybrid|valley-floor|short-season
1877,Sipho Odhiambo|Sipho Toure|Wanjiru Osei|Naledi Kariuki|Omari Toure|Mandla Dlamini,Ukulima Seed Institute,74,"MK 5,505 per 10kg",aphid-resistant|hybrid
1878,Rudo Osei|Aisha Dlamini|Tendai Diallo|Mandla Toure|Imani Diallo|Themba Odhiambo,Kilimani Agricultural College,186,"MK 5,779 per 10kg",high-protein|green-manure
1880,Omari Okoye|Rudo Banda|Lindiwe Moyo|Omari Dlamini|Tendai Diallo|Kofi Moyo|Wanjiru Mwangi,Kilimani Agricultural College,125,"MK 2,139 per 10kg",striga-tolerant|river-basin|open-pollinated|aphid-resistant
1881,Zola Mwangi|Chidi Dlamini|Zola Kariuki|Kwame Nkosi|Sipho Mensah|Themba Odhiambo,Chemba Seed Works,197,"MK 11,662 per 10kg",export-grade|rotation
1882,Amara Mensah|Mandla Adeyemi|Wanjiru Abara|Themba Banda|Themba Moyo|Sipho Moyo|Baraka Mwangi,Chemba Seed Works,88,"MK 3,308 per 10kg",mechanized|high-protein
1883,Kwame Banda|Furaha Okoye|Aisha Moyo|Rudo Odhiambo|Sipho Toure|Rudo Sarr,Hawassa Plant Breeding Unit,194,"MK 12,032 per 10kg",rotation|fodder
1884,Mandla Osei|Furaha Dlamini|Kwame Banda|Rudo Mwangi|Mandla Adeyemi|Chidi Okoye,Amanzi Valley Seed Co-op,178,"MK 17,867 per 10kg",lodging-resistant|fodder
1885,Aisha Sarr|Zola Mwangi|Mandla Odhiambo|Rudo Mwangi|Tendai Dlamini,Amanzi Valley Seed Co-op,127,"MK 20,599 per 10kg",short-season|valley-floor
1886,Sipho Diallo|Aisha Nkosi|Furaha Sarr|Mandla Diallo|Lindiwe Mensah,Akatsi Horticulture Board,157,"MK 21,082 per 10kg",lodging-resistant|river-basin|high-starch
1887,Naledi Kariuki|Omari Chirwa|Rudo Mensah|Aisha Osei|Wanjiru Sarr,Chemba Seed Works,102,"MK 21,451 per 10kg",export-grade|certified-seed|relay-crop|fodder
1888,Amara Mwangi|Naledi Chirwa|Rudo Mwangi|Zola Banda|Kofi Adeyemi|Wanjiru Moyo|Furaha Odhiambo,Chemba Seed Works,159,"MK 18,270 per 10kg",highland|lodging-resistant
1890,Amara Banda|Furaha Kariuki|Mandla Banda|Mandla Dlamini|Naledi Chirwa|Mandla Banda,Akatsi Horticulture Board,196,"MK 22,314 per 10kg",valley-floor|open-pollinated|river-basin|relay-crop
1891,Kwame Kariuki|Kofi Nkosi|Baraka Diallo|Kofi Sarr|Zola Nkosi|Sipho Odhiambo|Lindiwe Banda|Rudo Sarr,Sokoto Crop Research Station,125,"MK 3,896 per 10kg",mechanized|lowland
1892,Chidi Abara|Wanjiru Mwangi|Themba Adeyemi|Kwame Adeyemi,National Grain Programme,74,"MK 6,936 per 10kg",aphid-resistant|lodging-resistant|long-season|relay-crop
1893,Lindiwe Dlamini|Baraka Chirwa|Lindiwe Abara|Baraka Abara|Wanjiru Mwangi|Chidi Odhiambo|Kofi Moyo,Hawassa Plant Breeding Unit,74,"MK 15,438 per 10kg",highland|long-season
1894,Themba Mwangi|Amara Moyo|Naledi Odhiambo|Zola Abara,National Grain Programme,64,"MK 4,561 per 10kg",long-season|short-season|high-protein|smallholder
1895,Amara Adeyemi|Wanjiru Diallo|Lindiwe Chirwa|Rudo Mwangi|Lindiwe Mwangi,Hawassa Plant Breeding Unit,94,"MK 3,615 per 10kg",long-season|open-pollinated|terraced
1896,Chidi Osei|Lindiwe Mensah|Omari Dlamini|Kwame Okoye|Themba Kariuki|Aisha Moyo|Wanjiru Abara,Sokoto Crop Research Station,100,"MK 18,464 per 10kg",low-rainfall|lowland|export-grade
1897,Amara Mensah|Rudo Okoye|Zola Nkosi|Sipho Moyo|Kwame Mensah|Kofi Mensah|Chidi Abara|Amara Abara,Akatsi Horticulture Board,168,"MK 11,141 per 10kg",green-manure|terraced|lodging-resistant
1898,Aisha Kariuki|Kwame Osei|Baraka Odhiambo|Zola Mwangi|Amara Diallo|Sipho Banda|Tendai Adeyemi,Ukulima Seed Institute,160,"MK 23,076 per 10kg",oil-grade|relay-crop|highland
1899,Zola Okoye|Omari Adeyemi|Lindiwe Toure|Kofi Banda|Imani Abara,Amanzi Valley Seed Co-op,129,"MK 6,025 per 10kg",fodder|lodging-resistant|certified-seed|hybrid
1900,Omari Banda|Zola Diallo|Sipho Diallo|Kwame Moyo|Themba Sarr,Amanzi Valley Seed Co-op,75,"MK 6,207 per 10kg",low-rainfall|smallholder
1901,Baraka Chirwa|Lindiwe Abara|Furaha Odhiambo|Chidi Abara|Sipho Sarr,Sokoto Crop Research Station,95,"MK 5,265 per 10kg",lowland|high-protein|low-rainfall
1902,Rudo Nkosi|Wanjiru Abara|Amara Toure|Kofi Kariuki|Omari Banda|Omari Mwangi|Mandla Banda,Akatsi Horticulture Board,77,"MK 13,412 per 10kg",relay-crop|rotation|lodging-resistant
1903,Kofi Moyo|Imani Okoye|Kwame Kariuki|Mandla Nkosi|Rudo Sarr,Hawassa Plant Breeding Unit,84,"MK 7,658 per 10kg",striga-tolerant|hybrid|relay-crop|high-starch
1904,Kwame Chirwa|Omari Chirwa|Zola Abara|Kofi Dlamini|Kofi Mensah|Tendai Nkosi|Kofi Osei|Wanjiru Chirwa,National Grain Programme,60,"MK 7,850 per 10kg",aphid-resistant|valley-floor|striga-tolerant|oil-grade
1905,Furaha Toure|Wanjiru Diallo|Wanjiru Sarr|Chidi Chirwa|Lindiwe Diallo|Imani Mensah,Hawassa Plant Breeding Unit,147,"MK 23,555 per 10kg",oil-grade|certified-seed|smallholder|open-pollinated
1906,Furaha Toure|Chidi Odhiambo|Imani Osei|Sipho Odhiambo|Naledi Mensah|Aisha Dlamini|Lindiwe Osei,Akatsi Horticulture Board,185,"MK 10,076 per 10kg",mechanized|oil-grade|river-basin|hybrid
1908,Tendai Mensah|Tendai Sarr|Furaha Adeyemi|Furaha Okoye,Sokoto Crop Research Station,126,"MK 11,355 per 10kg",long-season|high-starch|low-rainfall
1909,Amara Nkosi|Aisha Diallo|Baraka Abara|Omari Mwangi|Amara Toure,Amanzi Valley Seed Co-op,196,"MK 13,768 per 10kg",high-protein|aphid-resistant
1910,Chidi Nkosi|Kofi Abara|Omari Moyo|Mandla Mwangi|Omari Adeyemi,Sokoto Crop Research Station,173,"MK 23,939 per 10kg",export-grade|oil-grade|terraced|mechanized
1911,Wanjiru Moyo|Imani Odhiambo|Zola Toure|Mandla Sarr|Naledi Toure|Kofi Abara|Zola Banda,Kilimani Agricultural College,154,"MK 4,079 per 10kg",striga-tolerant|river-basin|high-starch
1913,Mandla Okoye|Themba Nkosi|Amara Toure|Baraka Osei|Tendai Odhiambo|Rudo Sarr|Kofi Nkosi,National Grain Programme,83,"MK 10,477 per 10kg",striga-tolerant|hybrid|long-season|short-season
1914,Amara Adeyemi|Lindiwe Kariuki|Naledi Okoye|Omari Mensah|Naledi Banda|Omari Adeyemi|Chidi Dlamini|Chidi Banda,Chemba Seed Works,149,"MK 15,409 per 10kg",river-basin|aphid-resistant
1915,Baraka Dlamini|Zola Kariuki|Lindiwe Banda|Wanjiru Okoye|Wanjiru Moyo,Amanzi Valley Seed Co-op,191,"MK 16,665 per 10kg",river-basin|terraced|lodging-resistant
1916,Sipho Osei|Mandla Diallo|Naledi Okoye|Baraka Kariuki|Lindiwe Banda|Furaha Kariuki,Amanzi Valley Seed Co-op,118,"MK 20,210 per 10kg",rotation|high-starch
1918,Amara Abara|Furaha Toure|Aisha Toure|Tendai Chirwa,Ukulima Seed Institute,185,"MK 11,432 per 10kg",river-basin|green-manure|long-season|high-starch
1919,Aisha Mwangi|Themba Odhiambo|Kofi Moyo|Rudo Moyo|Omari Okoye|Chidi Dlamini|Baraka Toure|Tendai Abara,Sokoto Crop Research Station,132,"MK 15,618 per 10kg",highland|mechanized|export-grade
1921,Tendai Adeyemi|Baraka Toure|Naledi Moyo|Lindiwe Chirwa|Omari Mwangi|Kwame Moyo,Akatsi Horticulture Board,64,"MK 22,042 per 10kg",fodder|striga-tolerant|high-starch
1922,Imani Odhiambo|Omari Adeyemi|Amara Odhiambo|Themba Chirwa|Zola Sarr|Omari Osei,Chemba Seed Works,196,"MK 23,860 per 10kg",low-rainfall|aphid-resistant|hybrid|long-season
1923,Chidi Abara|Zola Abara|Rudo Banda|Imani Mwangi|Mandla Sarr|Zola Sarr|Aisha Abara|Kwame Okoye,National Grain Programme,139,"MK 2,830 per 10kg",highland|short-season
1924,Kwame Dlamini|Aisha Diallo|Omari Odhiambo|Kwame Diallo,National Grain Programme,144,"MK 11,445 per 10kg",low-rainfall|certified-seed|smallholder
1925,Wanjiru Odhiambo|Sipho Moyo|Rudo Mensah|Kwame Banda|Chidi Banda|Lindiwe Sarr|Mandla Osei,Amanzi Valley Seed Co-op,175,"MK 19,408 per 10kg",smallholder|mechanized|lowland|highland
1926,Omari Kariuki|Zola Dlamini|Mandla Adeyemi|Aisha Dlamini,Akatsi Horticulture Board,80,"MK 17,805 per 10kg",mechanized|rotation
1927,Zola Moyo|Naledi Mensah|Sipho Nkosi|Kwame Sarr|Baraka Mwangi|Rudo Mwangi,Hawassa Plant Breeding Unit,90,"MK 19,909 per 10kg",terraced|high-protein|valley-floor
1928,Rudo Adeyemi|Mandla Toure|Amara Odhiambo|Amara Odhiambo|Mandla Odhiambo|Sipho Mensah,Kilimani Agricultural College,194,"MK 14,200 per 10kg",aphid-resistant|mechanized
1929,Tendai Chirwa|Omari Toure|Rudo Diallo|Lindiwe Toure|Sipho Dlamini|Chidi Banda,Chemba Seed Works,94,"MK 3,536 per 10kg",lodging-resistant|certified-seed
1930,Lindiwe Sarr|Kofi Banda|Lindiwe Adeyemi|Omari Banda|Tendai Osei,Sokoto Crop Research Station,166,"MK 3,857 per 10kg",fodder|hybrid|valley-floor
1931,Themba Mensah|Chidi Banda|Zola Abara|Kwame Sarr,Amanzi Valley Seed Co-op,156,"MK 13,606 per 10kg",river-basin|lowland
1932,Baraka Moyo|Omari Abara|Rudo Kariuki|Aisha Adeyemi|Baraka Moyo,Hawassa Plant Breeding Unit,189,"MK 7,281 per 10kg",lodging-resistant|highland|aphid-resistant|high-protein
1933,Omari Adeyemi|Baraka Odhiambo|Aisha Mensah|Zola Chirwa|Zola Chirwa|Kofi Chirwa|Sipho Dlamini,Hawassa Plant Breeding Unit,101,"MK 24,186 per 10kg",long-season|oil-grade
1934,Lindiwe Adeyemi|Furaha Chirwa|Sipho Sarr|Kwame Mwangi|Amara Nkosi|Chidi Dlamini|Wanjiru Banda|Kwame Kariuki,Kilimani Agricultural College,142,"MK 22,325 per 10kg",hybrid|lodging-resistant|high-starch
1935,Rudo Mwangi|Sipho Moyo|Amara Sarr|Kofi Odhiambo|Rudo Diallo|Sipho Moyo,Chemba Seed Works,119,"MK 4,984 per 10kg",mechanized|high-protein|fodder|lodging-resistant
1936,Omari Odhiambo|Themba Mensah|Wanjiru Odhiambo|Wanjiru Toure|Naledi Moyo,Akatsi Horticulture Board,100,"MK 13,255 per 10kg",green-manure|certified-seed|lowland|short-season
1937,Tendai Dlamini|Zola Nkosi|Sipho Odhiambo|Amara Chirwa|Imani Chirwa,Chemba Seed Works,177,"MK 15,676 per 10kg",rotation|export-grade|certified-seed
1938,Imani Chirwa|Omari Chirwa|Sipho Diallo|Tendai Osei|Wanjiru Chirwa|Zola Mensah|Zola Okoye|Rudo Toure,National Grain Programme,146,"MK 8,657 per 10kg",valley-floor|lodging-resistant
1939,Omari Okoye|Furaha Banda|Furaha Nkosi|Sipho Abara,Ukulima Seed Institute,164,"MK 11,932 per 10kg",terraced|lodging-resistant
1940,Tendai Abara|Imani Mwangi|Omari Okoye|Omari Odhiambo|Mandla Kariuki|Chidi Dlamini,Ukulima Seed Institute,197,"MK 4,292 per 10kg",short-season|high-protein|rotation|valley-floor
1941,Chidi Toure|Imani Adeyemi|Aisha Chirwa|Chidi Nkosi|Naledi Abara,Ukulima Seed Institute,118,"MK 21,092 per 10kg",lodging-resistant|relay-crop|long-season|lowland
1942,Omari Banda|Lindiwe Diallo|Mandla Chirwa|Tendai Kariuki|Wanjiru Odhiambo|Chidi Diallo,Hawassa Plant Breeding Unit,176,"MK 14,150 per 10kg",lodging-resistant|striga-tolerant|aphid-resistant
1943,Lindiwe Odhiambo|Kwame Mensah|Aisha Okoye|Mandla Moyo,Chemba Seed Works,168,"MK 23,862 per 10kg",green-manure|valley-floor|mechanized
1944,Themba Osei|Kwame Toure|Naledi Odhiambo|Zola Sarr|Amara Toure|Aisha Toure|Lindiwe Sarr|Sipho Moyo,Hawassa Plant Breeding Unit,105,"MK 14,829 per 10kg",oil-grade|aphid-resistant|hybrid|low-rainfall
1945,Furaha Adeyemi|Omari Mensah|Chidi Diallo|Wanjiru Banda|Rudo Okoye|Rudo Osei,National Grain Programme,79,"MK 16,069 per 10kg",green-manure|export-grade
1946,Kofi Okoye|Naledi Okoye|Imani Osei|Rudo Dlamini|Amara Diallo,Akatsi Horticulture Board,121,"MK 17,234 per 10kg",fodder|striga-tolerant
1947,Sipho Odhiambo|Imani Dlamini|Rudo Osei|Chidi Osei|Imani Mwangi|Amara Toure|Kofi Okoye,Akatsi Horticulture Board,183,"MK 24,734 per 10kg",certified-seed|river-basin|long-season|hybrid
1948,Sipho Adeyemi|Aisha Osei|Tendai Dlamini|Mandla Diallo|Zola Nkosi|Chidi Odhiambo|Imani Odhiambo|Furaha Osei,Hawassa Plant Breeding Unit,77,"MK 23,823 per 10kg",hybrid|open-pollinated|terraced
1949,Aisha Chirwa|Kwame Kariuki|Themba Banda|Omari Kariuki|Chidi Banda|Wanjiru Abara,Akatsi Horticulture Board,178,"MK 8,085 per 10kg",smallholder|oil-grade|long-season
1952,Zola Moyo|Omari Osei|Rudo Odhiambo|Mandla Okoye|Wanjiru Moyo|Kwame Sarr|Aisha Mwangi,Ukulima Seed Institute,93,"MK 15,383 per 10kg",lowland|highland|open-pollinated
1953,Kofi Chirwa|Lindiwe Sarr|Themba Sarr|Themba Okoye|Wanjiru Chirwa|Wanjiru Moyo|Tendai Okoye|Omari Abara,Chemba Seed Works,104,"MK 11,135 per 10kg",low-rainfall|aphid-resistant
1954,Amara Abara|Kofi Dlamini|Zola Dlamini|Baraka Osei,Sokoto Crop Research Station,127,"MK 2,644 per 10kg",smallholder|valley-floor|high-protein
1955,Omari Nkosi|Amara Adeyemi|Imani Diallo|Wanjiru Dlamini,National Grain Programme,103,"MK 18,904 per 10kg",open-pollinated|high-protein|lowland|valley-floor
1957,Rudo Toure|Chidi Mwangi|Rudo Adeyemi|Rudo Sarr|Furaha Moyo,Hawassa Plant Breeding Unit,133,"MK 20,802 per 10kg",smallholder|relay-crop|hybrid|certified-seed
1958,Chidi Mwangi|Tendai Chirwa|Sipho Toure|Baraka Odhiambo|Imani Osei,Chemba Seed Works,147,"MK 24,191 per 10kg",smallholder|hybrid|rotation
1959,Sipho Chirwa|Tendai Dlamini|Chidi Diallo|Imani Banda|Furaha Nkosi|Lindiwe Toure|Sipho Dlamini|Mandla Osei,Kilimani Agricultural College,114,"MK 17,076 per 10kg",oil-grade|hybrid
1960,Kofi Toure|Baraka Diallo|Furaha Dlamini|Zola Mwangi,Sokoto Crop Research Station,115,"MK 5,835 per 10kg",lodging-resistant|aphid-resistant|relay-crop
1961,Naledi Abara|Kofi Mwangi|Kwame Diallo|Wanjiru Toure|Rudo Mensah|Rudo Okoye|Tendai Diallo|Aisha Adeyemi,Amanzi Valley Seed Co-op,97,"MK 14,405 per 10kg",oil-grade|certified-seed|valley-floor|aphid-resistant
1962,Themba Mwangi|Aisha Nkosi|Imani Toure|Tendai Adeyemi|Furaha Banda|Themba Odhiambo|Aisha Kariuki|Baraka Kariuki,Akatsi Horticulture Board,112,"MK 4,834 per 10kg",open-pollinated|lodging-resistant
1963,Kofi Sarr|Baraka Osei|Sipho Kariuki|Tendai Nkosi,National Grain Programme,148,"MK 20,170 per 10kg",high-protein|valley-floor
1964,Kwame Kariuki|Amara Sarr|Imani Osei|Themba Toure,Amanzi Valley Seed Co-op,193,"MK 1,027 per 10kg",low-rainfall|hybrid|green-manure
1965,Baraka Toure|Aisha Moyo|Chidi Abara|Furaha Sarr|Baraka Kariuki|Rudo Abara|Furaha Moyo|Baraka Diallo,Hawassa Plant Breeding Unit,95,"MK 17,007 per 10kg",high-protein|short-season|striga-tolerant
1966,Baraka Mensah|Baraka Adeyemi|Themba Nkosi|Rudo Odhiambo|Themba Diallo|Chidi Abara|Rudo Chirwa,Amanzi Valley Seed Co-op,138,"MK 23,893 per 10kg",low-rainfall|certified-seed|rotation
1967,Imani Adeyemi|Mandla Toure|Sipho Kariuki|Tendai Banda|Sipho Moyo,Kilimani Agricultural College,178,"MK 23,960 per 10kg",rotation|highland
1968,Themba Osei|Kofi Odhiambo|Lindiwe Toure|Chidi Adeyemi,Chemba Seed Works,111,"MK 12,418 per 10kg",terraced|hybrid|high-starch|relay-crop
1969,Kofi Odhiambo|Rudo Abara|Kwame Moyo|Kwame Adeyemi|Mandla Chirwa,Hawassa Plant Breeding Unit,182,"MK 23,855 per 10kg",long-season|green-manure
1970,Naledi Kariuki|Rudo Banda|Lindiwe Mwangi|Themba Sarr,National Grain Programme,131,"MK 3,617 per 10kg",green-manure|open-pollinated|smallholder|export-grade
1971,Sipho Moyo|Omari Banda|Naledi Banda|Baraka Chirwa|Furaha Adeyemi|Zola Banda,Amanzi Valley Seed Co-op,139,"MK 10,976 per 10kg",relay-crop|fodder
1972,Amara Mwangi|Rudo Dlamini|Naledi Osei|Themba Sarr|Sipho Banda,Sokoto Crop Research Station,169,"MK 9,798 per 10kg",striga-tolerant|lodging-resistant
1974,Amara Dlamini|Zola Osei|Wanjiru Abara|Aisha Odhiambo|Wanjiru Kariuki|Furaha Dlamini|Themba Banda,Ukulima Seed Institute,148,"MK 11,134 per 10kg",short-season|smallholder
1976,Sipho Chirwa|Lindiwe Chirwa|Chidi Adeyemi|Lindiwe Chirwa,National Grain Programme,119,"MK 1,375 per 10kg",highland|high-protein
1977,Lindiwe Osei|Imani Mwangi|Aisha Sarr|Kofi Odhiambo|Rudo Dlamini|Tendai Banda|Omari Mwangi|Rudo Odhiambo,Chemba Seed Works,90,"MK 18,322 per 10kg",rotation|smallholder
1978,Tendai Nkosi|Tendai Moyo|Kwame Nkosi|Amara Diallo,National Grain Programme,133,"MK 22,155 per 10kg",mechanized|oil-grade|lowland|export-grade
1979,Themba Adeyemi|Lindiwe Diallo|Furaha Banda|Sipho Mwangi,Hawassa Plant Breeding Unit,198,"MK 14,133 per 10kg",high-starch|short-season
1980,Baraka Okoye|Tendai Mensah|Chidi Kariuki|Mandla Kariuki|Kwame Odhiambo|Tendai Dlamini|Furaha Okoye|Themba Nkosi,Hawassa Plant Breeding Unit,192,"MK 5,919 per 10kg",high-starch|green-manure
1981,Aisha Diallo|Baraka Osei|Mandla Chirwa|Kwame Toure|Imani Mensah|Baraka Abara|Rudo Nkosi|Lindiwe Moyo,Ukulima Seed Institute,96,"MK 18,607 per 10kg",short-season|long-season
1983,Omari Sarr|Rudo Chirwa|Imani Diallo|Naledi Moyo|Lindiwe Abara,Amanzi Valley Seed Co-op,120,"MK 7,677 per 10kg",oil-grade|open-pollinated|lowland|lodging-resistant
1984,Mandla Mensah|Kofi Dlamini|Naledi Okoye|Tendai Dlamini,Kilimani Agricultural College,118,"MK 22,105 per 10kg",mechanized|high-protein|relay-crop|striga-tolerant
1985,Furaha Odhiambo|Kofi Kariuki|Furaha Diallo|Naledi Okoye|Furaha Adeyemi|Tendai Chirwa|Omari Mensah,National Grain Programme,146,"MK 12,058 per 10kg",certified-seed|low-rainfall
1986,Wanjiru Mwangi|Tendai Okoye|Themba Dlamini|Aisha Odhiambo|Lindiwe Mwangi,Chemba Seed Works,80,"MK 15,041 per 10kg",relay-crop|certified-seed|oil-grade
1987,Sipho Odhiambo|Chidi Diallo|Sipho Banda|Chidi Diallo|Themba Chirwa|Mandla Sarr|Imani Sarr,National Grain Programme,164,"MK 14,626 per 10kg",open-pollinated|hybrid|fodder|mechanized
1988,Naledi Sarr|Naledi Osei|Themba Odhiambo|Chidi Sarr|Zola Abara|Kofi Odhiambo,Chemba Seed Works,185,"MK 18,398 per 10kg",open-pollinated|relay-crop|lodging-resistant
1989,Themba Osei|Chidi Osei|Tendai Dlamini|Sipho Toure,Akatsi Horticulture Board,183,"MK 15,878 per 10kg",export-grade|smallholder|highland
1990,Amara Banda|Themba Mwangi|Aisha Kariuki|Imani Adeyemi,Sokoto Crop Research Station,183,"MK 3,787 per 10kg",relay-crop|hybrid|aphid-resistant
1991,Baraka Nkosi|Wanjiru Toure|Amara Abara|Themba Mwangi|Baraka Adeyemi|Chidi Adeyemi|Rudo Okoye,Amanzi Valley Seed Co-op,194,"MK 4,233 per 10kg",striga-tolerant|certified-seed
1992,Chidi Sarr|Rudo Odhiambo|Kwame Moyo|Themba Sarr|Tendai Osei|Kwame Dlamini|Furaha Kariuki|Naledi Sarr,Chemba Seed Works,184,"MK 22,232 per 10kg",valley-floor|oil-grade|aphid-resistant|fodder
1994,Themba Adeyemi|Sipho Chirwa|Amara Dlamini|Kofi Toure|Aisha Diallo|Tendai Adeyemi|Rudo Diallo,National Grain Programme,151,"MK 15,738 per 10kg",lodging-resistant|striga-tolerant|certified-seed
1995,Kofi Abara|Kwame Adeyemi|Tendai Mensah|Furaha Adeyemi,Amanzi Valley Seed Co-op,197,"MK 12,864 per 10kg",mechanized|certified-seed
1996,Wanjiru Toure|Mandla Diallo|Kofi Toure|Kofi Osei|Naledi Diallo,Amanzi Valley Seed Co-op,78,"MK 20,277 per 10kg",high-protein|terraced
1997,Baraka Mwangi|Sipho Toure|Rudo Moyo|Amara Toure,Amanzi Valley Seed Co-op,192,"MK 7,940 per 10kg",high-starch|lowland|rotation|low-rainfall
1998,Zola Odhiambo|Naledi Toure|Zola Nkosi|Themba Diallo|Naledi Kariuki|Lindiwe Nkosi|Naledi Banda|Chidi Banda,National Grain Programme,125,"MK 23,809 per 10kg",fodder|striga-tolerant
1999,Themba Okoye|Zola Osei|Mandla Sarr|Rudo Adeyemi|Kwame Moyo|Themba Moyo,Kilimani Agricultural College,80,"MK 12,995 per 10kg",smallholder|long-season
2000,Imani Adeyemi|Omari Odhiambo|Furaha Adeyemi|Chidi Osei|Naledi Banda|Wanjiru Nkosi|Zola Dlamini|Wanjiru Mensah,Chemba Seed Works,153,"MK 4,130 per 10kg",high-starch|smallholder|hybrid|relay-crop
2001,Furaha Banda|Chidi Okoye|Sipho Dlamini|Kwame Okoye|Kwame Nkosi|Kofi Chirwa|Sipho Mwangi|Kwame Kariuki,Chemba Seed Works,115,"MK 6,070 per 10kg",fodder|striga-tolerant|hybrid
2003,Rudo Sarr|Lindiwe Dlamini|Wanjiru Toure|Wanjiru Odhiambo|Baraka Sarr|Kofi Diallo,Kilimani Agricultural College,116,"MK 22,580 per 10kg",terraced|open-pollinated|aphid-resistant
2004,Kofi Chirwa|Chidi Diallo|Themba Osei|Zola Kariuki|Zola Chirwa|Mandla Osei|Themba Nkosi|Wanjiru Chirwa,Amanzi Valley Seed Co-op,128,"MK 15,944 per 10kg",short-season|mechanized|export-grade
2005,Wanjiru Kariuki|Rudo Adeyemi|Zola Adeyemi|Naledi Banda|Imani Okoye|Mandla Adeyemi|Lindiwe Dlamini|Tendai Diallo,Kilimani Agricultural College,86,"MK 21,128 per 10kg",river-basin|mechanized|striga-tolerant|high-starch
2006,Kofi Nkosi|Omari Dlamini|Sipho Banda|Tendai Okoye|Tendai Sarr|Mandla Adeyemi|Naledi Moyo|Kwame Okoye,Hawassa Plant Breeding Unit,101,"MK 22,239 per 10kg",highland|export-grade|oil-grade
2007,Lindiwe Sarr|Rudo Osei|Kofi Odhiambo|Rudo Toure,Hawassa Plant Breeding Unit,149,"MK 11,032 per 10kg",open-pollinated|green-manure|smallholder
2008,Aisha Okoye|Mandla Sarr|Zola Mensah|Imani Osei,Kilimani Agricultural College,191,"MK 20,660 per 10kg",fodder|aphid-resistant|export-grade
2009,Tendai Adeyemi|Naledi Diallo|Naledi Diallo|Omari Abara|Tendai Toure|Naledi Abara|Rudo Sarr,Ukulima Seed Institute,162,"MK 21,733 per 10kg",short-season|high-starch
2010,Furaha Okoye|Imani Banda|Wanjiru Kariuki|Zola Banda|Tendai Abara|Kwame Abara|Baraka Mensah|Tendai Osei,Hawassa Plant Breeding Unit,147,"MK 10,330 per 10kg",rotation|short-season|high-starch
2011,Baraka Adeyemi|Naledi Sarr|Tendai Adeyemi|Wanjiru Moyo|Kwame Osei|Imani Nkosi|Themba Banda,Akatsi Horticulture Board,101,"MK 14,059 per 10kg",long-season|river-basin|striga-tolerant
2013,Imani Mensah|Rudo Mensah|Themba Moyo|Rudo Moyo|Furaha Adeyemi|Tendai Mensah,Kilimani Agricultural College,143,"MK 6,338 per 10kg",river-basin|valley-floor|oil-grade|rotation
2014,Amara Banda|Naledi Odhiambo|Wanjiru Adeyemi|Tendai Toure|Aisha Dlamini,Akatsi Horticulture Board,167,"MK 16,911 per 10kg",terraced|aphid-resistant
2015,Chidi Kariuki|Imani Okoye|Naledi Nkosi|Naledi Toure|Omari Dlamini,Akatsi Horticulture Board,152,"MK 3,634 per 10kg",fodder|lowland|lodging-resistant
2016,Baraka Odhiambo|Lindiwe Abara|Baraka Osei|Amara Adeyemi|Chidi Diallo|Tendai Toure|Rudo Adeyemi,Ukulima Seed Institute,118,"MK 22,903 per 10kg",rotation|mechanized
2017,Kwame Sarr|Furaha Dlamini|Furaha Banda|Imani Mensah|Amara Sarr|Sipho Odhiambo|Mandla Nkosi,Sokoto Crop Research Station,141,"MK 23,378 per 10kg",high-starch|lodging-resistant|high-protein|valley-floor
2018,Omari Kariuki|Kwame Chirwa|Mandla Toure|Amara Moyo|Baraka Diallo|Baraka Sarr|Omari Toure|Zola Banda,National Grain Programme,169,"MK 9,728 per 10kg",mechanized|smallholder|hybrid|open-pollinated
2020,Kwame Dlamini|Lindiwe Mwangi|Sipho Kariuki|Wanjiru Dlamini|Sipho Adeyemi|Mandla Mwangi|Sipho Kariuki|Aisha Osei,Hawassa Plant Breeding Unit,153,"MK 4,376 per 10kg",relay-crop|lowland|high-protein|oil-grade
2021,Themba Sarr|Lindiwe Kariuki|Mandla Banda|Kwame Mwangi|Imani Nkosi,Chemba Seed Works,155,"MK 4,063 per 10kg",hybrid|striga-tolerant|long-season|relay-crop
2022,Naledi Chirwa|Furaha Mwangi|Lindiwe Diallo|Aisha Toure|Tendai Odhiambo|Kofi Dlamini|Mandla Okoye,Ukulima Seed Institute,132,"MK 1,172 per 10kg",low-rainfall|certified-seed|short-season|long-season
2023,Kwame Mensah|Chidi Adeyemi|Rudo Diallo|Kwame Mensah,Akatsi Horticulture Board,106,"MK 22,752 per 10kg",highland|high-protein
2024,Tendai Chirwa|Imani Diallo|Lindiwe Mensah|Chidi Moyo|Rudo Mensah|Aisha Diallo|Chidi Moyo,National Grain Programme,114,"MK 18,579 per 10kg",mechanized|certified-seed
2026,Naledi Diallo|Zola Osei|Baraka Okoye|Chidi Mwangi|Mandla Odhiambo|Imani Moyo|Furaha Mensah,National Grain Programme,179,"MK 3,356 per 10kg",highland|relay-crop|certified-seed
2027,Naledi Sarr|Furaha Dlamini|Furaha Osei|Lindiwe Dlamini|Imani Moyo|Themba Kariuki|Rudo Moyo,Akatsi Horticulture Board,181,"MK 22,210 per 10kg",fodder|hybrid|export-grade|certified-seed
2028,Mandla Okoye|Naledi Moyo|Baraka Chirwa|Tendai Adeyemi,Ukulima Seed Institute,140,"MK 23,835 per 10kg",green-manure|striga-tolerant|valley-floor
2029,Omari Okoye|Lindiwe Diallo|Sipho Chirwa|Furaha Diallo|Themba Nkosi|Furaha Kariuki,Chemba Seed Works,163,"MK 20,850 per 10kg",aphid-resistant|low-rainfall|certified-seed|terraced
2030,Imani Abara|Tendai Kariuki|Naledi Abara|Furaha Osei|Imani Okoye|Kwame Chirwa|Tendai Dlamini|Zola Chirwa,National Grain Programme,194,"MK 8,970 per 10kg",smallholder|export-grade|valley-floor|rotation
2031,Baraka Banda|Themba Diallo|Rudo Banda|Zola Abara|Mandla Mensah|Wanjiru Kariuki|Mandla Odhiambo,National Grain Programme,118,"MK 24,659 per 10kg",mechanized|fodder|valley-floor|river-basin
2032,Imani Mensah|Kofi Okoye|Omari Adeyemi|Mandla Diallo|Kofi Sarr|Amara Banda,Sokoto Crop Research Station,169,"MK 7,602 per 10kg",river-basin|hybrid
2033,Rudo Mensah|Baraka Mensah|Kwame Moyo|Baraka Moyo|Imani Osei|Tendai Okoye|Imani Banda|Lindiwe Dlamini,National Grain Programme,60,"MK 24,058 per 10kg",lodging-resistant|oil-grade|high-protein
2034,Kofi Moyo|Furaha Adeyemi|Furaha Chirwa|Kwame Okoye|Rudo Sarr,Sokoto Crop Research Station,81,"MK 11,925 per 10kg",long-season|rotation|lodging-resistant
2035,Kwame Mensah|Lindiwe Diallo|Themba Moyo|Wanjiru Adeyemi|Themba Moyo|Rudo Moyo|Lindiwe Mensah|Imani Mwangi,National Grain Programme,123,"MK 11,524 per 10kg",open-pollinated|oil-grade|green-manure|certified-seed
2036,Aisha Mwangi|Baraka Odhiambo|Baraka Okoye|Rudo Abara|Kwame Chirwa,Kilimani Agricultural College,161,"MK 21,432 per 10kg",open-pollinated|smallholder|relay-crop
2037,Wanjiru Okoye|Wanjiru Adeyemi|Furaha Toure|Kofi Toure|Sipho Mensah|Zola Odhiambo|Furaha Mensah|Furaha Mensah,Ukulima Seed Institute,140,"MK 11,878 per 10kg",highland|rotation|lodging-resistant|open-pollinated
2038,Naledi Adeyemi|Amara Toure|Zola Diallo|Aisha Sarr|Zola Nkosi,National Grain Programme,124,"MK 17,637 per 10kg",highland|hybrid
2039,Omari Moyo|Wanjiru Diallo|Imani Toure|Naledi Dlamini|Omari Abara|Kofi Dlamini|Tendai Mwangi,Chemba Seed Works,132,"MK 19,416 per 10kg",rotation|green-manure|long-season
2040,Imani Banda|Mandla Okoye|Amara Diallo|Baraka Toure|Sipho Osei|Omari Diallo|Naledi Mwangi,Akatsi Horticulture Board,82,"MK 9,978 per 10kg",striga-tolerant|mechanized
2041,Zola Abara|Tendai Chirwa|Chidi Okoye|Naledi Sarr|Naledi Sarr|Mandla Mwangi,National Grain Programme,86,"MK 15,270 per 10kg",hybrid|high-protein|smallholder|lodging-resistant
2042,Zola Sarr|Wanjiru Banda|Rudo Mwangi|Naledi Moyo|Naledi Banda|Zola Osei,Hawassa Plant Breeding Unit,140,"MK 8,684 per 10kg",green-manure|smallholder|long-season|high-protein
2043,Aisha Okoye|Baraka Kariuki|Omari Banda|Sipho Abara|Imani Adeyemi|Mandla Mwangi|Imani Adeyemi,Amanzi Valley Seed Co-op,131,"MK 4,619 per 10kg",highland|valley-floor|mechanized|green-manure
2045,Sipho Mwangi|Furaha Dlamini|Baraka Diallo|Naledi Adeyemi|Kofi Diallo|Omari Kariuki,Kilimani Agricultural College,60,"MK 18,204 per 10kg",export-grade|certified-seed
2046,Tendai Mensah|Baraka Dlamini|Kofi Okoye|Mandla Dlamini|Lindiwe Banda,Chemba Seed Works,159,"MK 22,022 per 10kg",oil-grade|certified-seed
2047,Furaha Nkosi|Mandla Kariuki|Themba Nkosi|Lindiwe Kariuki|Omari Mensah|Wanjiru Sarr|Sipho Dlamini|Rudo Abara,Chemba Seed Works,182,"MK 13,799 per 10kg",rotation|short-season
2048,Sipho Mwangi|Tendai Abara|Tendai Toure|Kwame Moyo,Chemba Seed Works,76,"MK 4,101 per 10kg",green-manure|river-basin|high-starch|rotation
2049,Wanjiru Adeyemi|Lindiwe Moyo|Lindiwe Dlamini|Themba Nkosi|Kwame Sarr|Kofi Odhiambo,National Grain Programme,103,"MK 7,715 per 10kg",aphid-resistant|highland|mechanized
2050,Kofi Abara|Rudo Mensah|Imani Banda|Omari Mwangi|Baraka Okoye|Rudo Mensah,Hawassa Plant Breeding Unit,141,"MK 15,248 per 10kg",short-season|striga-tolerant|aphid-resistant
2051,Zola Dlamini|Kofi Toure|Zola Abara|Omari Banda,Kilimani Agricultural College,157,"MK 19,425 per 10kg",relay-crop|long-season|green-manure
2052,Rudo Odhiambo|Naledi Odhiambo|Aisha Abara|Rudo Kariuki|Rudo Chirwa|Kwame Abara|Rudo Toure|Chidi Odhiambo,Amanzi Valley Seed Co-op,95,"MK 9,023 per 10kg",striga-tolerant|hybrid|high-starch
2053,Wanjiru Nkosi|Naledi Mwangi|Themba Mwangi|Zola Chirwa|Furaha Sarr,Kilimani Agricultural College,152,"MK 6,432 per 10kg",short-season|rotation|smallholder|valley-floor
2054,Kofi Mwangi|Kwame Toure|Furaha Adeyemi|Mandla Mensah|Baraka Toure|Mandla Okoye|Kofi Kariuki,Sokoto Crop Research Station,183,"MK 23,768 per 10kg",mechanized|oil-grade|striga-tolerant|highland
2055,Chidi Okoye|Imani Osei|Naledi Okoye|Tendai Adeyemi|Lindiwe Mensah,Chemba Seed Works,93,"MK 12,736 per 10kg",hybrid|relay-crop
2056,Lindiwe Toure|Rudo Banda|Omari Chirwa|Mandla Odhiambo|Amara Adeyemi|Kwame Mensah,Akatsi Horticulture Board,67,"MK 9,296 per 10kg",green-manure|smallholder
2059,Wanjiru Kariuki|Baraka Kariuki|Kwame Mwangi|Imani Sarr|Chidi Odhiambo|Chidi Abara,Chemba Seed Works,118,"MK 5,358 per 10kg",high-protein|rotation
2060,Zola Toure|Rudo Okoye|Omari Abara|Furaha Chirwa|Kofi Toure,Amanzi Valley Seed Co-op,141,"MK 3,694 per 10kg",smallholder|relay-crop
2061,Themba Sarr|Tendai Diallo|Naledi Diallo|Mandla Banda|Lindiwe Odhiambo|Baraka Adeyemi|Amara Okoye|Themba Abara,Akatsi Horticulture Board,72,"MK 16,614 per 10kg",open-pollinated|aphid-resistant|rotation
2062,Tendai Chirwa|Sipho Kariuki|Furaha Moyo|Naledi Adeyemi|Lindiwe Moyo,Ukulima Seed Institute,83,"MK 18,725 per 10kg",fodder|high-starch|lowland|export-grade
2063,Kwame Osei|Kwame Toure|Wanjiru Osei|Lindiwe Sarr|Wanjiru Sarr|Tendai Dlamini,Hawassa Plant Breeding Unit,195,"MK 8,384 per 10kg",highland|open-pollinated|export-grade
2064,Furaha Osei|Rudo Mensah|Imani Diallo|Kofi Diallo,National Grain Programme,71,"MK 3,021 per 10kg",fodder|rotation
2065,Kofi Dlamini|Chidi Odhiambo|Naledi Mwangi|Kofi Odhiambo,Ukulima Seed Institute,165,"MK 18,883 per 10kg",river-basin|relay-crop
2066,Amara Mwangi|Baraka Odhiambo|Zola Adeyemi|Zola Sarr|Zola Okoye|Baraka Chirwa|Lindiwe Diallo|Kwame Okoye,Chemba Seed Works,82,"MK 6,992 per 10kg",lowland|highland
2067,Sipho Abara|Lindiwe Osei|Tendai Mwangi|Zola Abara|Zola Nkosi|Naledi Abara,Sokoto Crop Research Station,142,"MK 12,506 per 10kg",short-season|hybrid|lodging-resistant|terraced
2068,Themba Dlamini|Sipho Abara|Chidi Sarr|Tendai Dlamini|Amara Toure|Furaha Mwangi,Chemba Seed Works,111,"MK 2,392 per 10kg",rotation|long-season|relay-crop
2069,Baraka Diallo|Omari Abara|Chidi Adeyemi|Rudo Toure,Kilimani Agricultural College,143,"MK 5,813 per 10kg",high-starch|relay-crop
2070,Lindiwe Dlamini|Imani Abara|Chidi Banda|Amara Banda|Rudo Adeyemi,Chemba Seed Works,93,"MK 18,469 per 10kg",fodder|high-starch|green-manure|certified-seed
2071,Rudo Mwangi|Wanjiru Nkosi|Themba Abara|Lindiwe Kariuki|Sipho Moyo|Aisha Kariuki,Akatsi Horticulture Board,184,"MK 9,358 per 10kg",low-rainfall|terraced|lodging-resistant|mechanized
2072,Kofi Mensah|Kofi Nkosi|Zola Kariuki|Naledi Moyo|Tendai Nkosi|Rudo Adeyemi|Amara Mwangi|Baraka Mwangi,Chemba Seed Works,104,"MK 8,284 per 10kg",lodging-resistant|striga-tolerant|low-rainfall
2073,Amara Okoye|Chidi Sarr|Chidi Odhiambo|Wanjiru Sarr|Kofi Chirwa|Naledi Chirwa|Aisha Sarr,Chemba Seed Works,72,"MK 23,397 per 10kg",highland|short-season|low-rainfall
2074,Kofi Adeyemi|Rudo Abara|Imani Osei|Omari Odhiambo|Lindiwe Abara|Lindiwe Kariuki|Aisha Adeyemi|Imani Dlamini,Kilimani Agricultural College,165,"MK 7,653 per 10kg",aphid-resistant|oil-grade
2075,Naledi Nkosi|Chidi Nkosi|Themba Mwangi|Amara Nkosi|Aisha Chirwa|Kwame Banda|Lindiwe Chirwa|Naledi Sarr,National Grain Programme,81,"MK 14,225 per 10kg",short-season|aphid-resistant|highland|striga-tolerant
2076,Wanjiru Moyo|Imani Chirwa|Chidi Dlamini|Mandla Chirwa,Akatsi Horticulture Board,147,"MK 4,741 per 10kg",high-protein|relay-crop|highland|export-grade
2077,Sipho Nkosi|Imani Toure|Baraka Odhiambo|Themba Sarr|Wanjiru Chirwa|Chidi Diallo,Akatsi Horticulture Board,178,"MK 2,209 per 10kg",long-season|aphid-resistant|relay-crop|smallholder
2079,Imani Abara|Naledi Diallo|Imani Kariuki|Baraka Moyo|Aisha Adeyemi|Lindiwe Abara|Furaha Adeyemi|Omari Abara,National Grain Programme,151,"MK 20,216 per 10kg",valley-floor|oil-grade|high-starch
2080,Furaha Sarr|Wanjiru Chirwa|Aisha Mensah|Chidi Banda|Kofi Banda|Lindiwe Kariuki|Baraka Abara,Hawassa Plant Breeding Unit,146,"MK 21,254 per 10kg",lowland|fodder
2081,Mandla Banda|Furaha Mwangi|Naledi Diallo|Furaha Banda|Mandla Odhiambo|Omari Toure,Chemba Seed Works,154,"MK 22,408 per 10kg",lodging-resistant|hybrid
2082,Amara Odhiambo|Kwame Diallo|Mandla Adeyemi|Baraka Kariuki|Wanjiru Banda|Naledi Osei|Baraka Mensah|Amara Banda,Ukulima Seed Institute,136,"MK 2,084 per 10kg",lowland|fodder|long-season|high-starch
2085,Naledi Toure|Zola Moyo|Omari Kariuki|Aisha Odhiambo|Baraka Toure|Furaha Toure,National Grain Programme,105,"MK 1,807 per 10kg",open-pollinated|hybrid
2086,Aisha Kariuki|Mandla Adeyemi|Kwame Chirwa|Chidi Odhiambo|Furaha Mensah|Baraka Okoye|Kofi Okoye,National Grain Programme,157,"MK 24,269 per 10kg",export-grade|short-season|river-basin|certified-seed
2087,Omari Osei|Kofi Diallo|Wanjiru Abara|Kwame Mwangi,Hawassa Plant Breeding Unit,127,"MK 14,225 per 10kg",river-basin|low-rainfall|striga-tolerant
2088,Zola Chirwa|Baraka Osei|Sipho Abara|Wanjiru Sarr,Kilimani Agricultural College,88,"MK 23,706 per 10kg",high-starch|river-basin
2089,Mandla Diallo|Omari Abara|Lindiwe Sarr|Kwame Abara|Sipho Diallo|Kofi Osei,Amanzi Valley Seed Co-op,184,"MK 24,382 per 10kg",fodder|highland
2090,Imani Abara|Aisha Kariuki|Omari Toure|Baraka Sarr|Naledi Odhiambo|Omari Adeyemi|Zola Abara,Amanzi Valley Seed Co-op,127,"MK 11,462 per 10kg",valley-floor|oil-grade|hybrid
2091,Imani Moyo|Naledi Mensah|Themba Osei|Chidi Moyo|Kwame Dlamini|Furaha Okoye|Kofi Okoye,Chemba Seed Works,62,"MK 8,601 per 10kg",highland|lodging-resistant
2092,Tendai Mwangi|Amara Sarr|Amara Chirwa|Baraka Abara,Kilimani Agricultural College,185,"MK 13,875 per 10kg",open-pollinated|smallholder|fodder|high-protein
2093,Baraka Abara|Zola Abara|Themba Banda|Tendai Nkosi|Amara Toure|Kwame Moyo,Akatsi Horticulture Board,121,"MK 8,683 per 10kg",open-pollinated|smallholder|oil-grade|certified-seed
2094,Furaha Banda|Tendai Okoye|Imani Banda|Tendai Toure|Furaha Nkosi|Omari Mensah|Naledi Osei,Akatsi Horticulture Board,130,"MK 9,792 per 10kg",terraced|open-pollinated
2095,Rudo Abara|Baraka Nkosi|Amara Mwangi|Lindiwe Adeyemi|Rudo Osei,Hawassa Plant Breeding Unit,140,"MK 24,026 per 10kg",hybrid|green-manure|river-basin|long-season
2096,Imani Nkosi|Aisha Adeyemi|Kofi Chirwa|Omari Abara|Tendai Okoye|Wanjiru Mensah|Omari Mensah,Chemba Seed Works,173,"MK 8,299 per 10kg",export-grade|certified-seed
2097,Mandla Banda|Kofi Mensah|Naledi Kariuki|Tendai Okoye|Imani Mwangi|Imani Osei|Wanjiru Sarr,Amanzi Valley Seed Co-op,109,"MK 15,549 per 10kg",terraced|smallholder|rotation
2098,Naledi Nkosi|Furaha Toure|Zola Nkosi|Chidi Kariuki|Furaha Odhiambo|Wanjiru Mensah|Furaha Osei,Ukulima Seed Institute,147,"MK 18,247 per 10kg",green-manure|oil-grade
2099,Rudo Osei|Mandla Nkosi|Omari Odhiambo|Zola Nkosi|Kofi Chirwa|Themba Dlamini|Furaha Okoye,Chemba Seed Works,171,"MK 12,086 per 10kg",river-basin|aphid-resistant|terraced
2101,Omari Osei|Tendai Okoye|Lindiwe Odhiambo|Lindiwe Okoye|Naledi Okoye|Lindiwe Banda|Imani Okoye|Zola Kariuki,Amanzi Valley Seed Co-op,164,"MK 1,671 per 10kg",river-basin|fodder|short-season
2102,Rudo Dlamini|Lindiwe Odhiambo|Sipho Osei|Imani Nkosi|Rudo Abara|Themba Kariuki|Sipho Banda,Kilimani Agricultural College,118,"MK 21,617 per 10kg",smallholder|terraced|long-season|lowland
2103,Amara Odhiambo|Zola Odhiambo|Aisha Toure|Omari Diallo|Rudo Nkosi,Chemba Seed Works,63,"MK 1,956 per 10kg",river-basin|relay-crop|export-grade|striga-tolerant
2104,Baraka Banda|Aisha Osei|Amara Sarr|Zola Toure|Naledi Adeyemi|Imani Dlamini,Ukulima Seed Institute,62,"MK 3,641 per 10kg",high-protein|long-season
2105,Imani Odhiambo|Omari Diallo|Kwame Nkosi|Chidi Sarr,Sokoto Crop Research Station,102,"MK 1,732 per 10kg",aphid-resistant|high-starch|green-manure
2107,Kofi Moyo|Aisha Adeyemi|Themba Chirwa|Sipho Mensah|Themba Okoye|Kwame Adeyemi|Aisha Sarr|Lindiwe Kariuki,National Grain Programme,115,"MK 10,070 per 10kg",rotation|highland
2108,Themba Nkosi|Kofi Odhiambo|Amara Abara|Naledi Mwangi|Kwame Diallo|Rudo Diallo,Amanzi Valley Seed Co-op,72,"MK 6,015 per 10kg",green-manure|long-season
2109,Rudo Banda|Wanjiru Chirwa|Imani Chirwa|Themba Kariuki|Imani Banda|Baraka Chirwa,Sokoto Crop Research Station,66,"MK 14,346 per 10kg",short-season|lowland|green-manure
2111,Imani Kariuki|Amara Osei|Sipho Kariuki|Aisha Diallo|Naledi Abara|Amara Chirwa|Zola Okoye,Amanzi Valley Seed Co-op,160,"MK 3,081 per 10kg",aphid-resistant|fodder
2112,Tendai Okoye|Baraka Osei|Naledi Odhiambo|Furaha Chirwa|Themba Mwangi|Amara Chirwa|Zola Okoye,Hawassa Plant Breeding Unit,176,"MK 20,300 per 10kg",mechanized|short-season|high-protein
2113,Naledi Odhiambo|Themba Mensah|Lindiwe Banda|Furaha Mensah|Imani Chirwa|Sipho Mwangi|Aisha Chirwa|Kofi Adeyemi,Sokoto Crop Research Station,91,"MK 9,127 per 10kg",relay-crop|highland|river-basin|striga-tolerant
2114,Imani Adeyemi|Aisha Diallo|Furaha Diallo|Amara Osei|Zola Odhiambo|Kwame Mensah,National Grain Programme,70,"MK 20,849 per 10kg",river-basin|hybrid|valley-floor
2115,Omari Dlamini|Lindiwe Banda|Naledi Moyo|Sipho Mensah,Akatsi Horticulture Board,63,"MK 12,720 per 10kg",valley-floor|oil-grade
2116,Kofi Abara|Baraka Odhiambo|Kwame Osei|Kwame Diallo|Kwame Toure|Mandla Abara,Akatsi Horticulture Board,167,"MK 22,251 per 10kg",short-season|aphid-resistant|green-manure
2117,Chidi Osei|Omari Diallo|Tendai Nkosi|Furaha Osei|Kofi Dlamini|Wanjiru Mwangi|Tendai Adeyemi,Ukulima Seed Institute,148,"MK 18,851 per 10kg",long-season|open-pollinated|green-manure
2118,Amara Adeyemi|Sipho Adeyemi|Omari Chirwa|Naledi Banda|Omari Mensah|Omari Diallo,Kilimani Agricultural College,184,"MK 24,067 per 10kg",smallholder|striga-tolerant|highland
2119,Tendai Chirwa|Kofi Moyo|Chidi Dlamini|Rudo Adeyemi|Themba Okoye,Ukulima Seed Institute,126,"MK 9,273 per 10kg",fodder|striga-tolerant|low-rainfall|rotation
2120,Furaha Sarr|Kofi Toure|Baraka Osei|Imani Chirwa|Mandla Kariuki,Chemba Seed Works,94,"MK 22,936 per 10kg",striga-tolerant|relay-crop
2121,Omari Osei|Kofi Abara|Naledi Kariuki|Sipho Banda|Imani Nkosi,National Grain Programme,114,"MK 23,368 per 10kg",green-manure|open-pollinated|fodder
2122,Omari Banda|Sipho Banda|Imani Mensah|Imani Toure|Sipho Nkosi|Rudo Abara,Akatsi Horticulture Board,124,"MK 19,806 per 10kg",valley-floor|striga-tolerant|high-starch
2123,Mandla Diallo|Rudo Diallo|Baraka Sarr|Tendai Dlamini|Mandla Osei|Chidi Osei|Baraka Abara,Chemba Seed Works,93,"MK 16,684 per 10kg",hybrid|fodder|mechanized|aphid-resistant
2125,Sipho Banda|Furaha Adeyemi|Baraka Kariuki|Baraka Nkosi|Sipho Sarr|Themba Abara|Furaha Adeyemi|Imani Mwangi,Chemba Seed Works,79,"MK 1,986 per 10kg",open-pollinated|aphid-resistant
2126,Amara Mensah|Omari Adeyemi|Tendai Adeyemi|Tendai Adeyemi,Chemba Seed Works,77,"MK 2,022 per 10kg",smallholder|valley-floor|hybrid
2127,Rudo Osei|Wanjiru Okoye|Tendai Mensah|Baraka Mensah|Sipho Mensah|Tendai Chirwa|Furaha Mwangi,Chemba Seed Works,79,"MK 7,636 per 10kg",lowland|open-pollinated|oil-grade|smallholder
2128,Themba Nkosi|Furaha Kariuki|Rudo Okoye|Naledi Mensah|Naledi Chirwa,Akatsi Horticulture Board,128,"MK 13,248 per 10kg",valley-floor|terraced|lowland
2129,Chidi Chirwa|Wanjiru Diallo|Tendai Sarr|Sipho Sarr|Aisha Abara,Akatsi Horticulture Board,79,"MK 11,433 per 10kg",mechanized|high-starch|fodder|oil-grade
2130,Lindiwe Kariuki|Baraka Adeyemi|Sipho Odhiambo|Baraka Okoye,Kilimani Agricultural College,129,"MK 7,268 per 10kg",certified-seed|green-manure
2131,Naledi Moyo|Mandla Nkosi|Mandla Abara|Baraka Sarr|Themba Kariuki|Aisha Diallo|Kwame Banda,Sokoto Crop Research Station,162,"MK 1,184 per 10kg",long-season|high-protein|green-manure|valley-floor
2132,Mandla Osei|Chidi Banda|Furaha Moyo|Zola Banda|Wanjiru Diallo,Amanzi Valley Seed Co-op,163,"MK 18,963 per 10kg",smallholder|fodder
2133,Lindiwe Odhiambo|Furaha Banda|Rudo Dlamini|Kofi Sarr|Mandla Dlamini|Sipho Mwangi|Imani Adeyemi,Kilimani Agricultural College,108,"MK 16,411 per 10kg",oil-grade|high-starch|certified-seed
2134,Chidi Sarr|Tendai Okoye|Aisha Abara|Zola Mensah,Akatsi Horticulture Board,92,"MK 22,663 per 10kg",high-protein|short-season|lowland|open-pollinated
2135,Sipho Mwangi|Baraka Nkosi|Sipho Abara|Baraka Sarr|Mandla Diallo|Tendai Nkosi|Zola Kariuki,Akatsi Horticulture Board,184,"MK 4,032 per 10kg",certified-seed|long-season|river-basin|lowland
2136,Themba Mwangi|Tendai Kariuki|Kofi Toure|Imani Abara|Chidi Adeyemi|Rudo Dlamini|Kofi Nkosi|Amara Okoye,Amanzi Valley Seed Co-op,197,"MK 14,105 per 10kg",striga-tolerant|relay-crop|aphid-resistant
2137,Imani Adeyemi|Lindiwe Toure|Amara Chirwa|Rudo Chirwa|Aisha Adeyemi|Rudo Kariuki|Kofi Okoye,Akatsi Horticulture Board,128,"MK 8,008 per 10kg",open-pollinated|lodging-resistant|terraced
2138,Zola Moyo|Rudo Kariuki|Chidi Kariuki|Sipho Toure|Aisha Adeyemi,Akatsi Horticulture Board,144,"MK 1,455 per 10kg",long-season|lodging-resistant
2139,Mandla Toure|Aisha Mwangi|Amara Kariuki|Tendai Odhiambo|Furaha Sarr|Wanjiru Banda|Tendai Osei,Akatsi Horticulture Board,173,"MK 7,370 per 10kg",lodging-resistant|river-basin|rotation
2140,Kwame Sarr|Imani Moyo|Aisha Okoye|Naledi Diallo|Baraka Chirwa|Themba Toure,Sokoto Crop Research Station,189,"MK 19,276 per 10kg",fodder|smallholder|striga-tolerant|high-protein
2141,Kofi Sarr|Baraka Toure|Tendai Dlamini|Omari Osei,Amanzi Valley Seed Co-op,153,"MK 20,285 per 10kg",long-season|low-rainfall|valley-floor|lodging-resistant
2142,Wanjiru Odhiambo|Furaha Adeyemi|Aisha Chirwa|Wanjiru Dlamini|Mandla Okoye|Sipho Banda,Chemba Seed Works,140,"MK 3,327 per 10kg",aphid-resistant|certified-seed|mechanized|lodging-resistant
2144,Sipho Kariuki|Wanjiru Okoye|Lindiwe Dlamini|Imani Mensah|Omari Diallo,Hawassa Plant Breeding Unit,188,"MK 14,534 per 10kg",aphid-resistant|lodging-resistant|green-manure|oil-grade
2145,Amara Abara|Kofi Diallo|Rudo Osei|Wanjiru Moyo|Rudo Moyo|Rudo Diallo,Amanzi Valley Seed Co-op,147,"MK 4,812 per 10kg",terraced|low-rainfall|green-manure
2146,Tendai Abara|Mandla Odhiambo|Amara Adeyemi|Zola Toure|Omari Sarr,Akatsi Horticulture Board,197,"MK 8,898 per 10kg",valley-floor|lowland
2147,Omari Diallo|Sipho Toure|Aisha Dlamini|Omari Sarr|Tendai Toure|Zola Abara,Kilimani Agricultural College,173,"MK 18,708 per 10kg",long-season|smallholder|certified-seed|short-season
2148,Aisha Osei|Lindiwe Sarr|Mandla Sarr|Wanjiru Abara|Kofi Banda|Omari Okoye|Kwame Mwangi|Imani Okoye,Ukulima Seed Institute,120,"MK 15,409 per 10kg",relay-crop|valley-floor|lowland
2149,Baraka Toure|Chidi Osei|Lindiwe Diallo|Sipho Chirwa|Lindiwe Adeyemi|Themba Odhiambo,Chemba Seed Works,181,"MK 15,821 per 10kg",high-protein|valley-floor|lowland|low-rainfall
2150,Kwame Dlamini|Wanjiru Mensah|Themba Odhiambo|Imani Odhiambo|Kofi Kariuki|Naledi Chirwa,Kilimani Agricultural College,145,"MK 12,439 per 10kg",green-manure|smallholder
2151,Tendai Mwangi|Amara Moyo|Themba Sarr|Zola Mwangi,Hawassa Plant Breeding Unit,195,"MK 15,951 per 10kg",long-season|high-protein|high-starch|terraced
2152,Rudo Mwangi|Aisha Kariuki|Amara Osei|Chidi Osei|Mandla Banda|Amara Mensah,Chemba Seed Works,107,"MK 6,297 per 10kg",green-manure|short-season|low-rainfall
2153,Chidi Kariuki|Tendai Sarr|Naledi Moyo|Wanjiru Okoye|Rudo Chirwa|Lindiwe Kariuki|Tendai Chirwa|Mandla Osei,National Grain Programme,111,"MK 10,064 per 10kg",terraced|valley-floor
2154,Lindiwe Toure|Tendai Adeyemi|Zola Toure|Omari Toure|Aisha Adeyemi|Tendai Odhiambo|Zola Mensah,Amanzi Valley Seed Co-op,113,"MK 24,807 per 10kg",low-rainfall|aphid-resistant|long-season
2155,Furaha Sarr|Wanjiru Okoye|Zola Adeyemi|Furaha Nkosi|Aisha Mwangi,Kilimani Agricultural College,197,"MK 1,677 per 10kg",hybrid|striga-tolerant|export-grade
2156,Imani Abara|Zola Sarr|Chidi Kariuki|Zola Toure|Kwame Dlamini|Naledi Mwangi,Hawassa Plant Breeding Unit,183,"MK 13,536 per 10kg",valley-floor|long-season|relay-crop|fodder
2157,Sipho Diallo|Imani Chirwa|Imani Abara|Lindiwe Abara|Kwame Mensah|Lindiwe Mensah,Chemba Seed Works,180,"MK 1,912 per 10kg",mechanized|green-manure|valley-floor
2158,Naledi Abara|Furaha Mensah|Themba Mensah|Zola Banda|Wanjiru Okoye,Ukulima Seed Institute,124,"MK 23,512 per 10kg",rotation|high-protein|lowland|short-season
2159,Lindiwe Sarr|Aisha Sarr|Kwame Nkosi|Mandla Adeyemi,Chemba Seed Works,92,"MK 7,929 per 10kg",high-protein|short-season|fodder|high-starch
2160,Kofi Kariuki|Amara Adeyemi|Sipho Osei|Omari Kariuki|Furaha Chirwa|Aisha Moyo|Wanjiru Chirwa,National Grain Programme,126,"MK 24,947 per 10kg",terraced|smallholder|open-pollinated
2162,Rudo Dlamini|Sipho Banda|Sipho Toure|Omari Moyo|Lindiwe Chirwa|Sipho Dlamini|Furaha Odhiambo|Omari Odhiambo,Chemba Seed Works,186,"MK 14,876 per 10kg",mechanized|certified-seed
2163,Chidi Mwangi|Kwame Banda|Furaha Diallo|Sipho Abara|Kwame Adeyemi|Mandla Toure|Rudo Mwangi,Sokoto Crop Research Station,69,"MK 19,186 per 10kg",smallholder|certified-seed
2164,Rudo Dlamini|Wanjiru Okoye|Kofi Abara|Naledi Toure|Baraka Chirwa,Amanzi Valley Seed Co-op,154,"MK 7,786 per 10kg",smallholder|high-protein|green-manure
2165,Wanjiru Mensah|Zola Adeyemi|Rudo Moyo|Sipho Adeyemi|Omari Odhiambo|Tendai Osei|Zola Moyo,Ukulima Seed Institute,124,"MK 19,452 per 10kg",mechanized|export-grade|certified-seed|aphid-resistant
2166,Tendai Sarr|Sipho Osei|Mandla Banda|Baraka Adeyemi|Amara Diallo,Amanzi Valley Seed Co-op,134,"MK 2,944 per 10kg",highland|certified-seed|open-pollinated
2167,Kwame Moyo|Aisha Dlamini|Baraka Diallo|Furaha Dlamini|Furaha Mwangi,Kilimani Agricultural College,63,"MK 2,274 per 10kg",open-pollinated|smallholder|relay-crop
2168,Mandla Okoye|Omari Mwangi|Themba Abara|Aisha Nkosi|Naledi Nkosi|Wanjiru Adeyemi|Omari Osei|Lindiwe Kariuki,National Grain Programme,158,"MK 5,549 per 10kg",highland|certified-seed|lodging-resistant|relay-crop
2170,Amara Kariuki|Lindiwe Toure|Naledi Dlamini|Aisha Adeyemi|Rudo Sarr|Naledi Sarr|Chidi Banda|Sipho Moyo,Chemba Seed Works,70,"MK 4,996 per 10kg",fodder|rotation|high-protein
2171,Imani Chirwa|Themba Okoye|Lindiwe Moyo|Zola Mwangi|Baraka Toure,Akatsi Horticulture Board,174,"MK 9,624 per 10kg",high-starch|hybrid|certified-seed
2172,Mandla Adeyemi|Zola Odhiambo|Kwame Dlamini|Amara Mensah|Imani Diallo|Zola Mensah|Baraka Kariuki,National Grain Programme,127,"MK 6,925 per 10kg",striga-tolerant|rotation
2173,Baraka Banda|Kwame Mensah|Chidi Mensah|Themba Abara|Kwame Odhiambo|Kwame Sarr|Themba Osei,Chemba Seed Works,126,"MK 21,534 per 10kg",high-protein|highland
2174,Tendai Chirwa|Amara Adeyemi|Wanjiru Toure|Themba Banda|Rudo Sarr|Kwame Adeyemi,National Grain Programme,151,"MK 13,776 per 10kg",aphid-resistant|lowland
2175,Imani Adeyemi|Wanjiru Mwangi|Zola Odhiambo|Kofi Moyo|Imani Mwangi|Aisha Osei|Themba Odhiambo|Naledi Diallo,Amanzi Valley Seed Co-op,189,"MK 1,118 per 10kg",mechanized|striga-tolerant|river-basin
2176,Zola Moyo|Naledi Chirwa|Baraka Adeyemi|Wanjiru Adeyemi|Imani Mwangi|Kwame Kariuki|Rudo Dlamini|Imani Toure,Sokoto Crop Research Station,190,"MK 21,908 per 10kg",smallholder|high-protein
2177,Lindiwe Adeyemi|Kofi Adeyemi|Omari Odhiambo|Mandla Mensah|Aisha Moyo,Hawassa Plant Breeding Unit,129,"MK 15,650 per 10kg",long-season|high-protein|green-manure|high-starch
2178,Rudo Sarr|Baraka Abara|Furaha Kariuki|Tendai Okoye|Imani Mwangi|Wanjiru Kariuki|Naledi Okoye,Kilimani Agricultural College,65,"MK 14,612 per 10kg",oil-grade|valley-floor
2179,Mandla Mwangi|Lindiwe Odhiambo|Kofi Kariuki|Zola Abara,Sokoto Crop Research Station,175,"MK 21,745 per 10kg",highland|striga-tolerant|short-season
2180,Wanjiru Diallo|Kofi Moyo|Baraka Adeyemi|Imani Mwangi|Tendai Chirwa|Kofi Adeyemi|Baraka Kariuki,Kilimani Agricultural College,169,"MK 15,154 per 10kg",mechanized|relay-crop|terraced|certified-seed
2181,Tendai Okoye|Themba Diallo|Zola Nkosi|Kofi Osei,Sokoto Crop Research Station,94,"MK 21,334 per 10kg",hybrid|striga-tolerant
2182,Themba Okoye|Kwame Toure|Chidi Moyo|Wanjiru Adeyemi|Mandla Nkosi|Tendai Moyo|Kofi Diallo|Naledi Mwangi,Amanzi Valley Seed Co-op,135,"MK 21,017 per 10kg",relay-crop|long-season
2183,Wanjiru Dlamini|Kwame Kariuki|Wanjiru Okoye|Kwame Abara|Mandla Mwangi|Themba Sarr,Ukulima Seed Institute,97,"MK 22,967 per 10kg",aphid-resistant|lowland
2184,Lindiwe Moyo|Sipho Mensah|Kwame Diallo|Kofi Banda|Themba Adeyemi,Kilimani Agricultural College,86,"MK 13,891 per 10kg",aphid-resistant|lowland
2185,Chidi Kariuki|Zola Mensah|Furaha Banda|Imani Banda|Omari Banda|Sipho Osei,Hawassa Plant Breeding Unit,124,"MK 9,222 per 10kg",highland|export-grade|lodging-resistant
2186,Zola Chirwa|Baraka Abara|Aisha Dlamini|Furaha Dlamini,Chemba Seed Works,129,"MK 1,409 per 10kg",certified-seed|high-protein|green-manure
2188,Amara Mwangi|Imani Odhiambo|Kofi Dlamini|Imani Osei|Kofi Mensah|Wanjiru Chirwa|Kwame Chirwa,Amanzi Valley Seed Co-op,85,"MK 18,766 per 10kg",lowland|rotation|valley-floor
2189,Wanjiru Okoye|Tendai Dlamini|Lindiwe Mensah|Omari Nkosi|Furaha Mensah|Aisha Adeyemi|Imani Dlamini,Akatsi Horticulture Board,79,"MK 13,653 per 10kg",long-season|river-basin
2190,Furaha Dlamini|Omari Adeyemi|Aisha Mensah|Aisha Sarr,Kilimani Agricultural College,96,"MK 12,729 per 10kg",river-basin|low-rainfall|relay-crop|long-season
2191,Amara Toure|Rudo Abara|Kwame Adeyemi|Tendai Banda|Furaha Toure|Furaha Banda|Omari Mensah,Kilimani Agricultural College,119,"MK 4,826 per 10kg",oil-grade|export-grade|valley-floor
2194,Omari Okoye|Chidi Okoye|Aisha Osei|Rudo Odhiambo,Amanzi Valley Seed Co-op,136,"MK 5,509 per 10kg",certified-seed|lowland
2195,Sipho Banda|Furaha Abara|Mandla Okoye|Sipho Toure|Mandla Odhiambo|Tendai Kariuki,Kilimani Agricultural College,148,"MK 3,106 per 10kg",aphid-resistant|valley-floor|terraced
2196,Kofi Nkosi|Chidi Odhiambo|Baraka Abara|Imani Nkosi|Imani Dlamini|Kofi Chirwa,Sokoto Crop Research Station,145,"MK 2,565 per 10kg",hybrid|aphid-resistant|fodder|short-season
2197,Tendai Dlamini|Omari Diallo|Imani Osei|Lindiwe Dlamini,National Grain Programme,191,"MK 22,919 per 10kg",mechanized|fodder
2198,Chidi Okoye|Imani Toure|Naledi Toure|Kwame Odhiambo|Baraka Kariuki|Mandla Chirwa|Imani Nkosi|Tendai Osei,Ukulima Seed Institute,109,"MK 23,963 per 10kg",lodging-resistant|export-grade|short-season
2199,Aisha Kariuki|Furaha Diallo|Rudo Osei|Omari Odhiambo|Omari Nkosi,Ukulima Seed Institute,146,"MK 5,745 per 10kg",relay-crop|aphid-resistant|high-starch
2201,Kwame Kariuki|Kwame Okoye|Mandla Abara|Aisha Moyo|Omari Mensah|Furaha Okoye|Lindiwe Mwangi,Amanzi Valley Seed Co-op,112,"MK 7,266 per 10kg",long-season|rotation|green-manure
2202,Baraka Sarr|Amara Mensah|Kofi Diallo|Kofi Toure|Chidi Abara|Kwame Banda|Zola Toure,Hawassa Plant Breeding Unit,65,"MK 21,144 per 10kg",striga-tolerant|hybrid|high-starch|river-basin
2203,Tendai Sarr|Kofi Diallo|Aisha Chirwa|Kwame Kariuki|Lindiwe Diallo|Chidi Kariuki|Chidi Mwangi|Amara Okoye,Akatsi Horticulture Board,194,"MK 22,616 per 10kg",low-rainfall|export-grade|high-starch
2205,Naledi Mwangi|Rudo Toure|Imani Osei|Baraka Odhiambo|Kwame Moyo|Tendai Dlamini,Sokoto Crop Research Station,174,"MK 12,078 per 10kg",river-basin|open-pollinated|mechanized|valley-floor
2206,Imani Banda|Aisha Mwangi|Wanjiru Mwangi|Rudo Chirwa,Kilimani Agricultural College,67,"MK 11,544 per 10kg",hybrid|fodder|aphid-resistant
2207,Rudo Adeyemi|Kwame Odhiambo|Baraka Adeyemi|Wanjiru Nkosi,Sokoto Crop Research Station,69,"MK 20,008 per 10kg",striga-tolerant|river-basin|terraced|long-season
2208,Mandla Adeyemi|Themba Nkosi|Rudo Mensah|Kofi Toure,Amanzi Valley Seed Co-op,177,"MK 21,083 per 10kg",mechanized|smallholder|long-season|export-grade
2209,Tendai Abara|Amara Mensah|Naledi Kariuki|Aisha Moyo|Mandla Odhiambo|Imani Kariuki,Akatsi Horticulture Board,64,"MK 20,989 per 10kg",rotation|high-starch|low-rainfall|terraced
2211,Baraka Banda|Kwame Dlamini|Furaha Osei|Rudo Kariuki|Kofi Banda|Tendai Osei|Omari Mensah,Akatsi Horticulture Board,153,MK 871 per 10kg,fodder|short-season|lowland
2212,Furaha Moyo|Chidi Chirwa|Baraka Adeyemi|Chidi Osei|Furaha Odhiambo|Mandla Dlamini|Rudo Sarr,Chemba Seed Works,172,"MK 6,349 per 10kg",valley-floor|high-starch|highland|aphid-resistant
2213,Baraka Toure|Lindiwe Mwangi|Rudo Dlamini|Themba Nkosi,Amanzi Valley Seed Co-op,141,"MK 14,309 per 10kg",rotation|short-season|export-grade
2214,Aisha Chirwa|Kofi Sarr|Imani Abara|Lindiwe Dlamini|Zola Odhiambo|Lindiwe Toure,National Grain Programme,177,"MK 13,952 per 10kg",high-starch|short-season|lodging-resistant|striga-tolerant
2215,Furaha Adeyemi|Furaha Diallo|Naledi Mwangi|Themba Abara|Rudo Toure,National Grain Programme,107,"MK 2,391 per 10kg",long-season|oil-grade|river-basin|aphid-resistant
2216,Kwame Adeyemi|Rudo Abara|Furaha Dlamini|Kofi Banda|Furaha Kariuki,Hawassa Plant Breeding Unit,144,"MK 4,180 per 10kg",highland|green-manure|rotation|striga-tolerant
2217,Amara Banda|Aisha Odhiambo|Mandla Mensah|Tendai Sarr|Chidi Mensah|Omari Abara|Imani Kariuki,Hawassa Plant Breeding Unit,73,"MK 22,033 per 10kg",fodder|smallholder|relay-crop|striga-tolerant
2218,Kwame Mensah|Baraka Adeyemi|Tendai Mwangi|Tendai Nkosi|Chidi Diallo|Amara Chirwa|Lindiwe Diallo,Amanzi Valley Seed Co-op,144,"MK 13,823 per 10kg",certified-seed|green-manure
2219,Naledi Mwangi|Kofi Adeyemi|Zola Kariuki|Sipho Okoye|Imani Mwangi|Tendai Moyo,Akatsi Horticulture Board,67,"MK 12,939 per 10kg",high-protein|certified-seed|valley-floor|river-basin
2220,Rudo Okoye|Imani Adeyemi|Furaha Nkosi|Aisha Odhiambo|Furaha Mensah|Lindiwe Osei|Omari Osei|Naledi Sarr,National Grain Programme,186,"MK 2,630 per 10kg",terraced|open-pollinated
2221,Wanjiru Dlamini|Omari Kariuki|Kwame Moyo|Mandla Chirwa|Themba Chirwa|Omari Dlamini,Kilimani Agricultural College,189,"MK 12,465 per 10kg",short-season|smallholder|terraced
2222,Imani Mwangi|Chidi Nkosi|Omari Nkosi|Amara Dlamini,Akatsi Horticulture Board,100,"MK 12,494 per 10kg",valley-floor|aphid-resistant|high-protein
2223,Amara Banda|Mandla Chirwa|Aisha Okoye|Furaha Banda,Hawassa Plant Breeding Unit,142,"MK 23,007 per 10kg",terraced|high-protein
2224,Mandla Banda|Sipho Moyo|Tendai Adeyemi|Mandla Adeyemi|Kwame Odhiambo|Chidi Odhiambo|Wanjiru Moyo,Amanzi Valley Seed Co-op,173,"MK 19,312 per 10kg",lodging-resistant|long-season|valley-floor|export-grade
2225,Naledi Mwangi|Omari Toure|Sipho Adeyemi|Rudo Kariuki|Rudo Dlamini|Imani Osei|Lindiwe Sarr,Akatsi Horticulture Board,67,"MK 7,898 per 10kg",long-season|relay-crop|terraced|smallholder
2226,Furaha Chirwa|Furaha Osei|Omari Osei|Sipho Sarr|Omari Banda,Chemba Seed Works,194,"MK 23,341 per 10kg",lowland|high-protein
2227,Aisha Mwangi|Omari Moyo|Wanjiru Chirwa|Lindiwe Kariuki|Tendai Diallo|Furaha Banda|Naledi Sarr,Kilimani Agricultural College,146,"MK 9,437 per 10kg",export-grade|striga-tolerant|highland|open-pollinated
2228,Zola Okoye|Wanjiru Okoye|Aisha Toure|Rudo Nkosi|Amara Chirwa|Imani Okoye|Tendai Moyo,National Grain Programme,182,"MK 13,518 per 10kg",river-basin|highland|rotation
2229,Aisha Adeyemi|Naledi Chirwa|Aisha Mensah|Imani Abara|Lindiwe Banda,Ukulima Seed Institute,174,"MK 14,570 per 10kg",highland|rotation|striga-tolerant
2231,Lindiwe Adeyemi|Kwame Mensah|Zola Banda|Mandla Nkosi|Chidi Mwangi|Mandla Adeyemi|Tendai Sarr|Wanjiru Moyo,Ukulima Seed Institute,191,"MK 20,410 per 10kg",oil-grade|mechanized
2232,Kofi Toure|Sipho Adeyemi|Furaha Kariuki|Themba Mensah|Furaha Kariuki|Aisha Moyo|Rudo Moyo|Kofi Odhiambo,National Grain Programme,91,"MK 12,517 per 10kg",rotation|lodging-resistant|low-rainfall|valley-floor
2233,Amara Kariuki|Wanjiru Chirwa|Themba Abara|Chidi Mwangi|Lindiwe Odhiambo|Chidi Odhiambo|Mandla Mwangi|Kwame Dlamini,Kilimani Agricultural College,88,"MK 17,983 per 10kg",fodder|low-rainfall|river-basin
2234,Rudo Mwangi|Aisha Diallo|Furaha Banda|Imani Odhiambo,National Grain Programme,185,"MK 5,646 per 10kg",low-rainfall|export-grade
2235,Kofi Mensah|Sipho Kariuki|Furaha Kariuki|Imani Mensah|Kofi Chirwa|Chidi Adeyemi,Sokoto Crop Research Station,147,"MK 16,139 per 10kg",certified-seed|green-manure
2236,Tendai Chirwa|Aisha Okoye|Mandla Mwangi|Omari Kariuki|Aisha Kariuki|Mandla Banda,National Grain Programme,85,MK 935 per 10kg,aphid-resistant|lowland
2237,Amara Abara|Sipho Moyo|Furaha Kariuki|Furaha Dlamini|Sipho Mwangi|Omari Kariuki,Hawassa Plant Breeding Unit,73,"MK 11,288 per 10kg",fodder|lowland|lodging-resistant|open-pollinated
2238,Kofi Dlamini|Tendai Nkosi|Sipho Okoye|Themba Osei|Furaha Toure|Chidi Dlamini,Ukulima Seed Institute,185,"MK 11,145 per 10kg",striga-tolerant|short-season|lowland
2239,Sipho Adeyemi|Mandla Mensah|Kofi Toure|Sipho Mwangi|Naledi Toure,Amanzi Valley Seed Co-op,175,"MK 15,615 per 10kg",short-season|open-pollinated|lodging-resistant
2240,Imani Diallo|Kofi Mwangi|Tendai Banda|Mandla Sarr|Rudo Moyo|Chidi Osei|Wanjiru Moyo|Rudo Diallo,Hawassa Plant Breeding Unit,197,"MK 11,541 per 10kg",short-season|open-pollinated|terraced
2241,Omari Banda|Themba Toure|Mandla Abara|Sipho Nkosi|Furaha Osei|Mandla Dlamini|Kofi Moyo|Naledi Okoye,National Grain Programme,190,"MK 19,791 per 10kg",relay-crop|short-season
2242,Zola Chirwa|Chidi Moyo|Chidi Dlamini|Zola Chirwa|Imani Mwangi|Naledi Kariuki|Lindiwe Mwangi,Hawassa Plant Breeding Unit,179,"MK 23,039 per 10kg",high-starch|terraced
2243,Furaha Moyo|Aisha Odhiambo|Sipho Okoye|Amara Sarr|Chidi Sarr|Tendai Mensah,National Grain Programme,186,"MK 19,528 per 10kg",terraced|high-starch|open-pollinated
2244,Kofi Mwangi|Mandla Kariuki|Sipho Adeyemi|Chidi Osei|Themba Adeyemi|Naledi Mensah|Wanjiru Diallo,National Grain Programme,199,"MK 22,309 per 10kg",long-season|green-manure|mechanized|relay-crop
2245,Wanjiru Osei|Tendai Sarr|Kwame Kariuki|Kwame Nkosi|Rudo Adeyemi|Imani Dlamini,Amanzi Valley Seed Co-op,150,"MK 7,154 per 10kg",short-season|valley-floor|export-grade|lodging-resistant
2246,Kwame Okoye|Naledi Adeyemi|Naledi Moyo|Lindiwe Odhiambo|Wanjiru Osei,Sokoto Crop Research Station,75,"MK 9,871 per 10kg",low-rainfall|smallholder|highland
2247,Chidi Kariuki|Chidi Mwangi|Aisha Mensah|Imani Okoye|Naledi Okoye|Baraka Kariuki|Kofi Okoye|Aisha Nkosi,Hawassa Plant Breeding Unit,64,"MK 13,295 per 10kg",striga-tolerant|export-grade|rotation
2248,Mandla Kariuki|Kwame Diallo|Rudo Diallo|Baraka Dlamini|Wanjiru Diallo|Aisha Dlamini,Akatsi Horticulture Board,176,"MK 4,319 per 10kg",green-manure|oil-grade|long-season|highland
2249,Chidi Nkosi|Rudo Osei|Amara Odhiambo|Mandla Abara|Zola Chirwa|Themba Sarr,National Grain Programme,192,"MK 17,435 per 10kg",relay-crop|certified-seed|highland
2250,Rudo Nkosi|Baraka Chirwa|Kwame Toure|Baraka Diallo|Zola Mwangi|Omari Odhiambo|Kwame Nkosi,Akatsi Horticulture Board,90,"MK 24,399 per 10kg",aphid-resistant|open-pollinated|high-starch|low-rainfall
2251,Kofi Mwangi|Kwame Mwangi|Amara Adeyemi|Kofi Osei|Omari Dlamini,Amanzi Valley Seed Co-op,149,"MK 19,793 per 10kg",hybrid|river-basin|terraced
2252,Chidi Sarr|Imani Odhiambo|Mandla Dlamini|Kofi Adeyemi|Lindiwe Diallo|Themba Diallo,Amanzi Valley Seed Co-op,174,"MK 1,265 per 10kg",high-protein|high-starch|terraced
2254,Zola Banda|Chidi Moyo|Zola Diallo|Baraka Mwangi|Aisha Abara|Sipho Okoye|Kofi Kariuki,Akatsi Horticulture Board,198,"MK 19,278 per 10kg",low-rainfall|terraced|high-protein|fodder
2255,Aisha Sarr|Imani Abara|Imani Toure|Wanjiru Adeyemi,Chemba Seed Works,155,"MK 3,119 per 10kg",valley-floor|oil-grade
2256,Wanjiru Toure|Lindiwe Toure|Zola Moyo|Themba Banda|Lindiwe Diallo|Themba Okoye|Naledi Adeyemi|Omari Diallo,Ukulima Seed Institute,125,"MK 3,316 per 10kg",green-manure|low-rainfall|lodging-resistant|certified-seed
2257,Aisha Odhiambo|Kofi Sarr|Lindiwe Osei|Kwame Adeyemi|Rudo Odhiambo,Ukulima Seed Institute,76,"MK 14,170 per 10kg",relay-crop|short-season
2258,Zola Chirwa|Rudo Sarr|Zola Abara|Baraka Moyo|Themba Dlamini,Ukulima Seed Institute,104,"MK 3,912 per 10kg",open-pollinated|lowland|short-season
2259,Aisha Diallo|Themba Mensah|Themba Kariuki|Aisha Mwangi,Chemba Seed Works,150,"MK 8,542 per 10kg",mechanized|terraced|lowland
2260,Tendai Mensah|Imani Abara|Themba Adeyemi|Lindiwe Banda|Mandla Dlamini|Rudo Moyo|Wanjiru Okoye|Furaha Osei,Hawassa Plant Breeding Unit,147,"MK 19,770 per 10kg",certified-seed|striga-tolerant
2261,Naledi Banda|Amara Okoye|Furaha Osei|Amara Diallo|Mandla Adeyemi|Lindiwe Kariuki|Imani Toure|Lindiwe Adeyemi,Hawassa Plant Breeding Unit,67,"MK 18,964 per 10kg",lodging-resistant|terraced
2262,Mandla Sarr|Imani Chirwa|Baraka Adeyemi|Imani Chirwa|Lindiwe Osei|Zola Chirwa|Wanjiru Odhiambo|Naledi Nkosi,Chemba Seed Works,62,"MK 8,574 per 10kg",low-rainfall|rotation
2263,Imani Toure|Kwame Dlamini|Imani Diallo|Omari Kariuki,National Grain Programme,178,"MK 13,045 per 10kg",mechanized|certified-seed|smallholder|long-season
2264,Imani Nkosi|Furaha Chirwa|Sipho Nkosi|Sipho Toure|Aisha Abara|Kwame Abara|Naledi Abara,Hawassa Plant Breeding Unit,114,"MK 21,626 per 10kg",striga-tolerant|fodder|oil-grade|river-basin
2266,Lindiwe Osei|Omari Mwangi|Wanjiru Toure|Sipho Toure|Wanjiru Adeyemi|Omari Dlamini|Aisha Odhiambo,Kilimani Agricultural College,112,"MK 16,954 per 10kg",short-season|export-grade
2267,Tendai Okoye|Sipho Sarr|Themba Kariuki|Omari Mwangi|Kofi Adeyemi,Amanzi Valley Seed Co-op,187,"MK 19,382 per 10kg",high-starch|hybrid|certified-seed|valley-floor
2268,Baraka Mensah|Naledi Odhiambo|Zola Kariuki|Furaha Toure|Tendai Kariuki,Kilimani Agricultural College,139,"MK 21,255 per 10kg",high-protein|open-pollinated
2269,Tendai Moyo|Kwame Chirwa|Aisha Nkosi|Omari Dlamini|Rudo Mwangi,Kilimani Agricultural College,142,"MK 13,468 per 10kg",terraced|green-manure|striga-tolerant|hybrid
2270,Chidi Sarr|Wanjiru Chirwa|Aisha Chirwa|Baraka Mwangi|Kofi Sarr|Tendai Dlamini|Omari Banda,National Grain Programme,124,"MK 7,574 per 10kg",green-manure|aphid-resistant
2271,Furaha Okoye|Zola Sarr|Mandla Osei|Tendai Banda|Naledi Sarr,Ukulima Seed Institute,148,"MK 16,493 per 10kg",long-season|relay-crop
2272,Rudo Diallo|Zola Dlamini|Themba Mensah|Kwame Toure,Ukulima Seed Institute,97,"MK 16,681 per 10kg",rotation|export-grade|mechanized|open-pollinated
2274,Chidi Toure|Sipho Nkosi|Zola Kariuki|Naledi Dlamini|Furaha Chirwa,National Grain Programme,181,"MK 2,745 per 10kg",certified-seed|striga-tolerant|lowland
2275,Kwame Adeyemi|Sipho Nkosi|Imani Adeyemi|Chidi Nkosi|Baraka Adeyemi|Tendai Sarr|Baraka Sarr,Akatsi Horticulture Board,80,"MK 13,130 per 10kg",short-season|highland|open-pollinated|export-grade
2276,Kofi Toure|Naledi Banda|Chidi Mensah|Furaha Sarr|Themba Toure,Chemba Seed Works,165,"MK 21,313 per 10kg",rotation|oil-grade|terraced
2277,Zola Nkosi|Furaha Sarr|Sipho Toure|Baraka Mwangi|Mandla Nkosi,Akatsi Horticulture Board,60,"MK 14,821 per 10kg",export-grade|smallholder
2278,Lindiwe Diallo|Amara Mwangi|Aisha Mensah|Themba Mensah|Kofi Nkosi|Tendai Toure,Hawassa Plant Breeding Unit,163,"MK 23,476 per 10kg",relay-crop|rotation|certified-seed
2279,Aisha Moyo|Kofi Banda|Kofi Nkosi|Mandla Diallo|Baraka Kariuki|Sipho Dlamini|Naledi Mwangi,Hawassa Plant Breeding Unit,162,"MK 6,479 per 10kg",terraced|high-starch
2281,Furaha Banda|Naledi Chirwa|Tendai Okoye|Aisha Banda|Zola Odhiambo|Rudo Dlamini,Chemba Seed Works,113,"MK 24,743 per 10kg",highland|high-protein|river-basin|oil-grade
2282,Sipho Sarr|Naledi Mensah|Mandla Banda|Chidi Okoye,Ukulima Seed Institute,135,"MK 4,077 per 10kg",certified-seed|long-season|fodder
2283,Themba Abara|Omari Adeyemi|Omari Dlamini|Tendai Adeyemi|Imani Osei|Furaha Banda,Hawassa Plant Breeding Unit,77,"MK 6,869 per 10kg",green-manure|high-protein|long-season
2284,Imani Odhiambo|Omari Moyo|Wanjiru Mwangi|Kwame Chirwa|Mandla Toure|Imani Adeyemi|Aisha Sarr,Chemba Seed Works,110,"MK 10,337 per 10kg",lowland|rotation|aphid-resistant
2285,Themba Mensah|Aisha Toure|Omari Kariuki|Amara Moyo|Chidi Nkosi|Omari Mwangi|Lindiwe Abara,National Grain Programme,125,"MK 9,177 per 10kg",river-basin|mechanized|open-pollinated
2286,Zola Diallo|Tendai Okoye|Rudo Diallo|Lindiwe Toure|Imani Chirwa|Chidi Mwangi,Amanzi Valley Seed Co-op,95,"MK 9,781 per 10kg",hybrid|river-basin|highland|lodging-resistant
2287,Kofi Moyo|Kofi Dlamini|Mandla Nkosi|Mandla Nkosi|Mandla Odhiambo|Kofi Mensah|Omari Diallo|Omari Osei,Sokoto Crop Research Station,175,"MK 6,803 per 10kg",striga-tolerant|terraced
2288,Chidi Chirwa|Aisha Okoye|Lindiwe Sarr|Amara Okoye|Baraka Toure|Kwame Moyo,Hawassa Plant Breeding Unit,178,"MK 5,421 per 10kg",aphid-resistant|high-protein|short-season
2289,Naledi Chirwa|Zola Dlamini|Omari Abara|Kwame Odhiambo|Naledi Nkosi|Omari Chirwa,National Grain Programme,123,"MK 16,215 per 10kg",lowland|fodder|rotation
2290,Lindiwe Moyo|Amara Diallo|Tendai Nkosi|Wanjiru Dlamini|Wanjiru Osei|Naledi Chirwa,Kilimani Agricultural College,87,"MK 10,779 per 10kg",open-pollinated|lodging-resistant|green-manure|valley-floor
2291,Aisha Banda|Imani Mensah|Kwame Toure|Naledi Dlamini|Omari Mwangi|Themba Nkosi,Sokoto Crop Research Station,141,"MK 20,517 per 10kg",high-starch|lodging-resistant
2292,Naledi Odhiambo|Imani Sarr|Kofi Moyo|Amara Osei|Lindiwe Chirwa|Mandla Adeyemi|Tendai Moyo,Akatsi Horticulture Board,143,"MK 22,749 per 10kg",green-manure|rotation
2293,Tendai Nkosi|Themba Toure|Kofi Banda|Imani Kariuki,National Grain Programme,165,"MK 17,420 per 10kg",fodder|certified-seed|aphid-resistant|terraced
2294,Rudo Adeyemi|Themba Odhiambo|Aisha Diallo|Zola Banda|Naledi Chirwa,Hawassa Plant Breeding Unit,77,"MK 1,724 per 10kg",relay-crop|long-season
2295,Themba Diallo|Tendai Sarr|Chidi Chirwa|Chidi Odhiambo|Zola Diallo|Amara Diallo|Mandla Kariuki|Omari Mensah,Hawassa Plant Breeding Unit,117,"MK 9,734 per 10kg",high-starch|low-rainfall|short-season|smallholder
2297,Chidi Okoye|Sipho Abara|Themba Kariuki|Amara Banda|Kofi Mwangi|Amara Moyo,Chemba Seed Works,109,"MK 22,942 per 10kg",mechanized|low-rainfall
2298,Imani Sarr|Themba Mwangi|Wanjiru Okoye|Baraka Mensah|Chidi Kariuki,Ukulima Seed Institute,142,"MK 1,177 per 10kg",oil-grade|lodging-resistant|fodder
2299,Baraka Mensah|Imani Chirwa|Tendai Abara|Furaha Diallo|Furaha Banda,Sokoto Crop Research Station,168,"MK 17,422 per 10kg",aphid-resistant|export-grade
2301,Themba Odhiambo|Lindiwe Chirwa|Kofi Dlamini|Tendai Adeyemi,Kilimani Agricultural College,159,"MK 23,349 per 10kg",smallholder|low-rainfall
2302,Amara Banda|Rudo Mensah|Lindiwe Toure|Amara Odhiambo|Mandla Odhiambo,Hawassa Plant Breeding Unit,168,"MK 18,091 per 10kg",oil-grade|highland|short-season
2303,Rudo Diallo|Sipho Adeyemi|Kwame Kariuki|Tendai Adeyemi,Ukulima Seed Institute,100,"MK 7,613 per 10kg",long-season|hybrid|export-grade|mechanized
2304,Furaha Toure|Rudo Mensah|Aisha Sarr|Tendai Mensah|Mandla Okoye|Mandla Banda|Themba Diallo|Amara Adeyemi,National Grain Programme,146,"MK 14,404 per 10kg",high-protein|certified-seed|fodder|hybrid
2306,Aisha Adeyemi|Themba Kariuki|Chidi Diallo|Zola Sarr|Lindiwe Banda|Sipho Dlamini|Tendai Mensah|Kwame Okoye,Akatsi Horticulture Board,140,"MK 5,125 per 10kg",hybrid|rotation|lodging-resistant|terraced
2307,Furaha Adeyemi|Imani Chirwa|Furaha Banda|Lindiwe Nkosi|Themba Adeyemi|Furaha Abara|Baraka Adeyemi|Zola Mwangi,National Grain Programme,61,"MK 1,800 per 10kg",long-season|valley-floor|relay-crop|river-basin
2308,Wanjiru Chirwa|Mandla Kariuki|Naledi Mensah|Mandla Odhiambo|Sipho Moyo|Kwame Mensah,Chemba Seed Works,134,"MK 18,880 per 10kg",lodging-resistant|hybrid
2309,Sipho Moyo|Mandla Moyo|Wanjiru Banda|Mandla Dlamini|Chidi Toure|Naledi Osei,Sokoto Crop Research Station,143,"MK 19,872 per 10kg",highland|river-basin
2310,Rudo Osei|Imani Osei|Furaha Kariuki|Rudo Kariuki|Mandla Mensah|Naledi Sarr|Naledi Chirwa|Tendai Abara,Hawassa Plant Breeding Unit,62,"MK 1,884 per 10kg",lowland|mechanized|high-protein
2311,Naledi Kariuki|Aisha Okoye|Kofi Mwangi|Amara Osei|Lindiwe Osei|Naledi Abara|Kwame Mensah|Amara Dlamini,Hawassa Plant Breeding Unit,111,"MK 22,883 per 10kg",green-manure|hybrid|aphid-resistant|export-grade
2312,Furaha Nkosi|Baraka Kariuki|Naledi Mensah|Imani Okoye,Ukulima Seed Institute,186,"MK 9,563 per 10kg",oil-grade|lodging-resistant|low-rainfall|fodder
2313,Wanjiru Okoye|Aisha Okoye|Baraka Toure|Naledi Odhiambo|Omari Okoye|Wanjiru Adeyemi|Tendai Osei,Akatsi Horticulture Board,125,"MK 17,842 per 10kg",highland|open-pollinated
2315,Omari Sarr|Mandla Banda|Zola Odhiambo|Naledi Odhiambo|Mandla Moyo|Mandla Nkosi|Sipho Odhiambo,National Grain Programme,131,"MK 20,828 per 10kg",highland|valley-floor|relay-crop|high-protein
2316,Aisha Moyo|Sipho Chirwa|Naledi Mwangi|Rudo Banda|Naledi Adeyemi,Sokoto Crop Research Station,114,"MK 4,543 per 10kg",short-season|export-grade|highland|long-season
2317,Mandla Dlamini|Imani Sarr|Naledi Osei|Aisha Banda|Themba Adeyemi|Zola Odhiambo,Ukulima Seed Institute,197,"MK 3,340 per 10kg",green-manure|lodging-resistant
2318,Tendai Toure|Furaha Nkosi|Kwame Kariuki|Zola Okoye|Baraka Mensah|Themba Nkosi|Baraka Toure|Sipho Abara,Amanzi Valley Seed Co-op,186,"MK 14,973 per 10kg",green-manure|certified-seed|oil-grade|terraced
2319,Furaha Banda|Sipho Toure|Amara Mensah|Wanjiru Mwangi|Naledi Okoye|Themba Toure,Ukulima Seed Institute,170,"MK 20,301 per 10kg",export-grade|striga-tolerant|rotation
2320,Sipho Sarr|Wanjiru Nkosi|Themba Kariuki|Imani Okoye|Naledi Sarr,Amanzi Valley Seed Co-op,152,"MK 16,070 per 10kg",aphid-resistant|lowland|short-season
2321,Rudo Osei|Tendai Moyo|Kwame Kariuki|Themba Chirwa|Baraka Osei|Tendai Dlamini|Wanjiru Diallo,Akatsi Horticulture Board,72,"MK 19,546 per 10kg",oil-grade|high-protein
2322,Furaha Moyo|Sipho Adeyemi|Furaha Diallo|Naledi Osei,Hawassa Plant Breeding Unit,97,MK 890 per 10kg,terraced|long-season|valley-floor
2323,Chidi Okoye|Baraka Kariuki|Wanjiru Mwangi|Rudo Diallo|Kofi Adeyemi,Sokoto Crop Research Station,105,"MK 17,811 per 10kg",high-starch|high-protein
2324,Wanjiru Moyo|Sipho Diallo|Rudo Sarr|Tendai Kariuki|Kofi Banda|Omari Dlamini,Ukulima Seed Institute,131,"MK 17,416 per 10kg",lowland|long-season
2325,Themba Mwangi|Imani Adeyemi|Amara Kariuki|Imani Nkosi|Tendai Banda,National Grain Programme,181,"MK 4,842 per 10kg",terraced|aphid-resistant|low-rainfall
2326,Kwame Toure|Lindiwe Moyo|Zola Nkosi|Sipho Kariuki,Amanzi Valley Seed Co-op,153,"MK 10,551 per 10kg",long-season|aphid-resistant
2327,Imani Mensah|Wanjiru Mwangi|Imani Sarr|Wanjiru Diallo|Chidi Mensah,National Grain Programme,186,"MK 4,663 per 10kg",relay-crop|valley-floor|terraced
2328,Omari Banda|Sipho Nkosi|Mandla Sarr|Baraka Toure|Lindiwe Kariuki|Tendai Osei|Mandla Okoye|Furaha Mensah,Amanzi Valley Seed Co-op,194,"MK 24,707 per 10kg",relay-crop|low-rainfall|hybrid|lodging-resistant
2329,Wanjiru Nkosi|Imani Adeyemi|Rudo Kariuki|Omari Nkosi|Themba Sarr|Chidi Dlamini|Sipho Nkosi|Wanjiru Osei,Ukulima Seed Institute,169,"MK 13,536 per 10kg",rotation|smallholder|open-pollinated|green-manure
2330,Lindiwe Moyo|Wanjiru Mensah|Baraka Diallo|Imani Nkosi|Chidi Sarr,Sokoto Crop Research Station,162,"MK 12,133 per 10kg",smallholder|lowland|hybrid
2331,Amara Abara|Imani Nkosi|Imani Odhiambo|Aisha Odhiambo|Rudo Mwangi|Sipho Adeyemi,Ukulima Seed Institute,93,"MK 21,262 per 10kg",highland|long-season|high-protein
2332,Naledi Adeyemi|Sipho Adeyemi|Kwame Sarr|Rudo Banda|Kwame Odhiambo|Kwame Chirwa|Sipho Diallo,Sokoto Crop Research Station,104,"MK 7,486 per 10kg",high-protein|low-rainfall|striga-tolerant|lowland
2333,Rudo Mensah|Naledi Dlamini|Aisha Mensah|Baraka Moyo|Aisha Mwangi|Omari Mensah|Tendai Nkosi|Mandla Diallo,Sokoto Crop Research Station,169,"MK 15,185 per 10kg",striga-tolerant|low-rainfall|terraced
2334,Chidi Moyo|Chidi Okoye|Baraka Nkosi|Aisha Odhiambo|Imani Mensah|Mandla Dlamini|Imani Dlamini,National Grain Programme,176,"MK 11,833 per 10kg",open-pollinated|smallholder|lowland
2335,Naledi Abara|Aisha Kariuki|Chidi Mensah|Furaha Dlamini|Zola Toure,National Grain Programme,120,"MK 21,237 per 10kg",valley-floor|striga-tolerant
2336,Aisha Odhiambo|Mandla Sarr|Mandla Chirwa|Omari Sarr|Naledi Mensah|Kwame Odhiambo|Tendai Okoye|Amara Dlamini,National Grain Programme,167,"MK 17,439 per 10kg",hybrid|fodder|short-season|open-pollinated
2337,Zola Dlamini|Aisha Nkosi|Tendai Mwangi|Naledi Mwangi|Zola Moyo|Rudo Osei|Kofi Odhiambo|Amara Banda,National Grain Programme,162,"MK 21,906 per 10kg",long-season|low-rainfall|smallholder|short-season
2338,Chidi Sarr|Wanjiru Toure|Tendai Osei|Sipho Mwangi|Chidi Diallo,Hawassa Plant Breeding Unit,87,"MK 19,140 per 10kg",high-protein|rotation|green-manure
2339,Furaha Chirwa|Kofi Odhiambo|Zola Okoye|Chidi Kariuki,Amanzi Valley Seed Co-op,87,"MK 10,662 per 10kg",short-season|long-season
2340,Baraka Toure|Imani Banda|Wanjiru Chirwa|Omari Banda,Amanzi Valley Seed Co-op,80,"MK 1,761 per 10kg",long-season|export-grade|high-starch
2341,Chidi Mensah|Omari Kariuki|Rudo Okoye|Mandla Dlamini|Rudo Okoye|Sipho Mensah|Omari Sarr,Kilimani Agricultural College,144,"MK 9,797 per 10kg",high-starch|valley-floor|river-basin|highland
2342,Amara Toure|Baraka Chirwa|Mandla Abara|Amara Dlamini|Omari Dlamini|Aisha Banda|Chidi Nkosi,Chemba Seed Works,81,"MK 15,514 per 10kg",hybrid|aphid-resistant
2343,Mandla Banda|Chidi Okoye|Amara Mwangi|Rudo Dlamini,Hawassa Plant Breeding Unit,119,"MK 4,987 per 10kg",hybrid|rotation|short-season|valley-floor
2344,Rudo Kariuki|Aisha Abara|Sipho Toure|Naledi Kariuki,Kilimani Agricultural College,152,"MK 5,321 per 10kg",mechanized|long-season|high-starch|low-rainfall
2345,Tendai Banda|Kofi Chirwa|Baraka Kariuki|Baraka Abara|Wanjiru Diallo|Naledi Chirwa|Omari Nkosi|Kofi Chirwa,Sokoto Crop Research Station,143,"MK 17,671 per 10kg",hybrid|fodder|lodging-resistant|valley-floor
2346,Rudo Mwangi|Omari Adeyemi|Tendai Diallo|Imani Mensah,Sokoto Crop Research Station,67,"MK 8,217 per 10kg",export-grade|highland|fodder|high-protein
2347,Wanjiru Odhiambo|Sipho Odhiambo|Tendai Mwangi|Themba Moyo|Kwame Diallo|Lindiwe Mensah|Baraka Mwangi,Hawassa Plant Breeding Unit,66,"MK 10,973 per 10kg",lodging-resistant|high-starch|certified-seed
2348,Kofi Banda|Chidi Mensah|Imani Odhiambo|Omari Mwangi|Kofi Abara,Ukulima Seed Institute,62,"MK 23,745 per 10kg",certified-seed|highland|lowland
2349,Omari Abara|Aisha Mensah|Mandla Chirwa|Themba Moyo|Wanjiru Mwangi|Themba Diallo|Naledi Kariuki|Imani Okoye,Ukulima Seed Institute,61,"MK 19,063 per 10kg",relay-crop|lowland|mechanized|high-starch
2350,Sipho Kariuki|Amara Kariuki|Aisha Mensah|Tendai Chirwa,Akatsi Horticulture Board,121,"MK 9,846 per 10kg",smallholder|fodder|long-season|river-basin
2351,Themba Moyo|Imani Banda|Kofi Diallo|Kofi Kariuki|Zola Mwangi|Naledi Osei|Rudo Mwangi,Hawassa Plant Breeding Unit,127,"MK 21,289 per 10kg",highland|lodging-resistant|striga-tolerant
2352,Lindiwe Toure|Omari Odhiambo|Lindiwe Kariuki|Omari Okoye,National Grain Programme,160,"MK 7,412 per 10kg",highland|green-manure
2353,Lindiwe Dlamini|Mandla Kariuki|Lindiwe Odhiambo|Lindiwe Sarr|Naledi Adeyemi|Themba Dlamini,Ukulima Seed Institute,72,"MK 18,547 per 10kg",striga-tolerant|certified-seed|short-season|export-grade
2354,Zola Mensah|Kofi Diallo|Furaha Nkosi|Tendai Chirwa|Chidi Mensah|Aisha Banda|Sipho Osei|Omari Dlamini,Kilimani Agricultural College,155,"MK 21,539 per 10kg",hybrid|smallholder|fodder
2355,Rudo Toure|Themba Nkosi|Kwame Mwangi|Amara Diallo|Imani Abara|Themba Nkosi|Imani Diallo,Kilimani Agricultural College,178,"MK 10,420 per 10kg",smallholder|aphid-resistant
2356,Sipho Adeyemi|Imani Mensah|Rudo Banda|Baraka Chirwa|Zola Nkosi|Lindiwe Mwangi|Wanjiru Abara|Baraka Diallo,Chemba Seed Works,156,"MK 3,941 per 10kg",high-protein|hybrid|lodging-resistant
2357,Baraka Chirwa|Sipho Chirwa|Mandla Osei|Tendai Chirwa,Kilimani Agricultural College,129,"MK 19,242 per 10kg",fodder|export-grade|open-pollinated|lodging-resistant
2358,Lindiwe Adeyemi|Kwame Toure|Baraka Sarr|Themba Mensah|Rudo Abara|Wanjiru Kariuki|Kwame Sarr,Amanzi Valley Seed Co-op,120,"MK 11,558 per 10kg",green-manure|export-grade|mechanized|oil-grade
2359,Wanjiru Chirwa|Aisha Adeyemi|Kofi Banda|Furaha Mwangi|Zola Sarr|Aisha Odhiambo|Amara Sarr,Kilimani Agricultural College,146,"MK 21,390 per 10kg",short-season|high-starch
2360,Tendai Toure|Omari Moyo|Baraka Dlamini|Baraka Odhiambo|Baraka Okoye|Sipho Banda,Amanzi Valley Seed Co-op,139,"MK 2,493 per 10kg",terraced|relay-crop|lowland
2361,Kwame Sarr|Omari Osei|Rudo Odhiambo|Lindiwe Osei|Chidi Moyo|Chidi Moyo|Baraka Banda|Wanjiru Toure,Hawassa Plant Breeding Unit,105,"MK 6,034 per 10kg",lowland|striga-tolerant
2363,Mandla Dlamini|Rudo Okoye|Themba Okoye|Zola Dlamini,Akatsi Horticulture Board,174,"MK 24,832 per 10kg",mechanized|high-protein|relay-crop|fodder
2367,Chidi Mensah|Zola Banda|Mandla Banda|Mandla Chirwa,Hawassa Plant Breeding Unit,159,"MK 9,677 per 10kg",green-manure|valley-floor|lowland
2368,Naledi Abara|Naledi Diallo|Naledi Mensah|Themba Mwangi|Kwame Toure|Kwame Nkosi|Imani Banda|Aisha Banda,Hawassa Plant Breeding Unit,113,"MK 23,635 per 10kg",relay-crop|high-protein|rotation
2369,Chidi Moyo|Zola Toure|Kwame Adeyemi|Mandla Nkosi|Omari Dlamini|Lindiwe Okoye,Sokoto Crop Research Station,137,"MK 8,231 per 10kg",valley-floor|fodder|low-rainfall|striga-tolerant
2370,Zola Moyo|Sipho Dlamini|Tendai Adeyemi|Omari Mwangi,Hawassa Plant Breeding Unit,176,"MK 8,638 per 10kg",high-protein|rotation|relay-crop|valley-floor
2372,Mandla Odhiambo|Chidi Odhiambo|Omari Mensah|Amara Kariuki,National Grain Programme,127,"MK 11,429 per 10kg",valley-floor|low-rainfall
2373,Naledi Toure|Imani Abara|Chidi Odhiambo|Omari Toure|Omari Mwangi|Kwame Kariuki,National Grain Programme,65,"MK 1,199 per 10kg",high-protein|river-basin
2375,Chidi Odhiambo|Aisha Mwangi|Lindiwe Moyo|Zola Chirwa|Naledi Dlamini,National Grain Programme,97,"MK 24,118 per 10kg",oil-grade|export-grade|open-pollinated
2376,Kofi Osei|Furaha Toure|Kwame Mensah|Sipho Kariuki|Chidi Diallo|Chidi Nkosi,Akatsi Horticulture Board,151,"MK 8,840 per 10kg",striga-tolerant|rotation
2377,Imani Diallo|Kofi Okoye|Kwame Osei|Kwame Moyo|Imani Sarr,Amanzi Valley Seed Co-op,177,"MK 10,672 per 10kg",lowland|low-rainfall
2378,Chidi Kariuki|Furaha Dlamini|Rudo Adeyemi|Amara Kariuki,Hawassa Plant Breeding Unit,135,"MK 22,980 per 10kg",valley-floor|lowland
2379,Baraka Toure|Kofi Banda|Tendai Toure|Tendai Adeyemi|Lindiwe Osei|Aisha Mensah|Omari Dlamini|Omari Sarr,Kilimani Agricultural College,125,"MK 9,781 per 10kg",long-season|high-protein|low-rainfall|high-starch
2380,Kofi Okoye|Amara Nkosi|Kwame Abara|Wanjiru Osei,Chemba Seed Works,71,"MK 20,872 per 10kg",striga-tolerant|valley-floor|short-season
2381,Amara Chirwa|Zola Adeyemi|Zola Chirwa|Sipho Dlamini,Sokoto Crop Research Station,114,"MK 12,739 per 10kg",striga-tolerant|hybrid|high-protein
2382,Themba Moyo|Mandla Okoye|Baraka Mensah|Kwame Mwangi,Hawassa Plant Breeding Unit,137,"MK 21,033 per 10kg",green-manure|open-pollinated|highland|terraced
2384,Sipho Mensah|Chidi Toure|Wanjiru Kariuki|Kwame Mensah|Zola Toure,Hawassa Plant Breeding Unit,106,MK 855 per 10kg,striga-tolerant|certified-seed|oil-grade
2385,Wanjiru Diallo|Mandla Banda|Themba Osei|Zola Abara|Furaha Okoye|Sipho Mwangi|Amara Diallo|Zola Mwangi,Chemba Seed Works,120,"MK 13,441 per 10kg",hybrid|relay-crop|river-basin
2386,Naledi Kariuki|Naledi Sarr|Wanjiru Nkosi|Lindiwe Mensah,Sokoto Crop Research Station,172,"MK 20,759 per 10kg",smallholder|hybrid|low-rainfall|striga-tolerant
2387,Aisha Adeyemi|Furaha Nkosi|Rudo Sarr|Naledi Nkosi,National Grain Programme,160,"MK 18,609 per 10kg",terraced|long-season|river-basin
2388,Themba Nkosi|Kofi Sarr|Kwame Mwangi|Imani Diallo,National Grain Programme,156,"MK 12,272 per 10kg",mechanized|valley-floor|smallholder
2389,Furaha Chirwa|Aisha Chirwa|Kwame Banda|Lindiwe Diallo,Sokoto Crop Research Station,98,"MK 23,896 per 10kg",oil-grade|relay-crop|fodder|striga-tolerant
2390,Wanjiru Diallo|Rudo Nkosi|Wanjiru Abara|Themba Sarr|Mandla Banda,Kilimani Agricultural College,176,"MK 2,202 per 10kg",river-basin|highland|high-starch|striga-tolerant
2391,Tendai Osei|Baraka Osei|Themba Toure|Rudo Banda,Akatsi Horticulture Board,189,"MK 1,706 per 10kg",mechanized|high-starch|low-rainfall
2392,Wanjiru Adeyemi|Aisha Okoye|Rudo Dlamini|Kwame Diallo|Tendai Okoye,Ukulima Seed Institute,174,"MK 12,029 per 10kg",long-season|high-starch
2394,Aisha Toure|Aisha Dlamini|Mandla Mensah|Chidi Banda|Mandla Okoye|Tendai Odhiambo,Hawassa Plant Breeding Unit,158,"MK 12,469 per 10kg",short-season|hybrid|low-rainfall|open-pollinated
2395,Amara Diallo|Kofi Sarr|Chidi Mensah|Themba Kariuki|Tendai Diallo,Amanzi Valley Seed Co-op,105,"MK 13,454 per 10kg",export-grade|river-basin
2396,Sipho Adeyemi|Rudo Nkosi|Kofi Chirwa|Omari Dlamini,National Grain Programme,103,"MK 3,307 per 10kg",mechanized|fodder|green-manure|valley-floor
2397,Lindiwe Okoye|Naledi Mwangi|Tendai Nkosi|Amara Okoye|Chidi Chirwa|Imani Dlamini|Mandla Okoye,Sokoto Crop Research Station,68,"MK 1,005 per 10kg",fodder|high-protein|lowland
2398,Aisha Mwangi|Aisha Banda|Tendai Dlamini|Wanjiru Banda|Themba Abara|Furaha Moyo,Ukulima Seed Institute,85,"MK 15,499 per 10kg",high-protein|lodging-resistant
2399,Rudo Odhiambo|Sipho Banda|Imani Abara|Sipho Moyo,National Grain Programme,168,"MK 18,250 per 10kg",aphid-resistant|lowland|long-season|open-pollinated
2400,Zola Banda|Omari Diallo|Amara Adeyemi|Kwame Chirwa|Wanjiru Dlamini|Furaha Kariuki|Zola Osei,Ukulima Seed Institute,152,"MK 8,495 per 10kg",long-season|oil-grade|smallholder|high-protein
2401,Mandla Osei|Themba Nkosi|Aisha Okoye|Mandla Diallo|Sipho Odhiambo|Themba Mensah,Amanzi Valley Seed Co-op,161,"MK 13,885 per 10kg",hybrid|high-starch|mechanized|striga-tolerant
2402,Aisha Banda|Chidi Sarr|Lindiwe Osei|Wanjiru Okoye|Baraka Adeyemi|Kwame Mwangi|Aisha Banda|Tendai Okoye,National Grain Programme,78,"MK 20,218 per 10kg",open-pollinated|lodging-resistant|valley-floor
2403,Rudo Diallo|Sipho Osei|Omari Dlamini|Sipho Osei,Amanzi Valley Seed Co-op,120,"MK 10,619 per 10kg",striga-tolerant|open-pollinated|relay-crop
2404,Baraka Chirwa|Omari Abara|Kwame Nkosi|Mandla Abara|Furaha Nkosi|Wanjiru Odhiambo,National Grain Programme,134,"MK 11,033 per 10kg",high-protein|valley-floor|smallholder
2405,Zola Nkosi|Amara Dlamini|Amara Banda|Mandla Kariuki|Lindiwe Toure|Themba Mensah|Kwame Abara|Imani Diallo,Amanzi Valley Seed Co-op,71,"MK 19,870 per 10kg",hybrid|mechanized|low-rainfall
2406,Kwame Chirwa|Furaha Dlamini|Mandla Banda|Kwame Abara|Kofi Odhiambo,Amanzi Valley Seed Co-op,143,"MK 20,951 per 10kg",striga-tolerant|hybrid|certified-seed|aphid-resistant
2407,Furaha Adeyemi|Furaha Okoye|Aisha Chirwa|Mandla Adeyemi|Naledi Sarr|Naledi Banda|Kwame Okoye,Sokoto Crop Research Station,142,"MK 19,853 per 10kg",relay-crop|striga-tolerant|certified-seed
2409,Rudo Odhiambo|Chidi Banda|Naledi Odhiambo|Naledi Okoye|Omari Okoye|Baraka Osei,Kilimani Agricultural College,78,"MK 1,636 per 10kg",long-season|mechanized
2410,Wanjiru Okoye|Tendai Banda|Kwame Mensah|Lindiwe Mensah|Tendai Nkosi|Baraka Mensah,Akatsi Horticulture Board,174,"MK 22,325 per 10kg",highland|lowland|mechanized
2411,Imani Chirwa|Sipho Toure|Wanjiru Diallo|Furaha Toure,Sokoto Crop Research Station,104,"MK 2,890 per 10kg",green-manure|oil-grade|export-grade|long-season
2412,Naledi Banda|Kwame Abara|Kwame Nkosi|Baraka Adeyemi,Amanzi Valley Seed Co-op,89,"MK 1,353 per 10kg",short-season|relay-crop|rotation
2413,Baraka Odhiambo|Imani Adeyemi|Imani Moyo|Lindiwe Toure|Kofi Moyo,Akatsi Horticulture Board,130,"MK 7,205 per 10kg",low-rainfall|fodder|high-starch|smallholder
2414,Furaha Banda|Chidi Moyo|Baraka Kariuki|Lindiwe Moyo|Themba Diallo|Wanjiru Nkosi,Chemba Seed Works,60,"MK 16,151 per 10kg",open-pollinated|high-starch|river-basin|oil-grade
2415,Imani Okoye|Rudo Osei|Chidi Diallo|Kwame Sarr|Zola Kariuki|Aisha Odhiambo|Furaha Osei,Akatsi Horticulture Board,125,"MK 5,509 per 10kg",green-manure|high-starch|high-protein|low-rainfall
2416,Tendai Nkosi|Tendai Diallo|Sipho Moyo|Themba Kariuki|Kwame Dlamini|Furaha Odhiambo,Sokoto Crop Research Station,136,"MK 22,183 per 10kg",certified-seed|oil-grade|mechanized|aphid-resistant
2417,Sipho Toure|Omari Toure|Kofi Abara|Furaha Abara|Kwame Chirwa|Wanjiru Diallo|Baraka Mwangi|Zola Osei,Ukulima Seed Institute,96,"MK 1,886 per 10kg",high-protein|green-manure
2418,Furaha Toure|Kofi Diallo|Furaha Sarr|Naledi Banda|Aisha Mensah|Furaha Banda,Chemba Seed Works,186,"MK 10,488 per 10kg",oil-grade|fodder|terraced|hybrid
2419,Kwame Diallo|Wanjiru Diallo|Wanjiru Kariuki|Kwame Mensah|Kwame Moyo|Sipho Kariuki,Amanzi Valley Seed Co-op,173,"MK 2,000 per 10kg",mechanized|smallholder|river-basin|high-protein
2420,Lindiwe Abara|Zola Okoye|Furaha Okoye|Wanjiru Osei|Kwame Osei|Themba Sarr|Baraka Banda,Chemba Seed Works,163,"MK 13,001 per 10kg",high-protein|open-pollinated
2421,Kwame Kariuki|Chidi Kariuki|Furaha Banda|Wanjiru Toure|Chidi Toure|Omari Chirwa|Themba Chirwa,Amanzi Valley Seed Co-op,138,"MK 10,387 per 10kg",rotation|long-season
2422,Mandla Nkosi|Omari Okoye|Mandla Dlamini|Rudo Chirwa|Kwame Mensah|Furaha Sarr|Furaha Moyo|Wanjiru Osei,Chemba Seed Works,98,"MK 2,311 per 10kg",lodging-resistant|aphid-resistant
2423,Lindiwe Nkosi|Naledi Okoye|Naledi Odhiambo|Wanjiru Toure|Furaha Okoye|Furaha Chirwa|Rudo Abara,Hawassa Plant Breeding Unit,118,"MK 21,435 per 10kg",striga-tolerant|low-rainfall
2424,Themba Dlamini|Omari Banda|Tendai Toure|Rudo Odhiambo|Aisha Moyo,National Grain Programme,121,"MK 19,509 per 10kg",relay-crop|hybrid
2425,Aisha Kariuki|Themba Toure|Naledi Kariuki|Themba Mensah|Furaha Mensah|Chidi Diallo|Kofi Banda,Chemba Seed Works,85,"MK 23,466 per 10kg",fodder|high-protein
2426,Naledi Kariuki|Naledi Kariuki|Rudo Moyo|Themba Diallo,Ukulima Seed Institute,181,"MK 7,234 per 10kg",relay-crop|high-protein|long-season|aphid-resistant
2427,Wanjiru Sarr|Rudo Moyo|Baraka Osei|Rudo Diallo|Baraka Chirwa|Imani Kariuki|Tendai Sarr,Ukulima Seed Institute,115,"MK 14,952 per 10kg",certified-seed|short-season
2428,Aisha Moyo|Aisha Sarr|Lindiwe Nkosi|Kofi Diallo|Wanjiru Banda|Kwame Banda|Naledi Mwangi,National Grain Programme,132,"MK 17,680 per 10kg",lowland|short-season|relay-crop|certified-seed
2429,Zola Osei|Wanjiru Odhiambo|Kofi Toure|Themba Nkosi|Lindiwe Abara|Lindiwe Okoye,Chemba Seed Works,99,"MK 20,535 per 10kg",highland|relay-crop
2430,Aisha Okoye|Imani Kariuki|Rudo Odhiambo|Chidi Mensah|Lindiwe Mwangi|Wanjiru Mwangi,Kilimani Agricultural College,73,"MK 2,158 per 10kg",lowland|valley-floor|smallholder|high-starch
2432,Sipho Adeyemi|Themba Banda|Tendai Toure|Wanjiru Kariuki|Naledi Mensah|Kofi Chirwa,Chemba Seed Works,182,"MK 18,733 per 10kg",oil-grade|open-pollinated|aphid-resistant|river-basin
2433,Baraka Chirwa|Kwame Okoye|Furaha Diallo|Imani Osei,Hawassa Plant Breeding Unit,97,MK 867 per 10kg,rotation|oil-grade|certified-seed
2434,Baraka Chirwa|Tendai Osei|Omari Sarr|Furaha Odhiambo|Kwame Moyo|Wanjiru Okoye|Themba Okoye|Mandla Okoye,Amanzi Valley Seed Co-op,70,"MK 21,118 per 10kg",hybrid|short-season
2435,Baraka Mwangi|Tendai Chirwa|Themba Okoye|Rudo Kariuki|Mandla Abara,Hawassa Plant Breeding Unit,158,"MK 16,652 per 10kg",certified-seed|green-manure|highland
2436,Amara Chirwa|Chidi Toure|Mandla Toure|Kofi Odhiambo|Rudo Nkosi,Akatsi Horticulture Board,151,"MK 19,687 per 10kg",export-grade|relay-crop|striga-tolerant
2437,Amara Diallo|Rudo Adeyemi|Mandla Banda|Amara Odhiambo|Imani Toure|Imani Sarr,Ukulima Seed Institute,130,"MK 13,341 per 10kg",highland|high-protein|river-basin
2438,Themba Chirwa|Chidi Moyo|Imani Nkosi|Themba Chirwa|Themba Nkosi|Furaha Adeyemi|Chidi Diallo|Omari Moyo,Amanzi Valley Seed Co-op,181,"MK 7,304 per 10kg",relay-crop|river-basin|export-grade|low-rainfall
2439,Kofi Kariuki|Omari Odhiambo|Kwame Diallo|Omari Chirwa,Kilimani Agricultural College,136,"MK 18,772 per 10kg",short-season|lodging-resistant
2441,Zola Dlamini|Sipho Mwangi|Wanjiru Okoye|Themba Diallo,Ukulima Seed Institute,84,"MK 20,931 per 10kg",lodging-resistant|smallholder
2442,Naledi Abara|Aisha Kariuki|Omari Mensah|Mandla Toure,Hawassa Plant Breeding Unit,166,"MK 13,813 per 10kg",oil-grade|highland|short-season|high-starch
2443,Zola Toure|Imani Kariuki|Mandla Mwangi|Aisha Mensah|Themba Sarr|Kwame Odhiambo|Mandla Toure,Akatsi Horticulture Board,117,"MK 10,656 per 10kg",high-protein|green-manure|striga-tolerant
2444,Aisha Mensah|Omari Nkosi|Rudo Odhiambo|Themba Sarr|Kofi Odhiambo|Zola Nkosi|Naledi Moyo|Naledi Toure,National Grain Programme,100,"MK 1,028 per 10kg",lodging-resistant|high-protein|high-starch
2445,Zola Dlamini|Aisha Adeyemi|Themba Diallo|Zola Chirwa|Themba Moyo|Sipho Kariuki|Naledi Kariuki,Ukulima Seed Institute,135,"MK 3,516 per 10kg",certified-seed|smallholder
2446,Mandla Okoye|Wanjiru Dlamini|Wanjiru Banda|Amara Abara|Imani Diallo|Omari Dlamini|Furaha Abara,Chemba Seed Works,163,"MK 8,190 per 10kg",export-grade|low-rainfall
2447,Rudo Chirwa|Rudo Nkosi|Furaha Sarr|Baraka Okoye|Baraka Kariuki,National Grain Programme,152,"MK 24,483 per 10kg",striga-tolerant|smallholder|hybrid|low-rainfall
2448,Zola Nkosi|Amara Okoye|Amara Toure|Lindiwe Banda|Wanjiru Nkosi|Lindiwe Banda|Kofi Diallo|Chidi Osei,Chemba Seed Works,66,"MK 13,235 per 10kg",terraced|hybrid
2450,Kwame Kariuki|Kwame Osei|Amara Odhiambo|Zola Kariuki|Kofi Mensah,Ukulima Seed Institute,193,"MK 4,784 per 10kg",mechanized|green-manure|striga-tolerant
2451,Omari Odhiambo|Kofi Abara|Lindiwe Kariuki|Wanjiru Odhiambo|Rudo Toure|Zola Mensah|Aisha Chirwa|Rudo Osei,Akatsi Horticulture Board,81,"MK 15,911 per 10kg",hybrid|smallholder|green-manure|lowland
2452,Wanjiru Mwangi|Kofi Mensah|Aisha Chirwa|Imani Dlamini|Omari Kariuki|Omari Mwangi|Baraka Diallo|Kofi Kariuki,Akatsi Horticulture Board,60,"MK 18,936 per 10kg",export-grade|highland|long-season
2453,Chidi Mensah|Aisha Dlamini|Kofi Banda|Kwame Dlamini|Baraka Moyo|Lindiwe Mensah,National Grain Programme,91,"MK 7,664 per 10kg",certified-seed|rotation
2454,Furaha Nkosi|Omari Banda|Lindiwe Kariuki|Wanjiru Adeyemi|Naledi Diallo|Tendai Diallo,Sokoto Crop Research Station,66,"MK 9,375 per 10kg",rotation|striga-tolerant|open-pollinated|terraced
2455,Tendai Osei|Omari Banda|Themba Abara|Aisha Kariuki|Kwame Mwangi|Amara Abara|Mandla Toure,Chemba Seed Works,148,"MK 16,628 per 10kg",rotation|river-basin
2456,Kofi Banda|Amara Sarr|Kwame Mensah|Amara Osei,Hawassa Plant Breeding Unit,161,"MK 19,281 per 10kg",low-rainfall|high-protein
2457,Lindiwe Diallo|Zola Moyo|Wanjiru Kariuki|Rudo Abara|Amara Dlamini|Furaha Mensah,Hawassa Plant Breeding Unit,134,"MK 24,823 per 10kg",export-grade|hybrid
2458,Imani Moyo|Themba Mensah|Wanjiru Sarr|Furaha Osei,National Grain Programme,111,"MK 10,161 per 10kg",river-basin|striga-tolerant|low-rainfall|lodging-resistant
2459,Mandla Diallo|Baraka Dlamini|Baraka Odhiambo|Aisha Kariuki|Baraka Toure|Tendai Abara|Mandla Banda|Mandla Okoye,Amanzi Valley Seed Co-op,113,"MK 17,297 per 10kg",rotation|open-pollinated
2460,Aisha Mensah|Kofi Moyo|Sipho Adeyemi|Furaha Diallo,National Grain Programme,168,"MK 9,884 per 10kg",short-season|highland
2461,Mandla Diallo|Rudo Abara|Chidi Odhiambo|Aisha Mwangi|Themba Nkosi|Kwame Kariuki,Chemba Seed Works,112,"MK 15,485 per 10kg",short-season|smallholder|valley-floor|high-starch
2462,Naledi Toure|Lindiwe Mensah|Themba Dlamini|Naledi Moyo,Amanzi Valley Seed Co-op,120,"MK 23,134 per 10kg",valley-floor|aphid-resistant|river-basin
2463,Mandla Sarr|Tendai Okoye|Wanjiru Okoye|Lindiwe Chirwa|Wanjiru Diallo|Lindiwe Nkosi,Chemba Seed Works,67,"MK 21,308 per 10kg",valley-floor|lodging-resistant|hybrid
2464,Baraka Dlamini|Rudo Chirwa|Zola Sarr|Rudo Toure|Rudo Chirwa|Imani Mensah|Mandla Mensah,Hawassa Plant Breeding Unit,146,"MK 17,185 per 10kg",long-season|highland|low-rainfall
2465,Wanjiru Dlamini|Themba Okoye|Furaha Mensah|Baraka Dlamini,National Grain Programme,194,"MK 10,871 per 10kg",fodder|short-season|green-manure|rotation
2466,Wanjiru Mwangi|Baraka Adeyemi|Themba Diallo|Aisha Nkosi|Rudo Abara|Omari Nkosi|Furaha Sarr,Akatsi Horticulture Board,190,"MK 16,209 per 10kg",highland|lodging-resistant
2467,Zola Sarr|Mandla Mensah|Sipho Moyo|Wanjiru Dlamini|Lindiwe Osei|Kwame Odhiambo|Furaha Banda|Furaha Kariuki,Amanzi Valley Seed Co-op,137,"MK 7,340 per 10kg",high-protein|highland
2468,Kwame Banda|Zola Mwangi|Sipho Mensah|Kwame Kariuki|Wanjiru Nkosi|Rudo Adeyemi|Mandla Chirwa,Amanzi Valley Seed Co-op,112,"MK 1,452 per 10kg",high-starch|long-season|lowland|smallholder
2469,Mandla Sarr|Chidi Dlamini|Lindiwe Okoye|Aisha Banda|Zola Nkosi|Mandla Abara|Chidi Diallo|Amara Dlamini,National Grain Programme,73,"MK 8,592 per 10kg",oil-grade|mechanized
2470,Mandla Dlamini|Naledi Adeyemi|Mandla Toure|Kwame Abara|Chidi Diallo,National Grain Programme,69,"MK 8,287 per 10kg",aphid-resistant|open-pollinated|river-basin
2471,Zola Chirwa|Kofi Moyo|Themba Dlamini|Tendai Banda|Baraka Kariuki|Amara Kariuki|Rudo Abara,Hawassa Plant Breeding Unit,137,"MK 5,219 per 10kg",lodging-resistant|smallholder|high-starch
2472,Tendai Banda|Zola Chirwa|Themba Abara|Naledi Mensah,Chemba Seed Works,87,"MK 16,914 per 10kg",certified-seed|fodder|green-manure
2473,Chidi Kariuki|Zola Adeyemi|Lindiwe Kariuki|Chidi Toure|Themba Sarr|Omari Banda|Kwame Abara,Amanzi Valley Seed Co-op,77,"MK 24,697 per 10kg",mechanized|smallholder
2474,Chidi Banda|Kwame Diallo|Naledi Moyo|Furaha Adeyemi|Baraka Abara|Sipho Mwangi|Themba Odhiambo|Themba Chirwa,Sokoto Crop Research Station,193,"MK 19,580 per 10kg",short-season|certified-seed|hybrid|green-manure
2475,Kwame Mensah|Naledi Banda|Themba Odhiambo|Sipho Mensah|Wanjiru Toure|Furaha Chirwa|Lindiwe Nkosi|Rudo Nkosi,National Grain Programme,149,"MK 13,282 per 10kg",short-season|striga-tolerant|open-pollinated
2476,Rudo Mensah|Rudo Chirwa|Kofi Sarr|Kwame Odhiambo|Lindiwe Kariuki|Naledi Mwangi|Tendai Abara,Ukulima Seed Institute,79,"MK 10,510 per 10kg",high-starch|export-grade|low-rainfall
2477,Themba Osei|Mandla Diallo|Baraka Toure|Kwame Osei,Akatsi Horticulture Board,122,"MK 16,268 per 10kg",short-season|oil-grade|striga-tolerant
2478,Chidi Mwangi|Rudo Banda|Aisha Nkosi|Sipho Nkosi|Themba Osei|Naledi Moyo,Akatsi Horticulture Board,118,"MK 10,622 per 10kg",rotation|oil-grade|high-protein
2479,Tendai Odhiambo|Baraka Dlamini|Lindiwe Dlamini|Themba Mwangi|Themba Toure|Amara Mwangi|Tendai Okoye,Ukulima Seed Institute,156,"MK 18,134 per 10kg",open-pollinated|lodging-resistant
2480,Rudo Odhiambo|Omari Toure|Baraka Sarr|Aisha Banda|Furaha Odhiambo|Furaha Diallo,Hawassa Plant Breeding Unit,77,"MK 17,581 per 10kg",oil-grade|low-rainfall|open-pollinated|certified-seed
2481,Zola Mwangi|Imani Mwangi|Naledi Banda|Naledi Odhiambo,Amanzi Valley Seed Co-op,81,"MK 7,715 per 10kg",short-season|hybrid|highland|striga-tolerant
2482,Amara Abara|Themba Nkosi|Kofi Sarr|Lindiwe Moyo|Themba Nkosi|Themba Okoye|Wanjiru Dlamini,Sokoto Crop Research Station,198,"MK 18,942 per 10kg",mechanized|long-season
2483,Sipho Diallo|Furaha Toure|Rudo Mensah|Themba Sarr|Rudo Mwangi|Wanjiru Mwangi,Sokoto Crop Research Station,167,"MK 21,352 per 10kg",high-protein|hybrid|fodder
2484,Omari Diallo|Rudo Adeyemi|Baraka Toure|Aisha Osei|Kwame Mensah|Aisha Adeyemi|Naledi Kariuki,Amanzi Valley Seed Co-op,61,"MK 1,090 per 10kg",hybrid|open-pollinated
2485,Kwame Odhiambo|Rudo Osei|Imani Diallo|Sipho Okoye|Lindiwe Osei,Sokoto Crop Research Station,152,"MK 17,616 per 10kg",certified-seed|high-starch
2487,Tendai Mensah|Tendai Sarr|Kwame Mwangi|Baraka Adeyemi|Aisha Moyo|Kofi Adeyemi|Zola Kariuki|Rudo Diallo,Sokoto Crop Research Station,126,"MK 14,814 per 10kg",high-starch|hybrid|lowland
2488,Tendai Adeyemi|Rudo Odhiambo|Zola Nkosi|Omari Adeyemi|Themba Moyo|Sipho Adeyemi|Wanjiru Mensah|Naledi Osei,Ukulima Seed Institute,146,"MK 7,841 per 10kg",oil-grade|low-rainfall|striga-tolerant
2490,Amara Sarr|Imani Odhiambo|Mandla Banda|Furaha Chirwa|Aisha Dlamini|Lindiwe Dlamini,Chemba Seed Works,123,"MK 20,242 per 10kg",oil-grade|highland
2492,Furaha Odhiambo|Kwame Toure|Tendai Kariuki|Naledi Moyo|Imani Odhiambo,Akatsi Horticulture Board,87,"MK 8,582 per 10kg",aphid-resistant|hybrid|striga-tolerant
2493,Sipho Odhiambo|Zola Moyo|Amara Mwangi|Kwame Mensah,Ukulima Seed Institute,194,"MK 8,260 per 10kg",river-basin|long-season
2494,Amara Toure|Lindiwe Moyo|Amara Toure|Amara Mwangi|Kwame Adeyemi|Imani Abara,Hawassa Plant Breeding Unit,194,"MK 6,888 per 10kg",oil-grade|river-basin
2495,Furaha Moyo|Kwame Abara|Amara Banda|Naledi Mwangi|Sipho Osei|Imani Banda,Sokoto Crop Research Station,121,"MK 6,808 per 10kg",green-manure|export-grade|valley-floor|open-pollinated
2497,Wanjiru Dlamini|Chidi Okoye|Kofi Diallo|Aisha Abara|Kwame Okoye|Amara Kariuki,Hawassa Plant Breeding Unit,146,"MK 6,562 per 10kg",valley-floor|hybrid
2498,Rudo Mwangi|Furaha Diallo|Kofi Moyo|Imani Sarr|Kwame Osei|Rudo Diallo|Kwame Toure,Hawassa Plant Breeding Unit,99,"MK 1,620 per 10kg",striga-tolerant|low-rainfall
2500,Themba Chirwa|Naledi Odhiambo|Zola Sarr|Lindiwe Odhiambo,Ukulima Seed Institute,84,"MK 9,350 per 10kg",lowland|striga-tolerant|high-protein
