farmerId,varietyId,tag,timestamp
698,1206,pest problems,1593931717
1277,2168,great in clay soil,1677286841
1165,377,uniform ripening,1611020509
1201,965,strong stalks,1600867554
1500,366,sandy soil ok,1532567189
1235,2298,market favorite,1520187350
432,1543,high yield,1516454141
434,1299,early maturing,1540008639
1440,1526,drought tolerant,1560091087
1184,1874,lodging issues,1601475231
1005,676,uniform ripening,1662370259
410,1685,thirsty crop,1557020798
732,284,uniform ripening,1619368032
950,155,great in clay soil,1590993244
821,642,drought tolerant,1510492095
1003,1105,uniform ripening,1614866557
1016,1955,sandy soil ok,1684168108
708,1604,market favorite,1579765836
2056,1715,needs fertilizer,1629737288
1768,430,great in clay soil,1553752488
690,2215,thirsty crop,1573337613
29,1698,lodging issues,1554882594
294,2315,seed too costly,1552734029
1427,1116,stores well,1652130220
78,1692,drought tolerant,1579400156
1397,1645,strong stalks,1623163658
1841,465,poor germination,1676550910
607,2268,poor germination,1544170440
797,2070,early maturing,1673945515
1280,342,early maturing,1620833060
1866,1692,market favorite,1533455569
1093,2291,good for intercropping,1572343866
187,862,uniform ripening,1614677238
1961,1389,great in clay soil,1540088389
1726,2315,poor germination,1573180204
635,849,good taste,1572816535
225,428,thirsty crop,1647864466
1609,1210,good taste,1576382799
1283,1546,good taste,1585224831
184,1334,thirsty crop,1632267295
604,859,uniform ripening,1535283705
1515,793,great in clay soil,1650525772
1103,1898,seed too costly,1524683616
198,588,low input,1679506642
562,133,poor germination,1698440799
273,2155,needs fertilizer,1587985775
2182,329,drought tolerant,1698476901
28,1320,pest problems,1663985368
218,195,great in clay soil,1598955080
754,378,good taste,1667611999
312,2500,early maturing,1554243170
756,174,seed too costly,1532957532
1979,2191,poor germination,1644489167
526,1545,uniform ripening,1610072801
1034,1822,worth the price,1678857888
1833,98,high yield,1645587129
301,52,disease issues,1638916461
1317,287,good taste,1541967811
179,1705,stores well,1536312282
244,1625,market favorite,1626356107
1418,1858,early maturing,1599103313
109,2455,market favorite,1630996774
1104,1489,great in clay soil,1658211359
818,965,pest problems,1565882707
138,908,drought tolerant,1601327067
1430,1667,good taste,1633017721
2086,1217,reliable,1542712836
2181,170,poor germination,1617450264
1513,2148,needs fertilizer,1617829819
311,2269,drought tolerant,1512780728
559,2240,recommended by extension officer,1562605674
301,266,good taste,1611429133
608,1391,recommended by extension officer,1518087609
302,1424,good for intercropping,1597848113
2061,859,good for intercropping,1644199715
1008,7,good taste,1667305825
980,890,low input,1641837485
1199,307,needs fertilizer,1649007905
1590,307,thirsty crop,1692065123
1853,1981,seed too costly,1695389721
877,416,worth the price,1620111064
2015,96,thirsty crop,1602470583
663,1366,reliable,1644443048
452,1597,disease issues,1691820515
105,2356,needs fertilizer,1561840409
579,888,thirsty crop,1514606349
1076,2174,great in clay soil,1539147657
1871,48,market favorite,1562995893
1317,1040,good taste,1698874069
1558,1805,needs fertilizer,1654587346
29,800,seed too costly,1506832717
1004,296,good taste,1695306639
732,52,good taste,1537616828
655,1434,good for intercropping,1551141735
66,1291,good taste,1650785956
974,2187,sandy soil ok,1685376659
1484,2210,high yield,1519436095
2078,120,poor germination,1614819492
1052,2206,great in clay soil,1541270201
931,1226,needs fertilizer,1542658357
1657,1539,seed too costly,1685005151
2116,391,great in clay soil,1648964071
304,1962,disease issues,1581874340
1906,1304,pest problems,1645387723
1764,1085,low input,1646913372
1189,2301,reliable,1597968106
1116,1035,market favorite,1632136943
833,1499,low input,1585558270
992,125,needs fertilizer,1582021975
478,1777,market favorite,1536024759
899,657,strong stalks,1587688651
958,1232,drought tolerant,1530568206
539,1961,needs fertilizer,1542328407
574,402,seed too costly,1549038743
992,346,worth the price,1608300649
66,1795,needs fertilizer,1591983156
1356,1494,sandy soil ok,1650843011
652,1749,high yield,1683492712
327,1075,good for intercropping,1650628311
2120,216,pest problems,1506275794
1958,2005,low input,1666283277
300,320,early maturing,1674667881
1099,1597,good for intercropping,1679531627
489,1185,sandy soil ok,1694921407
1405,2119,strong stalks,1592050594
2195,1038,disease issues,1631561279
738,205,great in clay soil,1556152527
1348,1633,drought tolerant,1555101863
1244,1360,uniform ripening,1605506944
1848,1932,drought tolerant,1503257448
306,1365,recommended by extension officer,1664805467
294,1287,good for intercropping,1561960942
809,743,early maturing,1642045385
1612,782,early maturing,1625792652
1625,1760,good for intercropping,1537296720
1164,1981,stores well,1643317139
1853,1576,uniform ripening,1663262034
1026,610,sandy soil ok,1606184413
231,7,recommended by extension officer,1686440539
255,7,good for intercropping,1672132983
964,2025,thirsty crop,1681341141
734,876,market favorite,1523140529
2146,1488,recommended by extension officer,1669983866
532,2355,strong stalks,1530067309
1778,2076,early maturing,1503748397
247,1383,thirsty crop,1559808868
1662,835,thirsty crop,1528459198
577,324,thirsty crop,1598420822
271,420,drought tolerant,1634613027
230,7,high yield,1548754567
407,1812,thirsty crop,1679609130
1312,2280,good taste,1663416122
869,49,thirsty crop,1592120559
2111,1937,reliable,1606512754
983,1932,reliable,1603858804
640,3,good for intercropping,1607452170
1825,138,seed too costly,1601672159
808,1256,great in clay soil,1551144331
109,869,good for intercropping,1510365497
861,1267,early maturing,1531839755
1737,195,great in clay soil,1674912978
1743,887,strong stalks,1525997289
1142,1896,drought tolerant,1609146405
869,2434,recommended by extension officer,1603979226
944,1210,uniform ripening,1566722902
79,2148,sandy soil ok,1500007885
32,623,strong stalks,1597545371
1330,461,stores well,1668934663
920,52,drought tolerant,1532480772
489,1526,strong stalks,1554621438
1729,748,uniform ripening,1687733167
481,1685,lodging issues,1508392089
1542,1973,good taste,1555744281
1536,432,strong stalks,1538566189
1057,98,high yield,1699348158
1923,1822,strong stalks,1613073183
397,1386,disease issues,1602507515
155,1273,uniform ripening,1600298892
936,2014,high yield,1561843812
1385,2275,drought tolerant,1517958342
1327,103,needs fertilizer,1526833214
65,1667,seed too costly,1527863212
354,2240,disease issues,1554654380
635,2355,low input,1516304402
1894,7,reliable,1596446068
1122,1595,needs fertilizer,1665249696
1245,1932,poor germination,1549746510
289,342,sandy soil ok,1573023336
1934,2392,great in clay soil,1662847780
580,1917,great in clay soil,1572471094
527,443,disease issues,1548238370
157,1373,good taste,1626349642
1141,125,needs fertilizer,1687392823
1029,1981,worth the price,1574919759
1825,2240,pest problems,1621703704
1212,2014,good for intercropping,1679240790
1821,1613,strong stalks,1669137720
79,876,good taste,1634104124
2194,355,good taste,1677265177
1987,2371,great in clay soil,1510560414
2088,1560,worth the price,1676906391
143,314,early maturing,1677046769
545,192,drought tolerant,1566661022
603,1717,good for intercropping,1658966786
1062,1805,lodging issues,1501803691
526,1698,seed too costly,1611297699
2095,235,great in clay soil,1655712558
2093,992,seed too costly,1607982061
1318,681,good for intercropping,1532184008
2004,1597,drought tolerant,1580937184
203,1017,market favorite,1567782531
926,2229,low input,1585925404
1337,618,uniform ripening,1536248441
489,1232,low input,1659651588
786,531,pest problems,1551007308
1952,194,needs fertilizer,1529451722
2025,676,stores well,1615643912
2167,2,seed too costly,1648078579
539,1467,high yield,1627447508
171,792,good taste,1690197873
736,1981,good taste,1637875762
1579,2437,reliable,1601542870
1984,826,sandy soil ok,1560177648
841,1048,poor germination,1679144544
153,2055,worth the price,1526645270
1861,2315,uniform ripening,1645869598
844,386,low input,1571683113
1322,2275,lodging issues,1596215078
1705,426,early maturing,1680337821
564,414,stores well,1537887720
202,858,thirsty crop,1641971630
1413,137,stores well,1638060657
1232,100,sandy soil ok,1528279396
1938,1490,needs fertilizer,1626040423
412,375,recommended by extension officer,1566406664
986,7,good taste,1660441982
1959,1646,stores well,1502327247
1723,2240,pest problems,1618562350
490,1771,thirsty crop,1580312644
892,214,market favorite,1560536873
903,1186,stores well,1589197785
300,1796,great in clay soil,1632960930
804,1433,reliable,1611833060
1187,420,recommended by extension officer,1660462583
1504,417,reliable,1632590463
41,1214,thirsty crop,1646520501
845,1597,drought tolerant,1506738272
1602,994,high yield,1513757502
101,2461,stores well,1680452300
542,485,poor germination,1646317973
266,2271,disease issues,1657085455
1063,1981,drought tolerant,1533019847
51,1494,disease issues,1607852913
539,1259,sandy soil ok,1643115598
328,1044,thirsty crop,1565272652
2190,778,good taste,1676889887
783,299,thirsty crop,1690528322
308,1642,thirsty crop,1552517002
961,805,pest problems,1645189205
1901,1698,good for intercropping,1593661378
155,1517,drought tolerant,1625815346
1603,851,lodging issues,1692058655
607,445,early maturing,1659857282
2074,589,drought tolerant,1559692477
1837,1656,stores well,1550379226
37,2210,recommended by extension officer,1669465348
122,1001,lodging issues,1580747429
1345,1292,poor germination,1676808812
99,2218,thirsty crop,1579598806
136,709,worth the price,1600540628
220,2452,drought tolerant,1624783783
1384,1625,drought tolerant,1566380911
78,819,market favorite,1599908403
2146,195,high yield,1651306576
659,620,market favorite,1657900098
628,594,seed too costly,1550258602
1148,2212,worth the price,1536740574
1669,1967,sandy soil ok,1538695644
693,556,great in clay soil,1648018408
636,27,sandy soil ok,1556448470
524,1503,recommended by extension officer,1533493471
1629,939,good for intercropping,1611268091
126,896,reliable,1504930099
1539,5,poor germination,1632147942
1372,1629,thirsty crop,1595996528
592,194,high yield,1614489976
158,375,drought tolerant,1672250646
139,1729,reliable,1509213540
230,2457,worth the price,1611425585
2029,1786,lodging issues,1523945886
53,2338,strong stalks,1633491448
1805,1389,pest problems,1591736994
381,697,seed too costly,1546019697
729,1093,pest problems,1679958268
1906,1592,strong stalks,1648286604
4,1023,strong stalks,1593698935
1191,1775,pest problems,1675347267
812,2025,good for intercropping,1624226882
640,907,thirsty crop,1509742849
1139,414,needs fertilizer,1545261024
7,1892,good for intercropping,1504817551
348,1324,poor germination,1600339576
1181,1629,strong stalks,1646090537
1132,2292,strong stalks,1651111052
1702,1451,recommended by extension officer,1671212394
525,876,great in clay soil,1659954477
975,1981,seed too costly,1542145981
946,2024,worth the price,1642372337
218,1424,needs fertilizer,1695949908
2083,2,early maturing,1644017726
603,1842,great in clay soil,1539212854
1933,156,reliable,1515186326
214,534,worth the price,1656803646
1920,2247,great in clay soil,1624155628
1140,542,worth the price,1678929651
221,972,low input,1548012008
1929,100,high yield,1686887073
1122,1224,pest problems,1540119406
660,25,seed too costly,1673633895
575,1411,recommended by extension officer,1612247586
226,1224,market favorite,1516186068
260,2240,recommended by extension officer,1639397096
383,1548,great in clay soil,1692689647
1278,1059,stores well,1656149533
80,2024,good for intercropping,1652738045
1579,2,market favorite,1569684713
736,2201,pest problems,1677654631
437,903,market favorite,1602192181
848,155,strong stalks,1550014442
842,2185,reliable,1553878579
1237,311,good taste,1548067766
872,586,great in clay soil,1510547233
874,986,lodging issues,1633341566
1890,2390,good for intercropping,1557081612
1395,305,uniform ripening,1697806188
1040,1383,sandy soil ok,1586587669
2098,2124,lodging issues,1548178443
1870,792,disease issues,1606478847
595,6,recommended by extension officer,1520371129
1005,2346,drought tolerant,1530395275
1034,1925,market favorite,1642312757
2129,377,high yield,1580841991
336,845,strong stalks,1685173084
566,870,recommended by extension officer,1595080090
1703,125,early maturing,1637358729
925,1592,great in clay soil,1540548280
1719,1059,lodging issues,1629794817
1646,377,needs fertilizer,1642115840
2020,268,market favorite,1508472047
1536,1357,stores well,1682756591
191,1685,high yield,1515063485
187,372,market favorite,1563262130
1830,1375,sandy soil ok,1582076710
787,2451,high yield,1694082574
977,1321,high yield,1686047375
367,1316,sandy soil ok,1667255602
2117,1961,needs fertilizer,1540337062
346,326,good for intercropping,1585020150
814,2124,poor germination,1679192006
798,1517,recommended by extension officer,1687939428
1836,2058,good for intercropping,1570916710
388,381,seed too costly,1544661529
1597,1338,good taste,1681208967
953,1230,lodging issues,1555811437
488,1359,worth the price,1644708187
1911,2472,worth the price,1579602551
947,1645,seed too costly,1698276659
1222,433,high yield,1569799111
680,2108,lodging issues,1528749021
626,362,needs fertilizer,1588214129
60,2193,stores well,1514575679
905,1592,high yield,1689757144
253,194,high yield,1512851543
2024,599,high yield,1569534965
2120,1932,disease issues,1680674286
813,401,needs fertilizer,1530311286
1994,2019,poor germination,1665987530
734,280,good for intercropping,1661267721
2053,1597,high yield,1672974594
539,1794,poor germination,1666182346
551,1597,seed too costly,1553267099
1731,1353,worth the price,1599573904
1185,748,pest problems,1551962284
528,418,low input,1663274620
1591,630,poor germination,1645662885
840,2,market favorite,1511969528
740,2148,sandy soil ok,1544049419
258,1487,high yield,1601204926
2155,1110,disease issues,1679639968
1230,1629,stores well,1669099984
287,2174,stores well,1623170517
1678,1524,high yield,1590119992
1668,2292,drought tolerant,1670447134
281,1783,stores well,1682962445
680,1447,strong stalks,1578509461
742,896,recommended by extension officer,1560459134
330,1836,thirsty crop,1572333622
1670,138,recommended by extension officer,1655820403
75,2014,good taste,1653473777
159,2472,seed too costly,1540124775
1663,578,good for intercropping,1628857471
221,1291,early maturing,1695050445
591,1981,poor germination,1684675364
1431,697,sandy soil ok,1632499626
1601,415,thirsty crop,1608750766
1765,2192,sandy soil ok,1510785347
829,9,thirsty crop,1676957768
438,2057,market favorite,1615625021
1368,178,seed too costly,1592398311
1824,385,sandy soil ok,1564779564
2119,113,great in clay soil,1616163701
1798,2033,thirsty crop,1622853883
1219,1835,reliable,1502265944
738,460,strong stalks,1529531753
1979,2239,poor germination,1540522984
2144,855,good for intercropping,1561611359
1979,1552,sandy soil ok,1680962667
1937,2338,disease issues,1662339774
1918,1204,seed too costly,1511046489
1059,1868,high yield,1537612707
477,1981,great in clay soil,1528480479
1089,1938,needs fertilizer,1533415201
178,1672,market favorite,1686857458
1872,158,worth the price,1630069653
1032,1854,thirsty crop,1664512219
529,480,high yield,1608806203
671,251,recommended by extension officer,1581810848
1067,907,needs fertilizer,1532784593
117,1541,sandy soil ok,1551071694
1686,1253,market favorite,1531544072
1130,252,reliable,1515729531
1140,443,stores well,1507085712
1525,1917,drought tolerant,1621582100
1143,1302,needs fertilizer,1641682643
287,1578,thirsty crop,1590277927
1989,1363,pest problems,1590292088
1570,2121,pest problems,1559273095
1638,2254,uniform ripening,1665224509
370,840,stores well,1508296572
1215,717,reliable,1672171333
373,2010,uniform ripening,1558768347
727,55,good for intercropping,1574935191
1460,1275,disease issues,1529488149
1434,2424,needs fertilizer,1548979062
1008,2475,recommended by extension officer,1649084808
2011,1221,high yield,1584364117
671,2014,recommended by extension officer,1520054366
40,1593,high yield,1694641866
1134,52,thirsty crop,1623626797
1578,1689,reliable,1616258668
433,1754,good taste,1696119783
180,172,low input,1595759385
1543,1589,uniform ripening,1638615806
1888,1418,recommended by extension officer,1500782937
1638,748,high yield,1517039894
17,1982,pest problems,1679599695
1424,430,low input,1672609876
1578,1783,uniform ripening,1614286659
785,1390,needs fertilizer,1694187800
1497,1929,stores well,1518076204
1855,1654,great in clay soil,1611301389
627,710,seed too costly,1595191751
1470,1418,reliable,1644149294
569,1651,seed too costly,1668124074
1628,1035,uniform ripening,1540970853
1416,2201,low input,1658303873
389,2487,drought tolerant,1692406465
1805,2005,good taste,1670314248
88,2493,poor germination,1543696941
1054,125,high yield,1669352601
490,2422,stores well,1621863538
689,1625,disease issues,1598717023
615,2148,drought tolerant,1645122967
792,1256,poor germination,1557969331
376,2136,disease issues,1563947772
1501,1932,recommended by extension officer,1644389742
1328,545,needs fertilizer,1530842230
1828,252,disease issues,1682349706
956,851,reliable,1575563318
1274,851,market favorite,1556397817
287,1854,poor germination,1520376071
2194,1094,early maturing,1558567650
1047,1685,seed too costly,1677013053
159,1833,disease issues,1513133131
2087,381,low input,1558787730
290,1767,disease issues,1617485579
408,2014,low input,1567014688
670,2174,reliable,1644186632
1764,1841,high yield,1579563742
2093,1805,low input,1559930463
1178,1085,low input,1613305835
341,1232,recommended by extension officer,1652901783
135,1407,strong stalks,1554786719
994,801,high yield,1655090615
1197,2014,stores well,1618163893
190,2400,sandy soil ok,1564078387
656,2191,recommended by extension officer,1568424616
1002,378,pest problems,1642345607
670,378,thirsty crop,1539244263
265,2055,thirsty crop,1542607524
1950,693,high yield,1542257537
765,2014,strong stalks,1660201924
1176,1549,good for intercropping,1612695987
1104,1352,strong stalks,1579427057
841,1097,strong stalks,1659292312
811,172,good for intercropping,1543014088
412,2435,lodging issues,1596293586
820,494,strong stalks,1660649564
1656,1593,recommended by extension officer,1654272180
2177,1058,low input,1644747244
487,2210,disease issues,1562804840
1447,2089,good for intercropping,1673453219
295,859,recommended by extension officer,1648483436
1062,1651,good taste,1695218163
917,414,seed too costly,1546073927
1207,1222,uniform ripening,1678138577
187,230,low input,1544315492
2197,1670,disease issues,1646981305
1008,2403,disease issues,1615142180
70,1256,worth the price,1687719739
1883,2450,uniform ripening,1578479448
211,2374,good taste,1652806044
623,2201,market favorite,1676667078
8,4,seed too costly,1538756451
66,888,reliable,1508299473
6,2058,thirsty crop,1637532402
1390,879,reliable,1697477247
847,415,market favorite,1579510380
1195,1943,high yield,1608189775
634,377,great in clay soil,1652724590
1292,1938,poor germination,1544984943
1289,2016,disease issues,1663849548
2100,1777,sandy soil ok,1613314676
620,330,needs fertilizer,1675230019
1360,307,needs fertilizer,1523717179
312,563,uniform ripening,1622267098
559,2491,good taste,1648730116
1107,800,needs fertilizer,1587967599
1925,2291,stores well,1690566591
1563,1647,good for intercropping,1693668188
806,103,drought tolerant,1626103288
668,169,worth the price,1534952460
1788,1560,sandy soil ok,1588594975
862,763,sandy soil ok,1697086226
1238,1488,disease issues,1504686805
787,1052,thirsty crop,1524795956
278,424,worth the price,1532185229
1592,1352,early maturing,1503832308
902,1561,disease issues,1643557062
826,1140,poor germination,1640344119
347,2315,uniform ripening,1525039917
840,2237,high yield,1665468334
1688,420,pest problems,1632883339
88,2256,great in clay soil,1644912773
427,80,reliable,1621235118
1676,2198,high yield,1536534212
1232,1494,good for intercropping,1677711597
1715,2315,low input,1542042843
836,1625,good for intercropping,1520752676
3,2189,stores well,1697427088
356,464,pest problems,1637488288
1400,2273,good taste,1583156221
1501,637,needs fertilizer,1563152097
294,2014,high yield,1521100083
1562,1948,seed too costly,1660035460
201,697,thirsty crop,1556696799
2158,523,low input,1624251889
687,2114,strong stalks,1527576608
329,1981,uniform ripening,1617864876
1154,2437,market favorite,1664918415
195,504,uniform ripening,1598508210
1637,642,needs fertilizer,1559378305
1318,2114,disease issues,1686192947
1114,2495,stores well,1655425905
1555,1160,poor germination,1523171023
1035,1085,uniform ripening,1680565058
493,1497,low input,1643927909
743,1672,high yield,1571912425
124,1013,poor germination,1520309011
1578,2014,thirsty crop,1601493587
1964,1629,early maturing,1605712453
1763,1895,sandy soil ok,1622243794
374,1498,good taste,1645999714
1681,594,strong stalks,1689371877
232,1062,market favorite,1566566576
1134,2186,sandy soil ok,1615800436
132,2118,drought tolerant,1627870506
1711,1981,sandy soil ok,1524333525
429,1044,reliable,1581747677
1567,2058,good taste,1640883542
958,237,high yield,1651440182
1028,32,stores well,1659068852
462,1222,worth the price,1682416693
131,1017,worth the price,1658055425
358,1238,recommended by extension officer,1535436530
1673,138,great in clay soil,1548663153
1699,1938,thirsty crop,1634745606
1839,1076,great in clay soil,1501285294
2119,2055,early maturing,1671609473
1891,437,low input,1527493294
1532,1850,stores well,1509394592
1450,307,disease issues,1577387231
1271,1780,pest problems,1682716480
2196,1786,strong stalks,1581256483
620,44,needs fertilizer,1514228679
1297,384,strong stalks,1566802822
624,1503,good taste,1507892989
1110,647,recommended by extension officer,1626240513
1874,711,great in clay soil,1551135487
381,2400,good for intercropping,1583109903
774,1838,high yield,1637033477
507,1616,lodging issues,1525978353
96,2041,sandy soil ok,1661451109
1365,2329,seed too costly,1541090905
999,787,sandy soil ok,1617866956
1305,2124,good for intercropping,1504595339
1994,1076,seed too costly,1506839459
1030,116,seed too costly,1529489524
1056,27,drought tolerant,1689716455
980,377,market favorite,1561093789
2185,2201,good taste,1646626512
2049,2035,thirsty crop,1661958245
153,639,stores well,1641334382
879,746,early maturing,1686337281
960,1211,great in clay soil,1688875151
1618,521,uniform ripening,1570621067
954,895,worth the price,1536183651
687,1837,reliable,1551895452
854,766,worth the price,1543109431
1959,1662,market favorite,1517301671
1716,2191,needs fertilizer,1647800554
394,1110,needs fertilizer,1616138155
1226,1433,market favorite,1592078242
1777,93,lodging issues,1587441433
1501,717,seed too costly,1642038006
373,1981,uniform ripening,1536012816
1979,100,worth the price,1660921149
1436,1617,great in clay soil,1510592900
1705,1033,early maturing,1621444218
665,1491,thirsty crop,1566553348
2191,1291,strong stalks,1690558492
550,49,good taste,1537165489
1179,769,great in clay soil,1643094721
33,240,early maturing,1521973663
1222,1723,stores well,1612726759
1823,2206,great in clay soil,1555231342
1134,594,high yield,1674493716
207,1933,low input,1690905425
713,1729,uniform ripening,1582187737
302,1643,low input,1590363088
6,2014,needs fertilizer,1679624540
2170,1932,poor germination,1649556374
1714,2210,sandy soil ok,1563603552
1979,1259,disease issues,1530545952
1360,1962,drought tolerant,1694793750
872,100,needs fertilizer,1653095838
903,2205,drought tolerant,1673641035
951,681,early maturing,1587466075
488,1222,pest problems,1692213390
2138,326,seed too costly,1600392362
2129,1805,worth the price,1668980599
312,1494,recommended by extension officer,1639688248
823,355,pest problems,1544821230
474,2315,uniform ripening,1609154890
2009,1552,reliable,1590725099
48,1879,thirsty crop,1622189692
1854,1232,sandy soil ok,1645208077
965,2451,needs fertilizer,1600623076
1505,578,worth the price,1505994146
1705,2041,reliable,1628341990
568,1064,lodging issues,1528073160
2114,284,poor germination,1618996231
128,432,needs fertilizer,1549611936
509,594,stores well,1650172047
204,266,uniform ripening,1508781548
1349,2451,lodging issues,1555688972
1365,2023,market favorite,1605464982
102,790,early maturing,1669420263
1220,869,sandy soil ok,1533101759
1201,2311,great in clay soil,1621967897
641,375,uniform ripening,1566779550
872,805,great in clay soil,1567052970
346,426,disease issues,1576189685
287,580,good for intercropping,1597935356
1393,1118,recommended by extension officer,1589440044
358,433,high yield,1533076863
2059,2023,stores well,1606122028
239,1747,sandy soil ok,1580427600
1165,73,worth the price,1599141913
1428,227,sandy soil ok,1688167515
1466,1685,high yield,1573011896
333,423,needs fertilizer,1644829751
1079,1620,pest problems,1616619963
1225,2251,needs fertilizer,1560031632
700,1617,uniform ripening,1510589370
798,1310,low input,1599160996
1709,1077,sandy soil ok,1642958122
651,37,pest problems,1630859610
705,643,seed too costly,1579369088
116,1196,thirsty crop,1695324272
1130,792,good for intercropping,1677710256
104,1948,recommended by extension officer,1676668827
1195,1578,poor germination,1655161840
1442,2101,lodging issues,1594401884
699,1642,poor germination,1550248173
1597,2240,great in clay soil,1592308633
627,1675,worth the price,1636524065
1128,219,stores well,1565436329
758,2334,low input,1622460184
2,803,disease issues,1552415127
316,1580,low input,1691519829
2003,677,needs fertilizer,1647609730
1169,415,recommended by extension officer,1656437822
2077,1640,great in clay soil,1665273863
1320,1500,uniform ripening,1577395551
1443,1963,market favorite,1542426529
420,1362,low input,1515142802
2195,7,early maturing,1513398081
507,1546,strong stalks,1544938421
1222,69,poor germination,1664321517
201,1629,uniform ripening,1562779275
710,962,high yield,1647776664
2051,492,worth the price,1671160368
376,480,great in clay soil,1688215549
929,924,good for intercropping,1602581657
1768,2017,lodging issues,1569464536
1532,1983,early maturing,1507551278
1675,1572,sandy soil ok,1657252408
541,7,uniform ripening,1604786898
832,1625,strong stalks,1616063590
1436,934,recommended by extension officer,1562876899
1745,194,great in clay soil,1544903128
317,1598,good for intercropping,1556276926
1324,1749,market favorite,1669906817
857,2428,disease issues,1557867525
577,2331,lodging issues,1565074505
550,799,recommended by extension officer,1514335897
246,1981,uniform ripening,1544309246
766,1678,early maturing,1510218693
874,1938,early maturing,1681477704
1038,1667,great in clay soil,1524093421
1994,362,strong stalks,1591290368
1411,2177,worth the price,1615279584
1697,1285,drought tolerant,1611109981
1453,194,great in clay soil,1635453931
2080,88,early maturing,1595581342
1449,2191,strong stalks,1563838734
1765,1389,good for intercropping,1698664213
157,550,thirsty crop,1677029015
699,578,worth the price,1610461760
917,2,good for intercropping,1688605501
596,2210,poor germination,1603987912
716,2298,good for intercropping,1651515880
1212,972,sandy soil ok,1520482270
1374,1365,strong stalks,1599767222
1373,1208,great in clay soil,1660459797
1838,455,recommended by extension officer,1660040377
253,1901,seed too costly,1697119039
948,377,low input,1568514890
793,875,stores well,1561566847
1971,968,good for intercropping,1529182307
1256,377,sandy soil ok,1647592161
781,3,good for intercropping,1501255586
1928,2076,poor germination,1511887507
1796,96,sandy soil ok,1535802346
1795,716,worth the price,1695872503
381,512,worth the price,1678136488
1099,851,good taste,1663313318
1366,271,reliable,1590091486
686,355,worth the price,1519666299
1502,792,pest problems,1539946482
157,2025,early maturing,1621844148
399,377,worth the price,1588419228
1171,2114,market favorite,1533302774
1876,1476,pest problems,1581596788
4,829,good taste,1663116797
1471,1938,strong stalks,1641359250
401,660,good for intercropping,1510435041
728,299,seed too costly,1663854886
647,1013,drought tolerant,1567109151
152,660,low input,1644123214
1239,625,poor germination,1651031870
764,1321,high yield,1515333981
455,740,good for intercropping,1614426825
1594,633,stores well,1613861512
410,1993,pest problems,1675124931
433,1854,disease issues,1675363122
1790,1256,drought tolerant,1508741321
694,1935,needs fertilizer,1610209341
246,2065,worth the price,1521266169
610,2298,reliable,1609355682
539,1267,market favorite,1503598141
970,222,stores well,1653730857
1528,2121,good for intercropping,1515014826
457,355,sandy soil ok,1636569280
948,52,high yield,1599742950
1855,1238,early maturing,1589492924
1034,195,good taste,1641832910
1095,391,needs fertilizer,1664299628
1421,1001,worth the price,1549547381
287,190,good for intercropping,1509270125
612,116,drought tolerant,1563475528
1414,1698,thirsty crop,1609039064
65,1662,recommended by extension officer,1677326834
157,2136,great in clay soil,1562475191
635,398,worth the price,1684446326
1011,1665,recommended by extension officer,1642261686
958,200,stores well,1505799686
896,1033,great in clay soil,1532345638
1972,103,lodging issues,1610651310
1958,342,strong stalks,1631634922
64,630,drought tolerant,1532541361
12,1805,needs fertilizer,1570353387
806,581,market favorite,1572771565
2114,432,seed too costly,1610257434
129,1373,strong stalks,1656238742
2038,2358,great in clay soil,1679637291
1484,1365,strong stalks,1519511546
1673,120,seed too costly,1503266519
380,2319,seed too costly,1635135776
1100,221,needs fertilizer,1626839353
1919,2197,low input,1535830638
1816,2047,seed too costly,1621183927
1813,1428,market favorite,1566197132
216,1321,low input,1528691287
575,1804,lodging issues,1509738525
1559,1299,poor germination,1619768486
1607,377,good for intercropping,1555028502
1450,2240,reliable,1507654780
1825,1932,early maturing,1595735121
2103,1612,strong stalks,1667606880
15,1597,needs fertilizer,1540870869
539,377,reliable,1647596213
1664,135,high yield,1641320832
19,311,great in clay soil,1507771716
1876,336,poor germination,1697705643
995,34,stores well,1531257126
1327,1981,high yield,1501417664
2092,1956,market favorite,1628870317
1441,205,thirsty crop,1692796291
1951,2055,uniform ripening,1612932750
1184,2388,strong stalks,1688833383
815,2042,worth the price,1687669807
2105,605,seed too costly,1678755617
1311,1018,stores well,1603914675
1939,2358,pest problems,1671498351
1202,927,drought tolerant,1592986506
1566,377,uniform ripening,1612487675
1714,1213,high yield,1594229366
1947,1119,good taste,1548615827
1476,790,reliable,1685630687
1024,2,high yield,1625365942
1107,355,recommended by extension officer,1588112882
7,2360,needs fertilizer,1690484519
147,377,thirsty crop,1586037449
1159,1698,uniform ripening,1611336366
2199,1433,poor germination,1553365213
488,70,strong stalks,1698549660
1200,2189,low input,1571497500
2168,2003,good for intercropping,1684377798
843,1094,thirsty crop,1677352362
1055,1854,disease issues,1545531765
1034,531,seed too costly,1698369862
1694,2393,poor germination,1593632895
1476,2064,drought tolerant,1558466212
2191,262,high yield,1648076666
1279,178,drought tolerant,1528386183
1883,1365,needs fertilizer,1658980468
1373,1103,disease issues,1503137120
1571,195,needs fertilizer,1544962569
115,74,great in clay soil,1596048107
1187,46,recommended by extension officer,1514147396
1620,322,early maturing,1536935977
960,1365,needs fertilizer,1696960055
1948,1674,stores well,1688156909
253,839,uniform ripening,1554521227
826,1912,market favorite,1644042164
419,1780,pest problems,1571785190
1779,1651,seed too costly,1646419217
1907,1952,low input,1695143751
1431,919,thirsty crop,1670559424
475,1071,recommended by extension officer,1593565202
1283,792,seed too costly,1510668532
1261,1667,sandy soil ok,1659170598
130,600,worth the price,1653801173
925,1070,good for intercropping,1658494962
1028,1715,good for intercropping,1559903320
417,1989,thirsty crop,1537101141
2015,325,worth the price,1651561992
1562,552,market favorite,1699386440
319,2361,seed too costly,1520606064
367,1187,low input,1619043522
1858,364,worth the price,1580924184
1773,1805,worth the price,1578716472
2045,414,great in clay soil,1654305750
697,287,pest problems,1698719126
183,1609,great in clay soil,1616675710
803,2014,lodging issues,1620193312
701,1581,low input,1511489556
657,1526,disease issues,1697024498
1732,1638,high yield,1628039468
528,2400,seed too costly,1577981035
23,194,sandy soil ok,1677757987
2186,1775,drought tolerant,1652908536
1314,2014,sandy soil ok,1602588367
1507,1292,pest problems,1558628833
705,2313,strong stalks,1527568666
2066,1376,disease issues,1611016532
2113,1959,good for intercropping,1545569037
7,1259,market favorite,1682410583
209,2374,early maturing,1616323021
620,904,poor germination,1667023272
868,1271,disease issues,1566504539
1378,2061,poor germination,1589552443
1250,269,seed too costly,1592657297
306,659,drought tolerant,1594874005
633,1989,early maturing,1547672661
1932,355,reliable,1674628500
1065,2451,high yield,1582801370
604,1975,recommended by extension officer,1525321877
323,753,good taste,1691316763
1293,432,reliable,1633261431
922,1292,thirsty crop,1694024396
306,1796,high yield,1604307581
1522,303,poor germination,1646377652
1824,1647,good taste,1600824775
378,1433,seed too costly,1677562700
1624,1282,high yield,1689059417
1739,1654,strong stalks,1539344978
1884,188,recommended by extension officer,1611927437
1767,1494,high yield,1656264704
2192,1256,uniform ripening,1680627364
1454,642,good for intercropping,1643293050
1951,355,lodging issues,1552077926
967,1665,lodging issues,1652421811
1273,1981,high yield,1518662036
509,1726,great in clay soil,1563140518
294,287,sandy soil ok,1538311591
880,1291,thirsty crop,1670556545
51,2,uniform ripening,1635359630
489,62,strong stalks,1563178445
1579,972,disease issues,1677382731
2103,1723,uniform ripening,1617104178
1019,2432,early maturing,1605033189
1982,2070,early maturing,1504577271
185,1234,stores well,1584164349
287,1218,needs fertilizer,1682920197
1105,1831,good for intercropping,1554471924
630,814,market favorite,1616549409
354,1203,good taste,1556483927
1048,1132,disease issues,1663936936
2181,309,early maturing,1574388539
681,1545,great in clay soil,1523843206
2137,2089,drought tolerant,1516213046
871,1057,good taste,1675265684
1258,968,market favorite,1534136609
1232,1772,good taste,1659139907
781,1231,stores well,1602116037
351,2396,good taste,1623343728
1173,2126,early maturing,1649925549
345,33,seed too costly,1584012586
383,2320,reliable,1634445497
145,614,pest problems,1529795108
1984,2315,sandy soil ok,1565087022
949,500,early maturing,1696645067
287,464,worth the price,1588933111
56,2292,poor germination,1640910775
1661,1103,low input,1518144915
433,1254,good taste,1616608580
253,269,needs fertilizer,1583984948
648,1102,early maturing,1562607984
1416,1357,good for intercropping,1570188665
1274,2070,early maturing,1662471260
147,483,seed too costly,1626194781
2183,1652,pest problems,1650972739
1001,2025,worth the price,1559702885
288,1654,poor germination,1573760877
434,172,recommended by extension officer,1583817461
468,501,thirsty crop,1690745647
833,531,market favorite,1678825790
885,1982,recommended by extension officer,1502726727
2020,1954,recommended by extension officer,1525117224
1800,1192,drought tolerant,1695141075
732,1625,thirsty crop,1637275789
1018,2319,stores well,1693033690
675,2494,worth the price,1552030349
1515,1217,stores well,1606419820
381,1012,strong stalks,1683749148
833,676,market favorite,1667581470
2147,1628,worth the price,1630945008
2022,480,drought tolerant,1599913242
825,2,uniform ripening,1578767122
1560,2468,stores well,1654429688
1948,103,good taste,1589227476
273,1344,seed too costly,1679587995
755,934,worth the price,1609428205
1469,286,early maturing,1648363701
1072,2208,good taste,1623150789
1363,1563,seed too costly,1557828696
280,721,thirsty crop,1696979694
1649,1212,worth the price,1503453093
1659,1145,seed too costly,1589784458
1239,1822,lodging issues,1594029952
1832,2481,good taste,1605266996
273,2361,market favorite,1548086072
297,1282,pest problems,1648031551
1767,2073,great in clay soil,1631735668
2082,1389,lodging issues,1502175558
93,1884,pest problems,1509917482
915,1697,poor germination,1694164443
1933,261,high yield,1619591061
919,1932,low input,1635186650
600,195,high yield,1535992070
1349,1363,stores well,1601938587
1878,9,poor germination,1662068220
1220,1719,good for intercropping,1604725893
1182,2191,market favorite,1529176230
1491,103,high yield,1697854401
1319,239,reliable,1546031539
831,1430,thirsty crop,1614395577
870,2476,great in clay soil,1635153379
1425,2399,disease issues,1697593618
57,1488,sandy soil ok,1566507207
444,1582,needs fertilizer,1593850529
1235,2246,poor germination,1570815879
562,1948,reliable,1525621965
927,2036,sandy soil ok,1529901933
2149,1224,early maturing,1642484652
71,876,good taste,1623362959
635,2292,strong stalks,1699947871
1066,355,market favorite,1501824638
1297,82,lodging issues,1547441831
1779,379,good taste,1655185487
556,2452,lodging issues,1642542676
612,148,poor germination,1666070687
1582,247,pest problems,1623893761
186,1405,stores well,1567773365
627,452,market favorite,1599101421
1247,241,uniform ripening,1612940970
1442,594,early maturing,1521026185
1060,1981,poor germination,1530298285
546,1218,good for intercropping,1517452796
1399,2123,market favorite,1575487142
1075,611,thirsty crop,1561851728
588,2058,drought tolerant,1563187426
242,194,pest problems,1625934746
1736,1868,good taste,1564714553
1797,647,recommended by extension officer,1699428512
489,1150,strong stalks,1512672565
1136,194,seed too costly,1628792435
1495,1861,low input,1588328387
1168,1614,reliable,1571889117
1008,100,pest problems,1540487934
1493,473,high yield,1699652228
1931,1426,worth the price,1625412333
963,114,disease issues,1506927294
558,515,uniform ripening,1690199467
986,769,recommended by extension officer,1647645428
1706,1265,good for intercropping,1500825693
53,24,high yield,1530391294
517,1759,uniform ripening,1692688900
1156,878,high yield,1546775506
1621,377,reliable,1679641290
903,1213,good for intercropping,1687198095
2048,981,pest problems,1685585481
226,606,poor germination,1638113105
806,1149,great in clay soil,1595253423
553,2014,recommended by extension officer,1667335030
1797,1365,uniform ripening,1518565664
1645,1132,thirsty crop,1617412432
809,2326,poor germination,1599235944
881,2315,low input,1511092222
310,1176,lodging issues,1611856765
563,1428,good taste,1580676240
1305,2014,good taste,1674261171
440,1597,strong stalks,1581928861
1383,1715,stores well,1626597876
1488,1553,good for intercropping,1526524118
484,2210,poor germination,1593544375
107,355,lodging issues,1673828498
822,1894,seed too costly,1574314555
1041,1974,stores well,1611579370
1348,2210,low input,1596927687
1335,1107,good taste,1588789926
364,169,disease issues,1626542103
1589,981,good for intercropping,1546492908
1940,766,good for intercropping,1612365106
1003,1666,thirsty crop,1610236390
2155,1050,needs fertilizer,1563914342
620,1886,disease issues,1661317642
51,1556,strong stalks,1683243504
216,2110,needs fertilizer,1681548236
2011,1777,recommended by extension officer,1563420968
467,2315,early maturing,1612295989
1393,187,reliable,1548330529
90,774,reliable,1563331976
539,1645,lodging issues,1666128705
806,895,lodging issues,1694464838
1632,1884,disease issues,1507849527
1192,2298,early maturing,1535237060
216,64,worth the price,1637076624
710,2,needs fertilizer,1605673871
343,1191,great in clay soil,1599033461
142,1499,great in clay soil,1547529788
1194,1206,uniform ripening,1664377843
1245,307,worth the price,1620749770
1425,1291,thirsty crop,1545898638
1226,1796,market favorite,1585463313
735,836,poor germination,1564092113
855,1003,reliable,1568043707
1592,1326,strong stalks,1603418606
1300,2096,lodging issues,1598000537
141,1977,low input,1643923249
1025,2493,needs fertilizer,1557294611
1294,433,reliable,1557302705
212,2064,thirsty crop,1665692114
415,843,low input,1612540352
354,1632,pest problems,1693135626
1411,857,early maturing,1527189857
2192,334,pest problems,1673409467
495,1592,recommended by extension officer,1550351391
216,768,disease issues,1527845401
653,377,disease issues,1661690501
1371,1625,early maturing,1658032640
730,1232,needs fertilizer,1549412525
1876,2106,reliable,1544215718
632,115,lodging issues,1693261037
720,2437,strong stalks,1649852848
719,967,uniform ripening,1559223567
1152,723,seed too costly,1598882794
2007,1838,poor germination,1628547462
707,829,great in clay soil,1625691203
2057,381,market favorite,1697351146
889,2338,needs fertilizer,1510002408
1277,260,thirsty crop,1608743407
191,1948,recommended by extension officer,1550978246
2139,93,early maturing,1573232261
1337,1592,great in clay soil,1557259702
1887,154,needs fertilizer,1645599452
337,1819,pest problems,1587572919
642,1956,worth the price,1558063825
1166,1448,uniform ripening,1659033783
387,1238,sandy soil ok,1507565983
491,195,worth the price,1615382499
1747,1597,market favorite,1595279513
874,534,sandy soil ok,1602561832
1113,2014,great in clay soil,1596163786
151,1667,stores well,1655199997
1225,2058,uniform ripening,1672552673
2106,1933,market favorite,1644393626
2137,432,recommended by extension officer,1504167087
1828,2256,recommended by extension officer,1509040866
503,125,uniform ripening,1502030178
1984,63,reliable,1620993766
312,415,uniform ripening,1502411095
1563,100,stores well,1639611273
394,2058,recommended by extension officer,1516344760
1308,100,early maturing,1506271380
1657,2014,worth the price,1682630498
158,1660,stores well,1697819661
700,2379,good taste,1641298208
2060,2189,stores well,1669755052
509,1760,thirsty crop,1660414237
253,378,thirsty crop,1500578430
277,1917,seed too costly,1573674852
488,965,early maturing,1596430911
1637,1523,seed too costly,1543226981
49,1618,disease issues,1638689147
2114,1836,poor germination,1534237335
806,2242,worth the price,1667804477
1950,2251,worth the price,1618453277
469,1796,market favorite,1639758030
833,1816,early maturing,1647588531
205,393,uniform ripening,1652032786
1143,1405,uniform ripening,1669128759
825,1854,poor germination,1609799943
1507,420,recommended by extension officer,1502570608
59,1749,sandy soil ok,1551979742
412,1662,strong stalks,1510999555
1022,1989,high yield,1640206393
418,1226,lodging issues,1559357464
1560,2365,market favorite,1665580573
550,713,worth the price,1540916865
757,2,thirsty crop,1643166953
958,683,worth the price,1654364265
747,765,great in clay soil,1535544589
1983,965,drought tolerant,1514587220
573,1941,seed too costly,1663533201
859,1132,uniform ripening,1515376747
1264,1517,reliable,1573676019
362,1640,worth the price,1580551536
1653,1650,sandy soil ok,1584245761
1026,1879,high yield,1643038654
581,2014,high yield,1546620851
1837,302,drought tolerant,1697638595
430,1857,recommended by extension officer,1510480177
1928,966,early maturing,1637049849
1797,54,seed too costly,1677509071
1981,2079,strong stalks,1676738123
697,52,sandy soil ok,1678122617
1030,1545,worth the price,1569103867
1683,1854,good for intercropping,1581486497
212,690,good for intercropping,1534996098
581,2280,poor germination,1531146181
713,195,market favorite,1590208029
232,1299,strong stalks,1552946714
1036,1291,seed too costly,1611826278
1283,2316,recommended by extension officer,1511106273
910,243,lodging issues,1694265796
1958,2428,uniform ripening,1540341178
1052,1878,great in clay soil,1661096793
502,869,stores well,1560967856
2079,2399,needs fertilizer,1532498172
1261,269,strong stalks,1653648348
1902,1740,pest problems,1659778269
463,2291,good taste,1622091933
1056,1697,drought tolerant,1504035782
661,205,needs fertilizer,1637518106
1074,1850,uniform ripening,1669509498
1703,85,good for intercropping,1548770159
47,401,poor germination,1591415926
1135,3,disease issues,1696123685
94,1729,low input,1501914990
1431,966,worth the price,1540960705
873,1925,poor germination,1637137181
1550,2024,great in clay soil,1521705097
1763,2201,poor germination,1546680763
614,2426,disease issues,1690678614
915,865,lodging issues,1516179054
2079,957,low input,1538104786
1439,371,worth the price,1522939409
1576,1123,poor germination,1512926854
1057,1234,stores well,1618089907
1536,1187,sandy soil ok,1558534138
2151,2461,pest problems,1648091530
794,2103,poor germination,1516042561
105,355,needs fertilizer,1532790340
1405,233,pest problems,1573106977
490,123,market favorite,1596032646
1155,1405,stores well,1601341239
1849,1754,poor germination,1567415260
2103,65,recommended by extension officer,1610848983
720,228,reliable,1626817141
929,748,early maturing,1672179063
925,1433,worth the price,1576870018
1328,1645,poor germination,1635376826
931,2451,great in clay soil,1616772091
684,1321,drought tolerant,1581320304
427,2097,low input,1682938761
903,1005,good for intercropping,1552138028
948,414,sandy soil ok,1624003034
1222,474,pest problems,1563215084
1823,1232,thirsty crop,1648658257
1731,307,lodging issues,1555846478
1617,1484,thirsty crop,1564419106
512,1126,good for intercropping,1553733264
538,2287,high yield,1591653900
841,2094,drought tolerant,1519493574
1284,1214,early maturing,1666272816
158,1321,strong stalks,1549074667
1108,1272,seed too costly,1584257720
1773,1710,poor germination,1662291235
872,2058,seed too costly,1571583426
1569,407,low input,1550524769
1070,1132,market favorite,1693533577
472,91,recommended by extension officer,1598770971
813,1816,seed too costly,1648521392
1601,2089,market favorite,1607644449
279,1938,drought tolerant,1572351477
23,415,uniform ripening,1569936603
1623,205,disease issues,1696452889
1711,599,worth the price,1564413251
2055,600,good taste,1581449717
858,327,disease issues,1687437443
1164,134,strong stalks,1565873649
507,302,recommended by extension officer,1636300284
1763,1790,strong stalks,1675094152
18,58,great in clay soil,1523514592
2181,527,high yield,1617041195
1939,1606,disease issues,1631586516
2149,1159,high yield,1698820620
48,1098,poor germination,1603517567
2177,456,low input,1522326269
1109,928,sandy soil ok,1676665093
727,722,early maturing,1682077462
629,2288,pest problems,1654242463
1381,1750,sandy soil ok,1629205669
2028,445,pest problems,1653226889
196,17,low input,1591799396
748,956,drought tolerant,1536477746
1353,1292,sandy soil ok,1618969243
419,2056,uniform ripening,1615974445
1608,215,recommended by extension officer,1608157923
1463,415,seed too costly,1664089276
2110,158,stores well,1507466742
2113,1865,seed too costly,1511571552
1117,1357,recommended by extension officer,1556940257
1178,2065,low input,1521909836
312,690,good for intercropping,1506879517
1097,1090,early maturing,1598832746
1693,1071,good for intercropping,1639629473
1458,1390,pest problems,1605470780
1502,1354,good taste,1656550589
1779,49,poor germination,1684003893
2115,195,poor germination,1501796784
1961,849,pest problems,1686784644
1881,29,good for intercropping,1594085828
1706,1052,drought tolerant,1604043063
539,635,good taste,1558405078
2125,966,high yield,1575037603
388,2118,great in clay soil,1506432096
713,865,reliable,1504567759
1831,1366,needs fertilizer,1653769742
728,2445,good taste,1596424938
1428,2371,stores well,1641044266
1392,1110,good taste,1664340441
298,677,worth the price,1677918933
1226,226,good taste,1628067959
1919,355,uniform ripening,1569766438
1099,355,disease issues,1540255551
372,661,market favorite,1572028915
1788,1662,market favorite,1506112224
1714,2058,sandy soil ok,1637474004
1470,578,high yield,1650572959
1650,1597,lodging issues,1578029691
533,1282,poor germination,1535767639
682,195,poor germination,1682421678
1928,898,pest problems,1519220552
1613,186,worth the price,1633900168
866,1240,market favorite,1587325608
1079,178,low input,1680555788
1520,544,poor germination,1501972216
1219,226,high yield,1646136088
599,323,lodging issues,1635563202
257,2025,needs fertilizer,1674183919
2042,1754,drought tolerant,1587305159
67,2256,needs fertilizer,1559172698
253,2297,pest problems,1631603668
619,823,low input,1641002663
38,1232,strong stalks,1606609699
1911,1466,needs fertilizer,1593889178
2128,1697,low input,1524974195
1632,1938,uniform ripening,1535097347
610,125,drought tolerant,1640872778
1930,785,pest problems,1623075672
2196,133,great in clay soil,1682109135
1879,420,thirsty crop,1659702768
62,200,drought tolerant,1683531331
525,142,great in clay soil,1514636623
2011,1967,reliable,1629128368
239,1819,uniform ripening,1636461775
1338,1850,disease issues,1591082877
1139,457,recommended by extension officer,1676312398
1796,424,thirsty crop,1510082057
198,876,early maturing,1522037149
715,1740,recommended by extension officer,1568031477
877,1209,seed too costly,1544185876
1145,1629,stores well,1572245687
2131,381,stores well,1645376671
115,957,pest problems,1635135569
738,2440,stores well,1656892542
1798,1045,sandy soil ok,1628693820
1425,1408,good for intercropping,1504506556
1563,1453,low input,1688649884
886,443,uniform ripening,1612151298
2180,2424,stores well,1577928326
592,1775,worth the price,1581255204
253,1642,poor germination,1658240423
739,1948,reliable,1690105583
621,2014,good for intercropping,1696799591
456,521,thirsty crop,1686285485
1900,1076,reliable,1559519371
1902,326,worth the price,1685157503
887,260,pest problems,1693515141
1301,537,recommended by extension officer,1683749112
1749,372,worth the price,1670949610
1156,1683,strong stalks,1655242967
673,2074,lodging issues,1552059390
2057,2456,lodging issues,1643180503
198,1879,thirsty crop,1567952847
1960,1879,pest problems,1671336111
317,1074,needs fertilizer,1535662301
71,1210,stores well,1621058986
954,1356,seed too costly,1552672072
605,480,seed too costly,1669806491
967,359,low input,1650230769
515,2047,good taste,1618307148
1254,2118,great in clay soil,1570155386
1228,1403,early maturing,1575340812
65,222,early maturing,1632265196
247,1836,stores well,1510561114
841,808,poor germination,1607120820
1251,2286,thirsty crop,1565710243
1187,480,needs fertilizer,1683247122
840,1494,drought tolerant,1537303263
45,1208,thirsty crop,1613164969
1787,103,worth the price,1668186739
1628,685,market favorite,1607379291
238,792,drought tolerant,1657515483
842,657,stores well,1586505789
841,377,uniform ripening,1638788118
831,46,high yield,1609596753
1507,1794,thirsty crop,1565382393
41,1321,worth the price,1522883352
1266,1938,high yield,1689202643
1222,677,lodging issues,1529655729
284,845,high yield,1663528290
859,1230,needs fertilizer,1595148411
925,481,reliable,1627206520
463,2323,worth the price,1615521815
103,998,disease issues,1517562333
1054,1070,recommended by extension officer,1527074025
1297,1494,good taste,1664048215
54,467,stores well,1552178287
592,1200,worth the price,1610036067
509,100,low input,1673848810
1701,1052,market favorite,1693629933
1101,2201,good for intercropping,1543380187
1413,46,pest problems,1659812840
1323,138,stores well,1505676330
1293,700,lodging issues,1616119993
1917,1828,seed too costly,1659728341
1093,2493,thirsty crop,1545064535
1772,934,pest problems,1663935089
1610,1871,pest problems,1514499944
1153,1771,strong stalks,1684609130
554,2241,good taste,1515972147
1111,2440,pest problems,1609758329
954,1217,recommended by extension officer,1547353460
1968,550,lodging issues,1691018105
1845,1055,lodging issues,1565399251
1301,135,pest problems,1542516354
1412,1740,poor germination,1507292670
860,1726,good taste,1550116827
2095,924,early maturing,1531056535
1000,869,drought tolerant,1515445403
1512,445,reliable,1512721210
2153,1943,reliable,1684799809
2064,2464,good for intercropping,1532513374
93,1953,drought tolerant,1528797650
1976,804,high yield,1632959466
1312,633,reliable,1553991155
2049,558,seed too costly,1635462789
2127,526,low input,1660013075
4,271,poor germination,1545120421
336,1667,strong stalks,1522232969
813,508,low input,1692430976
1200,859,lodging issues,1619406911
1583,1221,seed too costly,1585629800
603,1211,low input,1509762788
44,185,seed too costly,1607566877
1262,1740,sandy soil ok,1696631692
1490,2242,drought tolerant,1570094554
1457,743,lodging issues,1695318687
1779,1795,recommended by extension officer,1673385097
1485,364,early maturing,1628331469
347,7,reliable,1607687756
1242,2240,high yield,1645211242
1234,103,good for intercropping,1514645052
1620,1694,poor germination,1690973920
2131,297,good for intercropping,1664370323
650,2327,lodging issues,1535490104
520,262,disease issues,1597470349
946,118,uniform ripening,1511473630
983,480,high yield,1676651209
1537,1741,reliable,1670907007
1570,685,market favorite,1666286177
55,693,strong stalks,1514276802
157,1596,good for intercropping,1513464564
1104,1041,needs fertilizer,1674361902
585,2451,pest problems,1656647201
325,2014,great in clay soil,1607651766
1063,1038,market favorite,1655123146
1054,857,needs fertilizer,1578170630
1294,1494,uniform ripening,1669147445
1318,1608,sandy soil ok,1504410671
342,855,strong stalks,1534957934
1777,838,reliable,1580662073
1603,936,uniform ripening,1579963867
1167,1688,market favorite,1528385984
603,1117,lodging issues,1628836919
994,297,good taste,1674468943
1621,1468,needs fertilizer,1694890475
138,1282,good for intercropping,1623882523
1404,1284,great in clay soil,1614019733
1516,100,needs fertilizer,1524606951
2114,1075,thirsty crop,1521355977
954,269,poor germination,1611722272
1564,1836,stores well,1667410066
1000,1267,recommended by extension officer,1602880408
630,2014,lodging issues,1648224210
325,2356,recommended by extension officer,1521182710
507,2120,seed too costly,1645187435
1610,1672,disease issues,1514664936
1379,1140,great in clay soil,1508550395
347,1613,seed too costly,1629165694
550,1232,poor germination,1508785540
377,1725,good taste,1651386622
196,28,thirsty crop,1537103766
724,1433,poor germination,1554443346
1876,2311,sandy soil ok,1661844608
1072,364,good taste,1634101413
731,1136,good taste,1683516739
135,1259,great in clay soil,1670489168
672,2023,pest problems,1628247116
1955,1613,market favorite,1522356956
1675,2298,stores well,1590049832
1887,312,recommended by extension officer,1565702014
1065,1679,thirsty crop,1616354516
596,1930,good taste,1560400430
359,1932,thirsty crop,1642996401
2083,2130,lodging issues,1616360655
1815,75,good taste,1512787880
2198,2047,good for intercropping,1610234017
1884,586,early maturing,1688223088
1499,1366,high yield,1680128901
691,4,early maturing,1548272570
1632,869,recommended by extension officer,1617779087
1047,1611,strong stalks,1669315343
976,2070,high yield,1680876091
121,1405,great in clay soil,1626444748
2168,2210,uniform ripening,1696687533
947,480,great in clay soil,1517070423
1176,1970,pest problems,1624473065
853,7,pest problems,1594314962
1278,1539,early maturing,1599102752
1735,338,thirsty crop,1603465967
767,1132,seed too costly,1524084753
946,1589,poor germination,1624228485
246,1112,high yield,1673339714
1819,97,thirsty crop,1682593712
1804,2040,stores well,1638805700
1943,2301,needs fertilizer,1643107840
511,189,sandy soil ok,1528830871
1840,1479,reliable,1538438512
2069,1796,recommended by extension officer,1561411540
1585,1526,stores well,1629587818
1837,1775,low input,1688110217
1928,342,lodging issues,1637381789
2059,1222,seed too costly,1593860672
65,1827,good for intercropping,1650640684
2019,1698,sandy soil ok,1603817997
1680,2090,great in clay soil,1530412873
410,418,disease issues,1578788821
2188,1291,poor germination,1694632352
480,1589,uniform ripening,1593709058
1888,1581,drought tolerant,1608891547
1878,1912,lodging issues,1538867443
2063,7,worth the price,1518123774
2067,1981,early maturing,1628259681
1955,1932,recommended by extension officer,1624212377
1178,697,needs fertilizer,1643267448
512,2201,high yield,1659534009
942,200,stores well,1525299643
1632,488,stores well,1576762259
1790,2210,poor germination,1630578550
1767,2210,lodging issues,1559434626
1440,745,drought tolerant,1696513154
733,111,drought tolerant,1647247649
1719,2296,sandy soil ok,1524312369
1927,2213,high yield,1674227125
99,7,pest problems,1536487579
219,574,good taste,1505732660
2008,161,thirsty crop,1655923172
656,2201,lodging issues,1620156407
2008,1629,low input,1549459218
895,2428,good taste,1513119406
264,178,great in clay soil,1570679391
2191,363,low input,1590894495
784,2058,lodging issues,1526483425
1969,1949,lodging issues,1689337919
516,1097,strong stalks,1605947656
815,148,market favorite,1657230447
202,1001,poor germination,1662717452
460,1546,seed too costly,1596247096
2029,1099,good for intercropping,1638373967
226,2108,uniform ripening,1541520014
1494,845,worth the price,1611096458
306,762,poor germination,1517361130
1689,1945,pest problems,1668902927
1290,687,seed too costly,1563711254
1496,1240,lodging issues,1573694423
1882,47,pest problems,1636232469
2171,730,low input,1617265470
888,1997,market favorite,1694282839
1620,1956,drought tolerant,1556421356
1911,2155,uniform ripening,1621893755
749,194,disease issues,1650508647
7,47,high yield,1623593104
985,377,sandy soil ok,1593984228
1771,125,seed too costly,1689765926
518,1299,sandy soil ok,1572320382
1257,713,high yield,1649413807
1157,1614,lodging issues,1647161297
1604,326,drought tolerant,1646283148
963,1698,lodging issues,1509784447
1378,2341,lodging issues,1605615907
478,973,recommended by extension officer,1576034526
1106,328,worth the price,1537596753
1674,1625,thirsty crop,1509188700
1877,1405,lodging issues,1531734458
2133,845,disease issues,1508872494
1481,2189,early maturing,1643794456
1119,1884,uniform ripening,1683581899
2072,1668,pest problems,1520579129
1859,2298,strong stalks,1623885439
1499,1858,poor germination,1690211679
1910,591,recommended by extension officer,1694006565
1476,855,stores well,1545441191
2031,915,high yield,1653725311
1173,1609,good taste,1559827128
732,97,low input,1591821255
995,2098,worth the price,1535705459
50,1710,market favorite,1529379572
1586,2468,thirsty crop,1669033109
434,2117,good for intercropping,1575365939
1568,1573,disease issues,1637455437
1404,1259,early maturing,1514142443
509,1554,needs fertilizer,1654940336
387,2005,stores well,1652544599
900,355,uniform ripening,1680941500
1138,2133,disease issues,1573781336
53,1709,lodging issues,1679774087
281,185,pest problems,1690661592
1860,1817,stores well,1676408146
170,443,sandy soil ok,1612192927
101,1683,stores well,1611945718
132,1736,sandy soil ok,1578430346
384,1220,early maturing,1530629197
15,924,market favorite,1535096062
1853,266,great in clay soil,1502092516
1801,2489,high yield,1620293990
905,2298,sandy soil ok,1661473811
1619,873,drought tolerant,1620406101
1009,234,disease issues,1538716797
533,2442,low input,1632015561
2080,514,pest problems,1625804715
534,1872,low input,1672494271
212,100,disease issues,1594099509
1597,1256,reliable,1549235104
1225,246,sandy soil ok,1633614964
1520,2090,early maturing,1649580355
742,1421,needs fertilizer,1585174414
1957,1365,seed too costly,1500712796
790,1815,low input,1534058336
846,2252,lodging issues,1658041535
1087,2237,great in clay soil,1618561338
2035,2014,seed too costly,1515617099
2168,2140,recommended by extension officer,1675011433
1584,917,seed too costly,1685076275
1491,2046,good taste,1593060476
17,1939,market favorite,1663788597
1719,65,uniform ripening,1670142297
1927,1291,lodging issues,1657484544
853,659,good taste,1667013563
1820,2074,stores well,1632038811
777,1575,low input,1684011261
89,2086,good taste,1575484045
1194,100,stores well,1663687234
1457,1625,worth the price,1559269831
1141,1224,poor germination,1644030178
1737,1210,early maturing,1552896896
574,2153,disease issues,1578486500
1814,1386,poor germination,1654294652
114,1291,good for intercropping,1519575775
666,2426,good for intercropping,1529803536
1222,1363,high yield,1687279318
1905,505,uniform ripening,1646707375
1377,1754,stores well,1696112230
1721,827,poor germination,1658544374
1461,1077,lodging issues,1531811180
930,1322,sandy soil ok,1624419196
2011,968,pest problems,1659903250
2093,2377,worth the price,1530752218
283,700,uniform ripening,1630004430
1198,1373,reliable,1536311188
1317,2428,market favorite,1619854812
956,1101,market favorite,1573060743
1773,464,sandy soil ok,1607917220
1834,1948,worth the price,1532149456
2198,876,drought tolerant,1543984194
823,1433,high yield,1686523279
423,1315,lodging issues,1519001413
1157,1879,disease issues,1652846186
1933,2409,pest problems,1618489859
451,1365,market favorite,1557716165
1260,2101,good for intercropping,1691109498
394,2026,stores well,1535754190
158,333,high yield,1607139534
1768,1282,good for intercropping,1559507642
1071,1224,pest problems,1510434719
620,1854,uniform ripening,1567347975
968,1185,reliable,1613462708
1935,1071,sandy soil ok,1649719854
270,2121,market favorite,1584398673
1538,1685,thirsty crop,1599882110
283,2378,great in clay soil,1503025735
1481,717,drought tolerant,1670878198
1215,368,pest problems,1662942524
800,805,drought tolerant,1547611423
559,855,stores well,1567559321
2012,1560,good taste,1554846363
1418,2495,pest problems,1672776904
732,2118,good for intercropping,1506531533
923,876,recommended by extension officer,1619102875
511,1357,thirsty crop,1529988902
626,188,needs fertilizer,1618935322
1340,330,sandy soil ok,1654343158
1528,119,pest problems,1691632021
672,155,great in clay soil,1627602226
1408,1917,needs fertilizer,1554850867
967,2014,reliable,1596626233
1684,2374,market favorite,1529737692
1169,2055,lodging issues,1531678796
1628,120,low input,1571408252
1996,1366,market favorite,1627254370
515,2106,reliable,1565128997
1265,1238,needs fertilizer,1651859197
785,415,seed too costly,1516543076
792,1239,strong stalks,1525566848
351,1632,great in clay soil,1598276956
116,2247,early maturing,1564493457
1895,2201,seed too costly,1523714102
2115,1058,needs fertilizer,1552649187
1591,1212,thirsty crop,1596626432
535,16,market favorite,1540368915
689,1628,great in clay soil,1584750764
554,721,worth the price,1585037492
189,697,early maturing,1660200113
996,1698,recommended by extension officer,1515803501
1347,1943,lodging issues,1695152848
178,576,strong stalks,1581789794
1222,130,good for intercropping,1640051753
975,2386,strong stalks,1512247593
1434,2426,market favorite,1525351485
1083,947,poor germination,1534370560
1992,377,good taste,1554899051
1183,948,needs fertilizer,1504277216
2063,1549,stores well,1562365522
1336,1143,early maturing,1597888594
5,63,needs fertilizer,1609134756
1163,545,reliable,1683325065
1829,1956,drought tolerant,1680380601
502,1183,uniform ripening,1606534143
666,1433,lodging issues,1678089100
1108,185,poor germination,1537886524
1032,2458,stores well,1517354889
1813,2239,needs fertilizer,1510764875
171,4,pest problems,1506101700
16,53,sandy soil ok,1685353339
1887,1912,great in clay soil,1549736352
1638,1374,poor germination,1671725534
1727,1832,great in clay soil,1675942202
2124,70,recommended by extension officer,1568850930
1923,47,disease issues,1531159905
1142,11,thirsty crop,1674108718
928,1492,good for intercropping,1624085436
2200,944,early maturing,1693023769
2012,1684,disease issues,1584224514
2118,1389,lodging issues,1616502841
337,356,thirsty crop,1556779063
953,1794,sandy soil ok,1635235175
727,377,stores well,1679881723
560,559,low input,1656187259
1074,1822,poor germination,1601713478
13,792,sandy soil ok,1505975218
661,224,recommended by extension officer,1691214461
948,559,thirsty crop,1655269497
1551,1157,lodging issues,1546405290
1006,1610,drought tolerant,1677817184
675,1094,seed too costly,1527702273
315,827,market favorite,1596829843
439,1207,stores well,1599352463
1849,1697,market favorite,1545704150
1069,2003,good taste,1600178662
1396,1981,uniform ripening,1574192493
1654,1261,market favorite,1696072977
2012,2445,needs fertilizer,1613834473
1751,1266,sandy soil ok,1554490446
1491,575,early maturing,1629176918
310,252,low input,1565741669
2042,1210,market favorite,1556071587
2124,1966,good taste,1528137611
127,1200,stores well,1628704675
144,377,great in clay soil,1626070059
1016,1617,uniform ripening,1657930224
137,3,good for intercropping,1602543383
1465,2208,thirsty crop,1511443874
1219,1685,strong stalks,1565643063
2067,189,recommended by extension officer,1510775922
1024,2238,recommended by extension officer,1694466666
465,109,strong stalks,1569696831
2022,2201,needs fertilizer,1527949362
510,100,lodging issues,1595284422
2068,1699,thirsty crop,1642871916
1507,924,good taste,1590817946
619,1110,pest problems,1558651346
467,1205,low input,1537211013
455,1625,good taste,1654644041
1005,306,sandy soil ok,1500458218
1998,576,reliable,1578134101
344,1470,lodging issues,1516532006
2176,482,good taste,1690963456
138,1405,market favorite,1503589904
430,2431,early maturing,1522884417
356,983,lodging issues,1687509414
2148,1080,strong stalks,1512862462
1179,1365,worth the price,1511921433
2009,2315,disease issues,1552673978
188,1398,thirsty crop,1641434109
587,845,thirsty crop,1653964617
1805,717,pest problems,1513249567
1359,1138,worth the price,1554997324
734,480,seed too costly,1649401140
1293,1642,seed too costly,1521066902
1059,1816,drought tolerant,1619401964
221,639,poor germination,1523665247
1023,1148,high yield,1508697394
1886,344,low input,1582467660
2145,660,good taste,1600695447
352,1879,lodging issues,1621201565
588,378,high yield,1660347822
737,313,early maturing,1506720260
1714,669,market favorite,1698340669
86,2371,low input,1518699989
700,1005,worth the price,1650843302
573,1597,pest problems,1572517768
2045,205,good for intercropping,1548862272
956,836,high yield,1500060445
585,743,recommended by extension officer,1640196874
1209,1468,market favorite,1571187885
1561,2,seed too costly,1525904876
2196,1419,pest problems,1639872226
967,845,great in clay soil,1671907348
1933,728,poor germination,1526539557
1102,1939,recommended by extension officer,1526860874
81,1687,stores well,1561375814
2058,428,market favorite,1597540870
1917,100,great in clay soil,1649633154
2021,634,uniform ripening,1580554254
2131,268,recommended by extension officer,1520996852
1722,1433,great in clay soil,1515470289
253,2315,high yield,1660102103
1660,2280,stores well,1651670983
87,1299,low input,1640617917
855,1077,seed too costly,1589789151
1911,2108,seed too costly,1537493728
2101,2452,low input,1518207951
1097,1554,uniform ripening,1510280759
1852,2192,lodging issues,1572808339
1226,1595,early maturing,1636431599
1355,1977,poor germination,1628672946
1727,466,drought tolerant,1642602489
1154,832,lodging issues,1675126729
1305,1854,uniform ripening,1687443610
1246,1480,uniform ripening,1672713519
618,1731,disease issues,1588597719
1719,1962,great in clay soil,1644825846
1623,375,stores well,1645882996
1854,1886,strong stalks,1661576215
301,111,pest problems,1679022258
783,1336,good for intercropping,1503064232
115,962,worth the price,1579830759
2161,1389,strong stalks,1535960733
1230,1390,worth the price,1623213464
537,130,disease issues,1555899739
1841,792,uniform ripening,1663234297
219,100,thirsty crop,1649470534
79,1284,strong stalks,1682489693
128,178,uniform ripening,1523213707
262,194,early maturing,1568903627
1590,1504,worth the price,1517563871
1684,1408,pest problems,1647617090
1026,1995,seed too costly,1623190156
431,1144,uniform ripening,1529931225
515,1877,early maturing,1596411422
2052,432,worth the price,1617187870
283,377,needs fertilizer,1695318866
1313,1739,sandy soil ok,1676623571
2037,1201,recommended by extension officer,1567942441
1517,1536,high yield,1512411456
946,415,drought tolerant,1502681225
826,876,drought tolerant,1679822085
645,2400,pest problems,1557149129
2022,1226,lodging issues,1611711709
1476,2143,early maturing,1614744300
1530,1546,sandy soil ok,1657444475
2160,1292,good for intercropping,1545013151
887,2093,low input,1523017513
226,2014,great in clay soil,1516253922
2039,1606,good taste,1684904986
509,708,seed too costly,1611851128
2126,1405,high yield,1669967575
71,2055,great in clay soil,1632489563
1428,484,early maturing,1606970299
2008,766,strong stalks,1576686363
1502,665,good taste,1648865141
462,945,good taste,1583412566
1257,348,drought tolerant,1685973831
1073,1871,seed too costly,1617604287
1023,734,worth the price,1692263155
270,235,thirsty crop,1514590498
504,2357,needs fertilizer,1667367225
1319,415,low input,1645656222
1635,611,thirsty crop,1572119024
1244,1433,lodging issues,1607565030
823,1597,poor germination,1643269218
1991,1373,pest problems,1648790070
2101,1212,high yield,1696558254
1923,1352,worth the price,1685376750
1741,474,seed too costly,1549817942
237,2452,market favorite,1553687387
1556,586,thirsty crop,1650470013
1503,2058,worth the price,1591147824
1159,1943,early maturing,1598847190
1461,774,seed too costly,1613529441
1964,2424,thirsty crop,1609858336
2004,2374,uniform ripening,1548263210
1933,973,low input,1610422760
640,1256,worth the price,1625742580
1342,1256,good for intercropping,1553065134
1189,1981,recommended by extension officer,1610477931
1060,2464,disease issues,1551750645
1671,873,strong stalks,1621758250
745,1595,lodging issues,1508730732
2011,1079,reliable,1687933919
962,216,sandy soil ok,1622723873
1679,1659,great in clay soil,1654664458
1770,1920,lodging issues,1509437746
995,2471,stores well,1660686745
43,876,market favorite,1657003302
1667,2064,seed too costly,1619306364
82,226,high yield,1566392046
705,1589,poor germination,1635481173
1413,1749,early maturing,1506822513
407,37,recommended by extension officer,1574834319
487,2108,thirsty crop,1574362821
665,1312,reliable,1659379950
155,1130,poor germination,1630858303
208,7,disease issues,1695938616
489,1065,worth the price,1631797219
1958,27,strong stalks,1568956830
538,2093,needs fertilizer,1641902529
1219,303,seed too costly,1552496869
673,1854,good taste,1612604795
843,46,good for intercropping,1544435231
1937,11,worth the price,1532517964
1586,1128,good taste,1627565154
2065,1013,reliable,1570024120
1067,2452,uniform ripening,1618416377
200,1497,worth the price,1666899922
2127,2452,early maturing,1552130431
715,1577,poor germination,1657642271
1315,807,early maturing,1690707786
1607,700,low input,1523122964
1652,1535,pest problems,1635860688
246,1452,disease issues,1661604722
893,1254,pest problems,1577754202
1051,1419,seed too costly,1623794174
511,1939,reliable,1651737590
137,100,lodging issues,1661423499
1477,508,uniform ripening,1557182779
525,2375,thirsty crop,1689306435
1655,876,high yield,1576428523
1167,1635,uniform ripening,1608647962
900,492,market favorite,1583401724
298,2014,poor germination,1586644272
594,1321,good taste,1558789919
1971,2027,good taste,1557712777
692,2490,low input,1508002495
983,377,good for intercropping,1668785329
1390,732,recommended by extension officer,1673349979
1667,1889,disease issues,1592030104
986,368,disease issues,1522653186
36,635,poor germination,1678528989
1194,709,early maturing,1561931628
1594,1702,high yield,1606657363
732,375,disease issues,1647650426
579,1373,drought tolerant,1685599854
213,1290,early maturing,1522220362
1999,2464,needs fertilizer,1505677848
1267,2024,sandy soil ok,1665292052
2163,486,uniform ripening,1593095333
1099,117,thirsty crop,1671845458
738,401,great in clay soil,1657625615
2012,1497,good taste,1675513266
190,1592,market favorite,1566011380
1119,1307,market favorite,1666070401
1533,237,strong stalks,1656072841
883,2058,sandy soil ok,1606912931
1488,1374,recommended by extension officer,1634465442
287,469,stores well,1518591192
1373,375,lodging issues,1610953273
1910,58,thirsty crop,1507393132
1621,700,low input,1500682611
260,1762,thirsty crop,1605366809
2032,737,lodging issues,1580180295
1595,755,drought tolerant,1646883359
1549,1208,drought tolerant,1663412529
80,2400,worth the price,1571769586
866,2055,early maturing,1666257136
92,780,poor germination,1514199246
1779,1365,high yield,1549401446
1014,2201,early maturing,1640757895
854,1085,good taste,1584255420
912,393,good for intercropping,1574476680
1853,172,good for intercropping,1560403559
158,1625,good taste,1625250802
2050,1891,high yield,1611169117
1149,153,sandy soil ok,1637729344
242,1592,worth the price,1585116616
1866,2005,recommended by extension officer,1693025130
1047,1939,good for intercropping,1602906451
2115,129,good taste,1577165390
2084,2239,seed too costly,1690804665
1025,73,thirsty crop,1555655394
468,2181,market favorite,1590556175
325,1508,good for intercropping,1582329194
1219,2089,worth the price,1611696202
10,2456,stores well,1556355424
98,1526,stores well,1514879113
1518,2276,lodging issues,1681976792
960,247,disease issues,1670611029
1501,939,needs fertilizer,1651563271
2100,2058,lodging issues,1642679206
1545,1425,recommended by extension officer,1576311314
488,445,drought tolerant,1689437709
1160,1679,high yield,1648466898
1970,160,drought tolerant,1508611437
1981,2010,sandy soil ok,1570334794
132,845,stores well,1517544089
2102,1210,thirsty crop,1635486287
1424,1950,market favorite,1644313037
1281,125,strong stalks,1635024502
1352,48,good for intercropping,1601766410
920,2124,strong stalks,1621840040
7,1615,low input,1639892802
1725,1017,drought tolerant,1512281364
1422,2239,market favorite,1610052857
1069,814,market favorite,1528549498
1344,2256,high yield,1543160805
590,105,great in clay soil,1512080282
646,287,drought tolerant,1565513025
2188,1895,reliable,1569609121
1170,226,reliable,1560486600
1381,698,good for intercropping,1517790668
279,1902,recommended by extension officer,1551319645
1014,732,disease issues,1590793064
1380,604,good taste,1612850174
1219,1363,good for intercropping,1618249809
1727,7,uniform ripening,1627921976
1494,260,lodging issues,1614190878
1502,623,pest problems,1557742997
526,843,sandy soil ok,1566372681
1078,70,stores well,1596683220
1651,2452,drought tolerant,1517478902
97,1433,market favorite,1612231996
743,268,worth the price,1619974750
1223,247,thirsty crop,1588477741
1529,1282,good taste,1627624463
28,1981,low input,1575658275
852,1366,worth the price,1536002004
2146,116,early maturing,1692115289
1357,1819,lodging issues,1631308358
115,1256,drought tolerant,1556980452
804,1386,pest problems,1536357954
2168,1126,lodging issues,1505514010
1614,118,great in clay soil,1526668961
1676,1935,needs fertilizer,1528847308
896,460,pest problems,1520034737
145,1767,poor germination,1565044575
1931,1101,early maturing,1617994573
1814,1328,needs fertilizer,1654446895
1405,1917,disease issues,1534731174
2009,2163,strong stalks,1525681890
46,1285,stores well,1561438675
890,1284,uniform ripening,1661099621
474,1754,uniform ripening,1586264505
1284,1597,high yield,1639727148
360,27,high yield,1639136385
364,2493,reliable,1585800740
1790,2218,early maturing,1695272080
1031,1195,reliable,1522443263
489,1085,recommended by extension officer,1681159059
656,1404,needs fertilizer,1637948673
1861,1331,great in clay soil,1542983641
1626,1586,sandy soil ok,1640907525
259,307,recommended by extension officer,1612655266
2050,1935,great in clay soil,1539761336
270,1105,strong stalks,1629203446
1599,1160,recommended by extension officer,1686013284
610,508,uniform ripening,1593925895
2041,287,pest problems,1583637264
1078,730,sandy soil ok,1679858379
99,504,drought tolerant,1518731175
2186,771,early maturing,1527063307
1255,2058,seed too costly,1661450004
607,1127,lodging issues,1663810087
837,2189,poor germination,1622907593
1895,415,pest problems,1552284573
1287,2185,great in clay soil,1508834378
605,1480,reliable,1693701483
743,311,high yield,1672397810
937,1208,reliable,1535937059
2096,66,reliable,1515020809
679,368,pest problems,1531894969
1341,1526,strong stalks,1676779758
1502,1113,lodging issues,1512349956
728,2240,disease issues,1693894248
1642,2041,uniform ripening,1592362306
414,1144,thirsty crop,1614720327
1420,171,reliable,1530912995
1697,1087,sandy soil ok,1529175885
1257,424,stores well,1549005424
13,1645,lodging issues,1679682116
1926,803,high yield,1696184571
637,790,stores well,1522502232
393,2476,lodging issues,1534250871
144,1000,good taste,1650909742
1634,983,reliable,1677578981
2186,420,high yield,1550357765
1357,869,market favorite,1532605882
1664,4,recommended by extension officer,1664236587
1675,1299,market favorite,1616448008
531,787,poor germination,1538250522
798,2315,worth the price,1533454958
1104,2108,low input,1510519542
691,1434,seed too costly,1630716663
940,1200,pest problems,1681317879
1501,1285,lodging issues,1569202839
1647,2311,market favorite,1668648015
1516,2024,seed too costly,1587210487
1593,1274,strong stalks,1604944499
682,2097,poor germination,1504601885
471,2359,recommended by extension officer,1561995299
1271,1275,early maturing,1501799208
1258,253,poor germination,1699025540
1720,2291,sandy soil ok,1675442177
1035,401,good for intercropping,1580810190
1348,120,poor germination,1693186191
693,1418,stores well,1605472374
460,1803,disease issues,1587704608
933,1948,strong stalks,1537296178
620,2,high yield,1601372260
633,1698,reliable,1627332064
1551,1520,strong stalks,1570664822
1372,1854,great in clay soil,1625437467
2122,1359,good taste,1663382187
384,2242,stores well,1686572364
409,424,worth the price,1549909458
579,1662,pest problems,1657451155
1294,1917,stores well,1676591504
1456,52,drought tolerant,1602996860
834,205,stores well,1669508543
1031,124,market favorite,1503669008
123,1485,lodging issues,1686941156
1447,606,good taste,1529125952
761,1724,seed too costly,1592183362
490,855,seed too costly,1563391928
464,1224,sandy soil ok,1554730704
320,2019,drought tolerant,1640947014
724,262,disease issues,1643963397
42,1682,needs fertilizer,1673947745
1005,2440,low input,1636107284
989,1060,disease issues,1645371958
317,2014,needs fertilizer,1686696360
1176,1222,low input,1561170773
1909,1038,sandy soil ok,1630856024
448,2476,high yield,1529741533
977,2042,poor germination,1643610022
2065,82,market favorite,1655713331
81,1147,seed too costly,1688559492
1178,2104,good for intercropping,1649157307
952,1822,poor germination,1603448464
710,385,strong stalks,1570173298
108,252,thirsty crop,1526607578
369,520,needs fertilizer,1522779391
555,1247,seed too costly,1571147899
1570,1887,pest problems,1646999527
341,5,stores well,1687261863
628,504,market favorite,1602264007
895,787,pest problems,1576550362
1739,803,high yield,1608935098
600,101,low input,1540521823
195,1362,recommended by extension officer,1682077403
1252,1726,good taste,1562320611
804,2210,worth the price,1601751286
2097,1546,thirsty crop,1555218881
1011,2443,early maturing,1544976063
67,1357,needs fertilizer,1655819260
905,205,high yield,1643445920
684,1451,great in clay soil,1564520716
1940,1105,worth the price,1586486512
1578,1617,disease issues,1690691837
1001,297,drought tolerant,1585609099
687,1665,low input,1678813927
1191,2154,needs fertilizer,1548240705
1731,2451,uniform ripening,1554960115
826,1321,worth the price,1639570014
1832,455,market favorite,1620134343
1346,965,uniform ripening,1563932212
2098,965,early maturing,1683168356
1626,1282,stores well,1616442255
380,594,needs fertilizer,1515065853
1521,717,good taste,1652844131
1687,998,market favorite,1594568669
2022,2,low input,1652822380
1871,342,thirsty crop,1566933355
2158,332,poor germination,1653133078
1403,286,stores well,1687005531
1343,1076,disease issues,1620569105
1299,377,drought tolerant,1578432579
2056,401,thirsty crop,1622015841
1258,1675,stores well,1606074197
2035,52,lodging issues,1570762663
790,2204,sandy soil ok,1533515678
1366,1980,market favorite,1608095799
151,1921,great in clay soil,1684373452
1996,1698,disease issues,1565930557
658,1518,early maturing,1540476218
344,1881,high yield,1567561349
536,2009,reliable,1517573435
2169,1443,uniform ripening,1615983896
1343,1077,strong stalks,1567122840
1614,203,strong stalks,1627965762
2060,681,lodging issues,1649465999
1418,1094,recommended by extension officer,1648637540
370,647,drought tolerant,1601842223
1616,2212,poor germination,1570382967
63,1553,reliable,1616599142
2138,1518,pest problems,1612456999
1812,845,good for intercropping,1671844424
660,494,lodging issues,1615511390
1240,2410,strong stalks,1640627390
448,2331,good taste,1687736530
3,1017,great in clay soil,1695591161
2103,1721,disease issues,1663309402
1362,1433,drought tolerant,1510509838
1877,1754,uniform ripening,1661130183
2058,1247,thirsty crop,1661259131
862,439,recommended by extension officer,1539704335
114,1001,recommended by extension officer,1573711371
159,1101,reliable,1549958343
618,805,good taste,1585723701
2151,833,drought tolerant,1640813907
989,797,strong stalks,1625622223
1265,72,uniform ripening,1627646929
833,1969,high yield,1622776238
242,1253,good taste,1567157646
1574,1476,good taste,1679835474
1749,876,great in clay soil,1513298663
94,2055,stores well,1662686783
526,1001,sandy soil ok,1625007041
990,1118,stores well,1636462780
199,1625,drought tolerant,1696623411
1104,1546,pest problems,1637854888
1612,1932,worth the price,1660177509
1518,7,drought tolerant,1669166800
1647,2101,market favorite,1590756037
132,2315,market favorite,1652792357
862,129,good taste,1643881574
56,4,poor germination,1611468272
530,1917,market favorite,1582700576
1490,1925,good for intercropping,1612160584
841,508,good taste,1546655000
205,1389,uniform ripening,1621844749
2027,1981,seed too costly,1563275103
193,1186,reliable,1668982721
390,2430,disease issues,1558120844
2077,321,reliable,1550661852
722,2,good taste,1559610347
2107,1499,pest problems,1653678566
1714,2239,needs fertilizer,1619071144
489,2101,great in clay soil,1507956732
1473,2189,stores well,1635675290
1876,1880,needs fertilizer,1624227184
280,370,pest problems,1600290464
1230,414,disease issues,1628404139
1003,40,poor germination,1648584208
43,709,seed too costly,1610780431
1988,681,poor germination,1692336021
94,1101,disease issues,1650842070
490,659,needs fertilizer,1598538857
208,52,market favorite,1507009452
1461,1071,uniform ripening,1522575818
67,1256,good taste,1583934846
806,2165,great in clay soil,1510898529
1055,192,stores well,1687394225
955,2315,pest problems,1548978549
633,2014,recommended by extension officer,1596928821
651,2206,great in clay soil,1628295019
1037,899,low input,1630550077
2176,2461,seed too costly,1597944970
1879,2297,good taste,1684572922
976,1334,good for intercropping,1679686519
2191,2347,lodging issues,1539494165
1189,2158,great in clay soil,1558813202
356,1645,disease issues,1637117296
39,2183,low input,1677023317
897,313,strong stalks,1581444884
1028,1874,disease issues,1586544237
1439,342,stores well,1633373442
1386,2189,pest problems,1591273728
369,998,recommended by extension officer,1558754946
1562,1505,uniform ripening,1691584602
1802,2315,reliable,1601163402
768,829,pest problems,1519099732
572,901,great in clay soil,1520117013
445,1359,good for intercropping,1683491847
636,1284,good taste,1565822612
69,659,low input,1567024823
544,311,low input,1571628226
997,307,drought tolerant,1674400347
2054,1938,reliable,1591985495
1925,1132,reliable,1564898193
1407,2400,good for intercropping,1613239351
1136,355,great in clay soil,1506307044
1059,1838,good taste,1668296455
170,1439,early maturing,1699142311
2129,414,good for intercropping,1649184523
124,1938,low input,1635972644
1374,443,good for intercropping,1648857081
2084,2500,great in clay soil,1500858374
2158,1222,good taste,1594242773
762,2281,good taste,1639793257
1852,116,thirsty crop,1519320161
1166,1398,high yield,1532235000
1806,307,sandy soil ok,1592310020
143,462,poor germination,1536800848
173,224,strong stalks,1583490321
1644,269,uniform ripening,1509483249
1690,2350,stores well,1564089901
201,1716,high yield,1668377151
1946,1148,uniform ripening,1647603336
1763,2281,sandy soil ok,1655049160
1155,155,great in clay soil,1699490764
1123,1107,good taste,1606765142
1259,1639,seed too costly,1653968692
1184,2325,low input,1656936146
2006,324,recommended by extension officer,1598857004
1867,1550,disease issues,1572800294
793,1210,strong stalks,1680050078
318,2090,recommended by extension officer,1548199094
587,65,good for intercropping,1654175765
1962,2174,lodging issues,1516499184
994,894,uniform ripening,1544999741
1247,34,pest problems,1666365111
1452,355,early maturing,1611876514
967,2298,low input,1506018370
1261,220,stores well,1509555299
2128,1816,market favorite,1692358313
1681,1698,needs fertilizer,1592908850
549,369,high yield,1698959677
2145,1488,reliable,1695751047
317,1079,high yield,1524298542
793,1900,uniform ripening,1571704759
954,497,seed too costly,1544665133
288,917,great in clay soil,1630237373
730,1898,low input,1666733601
427,1953,low input,1546454194
1210,1804,uniform ripening,1614575321
2130,2112,seed too costly,1622994457
193,578,strong stalks,1605363531
1129,287,lodging issues,1591123044
832,1854,great in clay soil,1689983443
603,2446,pest problems,1672701736
734,2291,early maturing,1523423806
1640,190,needs fertilizer,1691457269
1836,424,seed too costly,1554302505
1493,896,good for intercropping,1601363139
1021,205,strong stalks,1563350340
2002,681,recommended by extension officer,1694111185
1797,1494,lodging issues,1645286409
2168,1433,low input,1679223551
1390,1256,market favorite,1587638038
666,692,low input,1672199589
1290,269,pest problems,1602433558
550,377,reliable,1517296637
1905,1665,stores well,1643455096
1065,697,drought tolerant,1622453218
1552,829,lodging issues,1679695188
551,1938,recommended by extension officer,1645784259
249,1363,drought tolerant,1595025895
197,1850,needs fertilizer,1573398666
1352,133,needs fertilizer,1687176508
536,1526,recommended by extension officer,1656936853
1714,480,early maturing,1597339365
1319,2129,good for intercropping,1665881692
2010,480,disease issues,1550085090
1046,1621,low input,1616632872
1594,1490,strong stalks,1697261799
780,307,uniform ripening,1500616751
673,1497,stores well,1542655189
760,721,reliable,1519679411
2055,93,recommended by extension officer,1675968761
1439,100,great in clay soil,1572321413
1564,1273,pest problems,1681416952
433,1749,low input,1682474644
678,694,drought tolerant,1507102931
215,1640,pest problems,1636937287
593,432,great in clay soil,1534912884
516,307,early maturing,1554730031
71,1143,disease issues,1559909515
833,1850,pest problems,1633209795
1599,713,lodging issues,1526321798
173,1256,poor germination,1546476453
692,814,high yield,1697419749
716,1932,lodging issues,1641272410
1965,125,uniform ripening,1618849538
337,219,strong stalks,1538151645
534,573,sandy soil ok,1553419748
2061,235,thirsty crop,1516969499
130,907,worth the price,1554238440
1950,1698,sandy soil ok,1533544851
344,1284,low input,1615930449
2007,1814,drought tolerant,1642572018
347,464,low input,1686056623
678,1389,disease issues,1579704637
608,1851,sandy soil ok,1539621096
1214,2464,disease issues,1666261386
894,1375,market favorite,1662107459
1393,1796,seed too costly,1508479831
1726,33,low input,1534318159
2148,1581,uniform ripening,1559591351
1290,2108,early maturing,1548447184
541,579,needs fertilizer,1666437285
1628,2243,drought tolerant,1571698096
2102,1337,thirsty crop,1604055208
589,675,good for intercropping,1613268189
1660,1901,great in clay soil,1525237143
1416,1612,needs fertilizer,1593109164
2148,1299,thirsty crop,1606578911
1230,557,early maturing,1653029640
1394,2201,great in clay soil,1625478985
1333,2,lodging issues,1638219855
2122,2269,stores well,1615015237
2187,175,early maturing,1694210045
1163,1723,uniform ripening,1611060673
454,1031,great in clay soil,1624124497
629,2309,stores well,1596371339
921,1074,low input,1566143254
411,1629,pest problems,1633518760
811,400,high yield,1578987426
623,676,poor germination,1614121885
808,2455,seed too costly,1699496290
1471,2298,low input,1501816010
1409,1625,reliable,1636556057
1846,46,drought tolerant,1644138675
757,1956,uniform ripening,1609494598
142,1970,recommended by extension officer,1618554184
1148,1649,low input,1590225210
155,1698,good for intercropping,1633167381
471,1642,pest problems,1547123913
1575,7,uniform ripening,1576571175
420,732,recommended by extension officer,1681531901
1653,748,early maturing,1559593212
590,1408,low input,1694751921
2132,1065,disease issues,1651266858
253,1526,market favorite,1561926549
1690,2222,early maturing,1575344638
1521,745,high yield,1636888114
2123,748,poor germination,1634032822
2151,1052,high yield,1533853621
2099,2315,thirsty crop,1556323991
1276,1072,early maturing,1618173676
835,1306,seed too costly,1697459187
1180,660,high yield,1674369984
1572,407,poor germination,1687284986
716,52,sandy soil ok,1532738900
1768,2433,needs fertilizer,1673504985
2021,741,reliable,1552089311
990,826,sandy soil ok,1593190288
1825,566,great in clay soil,1509913580
1360,586,reliable,1588836243
56,1224,good for intercropping,1560231478
321,318,good for intercropping,1527569953
9,377,thirsty crop,1628466446
1260,2114,drought tolerant,1631045690
1581,748,good for intercropping,1521048229
1458,2208,good taste,1592221226
441,351,worth the price,1661147131
1600,1740,sandy soil ok,1517969413
529,2168,poor germination,1622704472
985,1433,needs fertilizer,1565610514
172,625,early maturing,1551362749
607,1160,great in clay soil,1583098301
1468,172,market favorite,1643635370
683,353,early maturing,1563114621
547,924,great in clay soil,1657524948
786,1733,strong stalks,1516669091
1853,1647,disease issues,1608006510
1981,942,needs fertilizer,1676816310
563,47,stores well,1514126687
2131,1977,lodging issues,1678576783
802,1247,drought tolerant,1572455364
1196,559,good taste,1579148058
1570,415,good for intercropping,1520570446
2034,1634,reliable,1662624697
1450,2,early maturing,1597972730
1315,459,seed too costly,1695201438
967,1365,lodging issues,1573676813
1108,224,thirsty crop,1508670389
1731,2430,great in clay soil,1589615738
2098,103,high yield,1592167279
930,654,great in clay soil,1683158462
1412,2282,seed too costly,1510478872
1169,1625,low input,1653384137
750,1336,needs fertilizer,1573569041
1574,393,pest problems,1658172645
82,1956,market favorite,1612819312
2191,401,pest problems,1616324928
2153,659,market favorite,1656900718
266,1667,worth the price,1646056194
973,1071,great in clay soil,1651705639
533,942,recommended by extension officer,1693108795
645,125,high yield,1529009684
358,2080,market favorite,1658955437
1464,84,sandy soil ok,1581048198
1520,1111,poor germination,1673359300
1488,882,disease issues,1612656974
1899,2416,reliable,1648051829
1739,194,sandy soil ok,1696268525
1786,2201,seed too costly,1556877930
1808,1597,early maturing,1525980478
440,1113,strong stalks,1686484578
1516,1698,stores well,1685274907
563,2237,early maturing,1629176505
1779,2240,recommended by extension officer,1527938527
778,2301,poor germination,1683803697
681,1625,pest problems,1627325286
324,1651,good for intercropping,1611493722
1298,1808,good for intercropping,1634250506
2060,483,low input,1587456382
1663,1777,great in clay soil,1647045152
1825,432,early maturing,1643374293
71,1896,poor germination,1668269275
501,1222,seed too costly,1604713151
1423,1098,great in clay soil,1646892191
905,1613,sandy soil ok,1536084767
1421,2452,poor germination,1598222182
453,700,strong stalks,1550587986
954,1821,market favorite,1536299720
679,896,high yield,1565139191
727,499,drought tolerant,1607529789
1957,1247,sandy soil ok,1693883825
1283,871,low input,1575288394
2012,1132,pest problems,1537461280
990,1981,recommended by extension officer,1522555730
1417,286,poor germination,1683738331
1379,2130,reliable,1504967090
1927,1862,seed too costly,1687986020
1976,272,stores well,1555456655
193,1037,great in clay soil,1507217064
1195,49,lodging issues,1655281361
678,191,low input,1616230506
501,2252,drought tolerant,1551808605
118,494,worth the price,1595665642
2180,40,good taste,1626706338
1257,1528,uniform ripening,1588769622
104,1488,great in clay soil,1695558098
1945,2121,poor germination,1527524856
1837,1191,uniform ripening,1584100916
357,1515,lodging issues,1567909237
597,1213,strong stalks,1690484648
311,480,sandy soil ok,1552201650
2065,1981,good taste,1606138074
2153,2022,great in clay soil,1519060769
365,2146,good taste,1569597776
1597,432,strong stalks,1600841089
2182,2106,pest problems,1607222437
1249,445,strong stalks,1600968215
1731,480,worth the price,1619625833
247,805,pest problems,1504416867
1886,271,stores well,1688722784
1078,2050,poor germination,1664531658
1443,424,poor germination,1565016398
290,622,high yield,1606418796
1288,1777,early maturing,1696840752
1048,754,pest problems,1504723517
1276,1817,low input,1605592168
1953,297,seed too costly,1691312013
1664,1838,disease issues,1663016251
666,1512,drought tolerant,1567569755
638,1754,drought tolerant,1694707457
1129,550,stores well,1624218615
251,414,recommended by extension officer,1542261071
75,1288,poor germination,1591845570
1867,1981,strong stalks,1667945288
158,2385,stores well,1624238958
1249,1021,recommended by extension officer,1600400905
580,1164,early maturing,1582432809
2075,1981,early maturing,1519686546
1589,477,low input,1543826298
1819,349,market favorite,1632778582
260,630,good taste,1518455039
1807,2036,great in clay soil,1512161917
2168,1838,pest problems,1672647872
755,1312,good taste,1567835593
1551,1753,great in clay soil,1537800295
286,2006,early maturing,1645313351
1898,1284,worth the price,1639035233
1359,1119,pest problems,1684101677
2183,1144,good taste,1585636572
2065,1878,uniform ripening,1516256695
676,2186,thirsty crop,1696495807
1375,199,worth the price,1550431310
1381,4,drought tolerant,1562777849
1720,1613,sandy soil ok,1516764214
2073,1267,lodging issues,1616377652
1767,1635,low input,1674654410
1097,1132,stores well,1521507132
874,2206,reliable,1508936334
1562,1136,great in clay soil,1600825575
608,377,worth the price,1520766660
1175,724,early maturing,1504995765
1238,1059,disease issues,1525028339
737,100,high yield,1557873378
1990,263,seed too costly,1554889959
690,47,lodging issues,1571445799
740,59,great in clay soil,1667395591
599,1366,uniform ripening,1589000853
1757,2017,stores well,1582228893
872,2,worth the price,1527696230
640,1944,thirsty crop,1523165994
1604,1749,stores well,1530027956
1503,1906,pest problems,1557660800
1999,1222,high yield,1519735071
962,1854,poor germination,1517822007
1290,967,recommended by extension officer,1509785218
970,284,worth the price,1650778192
1496,623,seed too costly,1621439987
1178,30,pest problems,1632965467
575,711,needs fertilizer,1524431970
563,1468,high yield,1572145083
724,194,recommended by extension officer,1602424937
1399,1222,market favorite,1662366025
716,2449,needs fertilizer,1524637063
1502,508,sandy soil ok,1622175549
712,1272,stores well,1618597620
1402,407,thirsty crop,1576496648
2181,2493,recommended by extension officer,1540468349
2077,2498,poor germination,1547423139
490,1927,uniform ripening,1513579709
2003,264,stores well,1635871962
1200,442,market favorite,1684686861
1883,26,poor germination,1645949252
453,1187,market favorite,1546897934
705,1810,reliable,1676325584
255,967,uniform ripening,1501506383
313,1517,low input,1570972898
90,1680,low input,1692029682
754,2315,sandy soil ok,1674945460
584,2421,good taste,1622539531
436,1912,pest problems,1637849901
1429,2280,good for intercropping,1500134491
1600,1418,sandy soil ok,1512126120
1768,2114,poor germination,1613683540
702,1541,pest problems,1527012583
1149,1448,seed too costly,1666490046
2085,2280,recommended by extension officer,1687155686
1020,1967,poor germination,1647231797
1178,2004,needs fertilizer,1623094275
1483,306,market favorite,1678048447
169,5,lodging issues,1604746167
1876,1174,good taste,1587004071
2196,1203,early maturing,1694522586
1643,85,early maturing,1627153150
1956,1366,high yield,1629079091
1343,2240,pest problems,1586377663
1790,1094,seed too costly,1522468500
1738,1299,stores well,1511390521
1000,1353,lodging issues,1676170709
1334,676,early maturing,1626892327
1381,1454,early maturing,1678978162
2093,1383,good for intercropping,1621852328
1653,2311,recommended by extension officer,1691443710
1624,652,good taste,1561843061
1363,1072,recommended by extension officer,1657388489
818,401,good taste,1640055143
225,454,lodging issues,1627262553
2161,1356,seed too costly,1699583279
1061,1645,worth the price,1546884151
426,1541,high yield,1617677814
678,2493,reliable,1594235299
1441,420,good for intercropping,1683814216
608,851,poor germination,1618457697
1476,1546,poor germination,1627374391
159,941,reliable,1659964047
1504,925,great in clay soil,1663091052
462,1420,market favorite,1699380993
690,935,strong stalks,1594767915
56,262,stores well,1622702160
967,172,low input,1669271683
1447,1580,drought tolerant,1528639973
1803,1981,good taste,1568436022
943,172,market favorite,1607915287
403,1128,market favorite,1518964495
1752,1589,uniform ripening,1668322954
675,172,high yield,1628289138
299,2014,thirsty crop,1607936399
1586,2405,poor germination,1599900973
1161,2201,strong stalks,1665708790
306,4,seed too costly,1651418779
1011,1932,drought tolerant,1531706652
2112,805,uniform ripening,1618399055
2124,1036,worth the price,1562986953
1065,960,thirsty crop,1553143783
257,116,good for intercropping,1688616578
1207,480,needs fertilizer,1571676207
1877,1414,low input,1567120912
2087,611,stores well,1598907656
877,1906,good taste,1694248531
835,1471,disease issues,1691179473
1753,2425,good taste,1530074420
1714,2201,market favorite,1653196120
1960,159,good taste,1641018359
2027,192,reliable,1540191468
270,630,good taste,1567527101
968,1526,great in clay soil,1637515021
1134,1629,disease issues,1643156954
1819,375,high yield,1571480534
151,268,strong stalks,1552373474
317,1649,recommended by extension officer,1661415594
608,100,seed too costly,1643831045
1926,2385,recommended by extension officer,1562947368
1928,2186,reliable,1670561523
2096,1079,high yield,1678701527
529,1775,strong stalks,1612250059
2185,888,needs fertilizer,1614661979
2089,198,good taste,1691432538
641,1299,low input,1542851668
899,1802,strong stalks,1591042723
1274,2210,disease issues,1515074862
1603,660,good taste,1697434542
739,2438,drought tolerant,1664245200
1106,420,seed too costly,1612261378
800,802,recommended by extension officer,1528707962
1471,424,good for intercropping,1677421980
720,1055,stores well,1642962499
544,2417,market favorite,1517720004
1484,1055,seed too costly,1616748659
926,1132,market favorite,1660869204
302,2493,drought tolerant,1540511618
1026,1920,lodging issues,1675132752
2106,2421,lodging issues,1691761998
1587,439,poor germination,1655115576
1248,7,good for intercropping,1535080189
1569,2049,seed too costly,1676478302
115,969,seed too costly,1615610200
1313,538,thirsty crop,1596808981
285,1751,great in clay soil,1615017655
1529,1294,low input,1530946697
155,1854,sandy soil ok,1635810539
1748,195,thirsty crop,1537319340
968,965,sandy soil ok,1635173973
1773,1488,recommended by extension officer,1695995303
1407,120,high yield,1596528964
1060,188,reliable,1541818976
1953,730,great in clay soil,1571198710
56,2014,lodging issues,1535797389
258,803,disease issues,1552511838
847,63,sandy soil ok,1671795326
1574,1152,disease issues,1684791439
1629,2481,uniform ripening,1575120432
766,2016,lodging issues,1583248221
1524,1254,sandy soil ok,1625417575
860,753,disease issues,1551303258
464,432,early maturing,1547873704
1052,342,great in clay soil,1699808353
1289,1645,sandy soil ok,1693481206
2128,5,lodging issues,1679931598
1227,2315,recommended by extension officer,1681354010
1294,1929,seed too costly,1646066392
393,1595,stores well,1543516561
1095,689,thirsty crop,1521644704
1078,1077,thirsty crop,1552190798
387,1998,high yield,1580523147
509,1222,stores well,1553690756
898,2098,great in clay soil,1593750062
468,797,good taste,1510744434
996,1276,stores well,1570939919
2017,1703,uniform ripening,1690763024
31,216,worth the price,1641439980
1254,237,good for intercropping,1671128720
627,2452,reliable,1562319528
892,2014,drought tolerant,1537198157
195,730,great in clay soil,1505600196
434,1266,market favorite,1588070295
8,1321,high yield,1603840871
1446,2118,poor germination,1580013874
121,1682,good taste,1521800190
158,2264,recommended by extension officer,1568401651
2187,2296,strong stalks,1669172666
1182,195,strong stalks,1513755804
1136,1352,seed too costly,1671935613
802,541,seed too costly,1665282168
52,377,needs fertilizer,1602378241
1124,508,good taste,1654006121
1373,52,thirsty crop,1679453425
1070,1079,uniform ripening,1619339427
458,342,pest problems,1519689043
2044,1597,good for intercropping,1680895901
822,2495,poor germination,1533998884
1424,2428,worth the price,1553970111
1266,442,reliable,1624757619
1308,2,reliable,1585205333
2014,1754,needs fertilizer,1646793986
1192,1036,sandy soil ok,1577772187
414,2436,good for intercropping,1559815037
1258,1470,uniform ripening,1649068495
1329,1775,poor germination,1603431699
1639,311,needs fertilizer,1621632060
1024,2409,pest problems,1653995831
1443,2234,thirsty crop,1593855603
2122,1426,disease issues,1646849283
1313,344,stores well,1564001182
1852,1359,market favorite,1675101693
488,2360,recommended by extension officer,1585677472
1224,98,needs fertilizer,1571619179
476,2139,good for intercropping,1509175753
775,302,drought tolerant,1605457931
1075,1433,pest problems,1647054593
49,1647,thirsty crop,1643292686
1835,633,uniform ripening,1624293048
6,944,drought tolerant,1538059259
1390,100,high yield,1588690609
126,435,drought tolerant,1650345663
1722,401,great in clay soil,1523771158
542,1852,worth the price,1549762433
1035,2210,needs fertilizer,1649948101
627,1017,uniform ripening,1672162644
654,28,high yield,1574176834
423,2440,pest problems,1685768877
1006,60,great in clay soil,1526775991
995,2273,low input,1503891359
903,366,drought tolerant,1521190152
568,1337,drought tolerant,1699126383
1838,1677,worth the price,1572873253
830,564,sandy soil ok,1697870467
2053,942,stores well,1643229919
390,1517,recommended by extension officer,1501685818
312,981,needs fertilizer,1663640652
11,29,poor germination,1586542680
976,1677,good taste,1544432246
2151,1597,lodging issues,1581410213
928,903,reliable,1699035657
2128,1373,thirsty crop,1632422753
217,1000,great in clay soil,1514077674
1769,855,great in clay soil,1621412881
1854,1363,high yield,1553374325
67,2437,market favorite,1628182318
1282,1771,drought tolerant,1699760646
1263,24,great in clay soil,1539819331
629,2400,good for intercropping,1682717730
763,1739,thirsty crop,1666621771
1766,1364,high yield,1547270683
193,2066,seed too costly,1642201308
1664,1615,reliable,1680167733
364,1566,needs fertilizer,1571222515
392,2201,lodging issues,1603864195
1181,1383,high yield,1547327914
139,1592,strong stalks,1699481553
1781,1810,lodging issues,1690451132
830,194,low input,1535247124
296,2200,early maturing,1691247762
1837,212,market favorite,1514111615
571,377,worth the price,1633413753
1297,1818,low input,1604612973
1678,4,uniform ripening,1502541363
780,2008,drought tolerant,1694903149
692,377,poor germination,1685398410
193,2118,reliable,1571163785
1025,2237,lodging issues,1670010991
649,362,great in clay soil,1694884301
1699,1330,seed too costly,1660677264
2178,956,market favorite,1644066353
456,1565,recommended by extension officer,1538141141
1060,100,recommended by extension officer,1516520583
2065,1030,lodging issues,1649076281
968,1190,good for intercropping,1523029122
1034,1384,uniform ripening,1555936692
370,1625,lodging issues,1621819067
839,1256,poor germination,1638247426
1635,2461,lodging issues,1662559272
1653,2472,great in clay soil,1507284385
721,1914,disease issues,1549913081
1570,403,drought tolerant,1650416215
2046,464,strong stalks,1527516794
1165,1698,high yield,1650119857
317,29,market favorite,1646707357
1403,1726,good taste,1583318262
1655,63,strong stalks,1563534006
422,1625,pest problems,1672000692
392,64,needs fertilizer,1553716526
1961,447,reliable,1537142515
2151,998,stores well,1594286538
1420,2315,needs fertilizer,1547733250
1874,1715,early maturing,1619375432
1349,792,great in clay soil,1616277373
2043,1786,high yield,1601086443
161,1531,high yield,1565473734
2153,311,good taste,1642987738
312,1637,disease issues,1680513177
630,307,seed too costly,1500715826
638,858,disease issues,1517372454
1970,2262,lodging issues,1614058295
213,819,good for intercropping,1618376409
1850,398,low input,1621837164
1322,195,great in clay soil,1595221846
566,1597,market favorite,1518040342
652,355,great in clay soil,1609090681
943,1034,strong stalks,1561954725
1221,186,poor germination,1679199534
1279,2239,thirsty crop,1518797519
918,2,stores well,1643969817
353,323,seed too costly,1537400178
943,1749,needs fertilizer,1695917396
1673,1943,poor germination,1617831505
1051,1685,high yield,1550174873
1257,792,poor germination,1614771214
815,2024,low input,1611304889
1109,1625,drought tolerant,1502796619
1155,7,poor germination,1527636458
1252,1989,drought tolerant,1698524394
1814,141,thirsty crop,1556911297
1305,2047,thirsty crop,1672411344
1632,2171,needs fertilizer,1526742698
126,2355,lodging issues,1527487296
51,819,stores well,1588933938
1931,1213,great in clay soil,1510501533
1932,435,uniform ripening,1641682668
1535,1836,seed too costly,1548333829
1931,471,seed too costly,1611535904
80,3,good for intercropping,1531328177
1817,1609,worth the price,1510964410
1223,1589,worth the price,1682838709
1519,630,seed too costly,1694576456
365,1515,pest problems,1656198813
784,1939,strong stalks,1655154936
473,342,thirsty crop,1601345696
1008,2035,lodging issues,1519041564
1779,694,worth the price,1618850082
802,2435,drought tolerant,1696478465
1303,743,strong stalks,1610642327
1643,2242,uniform ripening,1654891069
1526,363,lodging issues,1694545827
178,307,early maturing,1626168402
383,2413,lodging issues,1644103373
798,65,seed too costly,1683424668
2169,2016,disease issues,1519983762
1000,398,worth the price,1639441255
2020,1625,uniform ripening,1599873389
721,2189,good for intercropping,1579784487
1779,1637,reliable,1528364301
370,100,pest problems,1553139236
74,2014,good taste,1518275293
768,610,good taste,1659745683
1303,1597,drought tolerant,1696556206
1014,1468,disease issues,1566676682
1034,1981,great in clay soil,1505176573
1340,2201,sandy soil ok,1520507868
1643,2205,early maturing,1525452139
1292,1328,good for intercropping,1685900035
1902,1439,needs fertilizer,1683368391
1227,414,seed too costly,1616382893
1881,2055,thirsty crop,1698106487
1672,793,seed too costly,1536705434
1166,7,worth the price,1558925713
1853,1925,disease issues,1592827998
1865,1526,good taste,1675279754
1722,1140,disease issues,1648655882
290,1482,great in clay soil,1544266064
619,2241,sandy soil ok,1512258842
1258,748,pest problems,1513694813
1651,1491,pest problems,1660462730
910,47,strong stalks,1608754102
1795,1852,poor germination,1623378967
862,271,thirsty crop,1536133634
344,1900,market favorite,1639188944
325,2453,market favorite,1587939274
1242,1546,high yield,1585764310
301,2281,market favorite,1653325121
1226,1238,lodging issues,1689637402
1862,1138,drought tolerant,1628696439
972,1015,poor germination,1504452976
212,2368,great in clay soil,1693761965
1969,1798,lodging issues,1603574364
69,790,thirsty crop,1634762637
1176,355,disease issues,1561767237
529,423,thirsty crop,1502838218
2196,7,recommended by extension officer,1640942821
1106,167,sandy soil ok,1633227877
27,71,strong stalks,1683372790
1353,1725,needs fertilizer,1667601034
174,410,early maturing,1664610536
842,1089,stores well,1608499588
1602,1579,worth the price,1665174763
517,52,disease issues,1631603346
226,1337,thirsty crop,1644804346
585,1216,recommended by extension officer,1567153375
633,1613,strong stalks,1647118722
1858,2362,drought tolerant,1648846766
43,46,poor germination,1523173616
1530,702,great in clay soil,1586032221
1268,228,poor germination,1573963873
657,1775,uniform ripening,1631351890
2181,1210,thirsty crop,1582357317
1731,172,poor germination,1527003072
40,771,early maturing,1682551516
1536,1863,stores well,1576387013
1676,2210,good for intercropping,1670855935
28,261,poor germination,1521390264
965,1651,early maturing,1600405609
372,29,drought tolerant,1682854238
2142,55,lodging issues,1693054976
1521,1749,lodging issues,1624340480
1991,595,thirsty crop,1531757463
1134,1837,reliable,1646860012
1378,276,pest problems,1681671969
1392,1420,early maturing,1575404830
1111,1455,disease issues,1561519844
734,1324,good for intercropping,1652793200
1142,1357,market favorite,1678140221
666,2210,early maturing,1614109704
1980,1917,stores well,1596375057
1070,381,stores well,1688246816
2197,2337,lodging issues,1653654669
1557,1430,pest problems,1586690960
924,1643,stores well,1637881999
167,2056,early maturing,1531669927
1419,1357,pest problems,1664652205
370,1096,reliable,1648040909
1597,1572,sandy soil ok,1677901588
148,1058,needs fertilizer,1517896555
1341,1740,lodging issues,1524862778
512,377,market favorite,1551306599
265,75,strong stalks,1680093902
2036,2315,pest problems,1696974017
1011,1967,sandy soil ok,1634477790
429,4,strong stalks,1696774177
866,377,lodging issues,1561421535
231,940,stores well,1567632703
1672,307,needs fertilizer,1669088353
866,818,uniform ripening,1529875603
484,424,low input,1611973594
1850,52,good for intercropping,1692774432
94,1560,seed too costly,1557508175
510,1541,needs fertilizer,1640969787
1612,2,thirsty crop,1556760660
2144,52,seed too costly,1666668430
1322,8,reliable,1529649248
1005,1616,lodging issues,1564599880
1823,1783,needs fertilizer,1571944080
674,918,needs fertilizer,1597175316
32,1725,high yield,1611073998
109,1647,needs fertilizer,1611404108
1508,2014,poor germination,1559226390
806,1933,disease issues,1552617338
2183,48,uniform ripening,1508510962
1451,1465,stores well,1525421070
1017,542,high yield,1561027858
1266,890,needs fertilizer,1558284207
253,859,disease issues,1580752326
19,1206,market favorite,1526819037
2079,355,poor germination,1592416414
734,52,sandy soil ok,1530316114
798,368,thirsty crop,1632705209
1064,1265,sandy soil ok,1636468547
282,27,good taste,1513480492
1434,2,great in clay soil,1556432775
793,1212,uniform ripening,1603520020
564,1597,good taste,1650649506
1705,366,market favorite,1605012641
1260,651,disease issues,1692617166
915,1285,stores well,1561297913
434,1593,great in clay soil,1516036939
136,921,market favorite,1641019923
2034,1677,disease issues,1533149913
667,1128,low input,1675658217
1578,564,market favorite,1623149941
690,1448,thirsty crop,1569932840
1804,2119,stores well,1562328462
1111,377,sandy soil ok,1563619310
1068,219,reliable,1655082361
1295,1017,reliable,1531153314
504,287,thirsty crop,1522447575
1928,415,uniform ripening,1591744402
523,285,great in clay soil,1537070533
1123,1292,worth the price,1596498569
460,2014,great in clay soil,1656667684
748,88,early maturing,1515991615
1546,2210,sandy soil ok,1612331573
1367,1366,high yield,1535037852
489,1943,early maturing,1502482318
148,2051,uniform ripening,1608768016
2109,2042,reliable,1597963636
984,1687,strong stalks,1697340111
458,594,needs fertilizer,1689762480
1688,531,strong stalks,1625902757
1733,2211,thirsty crop,1598929119
967,188,disease issues,1599710911
1624,647,seed too costly,1686474124
1537,2014,uniform ripening,1669749464
1836,1956,seed too costly,1613501643
143,2064,high yield,1642296244
581,1211,strong stalks,1557716256
1647,1273,lodging issues,1501207866
888,1206,worth the price,1514309426
206,100,recommended by extension officer,1634236683
1685,1635,market favorite,1627996054
2060,972,recommended by extension officer,1632748305
1957,2148,uniform ripening,1531397656
751,1243,recommended by extension officer,1690827890
367,1625,good for intercropping,1572312631
97,1616,lodging issues,1660280662
1061,155,recommended by extension officer,1696085421
575,1447,sandy soil ok,1684062603
621,2241,needs fertilizer,1591132425
1691,1237,worth the price,1512045718
2051,80,stores well,1512336108
1663,1932,lodging issues,1674893584
562,1366,thirsty crop,1600484823
298,586,sandy soil ok,1584093773
11,2428,pest problems,1593847229
2092,2051,worth the price,1595354725
1545,494,drought tolerant,1664031750
1749,1771,reliable,1506407906
1796,1111,drought tolerant,1665201807
1460,2464,uniform ripening,1630222134
1908,1649,early maturing,1538349990
57,2285,strong stalks,1526158379
539,1210,good taste,1507769872
1741,2393,thirsty crop,1631995451
273,76,disease issues,1500611947
1584,1041,reliable,1558851522
20,2396,worth the price,1537752355
1673,1886,poor germination,1582858217
732,686,stores well,1503349642
367,2257,good taste,1557968602
1924,2014,good taste,1579774510
761,1551,reliable,1666753676
1687,534,sandy soil ok,1661285932
990,2372,poor germination,1547812097
1894,228,reliable,1613657462
1431,394,recommended by extension officer,1622308183
1646,659,needs fertilizer,1639717920
1216,843,early maturing,1567434611
318,2292,poor germination,1555548262
1910,1683,strong stalks,1639604420
1864,800,lodging issues,1632399231
2019,2356,lodging issues,1659165774
2082,1293,worth the price,1662609926
1369,2277,stores well,1624060317
937,2440,thirsty crop,1675494666
1251,1116,market favorite,1639197475
2182,362,good taste,1591779288
2167,2296,sandy soil ok,1529813225
1977,1357,early maturing,1614909643
1853,896,stores well,1657448095
1874,1850,drought tolerant,1645303723
1678,205,lodging issues,1501222974
1004,480,stores well,1590787145
1232,1640,market favorite,1511920984
1571,2406,uniform ripening,1690148394
1595,2187,good taste,1637385594
1139,324,recommended by extension officer,1639140658
836,2026,great in clay soil,1623601267
977,711,good for intercropping,1678296097
1627,811,early maturing,1549265786
192,1720,disease issues,1659502774
370,1597,market favorite,1501549264
787,368,disease issues,1563084569
1201,307,sandy soil ok,1588908547
1897,2451,sandy soil ok,1685174931
389,5,stores well,1657376477
539,1834,sandy soil ok,1629079026
882,695,stores well,1587162208
1577,195,worth the price,1545444894
29,2315,reliable,1516399793
1646,855,drought tolerant,1684458736
760,1625,market favorite,1667107448
1664,2396,high yield,1691062321
1010,1034,needs fertilizer,1661588537
1995,1186,drought tolerant,1589962265
1879,195,uniform ripening,1690798137
1145,1321,strong stalks,1600744894
631,195,seed too costly,1575005850
450,512,disease issues,1631446031
506,897,strong stalks,1669970931
2151,1350,stores well,1624761734
2075,2206,disease issues,1560164699
968,1462,disease issues,1566805593
1174,698,lodging issues,1539255239
509,1212,uniform ripening,1509096057
1,7,great in clay soil,1592500324
2092,6,lodging issues,1600295963
1256,52,lodging issues,1671009747
2011,1239,strong stalks,1506346744
492,4,poor germination,1669325414
62,1257,needs fertilizer,1555154892
564,2094,strong stalks,1563558055
500,2210,strong stalks,1538277894
1714,415,pest problems,1525828427
1660,2130,strong stalks,1579453687
1949,534,early maturing,1692087445
1079,298,stores well,1505771529
1060,716,poor germination,1639565735
1690,287,low input,1698715341
666,761,pest problems,1660727339
681,120,early maturing,1503838507
1103,1944,lodging issues,1565928397
918,2253,sandy soil ok,1634011706
581,2153,seed too costly,1699353476
1015,1912,poor germination,1502857116
324,2135,seed too costly,1503253973
742,123,sandy soil ok,1637424611
559,1173,worth the price,1610269056
2130,1740,lodging issues,1588652352
542,1488,great in clay soil,1538959578
485,358,strong stalks,1560316440
547,1938,recommended by extension officer,1680794222
1978,1113,strong stalks,1651615546
1347,1256,low input,1694463742
1767,1222,worth the price,1537811187
1228,63,good taste,1502812861
619,1775,worth the price,1576422328
1761,377,high yield,1501341011
1710,486,drought tolerant,1684137170
2163,1282,disease issues,1631879096
1524,2047,disease issues,1509642131
2163,2147,needs fertilizer,1605216334
2095,72,needs fertilizer,1517513920
333,2181,seed too costly,1519918630
56,375,disease issues,1583519175
1127,2201,pest problems,1505582631
863,1754,reliable,1619975036
1155,974,thirsty crop,1697168464
145,895,good taste,1548136531
430,2058,uniform ripening,1604040293
1142,194,sandy soil ok,1543690084
1693,1667,seed too costly,1663795136
1520,1087,sandy soil ok,1531770314
317,3,good taste,1580763417
920,142,worth the price,1686465712
1940,28,disease issues,1546393056
154,748,good taste,1600516741
1748,733,recommended by extension officer,1578217671
1071,508,drought tolerant,1570370784
2093,1076,great in clay soil,1628976463
720,1698,early maturing,1639715735
1258,1621,sandy soil ok,1597470851
1535,507,high yield,1571910317
473,1643,early maturing,1643329850
1005,797,early maturing,1642281788
557,1685,disease issues,1609803300
1150,1269,good taste,1514877551
2064,2043,worth the price,1547097013
606,1565,strong stalks,1582641140
1518,1405,early maturing,1539206589
789,968,low input,1614777810
219,1772,pest problems,1563594565
1939,708,good for intercropping,1640818541
1002,1593,thirsty crop,1527750107
712,994,pest problems,1572597899
1473,205,reliable,1552982124
2113,1625,seed too costly,1521391156
1025,1551,reliable,1592109748
253,233,sandy soil ok,1660796587
1856,465,good taste,1671557556
1231,316,pest problems,1632933584
563,1432,market favorite,1545676745
2151,1658,early maturing,1503820971
181,1977,disease issues,1591208382
336,76,great in clay soil,1532440070
90,1334,worth the price,1637187147
811,1494,seed too costly,1672951467
958,1224,seed too costly,1659735606
1586,1210,good taste,1689863470
603,116,low input,1557504196
67,2298,pest problems,1516631149
529,58,early maturing,1682809296
2011,2210,lodging issues,1686738803
1276,355,strong stalks,1590602482
1632,6,reliable,1581088274
84,2316,poor germination,1616058171
1597,2154,good for intercropping,1604299059
666,1270,worth the price,1594450493
2085,1576,sandy soil ok,1635482782
874,226,good taste,1682877941
346,1932,needs fertilizer,1531831162
751,983,disease issues,1626347511
1455,2050,good taste,1504197484
1251,483,stores well,1546347675
1136,1132,uniform ripening,1634366484
343,2055,lodging issues,1525438801
20,965,strong stalks,1504824414
2027,1494,low input,1540868306
1882,2212,poor germination,1553958970
550,1725,reliable,1652158320
1940,2428,sandy soil ok,1532910112
1024,1299,pest problems,1622665212
1924,1365,drought tolerant,1562519331
302,287,market favorite,1534370049
1839,133,seed too costly,1653187576
1101,1981,needs fertilizer,1648979484
131,1397,great in clay soil,1538956223
386,2439,lodging issues,1505137533
787,1433,lodging issues,1608392881
1887,2253,reliable,1635932017
3,843,disease issues,1561750110
385,1625,recommended by extension officer,1678410580
1226,2012,drought tolerant,1614431155
1473,2370,sandy soil ok,1667928390
1240,2046,early maturing,1548184464
300,1356,stores well,1577847414
996,377,seed too costly,1580978701
38,681,high yield,1534107920
824,531,seed too costly,1512889868
1596,82,poor germination,1640436733
1169,100,strong stalks,1559695726
1963,258,reliable,1597379427
1462,1698,disease issues,1630500242
14,2014,high yield,1533086923
772,2452,poor germination,1670262492
640,2071,uniform ripening,1643352626
1187,161,thirsty crop,1691912393
617,4,low input,1565383022
455,4,market favorite,1563442321
398,1415,recommended by extension officer,1502875717
132,1683,sandy soil ok,1582283999
263,2005,drought tolerant,1658742106
1483,1685,drought tolerant,1695313702
1713,836,good taste,1523322358
39,714,good for intercropping,1646189755
441,363,needs fertilizer,1685387012
1496,1640,good taste,1500182876
625,9,stores well,1545788205
1647,2179,disease issues,1529224371
1009,1877,strong stalks,1564062818
1067,108,poor germination,1514306363
1768,910,good for intercropping,1642723899
289,938,stores well,1558467391
937,2337,recommended by extension officer,1594185136
2151,521,high yield,1591226222
424,1735,uniform ripening,1509143746
1104,890,good taste,1527069567
371,1917,market favorite,1646217155
256,387,low input,1550514094
680,924,pest problems,1614252405
2081,1314,market favorite,1664808608
1033,1344,thirsty crop,1597408334
1018,125,recommended by extension officer,1554728484
1928,100,stores well,1697530616
95,363,needs fertilizer,1645257695
1801,1981,reliable,1681504118
1224,934,high yield,1604033649
996,2055,lodging issues,1589904735
1421,998,needs fertilizer,1589449899
678,1321,sandy soil ok,1526255878
1691,377,early maturing,1629932401
1955,1007,early maturing,1595783239
1819,536,recommended by extension officer,1653674906
666,508,strong stalks,1591221280
674,1304,stores well,1684792311
833,918,worth the price,1607274602
26,1780,uniform ripening,1629352532
1442,899,stores well,1503323944
1907,1211,market favorite,1518540131
288,1383,uniform ripening,1528635746
335,578,market favorite,1503312966
2027,1644,strong stalks,1699609989
543,1798,market favorite,1569426577
202,355,thirsty crop,1564842983
1339,2130,high yield,1651020059
330,1038,uniform ripening,1563318484
446,526,reliable,1510168935
820,1695,recommended by extension officer,1578420472
355,1076,great in clay soil,1618859870
851,890,reliable,1635196989
1653,754,sandy soil ok,1611950593
999,1981,great in clay soil,1624900389
254,567,good taste,1633381714
1739,1518,drought tolerant,1567930717
25,29,thirsty crop,1675342180
1846,362,needs fertilizer,1504182717
980,1389,reliable,1548573925
1345,1033,lodging issues,1593028050
1806,2375,early maturing,1500476036
288,72,early maturing,1557139402
405,2189,seed too costly,1521500607
304,1572,early maturing,1681047616
628,984,strong stalks,1602925986
456,2189,needs fertilizer,1585425334
643,1732,good taste,1559469316
725,2171,great in clay soil,1507374691
1569,1259,pest problems,1636995828
1876,594,reliable,1579371963
75,269,reliable,1574474855
2113,342,market favorite,1532241946
2107,7,low input,1640965777
1638,297,stores well,1610367756
609,1365,sandy soil ok,1653925142
1579,279,reliable,1612213810
1950,812,good for intercropping,1576117720
2084,2481,disease issues,1698003078
1046,1075,worth the price,1610628482
1281,1494,good for intercropping,1615691679
1791,512,lodging issues,1562591343
1535,1488,reliable,1698350151
955,1932,seed too costly,1670281773
1070,344,great in clay soil,1530649689
515,424,reliable,1655513447
1590,1563,poor germination,1691850966
1762,326,good taste,1550485855
172,2292,stores well,1501017887
1876,2493,needs fertilizer,1547541498
1296,224,strong stalks,1592721171
369,1222,good taste,1550383072
1311,1235,early maturing,1503353817
1425,2049,thirsty crop,1688898925
1427,2189,strong stalks,1564710470
805,2304,drought tolerant,1607106829
200,9,recommended by extension officer,1649105216
1775,2055,high yield,1612944095
1496,578,uniform ripening,1678055428
1990,1929,seed too costly,1663752757
468,1605,disease issues,1630790690
1760,3,thirsty crop,1536208533
686,1334,early maturing,1538104313
1992,1220,high yield,1658366661
1178,2240,disease issues,1526493629
55,647,poor germination,1562752945
841,659,lodging issues,1599588647
584,245,seed too costly,1612463707
192,716,good taste,1654641060
1776,355,sandy soil ok,1632179742
594,2175,early maturing,1504137625
1421,1932,good for intercropping,1693726663
276,508,pest problems,1644965338
393,1321,pest problems,1647233945
2089,2025,drought tolerant,1500694109
1026,1294,uniform ripening,1627199611
1129,2182,needs fertilizer,1531149087
1443,306,uniform ripening,1678181982
582,1816,drought tolerant,1525172039
763,1698,uniform ripening,1618237657
553,436,high yield,1631790445
332,480,drought tolerant,1591052214
1209,1981,good taste,1661609654
2100,1750,low input,1677562170
1182,2310,seed too costly,1550012320
1031,1597,seed too costly,1645478236
98,662,pest problems,1645574643
350,383,great in clay soil,1600665355
984,825,seed too costly,1589006286
1454,377,pest problems,1654173933
36,1011,recommended by extension officer,1670825506
922,1452,pest problems,1536310908
1404,1337,lodging issues,1623260353
2196,2193,good for intercropping,1623299905
244,1380,worth the price,1679277221
341,2058,disease issues,1629229052
1965,594,poor germination,1517969398
1028,301,pest problems,1587517418
850,1612,disease issues,1589556131
504,1342,disease issues,1693629850
168,830,poor germination,1514200071
647,1920,good taste,1570615650
1258,943,seed too costly,1637874702
846,1148,needs fertilizer,1531364104
958,1208,poor germination,1500614290
1351,355,early maturing,1560507934
460,982,worth the price,1541008269
1006,1635,low input,1501514968
573,1294,drought tolerant,1556495067
1032,1193,good taste,1599140999
942,2439,high yield,1675087024
584,1938,market favorite,1580153523
213,1536,strong stalks,1673983280
1048,2291,recommended by extension officer,1634086557
1460,259,good for intercropping,1516603281
182,670,low input,1542612592
1255,700,early maturing,1606918053
104,508,pest problems,1578640144
1942,634,good taste,1535302986
933,1398,seed too costly,1558884124
253,426,good taste,1601585290
2005,625,needs fertilizer,1586417769
1492,528,lodging issues,1612041750
678,2255,good for intercropping,1574526237
375,343,disease issues,1634108383
833,1566,low input,1670062177
943,690,great in clay soil,1545524215
1239,876,stores well,1657416400
1921,87,sandy soil ok,1571341254
1249,918,market favorite,1685062415
2078,1874,good taste,1637786501
832,625,lodging issues,1645355887
987,1948,low input,1580375442
2009,1749,disease issues,1585738339
1921,721,disease issues,1660752506
601,1526,lodging issues,1682993668
1497,377,stores well,1636965534
2009,1752,sandy soil ok,1572268490
415,1821,reliable,1655349998
1690,1257,drought tolerant,1617877122
2170,1884,recommended by extension officer,1627361861
1346,1389,needs fertilizer,1625153559
693,2226,reliable,1545037301
1282,2163,great in clay soil,1594364788
61,282,needs fertilizer,1564523695
1319,2014,poor germination,1622688810
1828,1625,early maturing,1677083720
946,2014,uniform ripening,1581465226
207,1057,strong stalks,1601199368
1783,2191,lodging issues,1570235609
185,1932,lodging issues,1594479851
1973,437,reliable,1668520550
1061,2253,uniform ripening,1608685880
1693,292,strong stalks,1613886266
1781,1595,good taste,1641273648
1155,396,sandy soil ok,1605543191
1334,2121,sandy soil ok,1592380168
1440,962,lodging issues,1511826132
1279,911,worth the price,1621110958
2174,2432,drought tolerant,1609241169
287,1259,early maturing,1537328722
1169,1155,early maturing,1658338716
1983,217,disease issues,1615273159
827,1689,thirsty crop,1634851825
1119,2032,thirsty crop,1650287715
211,2047,poor germination,1597026164
2051,30,high yield,1548669675
1465,1742,low input,1674927414
566,538,seed too costly,1583300010
826,1778,market favorite,1610386210
2018,1749,early maturing,1604526121
1574,1366,thirsty crop,1654357242
1121,1080,drought tolerant,1541630897
822,1101,market favorite,1671858700
2131,843,stores well,1555657632
314,859,high yield,1559398448
1353,1981,worth the price,1615697950
273,2055,seed too costly,1527317015
1863,195,market favorite,1675060984
1354,397,pest problems,1542831948
2054,98,great in clay soil,1585092830
287,1025,needs fertilizer,1637482402
598,2005,good for intercropping,1670310143
817,1428,good for intercropping,1519108110
724,1647,worth the price,1566816148
1756,748,market favorite,1693499320
1359,1932,early maturing,1539053620
1322,1822,sandy soil ok,1640443880
46,2069,good taste,1622403264
2152,2005,high yield,1678778153
1449,578,uniform ripening,1684865611
769,471,stores well,1630299844
594,2396,drought tolerant,1569540019
469,415,early maturing,1595702587
30,750,stores well,1569935521
1359,1411,great in clay soil,1588329268
1036,771,high yield,1532978870
130,1526,high yield,1675421764
1207,1378,disease issues,1577135840
349,1901,early maturing,1509361150
377,2088,good for intercropping,1664589231
1410,2481,good for intercropping,1618367683
2100,219,great in clay soil,1555810645
2091,1321,seed too costly,1562379705
1792,660,low input,1548846871
511,1754,uniform ripening,1543769661
149,355,pest problems,1687524661
734,893,recommended by extension officer,1688908965
163,377,good for intercropping,1633993965
158,1357,great in clay soil,1660183387
866,1551,strong stalks,1510805656
740,2396,stores well,1640623259
2156,651,recommended by extension officer,1572216958
2176,1756,lodging issues,1691620238
1391,2436,poor germination,1681710967
1245,377,seed too costly,1517413355
1874,1321,stores well,1694327583
2157,2191,thirsty crop,1611534791
256,377,good for intercropping,1564402354
1611,2106,pest problems,1520860230
1754,1254,lodging issues,1624506711
404,1259,needs fertilizer,1544765061
882,451,drought tolerant,1605271516
1682,934,pest problems,1604025892
927,2253,drought tolerant,1573098169
1990,2388,thirsty crop,1691998698
116,1618,lodging issues,1601909941
4,681,market favorite,1581751519
1215,925,strong stalks,1572285747
1201,1448,uniform ripening,1652350138
1829,2178,great in clay soil,1534372990
1632,2375,strong stalks,1603316130
316,1408,good for intercropping,1541937021
1893,725,drought tolerant,1516775114
554,1754,lodging issues,1553209173
993,2055,recommended by extension officer,1528033726
67,2011,seed too costly,1609771663
1060,2098,strong stalks,1546283439
749,3,high yield,1673238988
1039,1055,early maturing,1514967282
802,2014,early maturing,1531034804
1012,2118,early maturing,1640369315
832,1919,pest problems,1568602605
680,65,good taste,1568328372
1539,2192,low input,1557934830
1455,1366,uniform ripening,1538776342
1039,814,drought tolerant,1621630609
527,2086,worth the price,1640408896
2142,2047,early maturing,1554975722
133,222,seed too costly,1666821985
883,712,great in clay soil,1513507281
1169,2349,good for intercropping,1636358282
755,1321,lodging issues,1505104240
2091,1075,thirsty crop,1699602264
1462,1222,early maturing,1613351074
972,578,stores well,1533381676
1003,1213,disease issues,1681549095
1722,1497,uniform ripening,1507701587
1155,845,early maturing,1606221285
1678,201,recommended by extension officer,1606502520
1651,2453,reliable,1674609943
774,100,market favorite,1638698095
67,1224,reliable,1645136991
266,2210,seed too costly,1596014578
858,1132,early maturing,1641639260
925,1485,needs fertilizer,1510926330
455,762,poor germination,1522082771
935,1981,strong stalks,1642889408
399,659,good taste,1611511340
908,219,needs fertilizer,1533242578
1361,1647,great in clay soil,1663256416
558,447,reliable,1612678452
2020,2189,good taste,1635108260
1272,420,sandy soil ok,1590500539
778,2047,good for intercropping,1628790811
810,1187,good taste,1514638890
657,2008,poor germination,1513096697
1727,1384,poor germination,1674222981
1781,158,stores well,1524230561
954,7,seed too costly,1611033419
1971,2104,stores well,1585773806
1632,4,uniform ripening,1651508430
1198,364,thirsty crop,1631628469
1527,153,needs fertilizer,1580384639
377,1938,pest problems,1571041274
1577,1622,early maturing,1652739495
10,1321,needs fertilizer,1610889547
368,1317,early maturing,1591805647
588,381,pest problems,1641916461
1675,674,early maturing,1587651312
56,864,market favorite,1504260002
1806,198,market favorite,1589730118
364,876,poor germination,1555132867
1824,896,thirsty crop,1665295474
1848,924,lodging issues,1597293452
1682,753,good for intercropping,1689792102
1397,509,uniform ripening,1652275833
2182,1874,strong stalks,1654688834
1925,188,disease issues,1611257699
1962,432,disease issues,1513812807
186,407,market favorite,1503240949
1001,1524,strong stalks,1647210999
183,1912,seed too costly,1518266698
1899,1708,disease issues,1635669936
1256,415,strong stalks,1547187345
1236,1433,stores well,1657404536
516,2189,stores well,1612446869
716,1132,needs fertilizer,1585367812
1005,2298,early maturing,1696422703
487,721,market favorite,1507755487
2148,378,reliable,1650141788
1403,1240,seed too costly,1697084450
2117,1989,stores well,1677354293
488,662,disease issues,1593565547
1438,1628,good taste,1622263949
152,375,disease issues,1571238098
1279,151,lodging issues,1552451549
1416,311,low input,1580690339
1335,188,poor germination,1601051862
865,1162,stores well,1618045897
721,1319,disease issues,1575087245
836,377,thirsty crop,1537241433
1784,966,poor germination,1520200177
1069,2014,poor germination,1642820563
1698,1938,recommended by extension officer,1619074278
1176,1775,good for intercropping,1607536444
1666,195,thirsty crop,1696965593
1756,919,market favorite,1579872863
1474,1754,high yield,1679994945
1883,134,strong stalks,1569321218
1701,238,seed too costly,1599393244
2005,1208,disease issues,1685928446
18,329,pest problems,1690166326
539,2210,pest problems,1506014898
1509,2315,disease issues,1622540826
2041,876,great in clay soil,1516729754
715,1629,stores well,1626685205
621,1540,pest problems,1507915424
198,1132,pest problems,1664865681
896,815,thirsty crop,1642261388
2075,1763,recommended by extension officer,1643226728
2014,2106,sandy soil ok,1587549305
2088,681,good taste,1521927348
658,1118,low input,1516942673
1456,659,needs fertilizer,1665433366
1352,1094,needs fertilizer,1532267727
371,194,recommended by extension officer,1516506363
869,733,disease issues,1503513082
1234,1485,pest problems,1515400350
1439,1943,early maturing,1658528498
201,2211,sandy soil ok,1679419641
1053,1,market favorite,1594039971
302,385,low input,1582998527
1260,1452,low input,1571876749
158,2189,good for intercropping,1628394340
1300,366,seed too costly,1583848124
477,443,pest problems,1569034511
212,1662,good taste,1533931061
929,2403,recommended by extension officer,1572436533
2134,1635,poor germination,1599142847
1172,2024,drought tolerant,1632389146
1057,1581,high yield,1513566576
1343,235,worth the price,1578026336
1579,659,good for intercropping,1573453278
1759,317,disease issues,1598447217
1749,1981,worth the price,1608693957
312,2237,drought tolerant,1629184944
1676,415,low input,1608350136
372,195,great in clay soil,1619096965
1442,2014,poor germination,1594595157
1418,1232,worth the price,1669990513
1005,355,disease issues,1525958149
455,2,good for intercropping,1697566337
703,608,uniform ripening,1638467727
625,1292,needs fertilizer,1639713808
1232,1560,low input,1500815921
649,1540,thirsty crop,1695026650
1278,1981,reliable,1515189643
2032,385,drought tolerant,1673317381
344,1365,high yield,1602705993
1725,1836,low input,1669349081
257,1702,low input,1520291562
1071,1903,drought tolerant,1592655778
716,2170,worth the price,1675811702
1978,1901,disease issues,1533404419
1050,2,great in clay soil,1611828647
1823,1018,disease issues,1633561526
242,2206,uniform ripening,1505842055
476,1665,low input,1695663160
585,1336,good for intercropping,1602866418
34,1452,pest problems,1637050156
675,295,high yield,1608029469
1961,1461,seed too costly,1623238612
181,1447,early maturing,1675415783
1760,658,sandy soil ok,1663659142
817,2315,good taste,1693155170
979,401,market favorite,1539895734
557,2143,worth the price,1658344881
1889,2218,early maturing,1587999507
500,100,low input,1592802946
91,2311,sandy soil ok,1699153493
976,1551,good for intercropping,1677332754
2052,1292,pest problems,1577887231
1493,737,low input,1626516843
1319,1232,thirsty crop,1606931483
344,1057,seed too costly,1691131525
713,552,seed too costly,1547149293
2128,1908,low input,1660655776
154,1359,thirsty crop,1574605979
1937,3,needs fertilizer,1523746365
1538,415,worth the price,1688226732
456,2413,uniform ripening,1687009132
1999,1662,needs fertilizer,1655540562
882,2442,poor germination,1647583971
104,1597,sandy soil ok,1606241725
1185,2237,reliable,1568658904
1378,1257,pest problems,1606083919
309,342,disease issues,1512442575
994,1357,recommended by extension officer,1580167266
1181,1501,stores well,1682574173
1959,2243,stores well,1617220531
1159,19,worth the price,1544546787
1412,313,high yield,1626872962
1150,1470,poor germination,1555042244
1264,63,poor germination,1605302077
1697,855,pest problems,1616570051
1147,1988,disease issues,1530717737
933,377,needs fertilizer,1627411246
536,998,pest problems,1600696260
2001,480,good for intercropping,1636577786
1475,2040,great in clay soil,1538789620
1111,2079,low input,1575478218
558,1222,good taste,1544587890
63,1629,poor germination,1645159820
803,326,lodging issues,1663549406
841,1222,strong stalks,1644287027
243,391,good for intercropping,1605958250
416,928,worth the price,1557244032
1178,1005,early maturing,1614021310
266,1213,seed too costly,1648498900
552,685,stores well,1570918572
1544,1495,uniform ripening,1533143254
1736,1455,worth the price,1660686111
1040,934,disease issues,1508501443
18,225,stores well,1642575779
1889,85,early maturing,1516259572
2002,172,low input,1560972857
683,166,early maturing,1638424126
1915,925,disease issues,1610533958
289,402,thirsty crop,1697165442
1556,1915,stores well,1559201521
484,1544,sandy soil ok,1663919301
2184,1977,disease issues,1596856615
57,474,good taste,1657513926
164,1656,market favorite,1574082982
1965,1981,drought tolerant,1666857391
557,2124,pest problems,1532481291
1306,1726,uniform ripening,1542191457
908,394,recommended by extension officer,1587617309
2164,859,good for intercropping,1624896802
1542,1401,stores well,1647398453
1626,372,worth the price,1623840249
1010,1365,drought tolerant,1588810951
495,1222,reliable,1679612983
1435,1232,good taste,1647222841
1989,2186,lodging issues,1694908503
856,401,recommended by extension officer,1660956565
505,377,worth the price,1636865916
610,2374,great in clay soil,1696842236
527,2097,market favorite,1501549401
351,1208,low input,1673064082
1119,377,recommended by extension officer,1659808670
2189,2135,needs fertilizer,1673563131
424,1310,disease issues,1605286686
1224,152,good for intercropping,1695956374
18,1365,needs fertilizer,1559372696
1503,1685,pest problems,1633891317
886,703,disease issues,1597665032
963,1224,good taste,1628500366
550,1655,pest problems,1576796862
295,1054,good for intercropping,1638114017
1200,900,strong stalks,1588107266
1931,1851,drought tolerant,1594186710
351,1903,high yield,1696689817
620,196,sandy soil ok,1580857094
577,1479,worth the price,1670412168
1563,377,lodging issues,1600540937
434,2110,drought tolerant,1670953460
1725,1833,early maturing,1672215555
1777,276,thirsty crop,1687455172
1289,1067,good taste,1658106624
519,363,early maturing,1650019667
364,1360,sandy soil ok,1561494403
1487,166,sandy soil ok,1650959640
129,1201,recommended by extension officer,1518644278
2192,859,pest problems,1559025328
1828,2425,thirsty crop,1625858450
943,445,market favorite,1608861654
1819,1939,reliable,1511690909
1327,114,poor germination,1682530057
1700,1353,reliable,1685472265
139,2101,recommended by extension officer,1504536151
2092,296,reliable,1579827781
1332,1932,needs fertilizer,1695561884
1336,575,thirsty crop,1638349237
543,1830,low input,1616679427
529,732,market favorite,1617120907
789,2292,recommended by extension officer,1627846016
1349,2089,lodging issues,1627370620
268,1359,worth the price,1583701355
624,1577,poor germination,1548826298
1115,1546,sandy soil ok,1626612854
1269,377,uniform ripening,1650430150
1111,1346,sandy soil ok,1515138891
1178,1754,good taste,1632762177
1779,1542,worth the price,1635162894
5,1981,disease issues,1667506675
253,76,reliable,1509360248
2169,272,good for intercropping,1699448791
1374,1520,great in clay soil,1586081328
1225,428,great in clay soil,1590269219
731,2118,sandy soil ok,1553417715
683,1312,pest problems,1612188929
610,1798,good taste,1637721283
312,2014,strong stalks,1504663825
1107,1725,pest problems,1521527075
56,876,pest problems,1659447465
1099,508,needs fertilizer,1656133782
1587,2058,lodging issues,1603604953
1853,1763,lodging issues,1658013301
1798,2453,lodging issues,1694564966
1359,1466,lodging issues,1523101595
186,2092,thirsty crop,1594106803
927,1005,pest problems,1557623878
2196,1197,seed too costly,1574939408
1000,377,high yield,1688193094
598,1521,pest problems,1661026139
980,1645,seed too costly,1615644703
1029,1735,poor germination,1546061447
507,2464,early maturing,1533376704
99,307,drought tolerant,1514006377
420,2201,worth the price,1504296066
880,1110,high yield,1520277041
539,1907,strong stalks,1664732197
489,195,strong stalks,1646357221
1857,2025,market favorite,1596916551
1288,1595,market favorite,1684993775
351,597,uniform ripening,1601196230
420,1140,seed too costly,1659796775
1851,2268,good taste,1655105979
2004,5,worth the price,1635772157
1922,1900,pest problems,1549474224
591,1044,stores well,1690075240
184,1544,high yield,1571506907
481,1357,thirsty crop,1502515039
858,708,worth the price,1536174354
2136,1597,poor germination,1647622192
208,1917,reliable,1512460933
1632,1350,disease issues,1515184521
1414,1389,stores well,1641430373
136,2243,seed too costly,1550266914
247,657,uniform ripening,1597486597
1528,1643,uniform ripening,1573076098
1644,1080,stores well,1689273563
987,1967,great in clay soil,1676888657
1282,1794,reliable,1687469000
2042,1838,recommended by extension officer,1512439312
1489,414,good for intercropping,1684756250
239,1669,market favorite,1519354663
829,86,stores well,1619000603
2150,2014,market favorite,1627624116
411,407,uniform ripening,1619109522
2161,401,early maturing,1626857613
1664,90,sandy soil ok,1679767532
176,2293,disease issues,1534155809
1017,1546,needs fertilizer,1558084804
1451,306,pest problems,1638311080
1070,535,uniform ripening,1512246412
1999,269,thirsty crop,1630825438
304,1363,seed too costly,1688692734
805,836,good taste,1570807871
1289,1350,stores well,1557700960
2131,2451,great in clay soil,1531580608
1529,2445,low input,1515835888
1284,2371,poor germination,1528914635
872,2435,great in clay soil,1549178084
1336,1780,thirsty crop,1628060001
1637,253,market favorite,1684431606
1592,133,reliable,1520511182
337,1252,disease issues,1571146946
705,793,good taste,1506291066
455,1508,high yield,1646686429
40,2135,disease issues,1573330274
962,993,lodging issues,1539814750
195,195,early maturing,1654329607
2093,2064,thirsty crop,1588798336
459,2315,stores well,1648179848
2078,1264,sandy soil ok,1643131406
1881,1321,good taste,1655148056
970,523,good for intercropping,1692732684
841,1106,reliable,1666961167
1782,480,good for intercropping,1542776439
1471,1419,uniform ripening,1580780551
2141,1600,pest problems,1613472081
157,1692,pest problems,1681434213
595,1822,lodging issues,1641764959
13,2158,seed too costly,1617888123
618,2321,drought tolerant,1654376122
787,483,high yield,1647312793
2064,2392,pest problems,1658126453
273,158,thirsty crop,1650235874
1627,1553,good for intercropping,1589538942
1589,116,good for intercropping,1582548397
1611,1597,market favorite,1632228498
300,1592,great in clay soil,1699893429
1935,1282,seed too costly,1592902975
1230,402,good taste,1528713653
2153,2122,disease issues,1582920486
954,16,high yield,1603539646
73,1453,poor germination,1559971439
1407,1380,lodging issues,1562474125
1328,116,stores well,1528143147
30,1317,low input,1520530426
15,2490,high yield,1516760204
1916,1685,uniform ripening,1590602181
917,1520,disease issues,1511101968
1267,2240,seed too costly,1694553031
630,676,low input,1693041179
892,1342,pest problems,1618323851
834,336,good for intercropping,1677780613
2067,887,lodging issues,1509759453
2038,124,worth the price,1522875684
866,262,great in clay soil,1591187956
963,2292,seed too costly,1502004939
814,1621,uniform ripening,1694889989
2051,396,lodging issues,1510906470
1130,2438,early maturing,1572857845
272,1579,recommended by extension officer,1614420487
1557,426,stores well,1659010425
552,1390,reliable,1554252229
1830,811,worth the price,1537826871
1840,195,sandy soil ok,1562308534
337,1301,disease issues,1650146003
1839,751,drought tolerant,1601670541
1705,2107,lodging issues,1654874214
630,800,disease issues,1540281342
1211,1948,strong stalks,1546211735
2151,1213,needs fertilizer,1565169710
605,1560,drought tolerant,1598450159
846,2101,seed too costly,1692808637
1675,1122,market favorite,1557889763
446,377,disease issues,1523221357
1633,1232,seed too costly,1573086623
2191,2070,low input,1699429548
10,1726,uniform ripening,1612532574
476,1387,good for intercropping,1610673869
291,393,lodging issues,1677544742
1139,100,great in clay soil,1579587960
2028,2370,pest problems,1678583489
1554,1430,disease issues,1689372866
1112,1224,low input,1507248222
1937,1721,great in clay soil,1555545681
1409,1938,uniform ripening,1544244123
768,2358,reliable,1505027689
237,796,uniform ripening,1563410361
102,1118,reliable,1605442554
827,271,recommended by extension officer,1680795291
435,100,recommended by extension officer,1608357398
513,2496,needs fertilizer,1527123190
1605,681,disease issues,1546018508
2065,767,early maturing,1632128128
1776,2189,strong stalks,1536130333
1600,432,drought tolerant,1592703773
2155,751,pest problems,1675471951
1380,407,lodging issues,1632570337
1772,1645,disease issues,1685031274
1331,100,great in clay soil,1610017662
997,1458,disease issues,1615424738
1084,1232,disease issues,1549919131
584,377,strong stalks,1550332382
422,717,poor germination,1690563471
2093,590,worth the price,1589468358
1909,2251,stores well,1638112979
1019,1938,stores well,1520520179
497,1234,sandy soil ok,1568835916
71,1000,uniform ripening,1540888101
1527,195,thirsty crop,1608172839
1084,1059,worth the price,1574356724
261,360,stores well,1648924395
555,570,sandy soil ok,1652406990
1672,2113,drought tolerant,1541272142
1681,1874,lodging issues,1688315374
777,1816,early maturing,1664240296
1322,478,early maturing,1653578810
1562,1320,great in clay soil,1685518966
2109,471,poor germination,1602992075
1400,350,high yield,1543690952
491,597,low input,1503499050
101,2259,high yield,1575592220
1491,1999,pest problems,1609612444
1407,1239,worth the price,1527644527
1741,680,reliable,1680091831
1965,1448,reliable,1551516466
566,2425,drought tolerant,1607589056
1862,1716,strong stalks,1673139057
1135,896,good taste,1571563464
19,559,needs fertilizer,1665083087
1561,1203,strong stalks,1593566010
135,1611,sandy soil ok,1544465898
1559,2120,pest problems,1601683061
1925,1667,seed too costly,1533046224
55,100,poor germination,1655796778
1986,402,seed too costly,1523703611
488,896,needs fertilizer,1526837969
367,1210,strong stalks,1535709377
242,115,good taste,1529736752
1752,424,stores well,1673679887
134,1790,disease issues,1692452581
1162,1419,good taste,1651335826
97,119,reliable,1518550680
529,1101,early maturing,1606400228
474,797,early maturing,1662099200
811,633,uniform ripening,1692450440
685,2452,needs fertilizer,1591399168
1369,938,pest problems,1686123125
132,451,pest problems,1623941131
296,65,needs fertilizer,1558794029
10,436,sandy soil ok,1552479507
1423,2118,early maturing,1601175053
1296,1203,uniform ripening,1560956713
1646,752,seed too costly,1559683438
509,321,market favorite,1653775043
1879,1022,high yield,1640650288
1853,1545,high yield,1607969933
516,1964,recommended by extension officer,1596394442
1715,2014,stores well,1659566413
344,1943,sandy soil ok,1678301696
287,746,uniform ripening,1600645766
1790,355,seed too costly,1631994100
2097,86,needs fertilizer,1590139212
2017,559,thirsty crop,1521328914
234,1993,lodging issues,1519872885
1244,1687,lodging issues,1542861675
1904,647,good for intercropping,1688704377
412,1632,strong stalks,1668292259
771,58,disease issues,1699722004
1129,1617,market favorite,1557622198
50,952,recommended by extension officer,1623556861
357,2420,market favorite,1523261657
1632,1365,pest problems,1567446320
2014,1775,sandy soil ok,1569563175
355,1161,poor germination,1631510952
1746,1310,strong stalks,1544059343
212,982,reliable,1640304938
1591,1036,sandy soil ok,1639277059
2039,2201,drought tolerant,1656098714
189,746,strong stalks,1513681417
891,1819,drought tolerant,1521949643
94,853,thirsty crop,1615480244
1606,1697,great in clay soil,1619950168
1222,580,market favorite,1606421693
1748,2016,high yield,1620097464
18,1939,drought tolerant,1506494285
81,119,worth the price,1652231952
826,1798,seed too costly,1525342505
1903,2425,drought tolerant,1656534135
138,1609,recommended by extension officer,1681501974
1487,2425,good for intercropping,1569576074
1421,165,lodging issues,1689967778
972,1464,uniform ripening,1611452249
1936,1079,early maturing,1575118573
308,2401,recommended by extension officer,1638993578
1646,368,disease issues,1539035783
1787,1222,low input,1514547316
338,654,great in clay soil,1694408003
1590,505,seed too costly,1618841994
330,787,good for intercropping,1528743043
337,746,pest problems,1645879438
875,194,worth the price,1545690790
1101,1515,poor germination,1645215816
126,1285,pest problems,1533611056
422,474,worth the price,1664912210
995,1662,high yield,1601305427
1492,2054,needs fertilizer,1676663757
1879,2014,needs fertilizer,1601283389
1633,1836,high yield,1586135284
224,1593,uniform ripening,1566607949
367,1980,disease issues,1605203067
418,195,strong stalks,1597447821
1610,377,seed too costly,1569196431
1852,1160,reliable,1678984880
946,1840,early maturing,1626257182
636,2239,reliable,1596990146
1915,2179,needs fertilizer,1544812920
142,2071,pest problems,1663397501
612,2425,stores well,1641283776
2151,1629,good for intercropping,1566590168
2093,1597,market favorite,1629023199
953,1126,drought tolerant,1655134340
191,1854,worth the price,1655176622
212,2453,good for intercropping,1593059814
580,960,market favorite,1659010002
2117,471,seed too costly,1689643497
570,1667,high yield,1550431879
815,215,high yield,1549590103
1113,871,uniform ripening,1535626136
1441,2014,lodging issues,1593032890
57,1470,uniform ripening,1616479588
1260,1643,reliable,1557721436
1817,2440,good for intercropping,1509577698
660,924,stores well,1661813723
84,1654,pest problems,1657830404
145,1981,poor germination,1502851659
1024,814,stores well,1575137773
1479,299,strong stalks,1696343062
675,63,stores well,1544424138
394,29,early maturing,1697185568
630,1057,strong stalks,1539977274
218,64,low input,1642580283
2078,1087,drought tolerant,1691608218
1244,1389,uniform ripening,1685705859
318,4,lodging issues,1530174137
606,424,thirsty crop,1598343922
1382,1389,good taste,1500012885
1426,100,lodging issues,1595899380
1047,2189,drought tolerant,1597696101
1789,676,poor germination,1603739511
182,1208,strong stalks,1589350761
968,2014,pest problems,1657976926
230,134,seed too costly,1667033874
322,1408,seed too costly,1606285504
1649,578,great in clay soil,1540871978
2080,1405,poor germination,1573216344
1768,1353,low input,1569116674
633,1035,stores well,1566647396
489,2315,drought tolerant,1527717070
1521,519,reliable,1537720595
1239,100,great in clay soil,1642221254
910,1874,disease issues,1690139326
1003,1735,market favorite,1608943303
1141,2174,worth the price,1693409281
1523,2,strong stalks,1611506551
1005,1808,lodging issues,1585365824
1928,1359,poor germination,1561746575
1103,307,seed too costly,1524433808
1559,1925,high yield,1570046936
407,1749,seed too costly,1534111114
1305,2360,uniform ripening,1538607277
1179,402,sandy soil ok,1506919143
86,188,pest problems,1681862953
1893,1373,recommended by extension officer,1658084555
1373,250,great in clay soil,1503545497
2093,792,needs fertilizer,1563904214
1139,2058,good taste,1575267673
1610,287,stores well,1645168221
1630,377,good taste,1623096008
384,1266,good for intercropping,1523458572
191,395,disease issues,1517662736
313,1389,reliable,1600184063
910,52,low input,1539272948
2173,1720,market favorite,1660151794
2151,762,great in clay soil,1524309692
1954,1740,needs fertilizer,1663516679
769,355,reliable,1620040318
1359,1117,sandy soil ok,1672714194
1661,2034,thirsty crop,1602725417
408,103,strong stalks,1628290081
448,1611,strong stalks,1595234665
1730,1019,stores well,1504078222
240,1894,worth the price,1530872178
417,1614,stores well,1538744828
1793,1448,sandy soil ok,1602600322
240,233,pest problems,1677376910
720,918,market favorite,1673991603
293,1913,sandy soil ok,1553253582
1245,133,disease issues,1576198569
370,2350,pest problems,1665577254
1222,2401,low input,1500446342
822,109,drought tolerant,1620163631
923,1079,seed too costly,1682232538
265,1913,good for intercropping,1592996809
1278,2024,poor germination,1506118308
1752,700,high yield,1528538457
729,378,seed too costly,1622231462
1776,2240,low input,1554354650
1111,1728,strong stalks,1677329558
1158,377,thirsty crop,1511498923
1045,875,market favorite,1685344627
389,1403,good for intercropping,1553601808
1225,2082,lodging issues,1594777784
713,558,drought tolerant,1522828084
1070,1239,poor germination,1566034771
1859,576,low input,1576729576
1819,608,sandy soil ok,1579621084
1295,1818,low input,1555270163
1498,1964,recommended by extension officer,1582557050
1182,1806,sandy soil ok,1649278465
460,205,reliable,1688672294
322,1232,sandy soil ok,1594135276
1781,1001,seed too costly,1696842567
1866,1647,high yield,1519178427
1646,1191,good for intercropping,1664167512
1058,195,pest problems,1585274889
451,2089,worth the price,1557058484
1268,1645,lodging issues,1646978163
2075,962,thirsty crop,1671832682
1257,265,sandy soil ok,1567269676
667,1222,great in clay soil,1549947243
270,1325,needs fertilizer,1505269705
780,2189,good for intercropping,1653121670
529,1418,disease issues,1573437809
1991,1270,good for intercropping,1665198511
511,1827,poor germination,1663423696
301,1065,disease issues,1581950891
2093,2175,worth the price,1539403419
185,1626,lodging issues,1510193333
1179,2108,drought tolerant,1664834710
1660,6,good taste,1590252760
1859,748,early maturing,1573040661
1144,1622,low input,1522034650
1223,297,low input,1698063882
2124,1745,uniform ripening,1517785825
2011,1872,great in clay soil,1601563079
1851,2146,strong stalks,1664560199
1805,1956,early maturing,1672068517
1290,1981,uniform ripening,1675137060
442,1000,good for intercropping,1609127463
133,1608,lodging issues,1571060437
331,1938,recommended by extension officer,1565484974
1970,2240,lodging issues,1606334987
1940,1516,worth the price,1617168039
589,125,disease issues,1585020608
555,401,seed too costly,1684904865
265,2386,disease issues,1564564610
1395,826,uniform ripening,1632168375
578,352,early maturing,1655806746
1095,355,early maturing,1662809159
428,1634,disease issues,1615990144
2102,1938,recommended by extension officer,1627061913
1814,1257,thirsty crop,1619955229
390,134,high yield,1651358137
1192,229,good taste,1572195691
2137,753,poor germination,1646644717
329,1284,disease issues,1610464539
600,2210,market favorite,1509712247
1618,1739,recommended by extension officer,1512851769
2089,1560,sandy soil ok,1669935609
1853,116,needs fertilizer,1569492064
756,555,disease issues,1575222571
668,772,needs fertilizer,1602535997
1891,377,worth the price,1501409077
2187,509,disease issues,1624618257
129,2098,strong stalks,1554476952
1975,480,disease issues,1584194519
14,1524,thirsty crop,1504276470
146,1304,great in clay soil,1595827398
103,1625,seed too costly,1682382287
1660,269,early maturing,1626662355
1966,949,thirsty crop,1698293283
1293,1709,good taste,1650713617
1339,1981,stores well,1585611999
1959,1754,stores well,1512496840
1576,2315,pest problems,1557476009
1951,1428,market favorite,1611920410
125,114,reliable,1674389079
902,1125,market favorite,1570405233
1306,1981,sandy soil ok,1618647447
722,1166,uniform ripening,1685112284
212,1357,sandy soil ok,1561916075
1195,1981,high yield,1624814677
370,334,pest problems,1589970290
1960,1749,stores well,1509811362
1500,1321,good for intercropping,1618625877
1673,1191,disease issues,1698305578
2073,356,worth the price,1655066643
1198,2,great in clay soil,1613403150
984,2423,sandy soil ok,1651436579
508,1425,poor germination,1604840696
1637,814,great in clay soil,1545921613
1487,1374,sandy soil ok,1693041858
1468,157,strong stalks,1510668194
1578,2023,good taste,1597710494
1576,2224,sandy soil ok,1574672157
1823,342,drought tolerant,1626105562
953,1373,good for intercropping,1538451695
1667,1247,good for intercropping,1520135059
696,2336,lodging issues,1647289470
1362,1518,reliable,1563768981
1432,415,thirsty crop,1572594582
547,1439,lodging issues,1576546485
884,355,sandy soil ok,1645949586
733,1598,great in clay soil,1571495269
439,13,good taste,1568052538
253,1209,uniform ripening,1501280743
818,1850,great in clay soil,1599157801
2196,1970,good for intercropping,1558705890
985,272,great in clay soil,1640301453
758,2242,market favorite,1690046065
85,1333,seed too costly,1692839219
394,1132,great in clay soil,1601089194
1383,676,seed too costly,1505889160
215,271,drought tolerant,1544962349
693,829,pest problems,1581795575
2037,1243,drought tolerant,1513074633
1278,2438,thirsty crop,1589500446
667,1542,high yield,1567254906
1370,2425,recommended by extension officer,1596001311
483,377,early maturing,1569363770
80,125,needs fertilizer,1667533709
1911,1919,high yield,1672737530
154,58,reliable,1658655034
840,2010,sandy soil ok,1581610100
691,471,reliable,1542155053
1700,287,market favorite,1554117852
411,681,reliable,1588511230
826,1550,needs fertilizer,1695718331
658,268,needs fertilizer,1693288332
1360,1685,strong stalks,1551877445
1526,1612,pest problems,1699462893
865,456,recommended by extension officer,1502573640
1330,2095,high yield,1657723623
1992,826,high yield,1537896136
59,1299,worth the price,1563093360
2181,1912,low input,1535139634
1155,1132,good for intercropping,1687743814
734,1128,market favorite,1517222886
443,2036,reliable,1593854193
1102,76,early maturing,1516310948
1873,876,needs fertilizer,1602512877
1802,1076,market favorite,1501792346
338,454,lodging issues,1619993488
216,326,pest problems,1583857149
2196,1754,stores well,1610255131
938,1353,strong stalks,1645285112
2189,1337,drought tolerant,1530155312
9,1930,market favorite,1535070047
1477,2315,seed too costly,1577601613
903,141,reliable,1576385662
1530,1658,lodging issues,1648899005
1126,297,good taste,1597382742
2151,1860,poor germination,1638005407
1814,2240,market favorite,1596413035
1254,1217,poor germination,1590950621
1221,1919,strong stalks,1529513227
1112,1321,early maturing,1596863840
1414,2210,low input,1506498695
1243,1917,market favorite,1539580235
94,1447,uniform ripening,1587305669
368,836,pest problems,1610486395
87,223,lodging issues,1671001427
1957,1043,recommended by extension officer,1694797089
1988,100,stores well,1574107518
940,772,needs fertilizer,1639381794
709,1350,great in clay soil,1644441398
759,194,poor germination,1535771913
2017,2395,seed too costly,1651425807
1641,1929,pest problems,1628202800
849,1698,poor germination,1586433372
935,1353,early maturing,1660203664
1906,2050,pest problems,1595313671
1648,2374,good for intercropping,1512681009
237,1698,early maturing,1507336263
1662,700,recommended by extension officer,1640717824
1308,348,recommended by extension officer,1615423506
1769,2189,stores well,1640744171
1210,1864,lodging issues,1636188957
1864,160,thirsty crop,1548155493
176,1353,strong stalks,1523144822
575,512,good taste,1543012866
986,1629,thirsty crop,1620969655
1859,1005,good taste,1592604444
758,377,drought tolerant,1593809221
961,1910,worth the price,1664189128
581,1389,high yield,1668148564
1011,752,pest problems,1667989686
1436,843,good for intercropping,1643010107
968,226,drought tolerant,1522815455
1666,1314,needs fertilizer,1649756384
720,1175,worth the price,1601828797
1407,305,sandy soil ok,1628827552
1695,299,sandy soil ok,1534957294
193,1925,thirsty crop,1576562045
826,2489,reliable,1693999457
246,220,low input,1636999946
212,288,thirsty crop,1510089602
1833,307,high yield,1677667433
954,1252,sandy soil ok,1679519176
1344,4,worth the price,1516817904
2020,226,lodging issues,1682718557
1768,510,seed too costly,1535310198
919,1597,great in clay soil,1537295371
248,1310,thirsty crop,1651441889
907,1321,recommended by extension officer,1632850587
93,776,thirsty crop,1509812235
1206,1993,worth the price,1676294445
287,1062,disease issues,1655806378
94,1672,strong stalks,1599095687
73,1517,uniform ripening,1652487138
1909,1283,drought tolerant,1668519179
2108,2201,high yield,1615025867
2045,2,stores well,1606301071
1005,1854,early maturing,1576262914
518,534,disease issues,1515824643
1804,1698,high yield,1622949515
618,2369,strong stalks,1684345096
1945,100,seed too costly,1658134206
524,2447,high yield,1654435560
1046,226,good for intercropping,1641441214
1311,1882,drought tolerant,1658682534
1988,2189,drought tolerant,1577364104
1149,1000,needs fertilizer,1658315366
1496,1319,thirsty crop,1546216107
539,1894,worth the price,1662757814
743,1886,early maturing,1562152383
1550,1027,worth the price,1697537940
216,1729,low input,1596785027
1360,2005,pest problems,1520763445
1556,2118,thirsty crop,1578071885
1644,1447,high yield,1679136758
380,2206,early maturing,1615162297
1387,1640,recommended by extension officer,1564762620
2033,979,market favorite,1603614062
1791,600,seed too costly,1689875361
111,611,recommended by extension officer,1629663454
1894,1685,needs fertilizer,1600352217
1277,72,disease issues,1538909263
1618,1956,early maturing,1607671513
999,377,drought tolerant,1661238936
282,2055,poor germination,1561284801
1705,1864,great in clay soil,1533580496
132,578,seed too costly,1657004258
45,1760,market favorite,1694322473
125,540,stores well,1636636228
1543,240,high yield,1571018607
1405,1879,sandy soil ok,1663766670
1304,43,pest problems,1632740064
346,1981,market favorite,1549043059
1961,194,stores well,1599947303
848,8,lodging issues,1577236612
841,1789,needs fertilizer,1662233570
384,2080,early maturing,1523280554
206,1617,recommended by extension officer,1503445380
1635,297,early maturing,1561811929
55,1615,low input,1549685591
2019,1647,sandy soil ok,1674569594
845,443,market favorite,1561783217
1372,264,pest problems,1698355821
1041,1874,stores well,1585948321
905,550,early maturing,1662587457
164,2392,low input,1588759475
368,9,lodging issues,1618317267
2102,721,drought tolerant,1535924165
1661,1969,high yield,1539777968
806,2234,recommended by extension officer,1677335343
1952,1617,stores well,1642109741
886,518,seed too costly,1570433140
1411,1685,good taste,1639377560
1026,2267,sandy soil ok,1552659939
537,557,thirsty crop,1601377952
1597,1763,worth the price,1590325781
545,372,uniform ripening,1653898447
256,125,poor germination,1647061465
142,779,disease issues,1694903375
1080,1359,market favorite,1552347238
1679,2058,disease issues,1689635547
1266,1716,drought tolerant,1648918861
960,1353,sandy soil ok,1596305053
273,609,strong stalks,1592985532
1313,2268,needs fertilizer,1515852595
1850,366,sandy soil ok,1594692101
313,474,needs fertilizer,1542961504
43,1596,great in clay soil,1651359643
125,1614,needs fertilizer,1638871578
1532,307,good taste,1539625308
270,3,reliable,1674949788
2119,1563,seed too costly,1624353805
996,1932,recommended by extension officer,1661173925
1215,1546,strong stalks,1653767728
2084,173,lodging issues,1523940988
2022,2431,worth the price,1619563430
278,934,disease issues,1693420848
1242,1595,high yield,1541056617
1767,1104,strong stalks,1658779143
789,65,poor germination,1563437301
1572,80,lodging issues,1663037219
1662,26,early maturing,1689539601
1200,2153,lodging issues,1660404224
202,1118,strong stalks,1515424096
318,1610,low input,1558408108
270,1597,low input,1551829474
57,16,disease issues,1698035140
1693,2315,good for intercropping,1677263548
581,2451,sandy soil ok,1638575468
1723,1320,reliable,1553613080
1103,1560,low input,1517917142
317,1216,recommended by extension officer,1579360298
2112,226,worth the price,1566492184
732,445,good for intercropping,1510644301
1571,2425,strong stalks,1629069108
1352,2348,early maturing,1507908820
1959,1216,seed too costly,1652327097
1692,1621,reliable,1606525936
2185,859,early maturing,1552584572
768,2006,early maturing,1608637994
1913,1780,good taste,1599173682
970,455,early maturing,1545265091
1937,1018,great in clay soil,1656495231
1927,1038,strong stalks,1503331218
1963,1677,early maturing,1611539631
1811,2224,great in clay soil,1607111474
1245,2192,reliable,1695389267
441,674,reliable,1628581309
2084,615,good taste,1636453604
618,1113,disease issues,1631252594
5,2374,thirsty crop,1630291040
2177,1904,recommended by extension officer,1548696550
628,2383,recommended by extension officer,1526622175
30,1749,pest problems,1583921963
976,1347,lodging issues,1685123443
431,2058,sandy soil ok,1566646156
847,1265,pest problems,1561466747
1464,1256,market favorite,1685401678
1344,3,needs fertilizer,1609677185
681,722,lodging issues,1518934276
2167,1090,sandy soil ok,1616100184
1824,1714,disease issues,1652767487
1214,65,worth the price,1544492147
1871,1423,great in clay soil,1522934917
1527,1831,drought tolerant,1658312696
10,2240,high yield,1666889671
1087,1191,seed too costly,1513324185
290,2400,lodging issues,1627310159
1062,2327,pest problems,1688034835
656,606,strong stalks,1519168049
2148,2114,disease issues,1661494841
725,1076,drought tolerant,1626962832
1941,1419,needs fertilizer,1589184241
1008,1848,early maturing,1518398272
1200,2193,uniform ripening,1695585542
620,748,seed too costly,1618901069
736,1319,lodging issues,1663373335
665,167,market favorite,1551089966
695,1816,pest problems,1685923740
1000,381,stores well,1684581284
746,1328,good for intercropping,1549404632
590,1514,reliable,1688969561
2160,2468,good taste,1530492427
1528,1884,sandy soil ok,1522930315
1560,876,lodging issues,1534475336
2169,968,poor germination,1626236439
400,305,needs fertilizer,1595046207
202,194,uniform ripening,1679431436
2020,700,good taste,1607758190
1853,1729,sandy soil ok,1528148075
970,1816,seed too costly,1532841270
702,1777,pest problems,1509908116
1913,1754,reliable,1659294644
1830,1424,needs fertilizer,1528430041
196,420,uniform ripening,1669118572
2168,585,worth the price,1661020956
1304,443,poor germination,1695824797
734,1309,uniform ripening,1613258776
207,2130,stores well,1613958779
235,2311,lodging issues,1510300448
194,1425,poor germination,1635800147
397,1786,lodging issues,1557581249
1874,1351,uniform ripening,1519340406
826,2240,market favorite,1690015493
2009,792,great in clay soil,1604109030
217,695,recommended by extension officer,1678587482
457,1526,lodging issues,1578948211
548,2192,pest problems,1557256554
237,2095,uniform ripening,1626613920
435,1760,great in clay soil,1697311634
49,1886,worth the price,1509681438
1646,403,good taste,1661389674
1061,415,low input,1581114779
1556,715,uniform ripening,1571301617
359,1836,lodging issues,1552427314
928,415,market favorite,1671582748
1911,418,strong stalks,1590662997
2183,683,recommended by extension officer,1585441877
1680,155,early maturing,1604465342
1195,1499,needs fertilizer,1505082819
1359,4,strong stalks,1644005078
2186,552,worth the price,1674546925
1223,1694,sandy soil ok,1603820980
164,960,good taste,1527408655
1123,576,disease issues,1660786532
1648,1220,early maturing,1602975612
1646,52,strong stalks,1666346051
946,2095,great in clay soil,1508021677
269,7,disease issues,1525951210
1965,767,thirsty crop,1503427434
1811,1805,needs fertilizer,1631414443
2154,1065,sandy soil ok,1509871852
1278,96,pest problems,1508284863
727,1771,uniform ripening,1577300874
1360,876,sandy soil ok,1561009282
493,1158,good for intercropping,1500914863
1191,823,stores well,1622659775
1584,1771,market favorite,1538793139
1142,911,sandy soil ok,1683187976
1902,1956,needs fertilizer,1556874635
1011,2064,great in clay soil,1505749027
597,1411,stores well,1565254642
796,924,worth the price,1551273107
940,1117,great in clay soil,1599406196
351,681,recommended by extension officer,1558597772
662,1187,market favorite,1558671946
1257,122,good for intercropping,1587110863
332,464,good taste,1589360692
448,1687,recommended by extension officer,1513790791
2115,2200,seed too costly,1692259871
1430,105,good taste,1648115160
1393,1975,lodging issues,1558125795
228,1642,seed too costly,1582087795
2039,1224,reliable,1561479430
1077,2233,low input,1575799135
1349,1140,good for intercropping,1656944091
94,2088,uniform ripening,1667217758
3,1175,thirsty crop,1515511144
2140,2301,strong stalks,1649851909
1896,1928,early maturing,1585936745
1503,2174,reliable,1591731499
812,1702,reliable,1561825201
2150,2239,pest problems,1572945098
2116,2315,drought tolerant,1665841274
753,194,strong stalks,1508582165
1529,393,low input,1546925711
1607,631,lodging issues,1540909836
600,86,strong stalks,1587913860
160,377,early maturing,1603829166
1441,2,recommended by extension officer,1544828513
826,752,strong stalks,1526411725
259,1887,uniform ripening,1653496480
1380,2114,drought tolerant,1671856917
318,2055,seed too costly,1601266974
1547,695,good taste,1628504289
182,2014,reliable,1586040963
1925,746,worth the price,1547536454
1432,395,market favorite,1692875936
2185,326,disease issues,1675580115
246,1995,uniform ripening,1546623156
168,216,stores well,1635541951
1111,759,good for intercropping,1542888626
1536,1160,good for intercropping,1593179797
1389,2148,pest problems,1582092057
1971,2371,great in clay soil,1680967671
798,876,reliable,1643642238
238,1144,high yield,1625205935
132,1117,needs fertilizer,1511651837
53,919,drought tolerant,1674734899
53,2109,strong stalks,1515741789
1522,401,poor germination,1655214427
488,307,market favorite,1659132545
2093,2422,disease issues,1578379436
1834,409,uniform ripening,1672086959
207,167,worth the price,1596096750
447,47,worth the price,1569064138
1802,100,drought tolerant,1638797800
1400,1649,disease issues,1578609493
1074,41,market favorite,1539318041
1374,897,uniform ripening,1586124876
982,1667,low input,1648801363
1537,1981,needs fertilizer,1660523947
1608,660,early maturing,1586694992
1057,681,worth the price,1635142938
947,2016,disease issues,1621572628
1846,1213,uniform ripening,1524252120
1170,377,recommended by extension officer,1678791389
1067,212,reliable,1535158606
890,1989,sandy soil ok,1568425873
674,1669,good for intercropping,1606001592
1882,1175,thirsty crop,1607895541
47,1787,pest problems,1584133867
1361,600,good taste,1535984474
1769,2301,needs fertilizer,1563337773
1129,1713,good for intercropping,1582365829
1258,1969,low input,1575444086
212,1654,early maturing,1546559057
988,2240,thirsty crop,1572740758
1805,2481,recommended by extension officer,1553717578
311,1285,worth the price,1605571868
2066,952,sandy soil ok,1674776688
1874,2130,market favorite,1533874617
1190,1160,poor germination,1569331891
1275,2118,market favorite,1688708773
1584,1526,early maturing,1565223962
63,1419,worth the price,1528873284
146,1203,lodging issues,1657729194
356,103,lodging issues,1663348572
1042,1107,sandy soil ok,1541557263
293,2210,stores well,1662644126
1782,2222,stores well,1657916934
1359,118,high yield,1544246400
1232,1850,poor germination,1562255967
174,2240,disease issues,1603270097
1653,559,great in clay soil,1613164275
1752,1633,seed too costly,1514291964
1312,1455,drought tolerant,1556695096
352,2252,good taste,1672833687
2138,355,good taste,1527976301
214,388,recommended by extension officer,1610778028
122,158,recommended by extension officer,1593771144
510,1735,good for intercropping,1525970884
1718,1363,uniform ripening,1551212385
1994,263,poor germination,1678663802
574,4,stores well,1520664766
241,1224,good for intercropping,1550325998
903,2451,early maturing,1571867246
922,2288,high yield,1636205855
1312,1794,disease issues,1528411133
1472,268,good taste,1578486845
1935,1377,poor germination,1628573634
1464,2108,early maturing,1696536920
917,514,good taste,1612357304
633,96,good for intercropping,1610463344
564,215,great in clay soil,1552344458
1957,1322,disease issues,1687264695
18,753,good taste,1651403502
509,2014,good taste,1606279752
363,297,pest problems,1589058910
574,1912,stores well,1619923307
2162,1191,pest problems,1657829267
489,219,sandy soil ok,1533185238
795,1560,poor germination,1664018643
951,778,good taste,1655776214
419,698,drought tolerant,1606644319
1409,1805,good taste,1644986858
1189,1538,seed too costly,1691956176
179,424,disease issues,1509437765
1123,655,worth the price,1591577350
1356,122,recommended by extension officer,1535262747
560,65,poor germination,1608414268
777,681,pest problems,1677131687
2147,7,pest problems,1627951847
2050,1285,sandy soil ok,1698847351
67,2137,sandy soil ok,1551009767
1911,428,pest problems,1643567697
619,82,pest problems,1588201352
1785,2014,sandy soil ok,1612358443
2100,227,worth the price,1539453460
530,2,poor germination,1696678583
1472,100,recommended by extension officer,1683483557
1321,1363,poor germination,1653552847
1210,4,drought tolerant,1566157651
1164,100,seed too costly,1674101444
603,2394,seed too costly,1547021090
270,2294,great in clay soil,1605309202
473,1187,reliable,1641300915
1060,213,seed too costly,1559788332
1043,1786,good taste,1660182304
291,1242,poor germination,1549399886
1466,2452,pest problems,1639760068
1956,41,worth the price,1517675329
771,2476,disease issues,1569624724
1276,250,needs fertilizer,1566080699
2011,942,recommended by extension officer,1605136407
347,149,high yield,1685641382
504,1232,high yield,1506112729
852,1925,market favorite,1603862469
1371,472,great in clay soil,1649087425
1466,1939,poor germination,1603140005
704,1,uniform ripening,1513818489
2088,2468,lodging issues,1615144878
1570,811,uniform ripening,1545950392
1413,56,recommended by extension officer,1547477410
410,1058,stores well,1652124232
12,1503,uniform ripening,1548621972
6,915,pest problems,1687574677
1310,82,lodging issues,1535253840
1919,1386,thirsty crop,1508336940
1618,836,low input,1631224586
1012,508,strong stalks,1580307701
2025,100,reliable,1609094842
1584,2345,stores well,1500425148
1806,1740,strong stalks,1602695651
1530,704,poor germination,1680579328
1943,1514,strong stalks,1552625775
1677,1246,needs fertilizer,1582829155
1775,381,market favorite,1689446991
518,1970,uniform ripening,1566099177
897,1299,reliable,1573686931
1835,100,seed too costly,1528021585
1722,1321,low input,1510120758
1594,717,uniform ripening,1555493134
989,2451,reliable,1661726826
841,2075,market favorite,1657903445
904,1617,lodging issues,1572748719
1844,2189,early maturing,1654322818
1789,1457,disease issues,1508941031
1373,1468,stores well,1533272353
1888,1224,thirsty crop,1631871457
1994,2124,market favorite,1505078325
287,188,disease issues,1541045089
1228,1359,pest problems,1678761076
1127,1625,pest problems,1596584780
2161,621,good for intercropping,1562185558
1270,188,early maturing,1634830047
1389,2361,good taste,1545866551
996,274,great in clay soil,1645082488
586,320,needs fertilizer,1503546168
1253,195,strong stalks,1603470414
1275,1153,drought tolerant,1552751352
1577,965,stores well,1601367495
1928,835,worth the price,1561226484
728,52,seed too costly,1679308075
1581,2252,strong stalks,1518839887
880,535,needs fertilizer,1586906557
1331,1256,seed too costly,1565971847
1187,1724,strong stalks,1557348648
109,1018,sandy soil ok,1523653012
93,2439,drought tolerant,1556647889
2151,1685,worth the price,1636665924
507,1216,good for intercropping,1677335632
305,1122,recommended by extension officer,1596400147
1188,194,good taste,1542476343
287,2374,market favorite,1546891272
1866,2243,great in clay soil,1545832928
1369,925,low input,1679158866
2035,666,thirsty crop,1658512248
2043,1943,good for intercropping,1583470140
162,1359,good for intercropping,1548129377
603,1939,early maturing,1573932986
896,133,needs fertilizer,1659708968
296,1576,great in clay soil,1562198126
379,876,strong stalks,1672377575
671,2194,stores well,1534047658
1226,1667,good taste,1617181009
1064,681,good taste,1567716714
727,2,sandy soil ok,1501728945
751,2271,good taste,1691587727
1890,1694,reliable,1662810811
1332,1263,stores well,1537837417
1511,910,good taste,1593656863
1334,1321,thirsty crop,1657732130
1997,1642,low input,1655770000
568,1515,lodging issues,1597840622
511,1433,good for intercropping,1579169638
1339,1321,thirsty crop,1535388204
2028,2482,high yield,1556618468
337,2210,strong stalks,1500660361
1771,366,stores well,1539340783
1269,1285,drought tolerant,1533253079
2082,843,reliable,1541100400
419,2425,high yield,1505900980
2110,998,seed too costly,1565850006
1527,1168,sandy soil ok,1516334017
925,2315,seed too costly,1558289650
992,194,stores well,1622131282
2025,1319,seed too costly,1685051011
2185,105,sandy soil ok,1504015048
1081,513,strong stalks,1693192869
1022,2101,poor germination,1624803426
1961,1035,early maturing,1647565148
1920,576,worth the price,1606706153
83,1749,good for intercropping,1519294639
1112,2058,good taste,1621406143
370,2274,poor germination,1551821879
2100,100,market favorite,1540500351
2020,2234,uniform ripening,1662916655
1504,2256,good taste,1586939502
1788,1232,worth the price,1542140072
1416,1085,poor germination,1545962859
806,100,stores well,1540613015
1323,1130,seed too costly,1668140986
1930,602,drought tolerant,1510234403
383,2289,drought tolerant,1664578661
1493,1017,good for intercropping,1602910211
1111,261,great in clay soil,1605976926
2002,2056,strong stalks,1516293384
757,1299,strong stalks,1596327342
1412,1350,pest problems,1562305121
1176,746,worth the price,1506285342
231,2315,thirsty crop,1689498457
721,407,worth the price,1647046712
79,2253,poor germination,1697325171
1917,631,good taste,1610998451
480,779,early maturing,1538428303
1438,1305,good taste,1518839494
375,1796,reliable,1664016104
1519,866,recommended by extension officer,1643182939
587,1210,drought tolerant,1654143505
1376,1209,good for intercropping,1660561114
1925,172,drought tolerant,1605277214
1132,182,strong stalks,1570295350
1745,307,seed too costly,1547606892
603,1593,recommended by extension officer,1527923193
700,7,good taste,1553174471
858,1218,low input,1554232663
546,520,strong stalks,1697454751
1032,1389,strong stalks,1589172118
1061,2168,lodging issues,1615890716
1739,1010,lodging issues,1662559863
695,52,good taste,1688658418
1632,2101,early maturing,1526686824
1526,1879,recommended by extension officer,1518846252
510,195,disease issues,1608108282
1416,1649,recommended by extension officer,1598175771
1858,660,good for intercropping,1639761455
1682,1790,sandy soil ok,1537320634
1123,1833,pest problems,1530887005
606,2058,pest problems,1509560211
1072,2058,thirsty crop,1558888932
699,1633,early maturing,1548196651
1781,755,drought tolerant,1639269920
2178,1292,needs fertilizer,1653021384
1538,1879,poor germination,1543447978
832,2191,great in clay soil,1674004023
942,1256,high yield,1665033141
1282,129,recommended by extension officer,1653472548
63,1579,uniform ripening,1662791230
598,2375,sandy soil ok,1546584663
1,63,stores well,1689177713
509,1541,poor germination,1552524211
422,355,worth the price,1558749602
1877,377,pest problems,1532274000
505,1494,stores well,1657494506
2003,262,uniform ripening,1653730765
1825,2055,good taste,1521778406
391,766,low input,1504019757
393,172,sandy soil ok,1567363393
1275,1210,stores well,1513440039
487,840,sandy soil ok,1552695100
961,1526,early maturing,1605409203
996,1265,needs fertilizer,1526478901
66,1932,drought tolerant,1573178126
1363,2064,strong stalks,1618457785
720,1954,lodging issues,1574367455
557,188,seed too costly,1689469201
1285,1647,good for intercropping,1654546580
726,1948,needs fertilizer,1570288598
2124,1208,worth the price,1513976498
1854,859,stores well,1536068924
312,375,early maturing,1509038882
1041,2014,seed too costly,1516632089
403,2240,high yield,1623511798
1205,1822,great in clay soil,1546753254
317,981,worth the price,1587337631
287,2494,pest problems,1524961592
129,683,seed too costly,1591173513
643,2167,uniform ripening,1502773097
1371,1375,lodging issues,1611316360
261,424,reliable,1576846659
1529,1836,high yield,1569681713
620,1213,seed too costly,1603483158
1509,1218,early maturing,1563635310
2059,1629,disease issues,1570870015
1638,2191,seed too costly,1666809167
477,1768,uniform ripening,1517803798
421,782,early maturing,1597358433
703,1925,market favorite,1694028117
1827,7,low input,1607090356
751,748,lodging issues,1669901938
824,1518,strong stalks,1571943418
1781,471,needs fertilizer,1568392482
985,1634,sandy soil ok,1672187957
1751,2332,disease issues,1566241767
1278,627,good for intercropping,1507026000
1622,1292,early maturing,1521351084
1978,1790,reliable,1655941558
126,876,good for intercropping,1522142430
404,1874,strong stalks,1620259794
666,1272,pest problems,1597184669
454,377,reliable,1645671369
718,1076,market favorite,1519445821
294,1944,poor germination,1629613495
1713,1381,recommended by extension officer,1617553981
1632,1065,market favorite,1627192446
1309,1239,uniform ripening,1542685808
595,29,high yield,1569715437
2093,1874,low input,1567348847
860,1310,uniform ripening,1598502821
239,251,low input,1551570745
113,381,early maturing,1657472870
2102,65,thirsty crop,1540710602
1979,286,great in clay soil,1669746522
285,2439,poor germination,1519429105
1506,1932,early maturing,1536299075
1943,1969,market favorite,1519375842
126,1459,high yield,1585807421
687,222,great in clay soil,1502491954
676,1208,thirsty crop,1636385968
1126,2186,market favorite,1686100473
1707,2290,low input,1569989476
1789,1291,strong stalks,1501456254
1384,1211,pest problems,1586536376
1873,377,lodging issues,1569882068
177,377,early maturing,1659307629
1173,1004,stores well,1689905382
1536,2069,drought tolerant,1630723600
550,1107,lodging issues,1558112064
525,1223,sandy soil ok,1582897242
1819,829,early maturing,1625487454
1266,748,seed too costly,1541519543
1475,1791,stores well,1549335203
420,2315,pest problems,1521922616
777,1789,poor germination,1519479659
1638,58,uniform ripening,1507757344
1262,1912,recommended by extension officer,1515062223
790,1467,strong stalks,1659071430
15,2061,seed too costly,1600885963
912,1077,high yield,1656483338
929,2055,needs fertilizer,1588360876
383,1581,stores well,1550410161
206,1992,poor germination,1563856033
901,974,seed too costly,1699380376
1226,1284,pest problems,1526772813
1647,1645,great in clay soil,1564146982
1527,1291,thirsty crop,1660981861
1318,2110,lodging issues,1528223435
518,2014,high yield,1691817207
300,1557,good taste,1614617526
630,505,good taste,1556657411
487,2220,disease issues,1594095451
1993,1749,market favorite,1564360672
705,2268,early maturing,1625939719
1873,2252,good taste,1659489017
721,233,great in clay soil,1614747857
1828,1682,lodging issues,1532863017
1822,939,thirsty crop,1646556593
931,2002,thirsty crop,1533345112
1739,2237,recommended by extension officer,1552374881
1626,103,recommended by extension officer,1578699095
1155,1933,low input,1651601411
94,2237,uniform ripening,1577092536
2160,1592,recommended by extension officer,1615901303
2176,314,high yield,1556257344
790,1212,low input,1557577344
656,439,high yield,1520481178
1987,172,strong stalks,1553166061
320,1265,early maturing,1609483608
549,306,market favorite,1663000006
970,1881,reliable,1613985354
1504,116,disease issues,1540572848
8,681,recommended by extension officer,1585104147
1275,1076,seed too costly,1591851381
1240,1291,good for intercropping,1565334538
1353,11,recommended by extension officer,1656241571
1789,1238,poor germination,1655082403
47,2201,sandy soil ok,1528954054
1364,1086,sandy soil ok,1618816992
2185,496,poor germination,1648549590
1010,1256,thirsty crop,1511157182
499,2101,disease issues,1570331487
1564,1538,seed too costly,1537945041
2007,1853,market favorite,1633348632
1036,550,good for intercropping,1696513881
1109,1390,seed too costly,1646921231
2022,122,recommended by extension officer,1612869823
846,2017,sandy soil ok,1590541724
1102,1005,disease issues,1525327696
287,1822,recommended by extension officer,1648701854
434,492,reliable,1682801912
2133,1059,recommended by extension officer,1504802799
642,2240,good for intercropping,1689506486
707,845,pest problems,1698733384
1547,1389,poor germination,1558132002
192,185,seed too costly,1576112373
833,1871,pest problems,1596997336
1415,1177,worth the price,1567532431
711,2055,pest problems,1593482314
1680,1595,reliable,1513733166
430,2042,drought tolerant,1553073854
1318,2421,strong stalks,1513213082
50,1204,disease issues,1571987190
1887,1625,good taste,1599826582
113,600,low input,1698806219
1879,1667,early maturing,1526218977
288,2127,lodging issues,1622087127
1522,1536,recommended by extension officer,1688295520
972,1405,disease issues,1680065433
647,1938,pest problems,1524350046
1155,1822,early maturing,1569141354
441,488,lodging issues,1550439575
905,841,market favorite,1571392783
1348,1956,drought tolerant,1626411948
1362,226,strong stalks,1675433947
1038,1335,high yield,1572374091
835,1448,recommended by extension officer,1635405634
2198,2400,disease issues,1691454520
2188,79,uniform ripening,1610052694
2170,2315,lodging issues,1561456772
1966,1723,lodging issues,1678545290
1887,1217,good taste,1541037251
576,293,reliable,1675061696
1336,1943,needs fertilizer,1629577337
1271,1898,lodging issues,1693027554
1294,2180,good taste,1590588305
1792,420,early maturing,1523098918
1728,41,early maturing,1524782441
1915,7,good taste,1597235323
239,1882,recommended by extension officer,1610730286
93,800,needs fertilizer,1676100547
2044,96,low input,1516704931
1486,1970,disease issues,1612563090
863,2440,poor germination,1660966276
32,1632,stores well,1537780133
2080,2058,low input,1626459620
2050,1713,sandy soil ok,1558042603
1960,1743,stores well,1645727808
727,1163,poor germination,1575007666
2048,2086,worth the price,1690183538
270,1850,lodging issues,1551772968
10,1705,seed too costly,1562224157
2009,576,recommended by extension officer,1678649319
1389,1333,stores well,1655452851
2127,1224,pest problems,1696933573
960,1509,high yield,1638692296
1692,662,drought tolerant,1556032098
1571,1131,needs fertilizer,1672520137
2020,25,disease issues,1659728117
1332,994,needs fertilizer,1625558629
1509,934,great in clay soil,1699007094
952,1423,good taste,1607949606
1936,545,good taste,1662101259
1378,1447,uniform ripening,1639758064
2042,1854,disease issues,1579485192
447,505,great in clay soil,1544717972
31,1053,early maturing,1579036373
808,876,market favorite,1500033646
287,2001,needs fertilizer,1544694841
2042,1597,worth the price,1604290083
1156,866,thirsty crop,1681178198
1691,1645,sandy soil ok,1570819923
841,2374,recommended by extension officer,1618153188
58,1777,needs fertilizer,1571166579
748,800,disease issues,1627109383
1349,1805,low input,1678581791
860,64,uniform ripening,1510867305
1739,972,drought tolerant,1645969048
221,2124,market favorite,1602643958
991,1917,disease issues,1536655881
2182,272,stores well,1520131871
11,1366,lodging issues,1693863331
2101,2315,lodging issues,1567481385
1492,1118,drought tolerant,1671995827
906,377,needs fertilizer,1555422799
1505,1097,good for intercropping,1553041640
1739,1175,great in clay soil,1523172171
823,708,thirsty crop,1558857855
1384,597,worth the price,1611292554
1494,2348,high yield,1640726769
1137,194,early maturing,1512931116
161,1719,worth the price,1577288589
2099,1526,low input,1600315108
217,1359,early maturing,1534168768
153,2032,recommended by extension officer,1639862621
1806,7,lodging issues,1556468221
294,2316,worth the price,1564689032
434,1526,great in clay soil,1572584363
1107,1749,strong stalks,1663532432
2025,1433,uniform ripening,1529224441
1739,856,strong stalks,1584231094
983,2008,stores well,1595739455
30,2233,high yield,1582761346
1625,1833,early maturing,1549400572
15,1282,strong stalks,1632528942
353,1210,reliable,1583807545
336,935,disease issues,1514486562
1759,1616,reliable,1609438536
17,700,reliable,1559824596
40,1943,worth the price,1534860978
1011,2122,high yield,1567882658
192,506,high yield,1522548873
253,1926,disease issues,1579797091
1749,982,market favorite,1527266642
635,1520,good for intercropping,1509235694
2080,194,needs fertilizer,1646581845
301,966,recommended by extension officer,1663056481
448,1544,market favorite,1590410049
1495,2088,pest problems,1672156602
4,1754,thirsty crop,1503365925
473,348,seed too costly,1585743087
1690,1294,thirsty crop,1664800062
911,651,uniform ripening,1672438781
1858,792,good taste,1531801346
487,1128,strong stalks,1644724564
1128,1246,low input,1545785627
26,2,great in clay soil,1513297412
1003,2242,strong stalks,1673540819
1082,2053,strong stalks,1638875951
1775,2487,pest problems,1687080231
1230,2143,early maturing,1559633897
753,1059,high yield,1511784501
2108,1988,lodging issues,1552249230
894,1405,thirsty crop,1667441651
833,1938,thirsty crop,1577945001
1807,1136,market favorite,1645118655
1846,86,great in clay soil,1579726347
2011,1287,pest problems,1680646868
87,1662,worth the price,1614507385
220,461,pest problems,1604740667
1523,471,recommended by extension officer,1582135713
507,537,thirsty crop,1552565582
784,2055,disease issues,1584443164
1793,1479,market favorite,1616948354
1257,375,lodging issues,1668842284
2071,792,high yield,1657206713
840,375,poor germination,1551516157
296,415,reliable,1676358104
1648,762,good taste,1622773503
680,1171,good taste,1665064482
1172,1831,early maturing,1515474994
1608,2413,high yield,1692161615
1393,607,thirsty crop,1649502090
288,1981,strong stalks,1694932278
1990,550,good taste,1663903207
2050,1764,worth the price,1610742486
790,195,needs fertilizer,1523989372
2142,535,early maturing,1594706250
1088,1401,early maturing,1513876718
1966,751,good for intercropping,1589269983
121,2315,drought tolerant,1503084679
1755,3,market favorite,1575392624
2129,693,worth the price,1634900022
684,2286,reliable,1627702616
263,2117,drought tolerant,1612002619
1296,2192,great in clay soil,1631555080
1780,512,sandy soil ok,1524295300
1727,1480,lodging issues,1620409799
1830,508,stores well,1679978071
516,1419,needs fertilizer,1597327844
1343,59,early maturing,1638357632
80,195,market favorite,1520069292
1180,355,high yield,1589654537
11,297,good for intercropping,1610820182
1042,1238,poor germination,1659245277
613,1768,stores well,1551542998
975,971,great in clay soil,1580796008
1034,1965,seed too costly,1696012864
2141,1494,thirsty crop,1579158444
192,698,thirsty crop,1529240441
2151,2291,stores well,1613634486
1168,2431,thirsty crop,1674879388
119,1698,low input,1521475306
1012,103,uniform ripening,1547425346
1603,297,drought tolerant,1501893069
1641,297,disease issues,1582374932
1415,1430,uniform ripening,1670268375
627,269,recommended by extension officer,1519028763
463,1363,good taste,1540304449
2091,1739,stores well,1505108994
463,387,strong stalks,1595299716
25,413,pest problems,1623494149
848,2,needs fertilizer,1554851173
822,1318,sandy soil ok,1511325839
1662,1654,strong stalks,1653741269
1532,480,reliable,1594194588
1137,2025,stores well,1679158842
66,307,drought tolerant,1599705930
1741,1005,sandy soil ok,1590353649
1176,2168,low input,1664325017
440,1252,pest problems,1638933697
1766,1685,low input,1646030111
1037,1487,poor germination,1588515395
987,2037,sandy soil ok,1668250249
926,1577,lodging issues,1536300034
1466,1116,market favorite,1546524691
872,115,needs fertilizer,1532338244
2061,1836,thirsty crop,1590481787
734,2443,needs fertilizer,1521084906
1296,1841,worth the price,1511162348
1228,1058,early maturing,1686451524
599,702,seed too costly,1558034079
151,636,good taste,1648286316
310,1836,good for intercropping,1592970001
1150,1224,needs fertilizer,1666909217
1138,7,uniform ripening,1687513433
948,1854,good taste,1678464948
1993,334,early maturing,1545119284
118,1876,needs fertilizer,1581524640
765,1625,disease issues,1678997354
304,1938,seed too costly,1508201008
1754,2058,reliable,1626883176
1660,80,recommended by extension officer,1504883884
365,1877,poor germination,1551322111
884,195,seed too costly,1611983500
238,2292,stores well,1592982645
151,1005,recommended by extension officer,1570053687
1933,2315,good for intercropping,1502400975
1946,188,good taste,1608263943
288,480,drought tolerant,1631852418
89,939,reliable,1627299267
329,1366,good taste,1565393931
1726,205,uniform ripening,1642681289
2154,1433,good taste,1550331569
920,800,good taste,1533692284
642,1287,needs fertilizer,1518764847
797,1389,low input,1626785949
2090,2273,sandy soil ok,1584278950
1456,1604,poor germination,1548443539
1860,1455,needs fertilizer,1699933032
1889,1060,drought tolerant,1542032702
151,2124,good for intercropping,1683223236
1225,1876,poor germination,1634815521
134,937,drought tolerant,1699892304
779,2318,worth the price,1521278831
1909,1807,stores well,1567402514
1484,856,needs fertilizer,1509279670
394,48,great in clay soil,1599904892
74,681,good for intercropping,1688705452
1256,1224,great in clay soil,1569285301
1540,1876,seed too costly,1668433190
2069,1116,needs fertilizer,1516311418
681,521,high yield,1665609237
1634,2432,market favorite,1698829036
1701,2058,disease issues,1619400305
1259,1876,uniform ripening,1548884191
1421,350,sandy soil ok,1577663729
1199,2027,high yield,1503637346
732,1983,drought tolerant,1624336100
2060,1723,needs fertilizer,1606298450
771,1448,pest problems,1512756349
1497,323,strong stalks,1516820201
1118,1938,high yield,1526675516
1991,698,thirsty crop,1538907912
549,1405,uniform ripening,1571515644
627,1981,drought tolerant,1688156564
184,1282,worth the price,1522947193
2189,1516,good for intercropping,1592091600
1143,1314,early maturing,1619617251
1795,1697,needs fertilizer,1518233406
433,1881,worth the price,1621316904
1338,1191,poor germination,1676477459
1535,1067,market favorite,1681233147
682,2239,market favorite,1597620128
1015,2047,drought tolerant,1668403410
1454,1213,pest problems,1619873973
981,934,early maturing,1639098967
1200,2050,early maturing,1576317500
1898,2058,lodging issues,1602315948
903,1597,lodging issues,1629599516
652,2481,uniform ripening,1555638754
997,521,good taste,1506820559
239,1969,stores well,1571197956
642,1216,early maturing,1583898051
966,2259,recommended by extension officer,1510475435
296,1604,good taste,1501611125
11,52,seed too costly,1563479127
1823,1265,recommended by extension officer,1691890245
1962,1598,seed too costly,1567219948
1529,1651,pest problems,1623208589
1981,2400,strong stalks,1557349414
977,1055,great in clay soil,1585642591
1165,1256,needs fertilizer,1520465311
1979,1917,market favorite,1532046843
1748,205,worth the price,1519595964
1753,2,sandy soil ok,1671788552
1131,288,worth the price,1660626028
1559,377,needs fertilizer,1630142900
1428,230,thirsty crop,1550883725
202,316,great in clay soil,1529825933
946,1818,poor germination,1637581325
761,2240,seed too costly,1647062514
197,630,uniform ripening,1613443141
1828,2484,reliable,1532803724
78,195,seed too costly,1645868050
27,2040,uniform ripening,1613822925
1951,415,disease issues,1556138397
624,2144,thirsty crop,1515033569
272,1132,disease issues,1676236107
172,1232,low input,1601831008
109,1042,high yield,1656567474
1950,377,recommended by extension officer,1548623456
1432,145,drought tolerant,1504156387
2103,1504,high yield,1647123547
237,1318,disease issues,1543874424
52,1428,sandy soil ok,1552475965
1861,298,good taste,1525922394
686,46,seed too costly,1612892688
1874,2273,market favorite,1657757765
479,2,low input,1597981673
544,2182,lodging issues,1625307096
258,2239,pest problems,1536105279
2004,130,poor germination,1592300003
1184,2027,recommended by extension officer,1586399428
1846,2241,great in clay soil,1548985108
1419,935,high yield,1695172804
1812,876,disease issues,1556495405
748,1359,worth the price,1696180067
450,1220,high yield,1544292506
1465,1542,great in clay soil,1639579795
539,2213,poor germination,1646097108
876,2122,low input,1594317577
1879,718,pest problems,1681570665
172,1558,reliable,1656689551
10,919,worth the price,1571515988
912,765,seed too costly,1580142906
1397,1698,stores well,1625124934
349,856,strong stalks,1529522145
2121,1256,seed too costly,1566506135
1019,2315,early maturing,1596760798
1903,377,worth the price,1656234466
928,2280,poor germination,1542143612
972,474,sandy soil ok,1638227790
1441,155,reliable,1607943581
256,368,recommended by extension officer,1605219509
57,2118,pest problems,1672901613
320,342,great in clay soil,1693107153
2134,890,seed too costly,1550746793
107,789,disease issues,1609127513
1707,299,strong stalks,1566213000
842,2019,reliable,1585118387
2195,388,low input,1581598031
159,1283,worth the price,1659563168
921,2392,low input,1689585326
667,2005,thirsty crop,1617904319
892,630,thirsty crop,1580017712
906,2058,strong stalks,1580603974
1243,1282,recommended by extension officer,1599850622
1890,1542,uniform ripening,1576828023
1346,2374,worth the price,1615419872
1976,1224,pest problems,1605686499
885,1107,seed too costly,1581425040
866,287,reliable,1650406259
1454,1981,strong stalks,1635028307
1420,1005,pest problems,1559257188
384,1365,early maturing,1640026325
742,311,poor germination,1635760049
2020,1423,good for intercropping,1631732512
276,25,good for intercropping,1579848041
2168,2409,good taste,1500044043
126,423,reliable,1517176502
21,713,stores well,1510489644
666,2331,pest problems,1601505316
1743,693,stores well,1543956927
288,1353,market favorite,1660891265
1194,4,high yield,1526883247
515,1284,seed too costly,1637268243
1335,1285,drought tolerant,1643722593
491,1186,pest problems,1592787261
978,2189,high yield,1645838594
159,1674,seed too costly,1553146651
2130,2126,poor germination,1622567968
391,631,market favorite,1673109095
1509,1331,poor germination,1563092091
749,2210,sandy soil ok,1628875493
1527,1464,worth the price,1595230579
49,2371,reliable,1629307561
1921,1981,great in clay soil,1651673704
1324,1232,drought tolerant,1676519185
1912,2306,early maturing,1513826772
1699,1975,needs fertilizer,1694755396
1542,219,poor germination,1525916408
1114,1933,lodging issues,1634721697
2059,1749,low input,1553298639
1789,2396,market favorite,1501856288
94,366,disease issues,1622132048
1111,654,sandy soil ok,1562477383
1888,2061,strong stalks,1600680711
1782,610,good for intercropping,1672286471
229,721,pest problems,1564399240
287,205,stores well,1589649829
114,1167,lodging issues,1649807149
744,2014,uniform ripening,1507180290
1385,1981,needs fertilizer,1605736301
413,13,pest problems,1657811638
1142,588,reliable,1632035472
2069,227,poor germination,1581232509
1590,1197,pest problems,1510018755
1222,636,good taste,1635737734
562,1110,needs fertilizer,1581501183
1971,7,poor germination,1695676255
1979,377,needs fertilizer,1598172297
686,2014,worth the price,1605494006
1438,1928,market favorite,1656782736
297,2356,low input,1622191306
1871,1265,worth the price,1647019071
189,1625,uniform ripening,1625939835
771,1656,low input,1651463481
1977,1941,drought tolerant,1670015312
325,2428,strong stalks,1605023662
1608,1033,pest problems,1677273886
1222,1291,early maturing,1648942197
57,362,market favorite,1618024644
448,364,worth the price,1685013012
26,1833,early maturing,1615980158
733,2253,early maturing,1698363813
2100,1365,strong stalks,1525644668
1426,1419,sandy soil ok,1680843903
1814,363,pest problems,1576683276
357,310,pest problems,1654349939
1839,1321,early maturing,1657125080
224,1365,needs fertilizer,1529102638
2105,1830,high yield,1603655841
720,326,lodging issues,1505323327
1284,1466,uniform ripening,1521646633
1647,2348,stores well,1545107463
1534,1692,pest problems,1662762720
1340,1496,recommended by extension officer,1544120858
159,1932,recommended by extension officer,1663215216
1707,2247,disease issues,1574300371
654,890,good for intercropping,1669577058
312,1625,worth the price,1552827955
812,1938,recommended by extension officer,1511487655
907,1212,market favorite,1506807464
2191,2495,low input,1647376267
342,2163,market favorite,1586707665
937,1765,thirsty crop,1685297809
2191,1796,good taste,1623296340
990,1321,poor germination,1673307351
743,1274,reliable,1650490756
280,736,drought tolerant,1521496112
98,2178,lodging issues,1512514770
426,266,sandy soil ok,1682816558
2058,838,reliable,1618327001
1658,2087,high yield,1684748794
1434,1587,lodging issues,1546393585
1209,1364,early maturing,1536083799
2135,360,needs fertilizer,1597929569
386,518,great in clay soil,1636923064
1933,191,low input,1531151231
2103,1642,drought tolerant,1609066641
1054,1510,disease issues,1649819774
981,75,worth the price,1538786621
1174,480,sandy soil ok,1595112588
857,33,stores well,1669834630
2170,1405,stores well,1596730441
2144,1912,early maturing,1561869379
725,1358,worth the price,1626713179
2111,357,recommended by extension officer,1623100327
1234,377,disease issues,1547474858
143,2014,drought tolerant,1546786381
1723,880,worth the price,1572481139
1067,2242,pest problems,1699490858
1166,1642,market favorite,1623312906
559,662,high yield,1694634804
1816,1518,high yield,1671118630
1930,488,market favorite,1685513344
1151,186,recommended by extension officer,1522320212
412,1587,drought tolerant,1506660876
239,2136,great in clay soil,1550129508
1134,2070,thirsty crop,1500733399
567,1814,uniform ripening,1617388997
1664,189,poor germination,1575706232
2192,648,great in clay soil,1593666283
794,1435,uniform ripening,1640852505
680,1482,great in clay soil,1579500353
448,307,needs fertilizer,1560451456
40,1405,reliable,1665704430
1771,2348,high yield,1678544721
1274,1381,great in clay soil,1623427987
2166,957,needs fertilizer,1518215613
212,2422,worth the price,1652806853
941,1805,reliable,1509453308
939,2040,reliable,1690571454
54,1992,thirsty crop,1627321177
2102,727,strong stalks,1674087116
2127,2315,pest problems,1505351550
978,1677,drought tolerant,1572815717
1024,1665,low input,1610214257
1646,1374,thirsty crop,1504174326
1579,611,strong stalks,1634744852
1390,7,needs fertilizer,1576528819
1395,1954,strong stalks,1680289598
1001,261,seed too costly,1685223226
1210,1055,needs fertilizer,1664463065
1569,1374,high yield,1690086959
1969,2024,low input,1643155512
1419,1981,poor germination,1603914776
620,342,stores well,1630754692
743,344,sandy soil ok,1632867154
90,1920,needs fertilizer,1561841282
394,105,strong stalks,1536830508
1820,2101,strong stalks,1519896844
1398,2290,worth the price,1695216190
1498,1616,recommended by extension officer,1530303327
2129,2005,reliable,1519222501
1288,2210,early maturing,1509275603
1951,272,low input,1566583737
466,1647,low input,1597119069
182,2390,needs fertilizer,1590578711
914,195,sandy soil ok,1647022031
2011,1600,reliable,1504370508
646,377,high yield,1598333891
1906,1429,pest problems,1566298125
43,1698,thirsty crop,1562631316
1726,523,needs fertilizer,1689286954
471,717,disease issues,1511460841
844,1036,strong stalks,1515194199
764,855,uniform ripening,1659181029
2053,2240,reliable,1579656759
1345,1119,high yield,1638550313
2191,1357,uniform ripening,1691639267
1788,867,drought tolerant,1551007975
1318,216,lodging issues,1595372961
1096,1363,high yield,1589335664
1280,2135,good taste,1672076844
1615,1948,lodging issues,1539523900
299,1321,pest problems,1672880990
1134,1283,great in clay soil,1524539617
349,1116,early maturing,1683053267
883,296,disease issues,1500132807
1129,594,uniform ripening,1539800674
798,2191,strong stalks,1607362841
2041,1879,low input,1553157869
1432,2014,drought tolerant,1516644541
1563,1517,worth the price,1570162992
1711,1546,good taste,1674719646
2196,1882,great in clay soil,1554871550
1885,1917,stores well,1687993662
916,1284,poor germination,1504387598
160,636,high yield,1608125400
2165,195,great in clay soil,1508634067
345,1247,stores well,1656745410
63,1932,pest problems,1668080845
2148,1256,stores well,1501888611
1084,2108,sandy soil ok,1549149879
650,457,strong stalks,1551699206
838,1222,low input,1543017718
2043,40,drought tolerant,1566919912
847,2315,early maturing,1627058864
1317,529,recommended by extension officer,1558636378
967,432,needs fertilizer,1605106833
1223,2358,reliable,1660998557
1365,944,lodging issues,1633671672
1445,2090,early maturing,1572917249
1475,636,drought tolerant,1620044439
387,381,lodging issues,1671771940
1345,96,good taste,1506148986
426,2191,market favorite,1516505778
1193,1232,high yield,1699086472
1420,814,good taste,1683666795
481,1592,recommended by extension officer,1690985765
872,1645,lodging issues,1680496820
236,41,worth the price,1623002671
192,1355,high yield,1605625610
824,69,seed too costly,1687462631
1674,2468,needs fertilizer,1668530075
2128,393,stores well,1630974692
587,1330,reliable,1637340550
180,1363,seed too costly,1551199327
1818,1222,recommended by extension officer,1648311981
664,415,drought tolerant,1570953812
516,676,uniform ripening,1522471765
1009,1380,lodging issues,1585906514
657,1879,reliable,1525479926
541,2068,lodging issues,1673343979
1342,1148,uniform ripening,1607776696
1390,1520,needs fertilizer,1694286499
904,362,reliable,1572259993
4,2046,stores well,1606721119
867,114,stores well,1586677548
1315,1625,early maturing,1648661033
568,1429,thirsty crop,1659610064
499,377,good taste,1683345073
1663,1949,good for intercropping,1632624388
487,16,lodging issues,1674267965
745,2431,stores well,1578378209
288,1867,disease issues,1535237623
811,1805,good taste,1530628495
1696,1418,drought tolerant,1549930350
1419,2191,high yield,1695477908
193,1365,strong stalks,1534034930
101,2336,thirsty crop,1667775611
405,1536,market favorite,1694201151
716,1659,drought tolerant,1680626601
773,508,reliable,1677195426
1043,799,sandy soil ok,1605168247
1377,1203,low input,1552553268
1508,205,uniform ripening,1620016551
2085,2253,market favorite,1546491487
316,415,low input,1683420524
587,1577,good taste,1538953065
1102,2014,low input,1606617567
1401,1514,lodging issues,1583948220
1659,1281,early maturing,1538461350
35,1291,market favorite,1571688116
1742,2025,good taste,1684436253
1403,636,reliable,1527641384
1614,934,worth the price,1682767786
2152,1997,drought tolerant,1665125482
2069,475,high yield,1643069333
491,2163,pest problems,1647379651
2132,516,seed too costly,1581364720
371,934,low input,1546652669
1497,464,recommended by extension officer,1689368339
1959,355,good taste,1634060622
910,730,low input,1689669173
234,896,recommended by extension officer,1619368986
1634,361,early maturing,1560226628
666,4,needs fertilizer,1518118875
1952,581,good taste,1552044650
716,1321,stores well,1626736277
151,1327,lodging issues,1663722856
1986,2240,early maturing,1633320616
93,1981,market favorite,1517869250
147,188,good for intercropping,1575261826
1203,925,reliable,1508591621
2132,155,worth the price,1603526237
2068,2240,stores well,1663552906
1178,1853,early maturing,1602394215
2011,100,stores well,1666308952
878,1005,low input,1624281224
325,2432,thirsty crop,1529988337
1354,660,good for intercropping,1697849626
1898,1630,drought tolerant,1636823877
971,1293,stores well,1565006758
1531,2311,low input,1691609251
903,474,sandy soil ok,1615663688
998,647,pest problems,1695166884
734,1544,thirsty crop,1568633126
824,1299,stores well,1513783126
1057,1211,low input,1614487997
524,355,great in clay soil,1616979756
176,2070,poor germination,1520741638
2176,1041,good taste,1618967248
1504,643,pest problems,1542597883
45,2286,good for intercropping,1612088436
2153,962,uniform ripening,1542519516
1790,1433,low input,1609495033
558,355,needs fertilizer,1582131643
1179,1633,high yield,1509790713
1117,876,great in clay soil,1547869564
892,1386,worth the price,1502695368
992,589,lodging issues,1507663143
633,2015,stores well,1632145111
1074,752,market favorite,1620375801
1660,60,good taste,1526641483
1543,307,sandy soil ok,1620938059
128,1997,drought tolerant,1543924120
1204,811,early maturing,1544945673
215,2014,recommended by extension officer,1673271641
836,298,reliable,1600661143
394,1725,poor germination,1567998657
821,559,early maturing,1516612340
364,2047,high yield,1635850740
189,1204,low input,1510200018
1465,1642,great in clay soil,1683246481
379,1110,disease issues,1542214137
1347,2058,drought tolerant,1508264157
1433,2126,low input,1613096385
365,235,early maturing,1660015735
1962,896,reliable,1515910243
1204,194,stores well,1526653935
1108,378,seed too costly,1636719698
2044,1210,great in clay soil,1548090296
686,1920,market favorite,1694500114
238,355,early maturing,1668669966
980,737,worth the price,1608799627
1241,1647,great in clay soil,1506484592
654,1118,poor germination,1590609255
402,772,worth the price,1619900562
1357,925,needs fertilizer,1503024185
1899,988,market favorite,1527593832
1866,1359,drought tolerant,1626431908
516,175,great in clay soil,1641855934
804,1208,good for intercropping,1601282801
394,279,drought tolerant,1698365403
276,1854,good taste,1537186462
712,1534,strong stalks,1617468057
659,1526,sandy soil ok,1561431783
374,2122,good for intercropping,1522049553
1458,578,drought tolerant,1595143940
976,959,drought tolerant,1664514394
757,377,worth the price,1561889923
705,727,stores well,1677141453
1562,843,drought tolerant,1507784919
2126,2,drought tolerant,1501574415
936,1579,market favorite,1660796965
312,96,good taste,1611556048
633,5,reliable,1668727737
2049,1698,strong stalks,1542073370
291,1678,needs fertilizer,1690174078
100,1179,needs fertilizer,1632795213
1307,1489,drought tolerant,1553923566
1209,1796,seed too costly,1547297374
1144,1593,stores well,1653030924
1969,1604,strong stalks,1679091493
1730,1148,uniform ripening,1551535710
351,550,worth the price,1664882509
623,414,poor germination,1526655534
493,1066,poor germination,1589445080
1050,415,high yield,1539505386
1285,1515,uniform ripening,1610651281
1657,2240,disease issues,1628895810
1154,1674,needs fertilizer,1610927218
981,2167,good for intercropping,1539689782
746,698,early maturing,1615210544
365,1854,sandy soil ok,1653228448
1184,1943,low input,1641438817
102,1816,disease issues,1518946039
1191,1222,drought tolerant,1634557047
202,1401,uniform ripening,1502317433
1307,377,sandy soil ok,1605715808
635,1335,early maturing,1590710264
528,659,uniform ripening,1627127361
1470,1885,seed too costly,1667463358
98,681,needs fertilizer,1591980312
1682,822,strong stalks,1507014837
243,107,reliable,1699966536
1615,205,strong stalks,1652399095
656,1383,stores well,1637531798
2121,1551,drought tolerant,1506969458
42,2314,good for intercropping,1673919806
967,535,reliable,1556193913
1368,1785,high yield,1570995633
1476,800,disease issues,1683425825
178,1754,great in clay soil,1639247302
1288,2412,sandy soil ok,1632410327
882,355,seed too costly,1582879622
1042,1339,early maturing,1629338939
43,1209,great in clay soil,1511963911
487,1775,needs fertilizer,1541717404
109,1597,reliable,1541697772
645,1587,stores well,1694954071
1172,1353,stores well,1531082223
1664,2315,market favorite,1601141484
465,1366,stores well,1552712162
521,447,disease issues,1579861219
1878,1597,thirsty crop,1538538726
51,1692,reliable,1512657916
1681,4,needs fertilizer,1697144268
1930,133,good for intercropping,1525119479
211,1850,reliable,1617494877
619,1705,poor germination,1589936675
96,188,uniform ripening,1613181690
1083,600,stores well,1514885666
1436,752,high yield,1504619356
1226,665,needs fertilizer,1662246946
955,1938,high yield,1689855168
734,543,recommended by extension officer,1520524156
1352,1322,great in clay soil,1605671075
1975,618,sandy soil ok,1697198772
33,414,seed too costly,1562015992
28,1457,good taste,1622147068
1061,1272,stores well,1662878508
1594,157,thirsty crop,1500795195
1836,1154,drought tolerant,1579484308
1187,2191,good taste,1677913414
234,499,disease issues,1509571340
1331,765,seed too costly,1530941255
1541,965,high yield,1666140465
665,1384,low input,1627438038
125,3,strong stalks,1630601986
1252,1085,lodging issues,1555337697
1095,186,thirsty crop,1512650482
981,1422,good for intercropping,1655211726
559,2046,early maturing,1604976073
2099,594,low input,1628314607
1052,800,worth the price,1508722269
95,555,uniform ripening,1693733816
997,2186,recommended by extension officer,1525571996
1859,480,stores well,1651947973
726,473,drought tolerant,1656691560
1958,1044,needs fertilizer,1530990460
1000,2124,reliable,1646583822
113,1405,needs fertilizer,1618003997
1442,2118,good for intercropping,1617162477
1288,2264,sandy soil ok,1533884914
185,659,disease issues,1607138484
970,1071,lodging issues,1654163464
1300,1698,low input,1554132954
1050,2093,high yield,1624486016
316,385,reliable,1610023413
1465,25,reliable,1544462161
399,1613,early maturing,1635076927
1682,1656,great in clay soil,1571353646
412,1175,good taste,1520135590
808,1132,sandy soil ok,1520948465
1923,2299,good taste,1686545546
1308,792,lodging issues,1549583055
524,876,stores well,1562667528
1386,1534,great in clay soil,1553760250
1142,3,worth the price,1676898806
56,1806,lodging issues,1596044475
353,145,needs fertilizer,1605863590
789,1645,thirsty crop,1587198994
2161,2078,recommended by extension officer,1682085624
637,1642,great in clay soil,1542360666
918,1714,worth the price,1526644582
252,100,good taste,1655159215
1319,1625,stores well,1597380027
1936,2191,poor germination,1542798708
1140,944,poor germination,1558694826
588,2068,reliable,1516362137
1489,2435,sandy soil ok,1632838230
2011,2451,high yield,1693207409
759,1139,market favorite,1506138389
363,1488,high yield,1669495315
1981,326,good for intercropping,1550449158
1154,1908,pest problems,1511927399
1122,1040,low input,1535991420
253,1299,good for intercropping,1503239403
2092,918,seed too costly,1579245078
1341,1220,pest problems,1674168627
1982,990,sandy soil ok,1665396707
2196,274,early maturing,1618250663
27,586,good for intercropping,1606424179
1991,548,strong stalks,1621339935
1640,642,poor germination,1554526232
814,2014,strong stalks,1685815861
850,60,pest problems,1634312554
1213,704,good for intercropping,1517983974
2073,1625,worth the price,1528289742
1073,195,recommended by extension officer,1555862646
841,2372,great in clay soil,1647235009
708,1041,strong stalks,1537524524
634,480,lodging issues,1552520871
1132,1777,pest problems,1622643375
1221,2014,market favorite,1515400793
1735,133,pest problems,1571926366
1545,364,sandy soil ok,1524643255
2121,1910,strong stalks,1606062852
622,377,strong stalks,1579835910
713,1489,pest problems,1613107924
1450,1717,market favorite,1697372985
2067,33,stores well,1541356677
1739,1403,great in clay soil,1501302450
1226,1254,good taste,1678528139
1158,925,disease issues,1648153219
1395,1879,great in clay soil,1500728859
330,1110,recommended by extension officer,1511295103
924,323,seed too costly,1687761766
954,1982,worth the price,1698888044
1498,133,worth the price,1518102202
1155,1913,drought tolerant,1656596863
131,2386,uniform ripening,1556844345
1875,1715,reliable,1690740024
627,1239,pest problems,1572501396
168,2498,uniform ripening,1561882436
1358,1410,market favorite,1623214618
761,1629,uniform ripening,1602061243
461,317,good taste,1629736213
2095,302,low input,1500331004
1167,2346,strong stalks,1641654450
1448,1930,strong stalks,1674118502
151,2233,seed too costly,1688405113
301,1763,thirsty crop,1664713014
117,24,low input,1658689584
488,100,disease issues,1607351620
1093,29,good taste,1511717866
656,125,low input,1510125598
368,2426,seed too costly,1563460963
2114,1419,poor germination,1685095749
1002,872,great in clay soil,1590787204
1365,2014,strong stalks,1652583828
773,1426,strong stalks,1516872204
1285,664,worth the price,1583395246
1266,1027,sandy soil ok,1692818976
1349,44,poor germination,1686155347
627,2465,needs fertilizer,1543942995
1664,1207,sandy soil ok,1679627176
18,1796,drought tolerant,1692734050
1175,1042,great in clay soil,1614553580
1118,587,good for intercropping,1615444046
1653,2034,great in clay soil,1565151139
46,1293,uniform ripening,1668184903
304,1526,reliable,1601216073
1033,4,recommended by extension officer,1699547486
1718,2025,drought tolerant,1666156117
1456,2058,good for intercropping,1649777278
1763,1195,recommended by extension officer,1638414291
1715,195,good for intercropping,1521570218
954,1256,strong stalks,1635200846
906,2495,market favorite,1553066248
295,1222,seed too costly,1618832888
575,1246,recommended by extension officer,1597722165
366,148,high yield,1562592670
205,710,reliable,1501197555
907,2178,poor germination,1550304716
333,2481,reliable,1640668225
927,1110,high yield,1654559455
1182,590,poor germination,1659616425
520,1038,lodging issues,1532503155
1701,1774,reliable,1614860079
1823,1363,reliable,1667347924
90,1256,good taste,1589798056
1642,712,sandy soil ok,1671897496
622,1617,lodging issues,1652581334
1576,100,lodging issues,1523003638
698,2000,good taste,1566745928
1676,2133,market favorite,1620967235
2169,1854,seed too costly,1661291004
368,7,stores well,1636348490
104,194,reliable,1644409629
1058,1256,great in clay soil,1664153010
914,574,early maturing,1530240369
428,451,thirsty crop,1569953117
1664,928,recommended by extension officer,1698749353
2086,230,great in clay soil,1509315496
1952,161,seed too costly,1537150694
2172,1087,poor germination,1560227938
1681,1764,lodging issues,1678110577
830,1356,lodging issues,1574216694
395,1838,market favorite,1543284420
1721,1310,lodging issues,1557259840
345,721,low input,1541502820
954,855,pest problems,1623608438
61,1682,high yield,1554214533
489,1551,pest problems,1690147273
393,830,sandy soil ok,1695870784
103,1426,lodging issues,1583523585
472,578,great in clay soil,1546976814
266,1749,great in clay soil,1664005944
1275,1640,poor germination,1639522298
2076,19,worth the price,1510696614
312,361,disease issues,1546924433
2171,1219,low input,1692172297
2027,1545,low input,1566435372
2185,1810,drought tolerant,1580745137
2151,1000,disease issues,1631745174
707,973,early maturing,1631114458
744,4,strong stalks,1614219647
1817,1632,high yield,1618048455
413,58,recommended by extension officer,1695560206
621,674,market favorite,1508367630
1853,1595,good taste,1698055482
641,2182,worth the price,1500917081
1329,2356,market favorite,1673870594
2006,605,good taste,1566136199
1436,1481,uniform ripening,1530295666
2035,914,reliable,1691391654
1842,207,strong stalks,1648993562
1230,730,sandy soil ok,1696859673
1449,1649,pest problems,1564477730
1174,1117,seed too costly,1587757733
985,1352,strong stalks,1577935865
1379,2252,low input,1561513672
1224,52,pest problems,1569435740
126,1085,needs fertilizer,1697872637
1377,415,needs fertilizer,1624349445
1382,676,disease issues,1562155224
1458,105,lodging issues,1696869622
1229,2177,early maturing,1649160990
1251,518,recommended by extension officer,1638607275
908,1497,disease issues,1686984893
516,377,recommended by extension officer,1600733889
1853,1556,strong stalks,1692288760
207,753,low input,1591760534
120,2024,disease issues,1536553080
914,2476,good for intercropping,1645706259
287,681,market favorite,1695440428
1274,1921,seed too costly,1696060860
1055,877,poor germination,1584685495
1011,100,reliable,1518088436
833,2101,strong stalks,1576717518
497,1938,worth the price,1515843025
94,646,uniform ripening,1680410485
1392,1373,pest problems,1548148503
46,1716,high yield,1566071469
1375,936,good taste,1672586294
1440,100,good taste,1636627361
2168,1269,reliable,1657664464
1083,728,great in clay soil,1597290758
460,276,poor germination,1500757248
151,1790,good taste,1525569788
635,2327,stores well,1512607919
444,52,early maturing,1657662822
326,681,great in clay soil,1600469240
2167,1370,lodging issues,1654865114
709,1698,strong stalks,1528437825
431,2314,lodging issues,1675477543
260,1209,uniform ripening,1632973179
833,1876,needs fertilizer,1642080906
43,580,uniform ripening,1512570446
853,598,lodging issues,1557697302
1536,1662,uniform ripening,1559820998
706,677,pest problems,1562983882
73,1650,pest problems,1665035647
296,685,high yield,1501498945
1026,1259,good taste,1598732020
1596,1938,worth the price,1599924827
260,4,stores well,1560562678
1238,2123,good for intercropping,1641749852
1642,509,great in clay soil,1663146551
1812,614,stores well,1535871604
1612,600,worth the price,1545821735
1471,895,great in clay soil,1660842478
1347,1050,pest problems,1574924833
496,2241,market favorite,1681578296
323,1224,high yield,1603769523
1229,1677,seed too costly,1639522604
2024,1262,high yield,1597307980
1890,1593,low input,1542179105
2032,1320,poor germination,1512511291
2034,1754,thirsty crop,1668794650
24,480,poor germination,1627455357
1155,2264,seed too costly,1609464223
532,377,strong stalks,1533159838
1004,958,thirsty crop,1576270107
2130,1224,strong stalks,1622355938
1620,1,disease issues,1690130697
924,1260,reliable,1650879073
1177,2014,poor germination,1612721091
587,1234,thirsty crop,1642774578
1678,896,seed too costly,1516029504
500,1537,needs fertilizer,1516340229
1456,2374,good for intercropping,1641611221
375,1044,thirsty crop,1520773653
706,1366,needs fertilizer,1552922607
36,377,worth the price,1660038315
734,2252,strong stalks,1614092451
243,1238,seed too costly,1530066354
633,700,uniform ripening,1541280579
469,1901,seed too costly,1591227301
1340,1310,drought tolerant,1630336587
1766,22,stores well,1617249817
1957,2058,lodging issues,1506769007
1651,1497,poor germination,1571178626
651,2311,early maturing,1634014753
797,2192,stores well,1523369238
33,191,early maturing,1571471665
323,625,good for intercropping,1550525426
1585,1365,uniform ripening,1666225878
394,24,uniform ripening,1590191385
551,439,good taste,1677366206
219,1934,worth the price,1633221640
1820,1222,uniform ripening,1693208864
1398,1791,uniform ripening,1632848526
721,2210,uniform ripening,1654575141
884,415,sandy soil ok,1668076253
1713,1433,recommended by extension officer,1564393110
638,377,disease issues,1558288486
2093,350,early maturing,1539698728
489,1247,uniform ripening,1697854598
1073,1863,drought tolerant,1602873169
1129,1625,good taste,1669287809
115,2371,good taste,1661875287
1298,26,reliable,1688781441
194,1743,uniform ripening,1557716787
610,597,sandy soil ok,1593254394
1594,2014,drought tolerant,1692606184
1416,2315,good taste,1503728628
1490,1291,disease issues,1689340112
427,1390,stores well,1536639269
93,1265,recommended by extension officer,1601078102
888,1609,drought tolerant,1685682328
1915,262,disease issues,1579503237
368,416,strong stalks,1679770820
115,9,good taste,1578568220
829,355,drought tolerant,1548050198
247,1402,good taste,1566056158
1349,2223,good for intercropping,1507351352
909,2055,thirsty crop,1696001544
1133,377,low input,1623657967
184,1230,low input,1688515283
2136,1884,needs fertilizer,1655759705
2188,2262,low input,1520476951
1606,2240,market favorite,1503394373
2112,1403,good taste,1667134567
1853,420,good for intercropping,1554273953
337,118,worth the price,1622960164
1779,1592,strong stalks,1621208217
1918,1936,recommended by extension officer,1634872528
329,559,high yield,1550867222
1594,1815,reliable,1627808344
2025,1222,lodging issues,1514949804
360,1487,sandy soil ok,1625705245
1447,2281,thirsty crop,1517202610
1094,155,great in clay soil,1503117758
529,2213,pest problems,1611006025
2151,2089,recommended by extension officer,1500633082
1816,1113,seed too costly,1605462507
120,2200,sandy soil ok,1573487603
1760,746,needs fertilizer,1570353356
384,24,sandy soil ok,1560350410
954,1819,great in clay soil,1659914670
1313,1518,sandy soil ok,1517693200
1743,2345,great in clay soil,1538622762
1053,342,stores well,1615847584
2133,944,good for intercropping,1596927613
1555,2242,low input,1527299939
2062,659,great in clay soil,1561262898
48,1052,pest problems,1513702205
1274,2,worth the price,1654664465
2035,1488,sandy soil ok,1600697639
415,29,uniform ripening,1592003443
1155,1658,seed too costly,1689040833
811,235,reliable,1640987236
738,1189,stores well,1637388423
265,765,market favorite,1671040504
1152,1366,drought tolerant,1666200028
300,2500,needs fertilizer,1595330463
1262,1312,disease issues,1622734518
1129,2348,sandy soil ok,1543632709
312,2005,low input,1583677695
667,1564,poor germination,1630745563
1685,9,seed too costly,1607557188
1829,377,needs fertilizer,1690091492
955,967,high yield,1518962455
574,1224,pest problems,1502220608
1108,499,market favorite,1554318208
1387,1076,disease issues,1607358314
186,2239,sandy soil ok,1670054193
1194,276,sandy soil ok,1561727650
1517,2419,uniform ripening,1561563790
1425,1612,worth the price,1660563023
2090,1692,poor germination,1546497827
2056,415,low input,1639110681
179,307,good for intercropping,1620157459
441,1426,needs fertilizer,1576294751
295,377,sandy soil ok,1563944002
795,610,low input,1595875922
1374,1847,needs fertilizer,1563912069
270,1981,disease issues,1515847098
2168,1509,sandy soil ok,1607999678
1918,266,stores well,1597023518
570,610,market favorite,1626003881
1567,215,strong stalks,1679471916
711,2167,recommended by extension officer,1502449811
478,939,needs fertilizer,1657768532
1266,1671,needs fertilizer,1553976378
953,752,strong stalks,1573312934
2177,1625,early maturing,1502147679
1947,1938,pest problems,1544167104
1444,1901,strong stalks,1519801367
1519,1140,great in clay soil,1572655936
73,1262,sandy soil ok,1552873643
1190,2014,recommended by extension officer,1520530026
547,268,stores well,1588597366
587,1780,good taste,1568146289
143,748,poor germination,1518943858
2186,1472,market favorite,1616198728
119,2023,strong stalks,1682235268
2090,489,recommended by extension officer,1511873963
419,1304,worth the price,1508664072
716,1183,good taste,1537844782
777,2211,worth the price,1632341105
899,2273,reliable,1503600134
1624,1019,high yield,1541411048
603,363,great in clay soil,1654317100
838,1874,lodging issues,1600901144
1706,1660,high yield,1581227195
1185,381,market favorite,1643907355
318,920,thirsty crop,1502964293
195,1645,low input,1567247940
2100,1107,good for intercropping,1683525189
373,307,low input,1676863495
1606,375,market favorite,1592982924
818,453,sandy soil ok,1617294032
2192,1008,worth the price,1689410199
395,1195,high yield,1569862052
1881,681,uniform ripening,1627990089
1186,1898,low input,1591239124
49,377,needs fertilizer,1506424820
1061,185,reliable,1667357366
278,1767,market favorite,1573178139
1720,769,disease issues,1584537640
1123,1854,poor germination,1688867092
1934,2461,low input,1668846836
1540,2386,good taste,1620692198
1979,311,worth the price,1620017460
574,1211,uniform ripening,1622479582
516,1373,seed too costly,1603277944
663,2299,low input,1544245974
1894,966,stores well,1655091749
2093,1809,sandy soil ok,1649428306
159,1629,high yield,1560625603
709,1618,high yield,1576195992
1000,2490,thirsty crop,1671048059
1058,2014,drought tolerant,1612187384
193,2412,strong stalks,1590752014
1786,651,reliable,1670965655
1549,1018,high yield,1609695003
677,377,needs fertilizer,1589093623
215,205,seed too costly,1574659881
362,753,seed too costly,1640128186
1841,1366,worth the price,1572956098
114,105,sandy soil ok,1621406527
825,392,good taste,1535906248
1370,451,good taste,1656705084
1858,1054,seed too costly,1690989457
1535,1595,market favorite,1664953643
343,2374,good taste,1592037225
1853,1984,thirsty crop,1666313975
485,787,recommended by extension officer,1677683239
1102,321,poor germination,1568860203
649,100,lodging issues,1695793071
2062,2315,high yield,1595659964
793,2134,drought tolerant,1501892106
1049,2210,thirsty crop,1691721706
1987,2458,poor germination,1530213139
794,1961,great in clay soil,1588208673
947,2,high yield,1534582577
311,1999,good taste,1665640277
1913,362,pest problems,1679148888
1321,234,lodging issues,1548223096
399,2194,disease issues,1687162377
1982,559,disease issues,1686075944
1819,90,high yield,1572009730
1345,478,drought tolerant,1597214913
42,1500,worth the price,1536953377
1373,1895,low input,1616579195
12,2316,reliable,1598936474
588,810,good for intercropping,1528859512
581,2268,early maturing,1626279499
2076,381,lodging issues,1545894208
739,362,sandy soil ok,1617453946
260,219,great in clay soil,1684891394
367,2315,thirsty crop,1504673236
1519,1291,good taste,1586424150
1861,1222,high yield,1633602136
1503,82,seed too costly,1621229482
66,2014,drought tolerant,1581512467
1976,1102,good taste,1653471701
509,1509,good for intercropping,1640672946
1498,103,uniform ripening,1502377832
491,2191,stores well,1555104661
206,377,seed too costly,1669688950
1834,2240,lodging issues,1673748289
1752,1981,thirsty crop,1513611493
414,1932,drought tolerant,1679283431
1208,2385,sandy soil ok,1508373626
856,187,reliable,1617782142
801,97,stores well,1689343334
1060,1109,needs fertilizer,1549698206
1111,1597,recommended by extension officer,1615056897
1243,2419,good for intercropping,1524730244
1107,1220,drought tolerant,1659827857
1260,740,early maturing,1624886513
1396,856,low input,1689654361
230,2280,uniform ripening,1679103187
1379,2058,stores well,1696884268
23,402,uniform ripening,1549458272
1998,656,pest problems,1582860289
1327,44,low input,1577254206
656,3,pest problems,1685342752
1847,424,drought tolerant,1525131282
1159,890,reliable,1526455205
421,4,reliable,1509343930
63,508,great in clay soil,1675981851
802,2,good for intercropping,1605141301
532,1690,strong stalks,1565042466
642,1335,needs fertilizer,1619722111
1408,2,lodging issues,1642938247
1724,105,lodging issues,1515254112
1152,4,worth the price,1556754484
860,4,early maturing,1685557501
727,1314,early maturing,1604197088
1361,475,sandy soil ok,1583483703
435,1625,needs fertilizer,1565514091
1087,307,needs fertilizer,1650637075
850,205,market favorite,1654184131
1275,1981,seed too costly,1611099025
1961,195,early maturing,1654450643
1061,1320,stores well,1645253347
283,578,seed too costly,1525603476
88,1468,worth the price,1591723289
227,1578,recommended by extension officer,1577144581
1633,2189,stores well,1577599595
1665,364,reliable,1694558081
419,364,great in clay soil,1615526794
283,712,good for intercropping,1698998738
2017,1490,low input,1640114406
2106,52,good for intercropping,1658942370
502,1754,low input,1659839573
126,5,thirsty crop,1633080927
280,1217,worth the price,1606615745
1607,2050,seed too costly,1520386439
840,2465,high yield,1699788528
1869,827,pest problems,1548114345
617,179,market favorite,1611050729
1829,194,good for intercropping,1683630117
876,907,uniform ripening,1654006562
1432,730,poor germination,1529424064
1731,2054,needs fertilizer,1525502314
274,196,drought tolerant,1529363387
1672,1148,poor germination,1664176065
476,100,pest problems,1553882994
1584,1493,great in clay soil,1602562507
980,555,uniform ripening,1609331043
1325,1033,strong stalks,1527169577
1888,58,strong stalks,1643513638
1093,1515,great in clay soil,1609531366
1606,1593,poor germination,1611749361
1807,1836,great in clay soil,1532240784
396,149,poor germination,1580604411
487,1100,high yield,1537922084
60,2047,high yield,1615789670
793,342,recommended by extension officer,1510845866
528,1266,worth the price,1631323853
1926,2201,disease issues,1688893052
861,1312,early maturing,1620544495
23,49,seed too costly,1509725308
675,2348,market favorite,1549042482
1753,1882,early maturing,1541549479
1893,683,reliable,1678959940
558,1389,pest problems,1569651456
375,1632,good for intercropping,1629377414
335,2168,great in clay soil,1545161435
1719,283,stores well,1653081139
1895,677,good taste,1577744476
1092,133,stores well,1684578323
1900,1212,worth the price,1555717932
1079,578,thirsty crop,1698189678
1676,1017,strong stalks,1511311833
1065,730,good for intercropping,1637189375
2119,2101,lodging issues,1620582527
738,1715,thirsty crop,1612426322
2016,2047,market favorite,1630526212
2115,1480,seed too costly,1638347273
486,172,high yield,1684042477
328,846,seed too costly,1559650698
133,1485,pest problems,1531756065
1025,223,stores well,1694250095
1343,805,pest problems,1651793531
2011,2014,worth the price,1532294416
716,1282,great in clay soil,1530843360
735,766,pest problems,1695965785
1473,1981,thirsty crop,1656344984
2116,1419,stores well,1668386014
965,2024,market favorite,1605217716
734,230,sandy soil ok,1535495417
624,226,strong stalks,1552189348
1059,2168,high yield,1573843671
2091,384,poor germination,1675268172
2022,1907,pest problems,1588910462
1799,125,lodging issues,1613427325
8,712,sandy soil ok,1507670030
93,1366,thirsty crop,1509065669
1493,800,thirsty crop,1532824783
1100,1794,seed too costly,1656078458
338,1844,uniform ripening,1539750837
712,723,seed too costly,1595419250
197,934,worth the price,1690768749
680,2264,lodging issues,1614636065
1880,1005,reliable,1548366203
500,2446,good for intercropping,1690337355
1399,700,low input,1679847666
488,1873,pest problems,1527696394
1536,1118,pest problems,1610365275
1700,1560,high yield,1639758190
608,2023,needs fertilizer,1658301786
1355,1256,sandy soil ok,1620970973
326,721,great in clay soil,1567261660
1059,297,strong stalks,1534266761
405,194,seed too costly,1663068727
1724,2350,disease issues,1601850118
340,226,thirsty crop,1632319616
1762,1655,reliable,1593163015
1823,1070,high yield,1540242841
1769,355,low input,1517103772
627,156,stores well,1508846112
1017,1595,market favorite,1641804281
253,1882,low input,1673855541
1828,1609,stores well,1597102654
1183,1109,high yield,1591894774
344,2124,recommended by extension officer,1539334671
2184,1879,lodging issues,1527652285
1662,1884,market favorite,1664781985
1187,103,good taste,1660735444
2044,942,lodging issues,1613101355
1006,659,market favorite,1582426416
705,415,pest problems,1586802367
297,1299,disease issues,1670484338
290,670,drought tolerant,1699268674
462,1724,stores well,1638421566
588,2375,early maturing,1550079622
1790,100,low input,1518501918
2196,483,low input,1535979876
1893,2242,thirsty crop,1569717262
1966,1804,lodging issues,1512153202
1681,1357,strong stalks,1593326003
1555,100,market favorite,1595286203
698,2481,stores well,1563570051
930,819,lodging issues,1574668219
1078,1375,thirsty crop,1514191669
200,838,disease issues,1592988484
1953,2233,strong stalks,1694762775
248,1981,strong stalks,1536421093
1364,1071,thirsty crop,1641347007
42,1263,poor germination,1505457794
381,2242,good for intercropping,1544426410
1268,742,thirsty crop,1695381524
1644,823,great in clay soil,1523237313
2141,871,disease issues,1688772030
880,1087,good for intercropping,1657438978
2195,2389,great in clay soil,1692229947
266,1551,needs fertilizer,1546540497
1639,906,strong stalks,1694339178
749,825,market favorite,1565711068
1216,733,lodging issues,1597308803
1421,2071,low input,1671734942
843,1763,needs fertilizer,1507185926
1308,1075,needs fertilizer,1653512390
1486,2357,reliable,1548797732
643,1488,market favorite,1681412955
1533,1625,seed too costly,1571690486
103,2240,lodging issues,1509376631
1222,2099,poor germination,1536919640
71,1140,low input,1577084820
28,508,good for intercropping,1538870016
1760,768,pest problems,1579612765
2000,2178,poor germination,1591196161
701,2210,early maturing,1577684846
547,2240,seed too costly,1520468746
777,17,thirsty crop,1677298684
618,1712,thirsty crop,1690764571
2087,2189,needs fertilizer,1597485539
1086,401,seed too costly,1694931633
2159,1419,thirsty crop,1565679907
1408,235,thirsty crop,1642661209
1370,329,stores well,1613293707
1816,415,good taste,1511129407
178,1481,thirsty crop,1553530729
1156,1499,recommended by extension officer,1696389513
1191,1405,recommended by extension officer,1574155008
753,2329,pest problems,1552719777
1354,1925,reliable,1581000954
1330,1259,drought tolerant,1556745337
354,100,sandy soil ok,1500449814
2109,2075,disease issues,1510808299
2024,1577,poor germination,1533838668
1177,70,recommended by extension officer,1595271940
1190,2465,recommended by extension officer,1629252192
1017,191,recommended by extension officer,1558317917
32,1017,reliable,1669718459
356,1052,seed too costly,1673390861
727,2315,drought tolerant,1524411617
287,1145,needs fertilizer,1630317852
101,2371,good taste,1636518805
1557,286,good for intercropping,1537613135
1313,1209,seed too costly,1588030385
1063,1932,good taste,1696189025
2050,2468,worth the price,1598571350
1201,1005,uniform ripening,1604275596
152,186,seed too costly,1551315656
1486,677,pest problems,1603753575
1837,1441,needs fertilizer,1644279032
891,1127,recommended by extension officer,1608927619
1877,1357,good for intercropping,1692482235
231,1526,recommended by extension officer,1533301980
1,2023,worth the price,1673046726
1893,427,uniform ripening,1688280146
1686,1528,poor germination,1653885686
1408,1572,great in clay soil,1625532591
2073,2241,high yield,1632809425
38,7,stores well,1622041458
334,793,good taste,1594883168
739,1001,drought tolerant,1503772854
1503,494,great in clay soil,1543018287
1336,2210,reliable,1502447413
274,350,recommended by extension officer,1526811852
690,876,good taste,1592111078
790,2237,needs fertilizer,1675683288
720,2361,seed too costly,1644448201
1156,1549,reliable,1635033021
1425,377,needs fertilizer,1512082649
28,1597,early maturing,1675936091
587,1625,poor germination,1666376559
797,2053,uniform ripening,1639355253
186,1365,disease issues,1558331847
110,2476,lodging issues,1655844137
1349,1913,poor germination,1686430857
1131,1625,strong stalks,1628826344
1651,876,drought tolerant,1515670583
1958,1592,uniform ripening,1629713969
1503,2256,pest problems,1610181048
1137,1678,disease issues,1677953094
483,2055,market favorite,1639677023
1121,2014,high yield,1686395915
498,1007,needs fertilizer,1651197360
1424,1403,pest problems,1508923549
1121,2072,stores well,1512347291
2059,110,seed too costly,1508367995
793,401,sandy soil ok,1516667853
1133,1912,lodging issues,1637061703
246,2206,great in clay soil,1540663128
1042,248,uniform ripening,1594845109
390,74,strong stalks,1676216193
1242,1222,strong stalks,1581551458
801,2101,high yield,1640193001
1775,1426,pest problems,1593372675
704,1981,uniform ripening,1628707079
1907,1726,early maturing,1610088839
860,186,lodging issues,1500444505
2014,233,needs fertilizer,1598213688
1837,1888,good taste,1544572167
2102,1689,disease issues,1695195079
556,100,good taste,1674253609
1569,2440,pest problems,1621424527
1008,3,stores well,1522087836
10,2298,good taste,1593140274
30,1419,poor germination,1663240593
1099,192,early maturing,1655573535
1529,2,recommended by extension officer,1681451648
796,2371,reliable,1509549479
20,614,market favorite,1638943752
71,464,good taste,1594035165
30,766,recommended by extension officer,1518283813
2024,2174,sandy soil ok,1628114284
448,907,poor germination,1644986438
1449,381,thirsty crop,1630801447
1702,557,lodging issues,1667852115
665,1881,needs fertilizer,1507881454
289,2058,pest problems,1514725756
2095,1576,reliable,1581830163
1547,2381,early maturing,1653563953
1706,377,market favorite,1542773113
1910,2106,low input,1606031443
157,760,lodging issues,1529116143
1823,2413,sandy soil ok,1600181513
186,1464,seed too costly,1628957278
864,5,disease issues,1544125991
494,2065,seed too costly,1532182770
41,424,sandy soil ok,1527448130
1588,2189,high yield,1614711164
1528,355,good for intercropping,1636609860
131,1667,high yield,1517858468
2091,647,reliable,1589760385
1493,1547,good taste,1668293363
543,433,lodging issues,1523335057
641,611,reliable,1653522889
1195,268,needs fertilizer,1591066028
1920,839,reliable,1513655784
1716,836,pest problems,1689620019
580,391,poor germination,1521149150
1696,195,low input,1565268990
788,1939,high yield,1507922781
115,148,thirsty crop,1575243941
1373,1854,good taste,1564054514
2004,2213,good taste,1681465289
375,631,recommended by extension officer,1634446495
804,2496,thirsty crop,1547643115
1176,1685,market favorite,1609686099
2050,70,worth the price,1503576072
346,2191,drought tolerant,1634652264
1761,2024,thirsty crop,1584452386
420,1698,stores well,1528356383
2017,800,low input,1526167066
1394,1426,reliable,1673672015
1486,1003,poor germination,1687416586
126,1366,poor germination,1581470734
2093,2118,seed too costly,1594423834
1030,1835,high yield,1501944739
1170,2315,lodging issues,1665150867
358,1488,great in clay soil,1605638629
2151,843,reliable,1607363487
93,1597,pest problems,1570157895
1104,194,sandy soil ok,1581727082
613,1491,strong stalks,1647685266
1057,415,drought tolerant,1668813825
405,2033,good taste,1583615962
509,691,strong stalks,1603800595
806,1048,great in clay soil,1568764717
1623,606,great in clay soil,1678970461
2133,2174,early maturing,1555879522
610,2481,recommended by extension officer,1584156951
2054,1617,needs fertilizer,1602803750
49,1999,lodging issues,1658990378
344,1433,seed too costly,1577264751
2178,567,high yield,1568375975
296,377,reliable,1584101796
627,1005,seed too costly,1665721869
1523,1405,needs fertilizer,1663793402
2168,2047,pest problems,1695469097
110,447,great in clay soil,1535354516
2050,1629,good taste,1675253090
1476,2024,pest problems,1532739610
119,1560,pest problems,1617247914
1019,2375,lodging issues,1572929255
1863,119,market favorite,1682176772
2169,1433,disease issues,1647006249
1750,378,low input,1504842848
786,2,strong stalks,1532735216
2050,2014,worth the price,1534218051
2176,364,great in clay soil,1593026840
1118,767,thirsty crop,1595489154
572,1003,market favorite,1678859706
177,2193,seed too costly,1567988586
163,1794,worth the price,1653274378
1795,2240,low input,1625253041
2102,1232,pest problems,1500746160
717,1487,strong stalks,1609493359
1199,377,disease issues,1563452925
357,195,reliable,1582854086
1705,2315,low input,1511669626
2028,615,uniform ripening,1606204349
167,497,thirsty crop,1564141571
735,2014,stores well,1665178166
1166,257,disease issues,1696363097
1543,188,good taste,1580399442
942,355,high yield,1640733186
1632,195,great in clay soil,1565769911
1904,1898,drought tolerant,1597647896
2038,2182,strong stalks,1568260673
1508,2204,thirsty crop,1533233181
1934,283,pest problems,1621003982
265,407,lodging issues,1506599218
1092,2130,low input,1643292895
137,611,needs fertilizer,1668780115
1045,1956,uniform ripening,1658779052
1862,740,poor germination,1616692873
1651,2153,uniform ripening,1551718574
1175,1666,strong stalks,1657464148
312,1301,pest problems,1666812887
679,284,worth the price,1575704117
332,594,thirsty crop,1573122405
158,248,high yield,1572163549
929,120,worth the price,1661840306
343,478,high yield,1523086638
1267,4,stores well,1627132239
932,1037,worth the price,1509197015
656,207,sandy soil ok,1671404088
2168,2198,good for intercropping,1573233858
1853,447,worth the price,1523744362
1846,2301,market favorite,1502432354
455,2027,recommended by extension officer,1524192290
301,1079,low input,1603616345
1510,1938,market favorite,1632591015
299,1805,stores well,1656751507
332,2053,high yield,1581577866
1812,1085,strong stalks,1603045052
718,1499,market favorite,1683766418
1317,2316,low input,1666655747
1698,2014,great in clay soil,1683324618
1246,1294,seed too costly,1547751650
82,1059,high yield,1637957548
1664,377,recommended by extension officer,1586491547
888,1515,recommended by extension officer,1550016354
643,2014,thirsty crop,1598907745
1059,657,low input,1650765486
511,2047,good taste,1600645107
2017,733,lodging issues,1556281555
1699,1325,lodging issues,1554978624
1952,25,sandy soil ok,1546143842
302,1749,worth the price,1534446268
1341,703,low input,1574495003
842,1546,good for intercropping,1601061077
733,1036,uniform ripening,1692377728
1942,1224,market favorite,1558839079
1427,1750,pest problems,1522387062
1717,920,pest problems,1561665886
1995,97,sandy soil ok,1542082942
1954,216,disease issues,1628022373
1923,501,great in clay soil,1550975266
844,1363,thirsty crop,1518512639
1993,4,early maturing,1537629079
71,2014,recommended by extension officer,1690147022
21,1655,needs fertilizer,1697462979
1351,508,reliable,1505983522
1319,943,lodging issues,1576436547
2011,2058,seed too costly,1553913681
354,1949,poor germination,1641389860
2089,1238,lodging issues,1566533220
1651,681,lodging issues,1568820583
341,827,reliable,1560956161
165,2375,uniform ripening,1690611347
1421,186,stores well,1672355388
1939,1380,good taste,1583232519
1966,2312,great in clay soil,1584638239
2052,670,disease issues,1636008393
832,1698,early maturing,1551969942
2050,606,pest problems,1574140210
2106,230,poor germination,1664177485
755,2014,poor germination,1607788489
1155,1932,market favorite,1538582063
221,1560,market favorite,1660699826
754,2245,stores well,1653856733
669,261,thirsty crop,1673575692
1200,1841,early maturing,1540093524
10,880,great in clay soil,1540821202
685,1831,reliable,1536906666
281,1403,thirsty crop,1509871176
2165,2145,seed too costly,1623067034
943,2372,needs fertilizer,1685614213
2024,677,good taste,1535573965
1057,1366,great in clay soil,1546188730
51,766,needs fertilizer,1665816464
822,377,thirsty crop,1630925987
353,2014,great in clay soil,1587817993
2178,1625,early maturing,1667206736
791,1689,recommended by extension officer,1501363380
785,873,great in clay soil,1617323827
1243,2169,poor germination,1643816664
1559,694,pest problems,1537705679
804,876,thirsty crop,1533567296
203,2315,reliable,1551602713
1388,800,strong stalks,1557390954
627,1000,uniform ripening,1528351717
515,952,market favorite,1629179596
67,1777,strong stalks,1638469939
1571,2391,seed too costly,1539596974
899,1611,strong stalks,1632660683
1436,2114,seed too costly,1617318833
185,994,needs fertilizer,1536036885
953,2315,poor germination,1576152766
2020,1503,disease issues,1676796314
1319,436,sandy soil ok,1638569887
1784,744,thirsty crop,1542933307
1812,698,needs fertilizer,1611562901
1467,1563,low input,1503687487
1170,972,sandy soil ok,1544065302
409,2218,drought tolerant,1627329319
516,1538,sandy soil ok,1532703386
1053,597,good taste,1632935629
1007,154,reliable,1576175032
1759,2121,reliable,1561183356
1273,2104,low input,1632925296
713,1927,stores well,1534123180
429,2047,needs fertilizer,1505302471
1355,1525,market favorite,1619194758
1362,2233,needs fertilizer,1549667111
621,998,pest problems,1536725004
2135,558,disease issues,1594266663
177,194,drought tolerant,1643593571
756,2468,worth the price,1671875061
1743,907,drought tolerant,1600078889
84,1065,strong stalks,1506479331
1245,1405,disease issues,1654753442
1273,286,early maturing,1517823941
918,1272,stores well,1619433958
819,851,seed too costly,1508963256
1074,1805,early maturing,1589252324
293,1096,reliable,1646854737
1412,2252,worth the price,1592449831
1866,2315,good for intercropping,1672435875
2047,597,worth the price,1607017082
841,1932,worth the price,1583038384
651,753,high yield,1607061142
844,1604,uniform ripening,1583991846
1968,377,thirsty crop,1600757743
1059,68,low input,1618403446
858,1252,reliable,1674446379
157,1925,lodging issues,1592377321
93,2424,drought tolerant,1545568981
1349,701,thirsty crop,1509079971
624,7,great in clay soil,1634991895
798,1981,needs fertilizer,1674768862
1057,1786,reliable,1522001661
1734,394,pest problems,1589009174
1892,2394,needs fertilizer,1575345651
1979,1683,drought tolerant,1552747386
804,421,poor germination,1652682951
90,1739,worth the price,1665169148
381,553,lodging issues,1549564420
1799,596,worth the price,1651502517
528,2189,early maturing,1693122356
1299,1642,low input,1521194381
49,464,early maturing,1631557487
4,40,good taste,1523407623
2147,375,drought tolerant,1675181732
93,1698,sandy soil ok,1616481014
1574,880,worth the price,1614789066
96,229,strong stalks,1635318024
1010,1400,uniform ripening,1598195939
581,1366,high yield,1600335570
94,134,stores well,1638717030
93,1036,worth the price,1530258451
469,578,early maturing,1582694349
102,776,poor germination,1646678924
630,1287,stores well,1679296517
1388,665,pest problems,1699661010
688,1929,stores well,1534328938
721,1699,stores well,1673757800
1032,424,high yield,1668597727
2086,957,great in clay soil,1543880345
1857,2245,thirsty crop,1526561969
1153,1560,great in clay soil,1610808960
271,1980,lodging issues,1599627942
1877,1222,reliable,1665681485
289,2024,good taste,1530555936
215,1526,worth the price,1605498374
1222,2176,strong stalks,1650882477
1266,506,thirsty crop,1586758079
473,1094,early maturing,1576197215
2070,563,sandy soil ok,1669517570
1624,1863,disease issues,1505990400
802,1038,worth the price,1673858749
239,556,good for intercropping,1691140806
790,876,uniform ripening,1583486071
1560,1541,lodging issues,1542734695
1931,1526,seed too costly,1619814198
1236,415,great in clay soil,1593676998
1089,1740,pest problems,1507094562
1176,1258,disease issues,1667800874
1149,1549,stores well,1554615662
1602,1212,drought tolerant,1572561742
518,1435,drought tolerant,1633246297
356,2144,market favorite,1503058483
2121,800,early maturing,1615025708
866,364,strong stalks,1647331665
795,377,reliable,1675854772
1536,407,worth the price,1556247069
1785,829,recommended by extension officer,1694206526
448,1264,disease issues,1649459311
750,2091,high yield,1630724424
618,44,strong stalks,1639613318
826,1618,high yield,1684042847
855,772,low input,1617764010
1096,1353,high yield,1538729747
841,195,thirsty crop,1599394068
1810,2064,recommended by extension officer,1630514386
603,7,sandy soil ok,1676411098
1832,2273,reliable,1686820230
817,2425,reliable,1509575222
1222,378,poor germination,1638638012
527,1974,low input,1630346862
654,63,low input,1557826454
1346,1317,uniform ripening,1671856573
994,377,recommended by extension officer,1513030582
1755,1637,reliable,1535623445
851,1098,drought tolerant,1568718192
2086,2079,reliable,1590581013
420,428,pest problems,1521492657
183,1257,worth the price,1648027239
1739,508,sandy soil ok,1559587055
264,880,sandy soil ok,1506333245
656,1632,strong stalks,1661184711
1638,1365,sandy soil ok,1540810549
1760,2055,low input,1622772095
1443,1912,needs fertilizer,1676453868
1797,1956,worth the price,1534188969
2097,2314,thirsty crop,1548332107
1718,1724,pest problems,1619368123
945,1357,uniform ripening,1600874052
1264,2241,thirsty crop,1615283327
861,2116,good for intercropping,1511992664
330,608,recommended by extension officer,1536739085
2168,489,poor germination,1534023217
1495,194,needs fertilizer,1506485135
1254,1698,lodging issues,1692575150
1599,965,good for intercropping,1605519701
1771,1102,stores well,1555857997
2185,110,low input,1558893637
1336,2094,disease issues,1606004743
253,681,poor germination,1576229143
1622,2266,stores well,1591387359
2073,262,good taste,1583553224
1651,1357,lodging issues,1548037771
2029,178,sandy soil ok,1680203355
832,1647,worth the price,1513589804
2005,370,disease issues,1688918507
1129,1433,reliable,1610586337
1522,2248,thirsty crop,1660915862
732,1546,great in clay soil,1635994853
148,1320,great in clay soil,1671135622
1872,1597,poor germination,1683672283
1727,259,worth the price,1518067795
104,1754,drought tolerant,1657611932
156,2070,lodging issues,1628656312
344,1424,strong stalks,1682929100
1210,1558,sandy soil ok,1673990681
441,130,pest problems,1621533962
882,1698,reliable,1591556760
2177,2014,good for intercropping,1692088783
1493,1136,thirsty crop,1647769408
1151,1595,thirsty crop,1670857771
66,1283,good for intercropping,1511119544
339,1136,reliable,1642008363
2167,1698,lodging issues,1578800155
430,1048,strong stalks,1622294194
1915,401,seed too costly,1617440007
1134,2285,low input,1540045766
273,523,needs fertilizer,1578099518
694,464,good taste,1515403564
115,685,drought tolerant,1674860749
867,2189,strong stalks,1533399178
1384,951,great in clay soil,1624533473
717,2205,great in clay soil,1522389537
1079,1210,early maturing,1665665940
257,358,poor germination,1542088215
1528,381,needs fertilizer,1629985220
1159,105,thirsty crop,1609379239
852,1076,recommended by extension officer,1574191604
73,1076,recommended by extension officer,1540552375
850,1555,low input,1566280783
1445,1022,recommended by extension officer,1680584594
1299,297,pest problems,1584910213
1155,2014,needs fertilizer,1601528658
1267,2421,recommended by extension officer,1606558158
1672,1514,low input,1692375401
1475,424,good taste,1541139518
2110,1213,early maturing,1640525603
1048,7,pest problems,1620394715
2151,2334,strong stalks,1597767777
1907,1162,reliable,1620893435
1507,1195,poor germination,1623137846
105,1216,good for intercropping,1687713409
2003,355,high yield,1600040197
2165,1674,poor germination,1590492556
86,2157,poor germination,1603136461
266,670,poor germination,1544262517
712,161,good for intercropping,1607400201
301,1519,good taste,1573157943
1705,535,uniform ripening,1556523224
2078,965,high yield,1696227863
614,625,market favorite,1609532721
1979,473,low input,1641040369
762,594,good taste,1604829052
1855,1805,high yield,1673859561
1287,268,strong stalks,1584883418
237,853,good for intercropping,1511194145
1787,1981,uniform ripening,1511103843
1933,2256,sandy soil ok,1556602576
1222,1943,early maturing,1577755166
389,1819,high yield,1629565869
1132,504,high yield,1626878442
854,2243,early maturing,1676352047
824,2292,high yield,1649842469
122,4,stores well,1566825497
171,2037,strong stalks,1662980649
381,1912,worth the price,1574287727
336,1386,high yield,1641457130
1204,962,worth the price,1577053663
912,1981,reliable,1616524183
648,1071,strong stalks,1664656308
2064,1932,stores well,1662436488
1892,1917,reliable,1507279848
69,420,stores well,1623007247
971,876,seed too costly,1620547261
1684,1508,high yield,1554470119
405,286,great in clay soil,1536016279
746,29,disease issues,1553880966
1874,432,needs fertilizer,1679384823
892,283,poor germination,1587038169
1374,100,low input,1532227113
295,2410,poor germination,1527101949
630,1949,lodging issues,1551111833
2097,748,pest problems,1612164449
1091,307,great in clay soil,1611553456
917,1854,recommended by extension officer,1581115745
1995,377,thirsty crop,1536298564
165,805,drought tolerant,1633463151
1985,567,drought tolerant,1645283630
1739,2422,thirsty crop,1685285747
207,730,early maturing,1635619700
1513,25,worth the price,1535968071
516,1398,seed too costly,1670944878
1797,2240,strong stalks,1678458012
806,1944,seed too costly,1546647822
1220,1035,strong stalks,1560945218
1297,1223,great in clay soil,1573354947
1701,2291,sandy soil ok,1626917747
2109,780,market favorite,1683535125
1119,1797,worth the price,1649901010
755,1468,thirsty crop,1644342685
1025,876,thirsty crop,1533784806
1260,508,pest problems,1686121829
344,965,disease issues,1583945497
411,1404,good taste,1646061272
161,880,sandy soil ok,1640693984
759,1579,pest problems,1633882138
579,378,lodging issues,1518561572
10,618,stores well,1516993232
1178,1717,drought tolerant,1651416199
442,477,recommended by extension officer,1517157004
1682,52,needs fertilizer,1566388244
736,1546,market favorite,1511260568
177,1613,good taste,1651277144
397,1705,seed too costly,1552638533
1421,189,sandy soil ok,1627821594
918,973,pest problems,1611764274
1562,2083,strong stalks,1500090674
565,1625,seed too costly,1509725323
11,1989,great in clay soil,1509037480
16,957,pest problems,1522804046
861,348,needs fertilizer,1614103890
1392,1686,seed too costly,1549646373
1611,41,good for intercropping,1605138057
1612,1268,sandy soil ok,1638250460
720,1711,sandy soil ok,1618792864
390,1232,poor germination,1663776298
2079,1533,good taste,1651672591
874,1282,low input,1662792195
1216,1497,sandy soil ok,1576052302
425,1548,high yield,1676809151
1278,1674,needs fertilizer,1500631792
1961,1028,sandy soil ok,1593448095
621,464,worth the price,1691688991
1338,385,seed too costly,1676025342
1714,748,recommended by extension officer,1661886418
72,480,market favorite,1684115866
390,659,lodging issues,1648597569
1486,4,sandy soil ok,1649462614
1114,1291,drought tolerant,1513447801
1838,1713,needs fertilizer,1641559211
2179,4,seed too costly,1564680767
1258,2,reliable,1607202035
1359,1592,poor germination,1669973741
493,1074,drought tolerant,1669517439
973,1037,seed too costly,1697852681
1607,726,early maturing,1695948106
1373,1299,recommended by extension officer,1667726404
535,1749,uniform ripening,1673004813
2100,730,good for intercropping,1661938262
238,1724,good taste,1566906611
625,1981,disease issues,1695394951
54,2006,poor germination,1662404422
752,1618,low input,1553762600
1437,1595,lodging issues,1518695995
618,363,low input,1645955346
711,2210,good for intercropping,1621715416
488,407,drought tolerant,1593330891
1795,969,lodging issues,1630222611
1260,1433,seed too costly,1513151308
503,1508,needs fertilizer,1524507542
832,1526,disease issues,1531628200
1134,734,worth the price,1565876500
832,1642,market favorite,1542721793
239,1630,strong stalks,1580149568
2044,355,uniform ripening,1670147478
1636,186,good taste,1635099708
1561,1517,great in clay soil,1535698686
833,100,disease issues,1551499766
1404,2413,early maturing,1672345599
1027,896,needs fertilizer,1585286606
1143,308,disease issues,1677537530
1612,4,early maturing,1686167710
1866,887,pest problems,1681257176
1990,1519,reliable,1508952378
776,1876,high yield,1502281701
2075,210,sandy soil ok,1542545263
932,521,seed too costly,1554353663
2194,578,market favorite,1671974196
1727,2493,pest problems,1547488869
408,195,early maturing,1653436638
865,1914,low input,1600851919
618,30,sandy soil ok,1640681655
853,918,needs fertilizer,1537171825
1322,1304,sandy soil ok,1584678544
1315,672,seed too costly,1698967304
41,24,low input,1641654303
1074,1315,strong stalks,1690905902
832,2285,recommended by extension officer,1552564410
1361,1497,thirsty crop,1544478057
2151,988,uniform ripening,1554137209
687,803,great in clay soil,1646578689
1871,1932,uniform ripening,1513627150
1196,1775,thirsty crop,1596426219
1273,7,recommended by extension officer,1576857273
1377,326,lodging issues,1619784027
1187,1364,needs fertilizer,1612156653
1525,2263,needs fertilizer,1636340197
1281,1771,drought tolerant,1530333145
2179,973,early maturing,1516832045
1201,1363,good taste,1504533467
1891,1292,drought tolerant,1607685808
714,508,good for intercropping,1594153725
1611,251,uniform ripening,1590590734
8,1077,early maturing,1526606955
746,1132,reliable,1524033061
1147,377,pest problems,1555554004
1339,2464,strong stalks,1591115932
1720,271,drought tolerant,1635115796
860,588,reliable,1690511502
641,2143,stores well,1693306407
85,973,high yield,1547296298
797,2174,lodging issues,1605206929
962,1943,worth the price,1607633458
1183,82,stores well,1562039901
841,1321,high yield,1662367363
1800,2438,drought tolerant,1634313937
1128,226,low input,1550312500
1180,1077,disease issues,1549843519
1817,551,great in clay soil,1571735833
1877,896,pest problems,1556771301
842,1036,worth the price,1515351072
1325,134,strong stalks,1576096310
1393,100,poor germination,1692554159
902,2001,stores well,1519565733
1489,1925,sandy soil ok,1618231758
858,2298,stores well,1616572307
643,1259,reliable,1679468888
1257,1747,great in clay soil,1602881141
457,1034,low input,1572408037
1536,364,low input,1550423066
1993,2206,early maturing,1692812472
1841,1754,uniform ripening,1682119964
683,16,needs fertilizer,1521256610
38,2281,disease issues,1629955371
918,375,strong stalks,1682444285
154,481,lodging issues,1659801155
1156,1758,poor germination,1634739446
2060,1222,strong stalks,1565464148
801,2042,good taste,1674423055
148,676,needs fertilizer,1584655146
2079,2,good taste,1689342895
1364,26,drought tolerant,1680609024
1388,1664,recommended by extension officer,1509394674
962,1808,great in clay soil,1532774441
2174,1586,poor germination,1585288538
2090,1357,high yield,1630779756
1981,712,reliable,1689543015
544,1418,poor germination,1598882816
220,1879,good for intercropping,1523702928
542,941,high yield,1593855604
879,2328,lodging issues,1561791034
1228,2047,recommended by extension officer,1593347793
27,1775,good for intercropping,1538299468
741,576,disease issues,1695142135
976,1546,uniform ripening,1527784062
1482,2462,needs fertilizer,1530514565
739,2010,worth the price,1616088275
270,1816,good taste,1672488492
33,19,seed too costly,1637371107
2141,2042,market favorite,1530836293
1487,2014,thirsty crop,1562707444
1651,928,good for intercropping,1681944595
178,1448,high yield,1578151987
1594,7,pest problems,1560638880
1754,2252,recommended by extension officer,1544448780
1359,161,strong stalks,1587285129
928,1541,seed too costly,1680042469
2151,2491,sandy soil ok,1547302688
574,1394,high yield,1585431111
1200,610,seed too costly,1529744793
2071,2436,stores well,1694165955
1445,1036,high yield,1661557196
1440,105,drought tolerant,1587898133
42,2327,pest problems,1619168649
1310,971,early maturing,1679175022
1805,1514,reliable,1505739384
754,1232,recommended by extension officer,1695467673
1334,1282,sandy soil ok,1504806369
864,1986,recommended by extension officer,1569787711
1373,7,reliable,1567557011
188,1932,recommended by extension officer,1535164222
1886,1634,lodging issues,1565493772
375,1635,great in clay soil,1563252608
1535,443,good for intercropping,1646805687
942,377,drought tolerant,1634521661
260,1754,high yield,1507390750
1587,219,reliable,1605976203
1979,2201,seed too costly,1602070664
781,165,needs fertilizer,1581252811
798,1365,good for intercropping,1656009295
793,2047,good for intercropping,1582647677
1600,815,thirsty crop,1577363049
73,1653,seed too costly,1570083504
550,876,recommended by extension officer,1689719510
1010,257,seed too costly,1684707075
253,96,disease issues,1563768406
2174,237,stores well,1626511525
616,2014,seed too costly,1552800129
1065,1537,good for intercropping,1647720320
350,100,drought tolerant,1607570931
1211,1981,stores well,1559313990
1854,630,recommended by extension officer,1584254153
2073,1328,market favorite,1564948805
521,297,high yield,1580494976
1797,46,pest problems,1613765367
1164,191,reliable,1672942754
1532,1659,sandy soil ok,1567932402
437,103,stores well,1690188187
892,1217,disease issues,1686952489
688,1863,good for intercropping,1631264243
330,1672,strong stalks,1601793996
1769,1191,low input,1650611628
1746,1373,early maturing,1568171747
1684,2206,market favorite,1582792412
2167,1904,drought tolerant,1542938370
184,652,good taste,1627098612
369,172,recommended by extension officer,1645158242
860,1256,high yield,1502249630
2118,678,good taste,1557014671
826,1299,worth the price,1627018559
614,1420,stores well,1629958948
1111,2064,good for intercropping,1584738517
717,377,needs fertilizer,1555964329
1094,2481,worth the price,1611754944
1832,52,lodging issues,1588202248
826,1975,great in clay soil,1671137630
1260,579,good taste,1586439586
1518,903,needs fertilizer,1591930288
1714,810,low input,1508130173
1003,1692,market favorite,1584088166
18,364,high yield,1651100079
1210,1739,low input,1561316234
877,377,disease issues,1628864182
903,1515,seed too costly,1648046378
1134,1689,recommended by extension officer,1644935216
510,2331,disease issues,1562946170
592,1494,reliable,1662348139
1346,2358,strong stalks,1646150862
1630,1265,good for intercropping,1550042330
1032,1250,recommended by extension officer,1516228799
279,1057,seed too costly,1562688956
93,972,reliable,1658950270
414,597,uniform ripening,1506105739
836,1632,drought tolerant,1650192394
12,68,strong stalks,1629877413
1258,100,market favorite,1611200154
1757,649,disease issues,1648371464
1547,1835,market favorite,1592517072
2161,978,strong stalks,1694254787
85,1542,lodging issues,1524173479
1134,1439,market favorite,1542340968
603,11,disease issues,1652230937
287,671,low input,1620453208
1465,262,recommended by extension officer,1698501218
2070,29,disease issues,1526014562
705,150,drought tolerant,1661465060
126,1018,good for intercropping,1642441940
402,2291,early maturing,1574454589
1502,451,good taste,1581882066
912,2118,reliable,1523707075
1579,753,poor germination,1568062767
1819,156,sandy soil ok,1627240189
1278,1494,recommended by extension officer,1602794259
1146,1481,strong stalks,1537154974
557,1744,high yield,1669271826
2017,366,thirsty crop,1626150636
602,2316,poor germination,1515366047
485,1265,lodging issues,1651365715
1056,1939,reliable,1659688452
1941,1647,seed too costly,1684328299
1643,680,lodging issues,1684871959
6,2286,recommended by extension officer,1691557214
1904,116,good taste,1631986184
2048,1632,low input,1630607493
1556,1612,recommended by extension officer,1685265569
756,1389,needs fertilizer,1616513747
1182,1597,recommended by extension officer,1595820441
1103,709,early maturing,1642508251
1538,1981,lodging issues,1523932846
645,491,poor germination,1691113730
1648,480,poor germination,1592339752
785,1353,uniform ripening,1614973452
2053,845,recommended by extension officer,1509526241
779,508,uniform ripening,1597757360
959,2238,disease issues,1685924336
37,2014,high yield,1518654207
67,100,uniform ripening,1657437772
1952,381,uniform ripening,1650781585
133,1310,thirsty crop,1577107852
1817,133,drought tolerant,1566945610
1147,2306,sandy soil ok,1611895414
1097,2109,stores well,1610128461
484,845,great in clay soil,1684201571
273,1750,worth the price,1538100628
1284,233,worth the price,1668103985
2183,360,lodging issues,1533582482
2138,1031,good for intercropping,1689230843
205,2327,great in clay soil,1578514436
633,821,good for intercropping,1575173704
904,1196,good taste,1668974547
419,1195,stores well,1546165135
99,200,sandy soil ok,1672413215
1025,1854,seed too costly,1519665857
885,2058,worth the price,1594649812
375,978,good taste,1593657507
522,178,poor germination,1675550659
1172,1698,uniform ripening,1579958023
1334,1610,sandy soil ok,1596578258
1201,311,sandy soil ok,1682627914
1819,297,reliable,1578119034
1449,362,pest problems,1554463605
1432,297,uniform ripening,1531997538
1040,2492,lodging issues,1689590326
654,1819,thirsty crop,1543763528
2124,172,early maturing,1524324889
546,433,seed too costly,1607828131
2055,1405,sandy soil ok,1522368111
953,748,sandy soil ok,1689132942
203,355,good taste,1576171841
237,287,early maturing,1683957180
766,998,thirsty crop,1567646510
132,720,low input,1623618856
894,1433,low input,1620162794
1933,998,recommended by extension officer,1583385476
202,1626,recommended by extension officer,1559811916
1723,890,market favorite,1648043557
833,2240,high yield,1561403817
1679,2361,strong stalks,1628238471
439,1654,early maturing,1507927207
1319,746,strong stalks,1652000524
2091,2201,needs fertilizer,1557689558
531,1658,recommended by extension officer,1519557160
806,1463,disease issues,1586021299
2151,1325,disease issues,1546169018
529,2119,seed too costly,1577818883
1342,2191,market favorite,1505539708
1882,2055,sandy soil ok,1686391718
330,1954,market favorite,1651535056
273,1578,poor germination,1582770163
228,377,needs fertilizer,1695939259
2021,1402,worth the price,1642128754
698,195,seed too costly,1582281706
747,262,seed too costly,1505316643
1738,40,sandy soil ok,1594273024
137,536,recommended by extension officer,1545419995
1486,547,seed too costly,1542164746
2078,1913,needs fertilizer,1570531827
2194,2239,disease issues,1609792432
1557,276,needs fertilizer,1573569619
1084,1332,lodging issues,1621189788
2182,283,high yield,1684273156
2005,513,strong stalks,1626172318
2040,322,high yield,1547307516
1548,1315,low input,1572940748
400,1405,good for intercropping,1696646941
1988,1551,good taste,1621445351
193,1027,high yield,1655444661
225,6,drought tolerant,1556611442
1171,360,pest problems,1547513337
857,1698,high yield,1689686764
833,1232,strong stalks,1671010049
392,536,great in clay soil,1670008655
536,289,stores well,1541058561
2048,377,good taste,1686310179
2185,1977,high yield,1561067581
467,2409,market favorite,1638216579
868,1882,market favorite,1510486033
761,499,needs fertilizer,1619021885
1876,1981,stores well,1690003880
880,1405,strong stalks,1619998837
1854,1191,low input,1692745020
2063,1981,uniform ripening,1508757753
1934,1882,disease issues,1695945967
691,1850,reliable,1692199686
1839,2191,early maturing,1613137691
710,1419,disease issues,1638844478
1835,2211,good taste,1695735338
1599,1608,good taste,1681693097
1536,1816,uniform ripening,1513964738
1020,2330,strong stalks,1582387352
1183,2444,poor germination,1648682587
300,2014,sandy soil ok,1646278458
1594,235,great in clay soil,1563767048
354,115,strong stalks,1677644774
1109,1794,sandy soil ok,1538969322
1499,2481,needs fertilizer,1614263511
665,978,poor germination,1543554745
548,836,poor germination,1659857749
420,1310,low input,1651075159
1961,994,poor germination,1602067854
1484,793,drought tolerant,1549036173
288,55,disease issues,1684674892
769,967,drought tolerant,1530708981
2146,1674,sandy soil ok,1594978694
521,480,sandy soil ok,1598303343
1437,2240,thirsty crop,1521961780
1636,2237,seed too costly,1582182163
1564,1424,pest problems,1571218358
1149,387,low input,1503743605
1060,836,recommended by extension officer,1515514534
1257,1160,drought tolerant,1691844808
1199,1672,reliable,1502198162
794,1256,stores well,1691054064
183,1282,early maturing,1653436412
246,58,reliable,1622908417
1508,2393,needs fertilizer,1605955403
1116,1616,strong stalks,1598609526
1805,114,reliable,1600016685
1368,1035,thirsty crop,1576500136
412,1243,market favorite,1546474985
987,1618,strong stalks,1625327214
2147,1042,good for intercropping,1617995801
1886,1311,poor germination,1617567588
1655,1413,early maturing,1665395029
1245,172,worth the price,1556129575
1162,511,lodging issues,1570690496
2141,103,disease issues,1624153739
811,944,recommended by extension officer,1507483769
332,2108,reliable,1670514190
1374,755,needs fertilizer,1605461157
1266,393,worth the price,1605552148
1040,2351,pest problems,1665409240
854,2313,recommended by extension officer,1580784658
1337,1381,good taste,1605789035
1286,1967,early maturing,1546121781
1912,1609,great in clay soil,1655253132
439,665,disease issues,1542074983
270,1494,needs fertilizer,1665513611
1020,1547,disease issues,1612250851
171,1526,strong stalks,1513127365
1751,1052,seed too costly,1550871774
2064,415,low input,1508340668
1830,1384,seed too costly,1568394920
2059,514,lodging issues,1608927526
1587,1282,high yield,1621148753
419,718,seed too costly,1598015213
200,14,thirsty crop,1687953192
1698,1322,uniform ripening,1607835608
1220,1567,pest problems,1672236884
803,377,worth the price,1676808620
1183,1526,thirsty crop,1603695600
1324,898,disease issues,1618809159
811,330,recommended by extension officer,1507099263
1169,1912,high yield,1581627419
1948,876,worth the price,1662369122
1891,305,high yield,1556740564
148,130,high yield,1613287283
1408,855,worth the price,1501111877
936,1373,high yield,1586021815
811,1618,needs fertilizer,1691395210
418,1981,good for intercropping,1663373135
1675,1672,recommended by extension officer,1522666940
1951,2201,sandy soil ok,1692838188
851,2189,strong stalks,1596204803
1438,1542,good taste,1673299725
1460,1822,thirsty crop,1588700035
2181,1448,reliable,1555149482
1390,979,poor germination,1595855313
24,1213,lodging issues,1561279720
77,2120,disease issues,1660230132
1965,284,recommended by extension officer,1587289433
1508,287,good for intercropping,1596789412
373,320,reliable,1648738933
2031,443,seed too costly,1599349708
405,876,good taste,1553803753
419,1434,lodging issues,1618962143
1678,2233,poor germination,1676980713
1832,1661,reliable,1650721213
1346,8,uniform ripening,1648086160
2165,1745,needs fertilizer,1613123634
476,1526,lodging issues,1614930822
1025,625,seed too costly,1573136044
984,2258,recommended by extension officer,1635487913
1326,263,pest problems,1559048838
351,2195,drought tolerant,1670670020
1523,477,pest problems,1679730568
2022,2153,market favorite,1549444073
1737,426,sandy soil ok,1593192286
1653,1575,drought tolerant,1506517166
666,2315,high yield,1577135456
1982,1547,disease issues,1510248210
1504,722,lodging issues,1519200015
1137,1366,early maturing,1500262198
2005,160,great in clay soil,1646415814
287,2291,uniform ripening,1531729278
138,1232,early maturing,1501762793
1137,420,needs fertilizer,1509154007
1676,1798,lodging issues,1631582494
1502,134,sandy soil ok,1547163897
872,682,seed too costly,1592982438
2161,1065,good taste,1642136028
1422,2292,seed too costly,1546315459
1005,1662,low input,1514558034
809,748,strong stalks,1535747903
1725,994,needs fertilizer,1593558989
214,557,worth the price,1620802755
1246,1026,market favorite,1584035184
788,1775,sandy soil ok,1676975213
239,419,recommended by extension officer,1592836619
150,1378,stores well,1553346228
1589,1634,disease issues,1552140899
1388,1059,drought tolerant,1590971358
2084,1075,lodging issues,1641718069
833,504,seed too costly,1607914264
1396,2439,high yield,1614358981
1011,494,needs fertilizer,1677984294
994,545,poor germination,1634666067
368,1256,thirsty crop,1631332541
273,888,stores well,1558917694
51,7,reliable,1689738504
964,155,stores well,1617132397
14,241,worth the price,1518769774
348,736,recommended by extension officer,1515904481
1176,853,early maturing,1672889225
821,2425,strong stalks,1667706137
1200,457,good taste,1611404046
1249,377,good taste,1659120203
2179,1882,poor germination,1538641287
467,1259,disease issues,1637747709
18,41,drought tolerant,1514778101
1485,809,drought tolerant,1581429974
859,1981,lodging issues,1567491157
350,1592,pest problems,1513931504
1572,186,market favorite,1561711095
1633,555,seed too costly,1557994868
1354,1783,pest problems,1506698180
1958,1256,low input,1539807206
1368,717,uniform ripening,1515300167
387,858,pest problems,1531330109
2072,1237,stores well,1514120803
724,1782,strong stalks,1590395654
916,559,poor germination,1630765554
23,439,worth the price,1679717262
1574,597,worth the price,1545440712
1676,1036,drought tolerant,1552398439
445,423,lodging issues,1520090767
1009,1226,good taste,1592994663
1696,919,stores well,1620931027
655,1405,great in clay soil,1690600184
1676,135,disease issues,1592167770
2114,2412,seed too costly,1653196321
826,50,recommended by extension officer,1528207489
832,40,worth the price,1587666093
734,342,pest problems,1682473959
1801,2194,worth the price,1561430624
1442,7,market favorite,1543405958
1850,1110,stores well,1619188440
841,296,high yield,1534042568
682,318,poor germination,1610404309
1971,1698,thirsty crop,1677525486
878,2186,strong stalks,1679121098
132,24,seed too costly,1573868798
1412,2280,needs fertilizer,1532854768
1811,286,early maturing,1534044772
2190,1366,sandy soil ok,1585283156
49,2337,disease issues,1552546213
960,1917,needs fertilizer,1514091921
1992,414,great in clay soil,1601620357
295,508,reliable,1644242012
531,534,poor germination,1657174894
90,7,good taste,1568190173
53,2090,sandy soil ok,1670028272
2144,222,uniform ripening,1664295685
488,1221,good taste,1670840186
602,381,pest problems,1640700005
1748,574,reliable,1507587188
1651,1981,reliable,1523405153
1829,1810,poor germination,1547908624
665,1377,recommended by extension officer,1527005373
263,536,early maturing,1532887490
40,390,strong stalks,1604852238
516,2356,stores well,1606572323
1842,442,uniform ripening,1503844665
1447,467,worth the price,1619858235
1702,2014,needs fertilizer,1567227950
349,396,thirsty crop,1618892951
490,2102,strong stalks,1563912607
1196,780,drought tolerant,1611659873
73,2167,good taste,1662581097
1505,280,strong stalks,1559152786
300,120,high yield,1592891153
2196,1000,great in clay soil,1694858195
355,2191,good for intercropping,1677822349
1134,1321,good for intercropping,1672531657
926,1468,reliable,1533307840
1669,216,market favorite,1599486836
12,969,stores well,1595851480
966,1148,low input,1510735036
145,480,reliable,1665370794
163,1433,market favorite,1688867649
735,1865,drought tolerant,1614682522
187,299,reliable,1691941292
1299,2014,lodging issues,1585699740
2190,2014,reliable,1621338419
1811,1537,reliable,1528003702
1984,512,high yield,1660716823
1222,1479,sandy soil ok,1617384615
1597,291,drought tolerant,1638911745
1823,2280,uniform ripening,1546344687
1962,65,good taste,1538670831
253,342,poor germination,1606101261
514,2442,reliable,1625848811
1191,5,market favorite,1682660370
355,1874,disease issues,1630797427
196,893,needs fertilizer,1535618362
1950,1898,thirsty crop,1675448432
1354,1208,worth the price,1532133672
1671,46,drought tolerant,1616638071
914,363,low input,1691832722
489,1996,high yield,1586589134
1634,1885,uniform ripening,1645195389
1704,944,early maturing,1500538592
409,477,high yield,1591929380
1864,1698,high yield,1547439366
1068,355,great in clay soil,1512950841
2077,1350,stores well,1650988217
10,2401,uniform ripening,1631900992
273,1386,reliable,1541491458
2103,381,drought tolerant,1558187025
1630,944,early maturing,1695199512
1,1685,good for intercropping,1648057201
2151,401,early maturing,1564651565
988,2226,worth the price,1577208454
776,1321,low input,1502181374
687,2189,high yield,1547551332
1803,826,thirsty crop,1683986575
344,1833,pest problems,1686734280
952,728,reliable,1642873700
563,2151,uniform ripening,1542328088
2036,120,low input,1691537786
83,1284,needs fertilizer,1595280958
1953,1178,uniform ripening,1683347376
109,3,low input,1652996828
675,2229,strong stalks,1557722853
1155,27,poor germination,1585326491
1961,116,strong stalks,1534434225
1983,1265,low input,1678592851
30,1337,good taste,1686329877
1407,1352,lodging issues,1594549649
1529,1975,good for intercropping,1664556968
858,432,high yield,1653990274
259,1373,sandy soil ok,1686127857
683,47,recommended by extension officer,1549646089
459,401,market favorite,1617599957
933,1124,sandy soil ok,1662829303
397,341,low input,1675212023
1622,1536,pest problems,1503817139
1609,1346,drought tolerant,1589590959
1049,2167,good taste,1630371695
1201,205,needs fertilizer,1537805155
1001,1232,needs fertilizer,1685090838
686,377,stores well,1574666093
216,1625,strong stalks,1629069314
1917,1510,high yield,1671835430
223,780,needs fertilizer,1595348210
1616,827,disease issues,1507358764
27,1920,sandy soil ok,1593463238
2119,424,uniform ripening,1586365308
840,381,lodging issues,1699170250
886,2332,good taste,1517184752
1428,377,worth the price,1523889652
2035,864,low input,1680339317
1539,1981,uniform ripening,1570552866
1086,2201,great in clay soil,1696353404
767,439,good for intercropping,1593557939
1669,1065,pest problems,1664754721
1220,7,needs fertilizer,1636176536
105,695,high yield,1645147902
1377,1981,good for intercropping,1527360424
1878,713,low input,1667487883
1142,1829,needs fertilizer,1502533959
353,823,strong stalks,1512998518
557,647,stores well,1568267067
806,393,seed too costly,1659473949
675,1836,disease issues,1571385005
1289,105,poor germination,1647190044
1029,100,worth the price,1652182231
1536,1526,needs fertilizer,1692657080
953,2461,pest problems,1679143869
1656,1000,good for intercropping,1673928564
679,235,early maturing,1609353472
1818,1902,sandy soil ok,1518909615
280,189,good for intercropping,1675008953
493,974,low input,1629790306
1649,855,pest problems,1516472378
365,676,good for intercropping,1513095918
595,1015,low input,1561929812
2061,536,strong stalks,1565493209
823,1476,disease issues,1519110916
228,471,pest problems,1645586782
2017,1366,worth the price,1513612308
1759,957,lodging issues,1534472059
1585,377,high yield,1518937937
1569,153,pest problems,1695015896
1330,1148,market favorite,1679255252
2027,3,early maturing,1545463916
321,2058,needs fertilizer,1681551442
1833,1102,lodging issues,1581267649
115,2046,reliable,1610292921
20,1608,drought tolerant,1622738004
2024,713,strong stalks,1699180769
1911,1212,drought tolerant,1583386159
119,1195,low input,1538771364
1276,381,pest problems,1631809195
2193,1852,low input,1638551554
2015,1481,great in clay soil,1655404290
606,2210,sandy soil ok,1527320150
166,2315,high yield,1505206449
224,1110,market favorite,1666113944
64,1632,sandy soil ok,1626920495
65,2301,good taste,1580296758
2195,103,low input,1671902868
1530,2206,thirsty crop,1519602215
193,1363,recommended by extension officer,1572346299
923,1625,poor germination,1556444589
906,649,market favorite,1505174860
186,1908,needs fertilizer,1550769503
1222,1472,poor germination,1603464846
2075,2256,market favorite,1660227572
91,623,worth the price,1612379869
954,2493,sandy soil ok,1552256239
1688,1941,good taste,1645428310
721,2108,low input,1645747463
1726,508,stores well,1589275764
202,268,high yield,1685177765
1859,517,needs fertilizer,1589784025
432,2280,drought tolerant,1671150289
75,752,worth the price,1530302362
1990,167,poor germination,1547715022
1223,1322,pest problems,1558617849
1899,1408,high yield,1514720123
1332,100,seed too costly,1669193235
1270,2396,drought tolerant,1674938543
543,838,worth the price,1527704184
163,1282,reliable,1653012080
1251,318,poor germination,1563585355
1913,1763,poor germination,1522787728
1274,1981,market favorite,1697300654
273,2369,high yield,1513728344
1991,1925,disease issues,1653859711
1315,730,strong stalks,1683743856
1070,1485,lodging issues,1673774558
2056,877,high yield,1549179572
1379,1160,high yield,1593318788
962,1944,good for intercropping,1614507907
1253,1509,worth the price,1666153531
544,1692,good for intercropping,1583905956
345,805,good for intercropping,1674720492
10,1647,uniform ripening,1673910076
62,1321,strong stalks,1694684809
1711,1358,sandy soil ok,1588711420
1260,183,low input,1687595471
141,2058,drought tolerant,1600855137
1833,1291,uniform ripening,1520459378
1768,114,pest problems,1654858153
9,355,early maturing,1699158629
2076,1723,low input,1511611968
534,80,good taste,1564114184
1889,1836,worth the price,1562328102
72,2014,reliable,1531251297
2053,1816,reliable,1635467963
1675,2124,drought tolerant,1605655994
246,965,pest problems,1612785753
1612,415,worth the price,1651670616
1531,2301,uniform ripening,1593804315
566,377,poor germination,1502753625
391,968,worth the price,1641464080
356,1105,early maturing,1507988219
1423,143,good for intercropping,1524545277
938,1546,lodging issues,1632255983
2095,480,disease issues,1687834315
1871,219,stores well,1525027958
850,1749,drought tolerant,1544144068
287,250,stores well,1510000786
1018,37,uniform ripening,1624844892
1341,494,strong stalks,1697983609
1543,41,early maturing,1663304498
2093,1430,early maturing,1696386631
232,5,worth the price,1655017548
2129,1749,needs fertilizer,1635628797
1879,1373,thirsty crop,1526367025
913,2229,seed too costly,1586060742
2090,2289,good taste,1591868984
1264,924,uniform ripening,1543408594
1728,2143,great in clay soil,1501093224
345,2014,high yield,1573198529
802,1292,good for intercropping,1583051194
1395,1754,seed too costly,1592892447
1141,588,drought tolerant,1555275540
643,3,lodging issues,1553701620
2116,1580,stores well,1635891064
249,1079,worth the price,1686054465
333,57,drought tolerant,1667106039
834,1943,reliable,1648969368
1760,393,sandy soil ok,1665414399
2090,1299,poor germination,1597676960
156,1208,thirsty crop,1607048473
1801,2432,early maturing,1646308160
552,499,lodging issues,1599481885
2013,1697,high yield,1625967997
589,1359,good taste,1535294228
905,4,reliable,1528834780
1523,4,good taste,1574882023
697,1938,seed too costly,1550185856
56,766,drought tolerant,1509773148
1353,1675,market favorite,1668276194
1961,2315,sandy soil ok,1598714722
219,1853,drought tolerant,1695756700
1945,46,low input,1506537069
621,1573,thirsty crop,1653114224
452,1682,needs fertilizer,1646787684
2043,100,sandy soil ok,1632260005
1537,1625,disease issues,1572623098
620,1448,great in clay soil,1654912728
1111,4,drought tolerant,1671925771
2015,2013,poor germination,1554927476
1364,2315,pest problems,1576062088
885,2167,early maturing,1596449676
552,657,recommended by extension officer,1546347636
352,1497,worth the price,1595864004
850,1211,sandy soil ok,1657815077
1461,196,market favorite,1692938351
187,307,needs fertilizer,1625834033
1423,2079,recommended by extension officer,1563093163
638,1981,seed too costly,1572814788
489,377,reliable,1524656041
1583,2189,market favorite,1543165313
82,125,drought tolerant,1581096040
386,1408,good for intercropping,1533464819
1490,1418,great in clay soil,1599637309
1597,1560,thirsty crop,1529964603
1066,876,lodging issues,1620757488
1397,2229,good taste,1528906472
111,2005,uniform ripening,1656443944
318,424,uniform ripening,1567949666
1370,1222,good for intercropping,1596091148
1158,98,disease issues,1678881884
174,2315,seed too costly,1546657283
2155,364,sandy soil ok,1682851531
1950,905,good taste,1664081647
1511,1667,sandy soil ok,1686747796
332,1331,poor germination,1514833437
1564,2149,seed too costly,1550316036
1071,1981,good taste,1607907485
2035,1993,poor germination,1665671236
275,1586,needs fertilizer,1568236808
866,1647,seed too costly,1641271411
1355,1379,reliable,1676520042
804,155,low input,1627170635
56,133,poor germination,1580941561
1926,135,pest problems,1567919681
1900,1649,good for intercropping,1638538128
1365,2201,high yield,1569001375
862,377,recommended by extension officer,1688110925
1183,1981,early maturing,1675840994
1200,1983,thirsty crop,1648977039
852,1401,thirsty crop,1559081277
194,1365,reliable,1675117526
1707,2166,sandy soil ok,1685067020
2178,2484,recommended by extension officer,1544089373
896,675,market favorite,1628943724
1025,1140,high yield,1558657392
962,2189,low input,1537788699
513,1302,drought tolerant,1602081437
1833,807,disease issues,1613599493
2128,1403,recommended by extension officer,1667840596
645,1365,stores well,1653682947
1566,2147,worth the price,1637737789
1463,1043,lodging issues,1638119116
1034,7,worth the price,1580605917
2138,224,good for intercropping,1630799483
1483,1876,disease issues,1658363190
1959,2014,uniform ripening,1552216853
2033,1448,uniform ripening,1695590321
2022,2066,good taste,1549300381
2080,1222,reliable,1561531077
1984,1981,great in clay soil,1590660771
1219,72,stores well,1590515615
867,2210,sandy soil ok,1616695941
1854,1874,thirsty crop,1691381351
1449,2348,early maturing,1544097956
1350,228,lodging issues,1665939411
1780,2421,high yield,1597236256
1496,1740,good for intercropping,1593084378
516,1148,seed too costly,1510645368
265,445,low input,1596836833
1169,1224,pest problems,1647303813
430,2315,thirsty crop,1570504381
363,623,thirsty crop,1630696494
830,1752,lodging issues,1666669828
38,1798,good taste,1629945103
885,1202,stores well,1695827688
258,127,low input,1612642059
729,1925,sandy soil ok,1617374778
1140,1774,drought tolerant,1562050331
2090,1598,recommended by extension officer,1616496555
1890,360,worth the price,1507681865
1331,155,good taste,1686599735
1436,1256,high yield,1503197613
1077,1085,lodging issues,1623700895
2087,2014,reliable,1568768740
364,1378,great in clay soil,1699268307
1256,432,high yield,1690644419
1768,1596,drought tolerant,1531984207
1777,918,needs fertilizer,1539541026
1935,192,poor germination,1628436374
1258,2189,good for intercropping,1565793476
1330,1132,reliable,1579234339
1444,413,sandy soil ok,1685508643
403,299,reliable,1642585214
630,1692,poor germination,1606765486
1049,2476,thirsty crop,1557633392
266,2077,strong stalks,1592965165
1748,1671,strong stalks,1675621149
931,2237,seed too costly,1631996140
1236,316,recommended by extension officer,1536338681
330,1419,needs fertilizer,1610556990
253,717,recommended by extension officer,1640014441
469,2400,pest problems,1637908950
434,1401,good taste,1572517995
716,1187,seed too costly,1699853475
1392,1426,disease issues,1648036992
501,103,good taste,1610048224
2043,1754,high yield,1586512775
1986,2292,thirsty crop,1699626486
1049,2121,uniform ripening,1642661988
357,2201,seed too costly,1692320712
1494,881,poor germination,1511009045
1690,855,lodging issues,1656446235
1078,396,poor germination,1549852341
1017,1618,poor germination,1678016654
908,2252,recommended by extension officer,1608220205
399,1612,reliable,1618629900
37,1549,lodging issues,1528309238
154,888,stores well,1589175094
2014,1163,uniform ripening,1695075365
146,1389,poor germination,1656912102
1684,424,uniform ripening,1677040392
1418,1662,poor germination,1683363702
1153,1125,good for intercropping,1642363177
948,1702,lodging issues,1648354055
280,377,needs fertilizer,1688440180
682,1017,seed too costly,1560375433
1521,1208,market favorite,1516146053
1497,473,reliable,1542736722
1879,27,lodging issues,1530858435
832,1003,stores well,1682252222
1910,62,worth the price,1578188129
1608,611,pest problems,1627785717
1772,746,recommended by extension officer,1513052019
193,2192,low input,1527424498
620,1725,sandy soil ok,1651090340
151,2363,pest problems,1510394666
2099,364,drought tolerant,1642818680
1194,1932,uniform ripening,1532522663
351,1468,uniform ripening,1642705964
1634,1726,good for intercropping,1602178739
556,1690,disease issues,1524909576
1429,924,good taste,1515695019
312,323,good taste,1688823555
208,478,recommended by extension officer,1624517055
1107,1262,worth the price,1530842012
1630,2205,sandy soil ok,1610303741
1356,1110,great in clay soil,1634665527
864,1042,low input,1645569443
2182,2090,seed too costly,1632386581
475,1518,early maturing,1553733878
835,800,sandy soil ok,1560077680
2155,1406,sandy soil ok,1606185007
1150,798,seed too costly,1625485724
584,1670,recommended by extension officer,1637154739
1068,2189,high yield,1617760608
1122,2333,disease issues,1568300257
380,1793,stores well,1501872490
1144,355,high yield,1698168104
346,1280,strong stalks,1646677138
268,40,pest problems,1663105564
1928,1617,strong stalks,1533599488
1479,920,poor germination,1585275741
238,1821,poor germination,1666379159
514,2025,recommended by extension officer,1544345845
97,200,good for intercropping,1616760056
571,1178,stores well,1516255277
1701,2114,worth the price,1635368114
109,1359,reliable,1605838993
552,2240,uniform ripening,1614995212
193,1171,thirsty crop,1524887843
1646,1981,lodging issues,1511207246
1404,1222,needs fertilizer,1680685403
1848,52,lodging issues,1679093498
1864,2408,drought tolerant,1658739997
367,7,uniform ripening,1683198595
1852,2206,seed too costly,1565979032
1170,2454,sandy soil ok,1694522720
484,829,uniform ripening,1547438145
522,1027,needs fertilizer,1693201331
1749,421,disease issues,1641278433
595,2014,great in clay soil,1608640154
620,2416,uniform ripening,1611153737
1956,172,early maturing,1576168434
1031,2240,poor germination,1572111153
167,578,early maturing,1587787269
997,2106,stores well,1602459875
1555,77,pest problems,1506879321
585,800,good taste,1547984806
396,186,disease issues,1594896281
2100,231,poor germination,1535112194
1542,1969,strong stalks,1681948975
783,1662,high yield,1649968547
488,2461,low input,1652448039
995,1295,drought tolerant,1546498408
1638,1286,seed too costly,1648493296
811,1394,disease issues,1605435826
651,2055,stores well,1596047037
266,1685,stores well,1594425829
932,1708,great in clay soil,1654128982
680,1256,strong stalks,1694518286
336,355,drought tolerant,1575042946
361,2055,strong stalks,1663947340
1569,2158,poor germination,1522030862
1386,873,drought tolerant,1654455301
1307,1546,market favorite,1524262871
1846,318,good for intercropping,1616058534
67,105,thirsty crop,1656840350
1988,1777,pest problems,1606188175
284,398,reliable,1611568390
1228,1365,disease issues,1676106472
1598,2180,good taste,1595582147
5,439,low input,1618886790
1757,22,thirsty crop,1663200838
2039,2096,seed too costly,1553008320
5,1365,good for intercropping,1541124925
1700,100,needs fertilizer,1580337721
973,2251,disease issues,1573799653
1142,1284,strong stalks,1508559211
512,1494,pest problems,1517576026
2072,2027,drought tolerant,1548205652
256,1981,uniform ripening,1555951674
521,167,sandy soil ok,1577179456
1456,172,seed too costly,1586459647
714,2055,sandy soil ok,1692917794
2095,890,needs fertilizer,1584621533
371,2058,seed too costly,1685603907
390,233,uniform ripening,1518126198
1256,2024,uniform ripening,1552299184
1234,2162,pest problems,1644570047
1425,335,pest problems,1669286915
364,1044,reliable,1656114621
1397,733,seed too costly,1501926194
1740,1896,needs fertilizer,1671249773
79,1574,needs fertilizer,1613505435
239,1698,worth the price,1685402535
1000,1289,recommended by extension officer,1606168187
1730,1578,needs fertilizer,1639653804
1327,938,reliable,1554370334
968,1666,market favorite,1572945108
700,1365,reliable,1520067088
2178,2178,reliable,1535559517
1430,2422,recommended by extension officer,1652710406
1322,1812,thirsty crop,1678276075
1167,2258,disease issues,1542213467
1299,2394,uniform ripening,1544067569
1819,2233,pest problems,1661545989
79,1852,pest problems,1575538357
1818,194,market favorite,1660102630
1836,1975,market favorite,1650664407
1768,792,recommended by extension officer,1699651557
998,748,needs fertilizer,1598458686
1675,1110,high yield,1614336321
429,2262,pest problems,1582261347
2011,1698,disease issues,1576045260
780,1701,market favorite,1668193270
1790,1778,good for intercropping,1602797953
293,631,seed too costly,1601940746
159,311,stores well,1624931098
428,2334,uniform ripening,1523258347
1256,1882,poor germination,1586504483
776,47,stores well,1607661237
84,194,drought tolerant,1691000718
1820,329,early maturing,1667367437
2061,1597,seed too costly,1592403521
1480,7,lodging issues,1628381387
1542,887,needs fertilizer,1699716022
383,1838,disease issues,1547283588
1028,4,strong stalks,1594154104
1664,2174,market favorite,1567887850
1750,2229,reliable,1539351991
871,471,thirsty crop,1508533037
1468,2145,good for intercropping,1639091749
168,377,stores well,1694849192
386,194,good taste,1563704596
2152,329,poor germination,1537642721
850,269,poor germination,1601110317
2184,2014,strong stalks,1686661058
420,2014,strong stalks,1667057393
1632,1239,good taste,1514769265
1890,1992,lodging issues,1632589521
957,1762,lodging issues,1536638502
1344,313,early maturing,1510403405
787,294,high yield,1581242877
771,194,great in clay soil,1652943989
761,1910,lodging issues,1694978291
385,1667,thirsty crop,1688109632
1997,584,needs fertilizer,1596434239
307,1981,strong stalks,1627443017
1612,1111,good for intercropping,1624932799
512,2181,lodging issues,1618660145
1033,1520,stores well,1588661426
1401,855,early maturing,1540284456
523,48,worth the price,1548075341
1678,2315,market favorite,1607823218
1017,102,poor germination,1567867188
187,2189,thirsty crop,1651634498
1911,2213,great in clay soil,1681406127
1154,1794,good taste,1615177693
1083,194,sandy soil ok,1683567102
288,1933,drought tolerant,1620640582
93,1836,lodging issues,1667362524
1979,2458,great in clay soil,1538146051
1366,1140,uniform ripening,1528714905
370,934,sandy soil ok,1608371871
466,205,needs fertilizer,1535604171
2125,1363,reliable,1528080735
1818,1291,stores well,1610256560
763,226,low input,1536024802
2100,208,lodging issues,1635981026
1000,1920,needs fertilizer,1571952014
82,1929,good for intercropping,1656557016
1468,839,worth the price,1678785962
420,311,worth the price,1683057795
1131,1949,stores well,1645619438
535,520,stores well,1596193227
1353,362,great in clay soil,1637828231
1710,1359,high yield,1553885996
1714,297,great in clay soil,1677144289
1828,1938,recommended by extension officer,1504658899
790,2226,thirsty crop,1611552072
948,268,pest problems,1579931283
1345,767,great in clay soil,1557903697
1318,1912,lodging issues,1626998734
1080,1423,disease issues,1655986571
1255,1586,disease issues,1500178861
1772,2024,worth the price,1503607001
324,700,worth the price,1644000120
287,1940,seed too costly,1635270128
364,1866,sandy soil ok,1569151557
798,1749,needs fertilizer,1554509772
1000,1418,sandy soil ok,1514750393
319,648,thirsty crop,1574024471
1899,2384,seed too costly,1519541907
481,2191,poor germination,1579125496
1048,867,stores well,1542654133
556,710,needs fertilizer,1605179230
196,2487,low input,1689059159
552,2358,disease issues,1505663168
1536,39,uniform ripening,1682119857
678,1884,early maturing,1600225736
1018,2049,needs fertilizer,1568526093
1737,1490,good for intercropping,1692340739
841,1363,seed too costly,1620185079
872,175,stores well,1588588256
2151,1725,high yield,1608736025
53,876,seed too costly,1513489030
80,72,lodging issues,1564848257
1227,4,needs fertilizer,1549806007
316,1763,reliable,1578390547
501,1625,needs fertilizer,1634962769
2044,2240,thirsty crop,1585677298
477,1488,poor germination,1694725988
1304,50,uniform ripening,1624740994
1554,992,seed too costly,1650936831
579,1981,needs fertilizer,1541475457
889,1065,good for intercropping,1606764320
2105,1222,disease issues,1518868258
102,898,stores well,1670011415
159,1708,good taste,1566557544
729,1640,drought tolerant,1522217965
1682,19,uniform ripening,1612134415
437,1490,great in clay soil,1601470760
1577,567,lodging issues,1598100775
2054,1419,recommended by extension officer,1671573457
1504,271,thirsty crop,1632939707
690,2266,good taste,1677178106
2112,1426,good for intercropping,1589671941
273,1859,early maturing,1596643023
1175,2,good taste,1541598682
889,100,lodging issues,1655741680
2168,1822,market favorite,1693005037
2154,2055,disease issues,1675200490
1680,1232,seed too costly,1668942630
876,1901,disease issues,1510051065
1174,1908,needs fertilizer,1607431114
1060,4,drought tolerant,1562291262
1184,2014,disease issues,1526718201
667,748,market favorite,1617229373
1597,1488,pest problems,1527617265
46,2315,seed too costly,1625841027
883,1917,seed too costly,1650373548
2082,1596,pest problems,1568830926
517,462,high yield,1678634587
1773,250,great in clay soil,1516858262
1952,594,lodging issues,1634415803
1834,918,uniform ripening,1643823242
1027,2,needs fertilizer,1564704602
293,1993,sandy soil ok,1641877065
2006,647,great in clay soil,1663653755
1855,1989,pest problems,1586790427
694,75,thirsty crop,1550151788
1283,2168,good for intercropping,1575409354
412,291,drought tolerant,1600319680
1977,1541,lodging issues,1559955448
1612,103,poor germination,1580128584
811,759,high yield,1503353268
2011,2262,high yield,1540376146
574,1292,low input,1605767767
782,849,stores well,1534173542
291,1632,disease issues,1531014150
936,2058,good for intercropping,1645846855
662,1122,strong stalks,1519516879
1507,576,stores well,1516291885
1265,1698,reliable,1604565251
1546,1314,disease issues,1694842815
864,651,low input,1545414952
1393,2240,drought tolerant,1576501048
1767,896,stores well,1665189712
645,825,reliable,1536812117
1950,1981,strong stalks,1612415729
1531,748,seed too costly,1663922790
1483,1836,drought tolerant,1576211564
2093,1625,lodging issues,1571367875
555,52,low input,1615335581
448,1551,thirsty crop,1529176851
1551,260,stores well,1658415719
1971,614,thirsty crop,1574288686
1594,1946,market favorite,1517447290
142,851,market favorite,1558808128
778,4,good taste,1546557974
14,2247,uniform ripening,1610197278
838,415,lodging issues,1528322128
841,958,great in clay soil,1507328460
1026,2253,uniform ripening,1635644490
1346,2201,seed too costly,1540634537
870,2375,high yield,1553711782
560,1122,thirsty crop,1598640188
849,2446,great in clay soil,1667255695
1391,69,high yield,1571099915
1314,1874,pest problems,1506816687
934,1559,poor germination,1646428094
288,100,good taste,1595597660
631,1468,stores well,1691685479
1121,2315,worth the price,1502516030
295,1405,recommended by extension officer,1527300401
716,840,strong stalks,1535139994
381,1844,reliable,1622331761
1885,2218,seed too costly,1692264625
8,836,drought tolerant,1579202789
336,331,drought tolerant,1586061283
2101,1023,sandy soil ok,1615702193
1684,880,disease issues,1608208914
1080,1703,stores well,1635394652
1157,1995,good taste,1683851318
1118,180,uniform ripening,1599721280
466,1078,poor germination,1538441280
1514,1912,strong stalks,1591376410
212,1648,early maturing,1673583290
1257,2253,good taste,1684095027
1702,716,early maturing,1508744499
218,1685,uniform ripening,1524154296
1182,1879,low input,1621482034
19,2420,needs fertilizer,1523666001
2138,2461,needs fertilizer,1537935362
1115,982,needs fertilizer,1661034840
1714,142,strong stalks,1688802342
805,1222,drought tolerant,1674018694
791,1841,drought tolerant,1516607458
1686,75,great in clay soil,1594804849
917,2206,reliable,1595360667
443,100,worth the price,1588590258
1292,746,drought tolerant,1633506569
888,155,sandy soil ok,1546448919
1984,213,stores well,1634573640
1416,480,strong stalks,1569498442
554,1400,needs fertilizer,1595047114
1007,1110,great in clay soil,1566256718
1944,1956,seed too costly,1538782750
1870,2014,lodging issues,1568892581
622,1239,good for intercropping,1583031765
348,1945,poor germination,1617028684
256,1153,needs fertilizer,1556264544
1474,473,disease issues,1664833945
898,1363,sandy soil ok,1580693516
2009,2377,sandy soil ok,1632541846
1520,1122,great in clay soil,1604486930
654,2102,good taste,1558936776
2,4,needs fertilizer,1661687103
1115,871,low input,1664866504
162,1364,needs fertilizer,1678571330
523,1981,low input,1668331443
2011,2241,needs fertilizer,1581588014
225,2189,lodging issues,1602265413
2185,717,disease issues,1591071918
718,1754,needs fertilizer,1600886161
1134,7,seed too costly,1579354191
1049,480,disease issues,1619992717
2008,1033,thirsty crop,1566607573
592,747,poor germination,1692067100
1858,944,thirsty crop,1671785588
655,34,lodging issues,1514208239
268,381,sandy soil ok,1689731354
565,1471,drought tolerant,1602387168
1613,1239,strong stalks,1546468938
619,2348,market favorite,1686189048
630,2079,sandy soil ok,1549986991
528,342,good taste,1647087985
107,787,good for intercropping,1501499506
187,1879,market favorite,1522485704
584,274,sandy soil ok,1555084419
722,329,strong stalks,1582958890
1229,63,reliable,1545408711
1256,381,worth the price,1642649300
502,1494,seed too costly,1608605012
263,2371,seed too costly,1556370431
1360,47,disease issues,1669269912
237,1418,seed too costly,1549481563
1590,1337,strong stalks,1624476135
1853,899,good taste,1667795648
326,2090,early maturing,1598388729
1673,1546,stores well,1504101799
291,1939,seed too costly,1672654136
1652,2098,disease issues,1673917748
542,287,sandy soil ok,1579715592
1147,1995,early maturing,1521708927
437,1224,low input,1649470968
727,1357,lodging issues,1508039414
1645,2315,strong stalks,1542963818
1172,2045,recommended by extension officer,1569116456
1234,2417,high yield,1617801414
239,2338,high yield,1588939441
2112,625,great in clay soil,1555548662
1066,1920,low input,1571648309
315,1900,sandy soil ok,1530200772
2132,1708,worth the price,1648663177
1672,2,disease issues,1600901046
1034,362,thirsty crop,1598703879
484,729,early maturing,1696025357
1634,2066,seed too costly,1664851795
1369,1256,seed too costly,1697834954
1464,521,drought tolerant,1524895111
1366,443,high yield,1538022868
418,697,uniform ripening,1555475260
1985,1351,uniform ripening,1699573117
94,1265,early maturing,1526285225
366,377,good taste,1625348588
1833,76,stores well,1506242451
1163,424,market favorite,1641588086
457,1619,worth the price,1502160365
1746,355,lodging issues,1674913542
197,518,early maturing,1616541201
1225,1359,uniform ripening,1524386439
1873,1457,recommended by extension officer,1540515753
1979,2017,uniform ripening,1614715247
1000,7,stores well,1536136082
1837,2330,reliable,1681659252
936,414,sandy soil ok,1650591818
2003,205,disease issues,1693492456
1089,424,seed too costly,1563779757
1816,2121,low input,1570709751
1842,1221,great in clay soil,1506643549
985,1754,needs fertilizer,1644307463
1943,1850,lodging issues,1576374237
425,47,good for intercropping,1589173866
1200,1232,reliable,1575613216
1137,52,pest problems,1666088769
865,1448,stores well,1537931465
1832,1619,pest problems,1542446576
1984,1665,thirsty crop,1571341758
2186,1780,good for intercropping,1694156225
2129,643,reliable,1591063133
2114,224,good for intercropping,1507467933
633,1466,market favorite,1589638273
900,156,seed too costly,1567772276
1142,586,drought tolerant,1509338797
863,1617,poor germination,1669588780
14,1432,good taste,1531879430
832,1745,market favorite,1562677954
334,925,good taste,1579243082
1354,804,sandy soil ok,1547077187
794,508,good for intercropping,1592807766
1796,1711,pest problems,1627674324
446,876,good for intercropping,1553037983
721,1364,good for intercropping,1541366389
1357,43,disease issues,1572820797
691,799,worth the price,1581109717
1717,1777,recommended by extension officer,1682292356
675,2315,disease issues,1504588647
1283,7,reliable,1514078976
1508,934,reliable,1562215772
1460,1493,low input,1571846288
1171,2422,worth the price,1534399463
112,1738,needs fertilizer,1639921911
2126,829,needs fertilizer,1564043682
656,508,uniform ripening,1689458390
852,2014,disease issues,1607705149
116,1749,great in clay soil,1615673006
1731,2428,strong stalks,1519799575
299,190,worth the price,1612044291
587,2361,drought tolerant,1575172084
633,2315,disease issues,1662637923
962,101,high yield,1578590657
967,1405,needs fertilizer,1517249550
1950,1306,worth the price,1582002232
359,1464,pest problems,1658475983
1569,8,disease issues,1665160846
1422,2055,worth the price,1503897369
489,1257,needs fertilizer,1566598722
2084,2014,high yield,1655241987
1222,1180,great in clay soil,1678088076
15,588,recommended by extension officer,1504189599
799,1468,seed too costly,1643432422
182,480,disease issues,1576707657
2084,1426,disease issues,1659553660
1118,1744,reliable,1625697589
1823,535,needs fertilizer,1631691348
1465,1926,early maturing,1584672051
1491,833,recommended by extension officer,1687493208
191,2373,disease issues,1582080879
2057,1805,great in clay soil,1515433670
833,409,high yield,1525046033
1681,657,great in clay soil,1522651423
442,206,poor germination,1581867041
2155,100,pest problems,1625727493
1308,1194,uniform ripening,1622330136
1436,3,good for intercropping,1611106527
212,1335,seed too costly,1531018670
1529,712,thirsty crop,1692851949
2149,1649,great in clay soil,1646458931
1984,1898,lodging issues,1616508215
1041,1580,uniform ripening,1544472622
510,1850,reliable,1512596813
1068,712,high yield,1503900973
1291,716,strong stalks,1532787573
1696,2210,uniform ripening,1575630488
1810,1452,lodging issues,1688193676
1832,1719,drought tolerant,1545944638
829,377,sandy soil ok,1603677141
1624,1796,good taste,1502727389
963,261,low input,1613196521
922,712,great in clay soil,1525510022
71,1110,stores well,1624043904
258,1026,good taste,1674218587
1157,1597,pest problems,1623732565
1336,420,poor germination,1539023248
509,1005,good for intercropping,1594456749
1624,1726,disease issues,1553958299
2046,556,great in clay soil,1654149891
1809,752,pest problems,1619791798
332,1363,strong stalks,1537644933
158,507,drought tolerant,1667349739
1510,1647,poor germination,1557337807
1310,411,poor germination,1560210326
358,523,market favorite,1697693683
793,870,drought tolerant,1573144499
56,355,seed too costly,1687055843
104,1197,good for intercropping,1635250377
2065,1395,needs fertilizer,1517436439
1342,195,disease issues,1506490560
1934,748,stores well,1589810773
678,1989,seed too costly,1500561481
877,1211,high yield,1598285079
1684,1595,pest problems,1680404577
1556,198,lodging issues,1698954955
1612,594,needs fertilizer,1530171251
377,19,disease issues,1610319719
978,3,needs fertilizer,1680893504
710,2136,great in clay soil,1559561792
1711,393,lodging issues,1533018627
1359,1929,needs fertilizer,1670008585
1712,2481,good taste,1616571411
1257,1101,strong stalks,1667301022
71,432,good for intercropping,1550498174
1813,2484,lodging issues,1549524454
1275,2256,uniform ripening,1650810760
1479,2201,great in clay soil,1646162015
611,896,stores well,1513296044
1997,1282,high yield,1645097797
633,195,lodging issues,1584416815
871,1647,good taste,1628605973
2046,265,disease issues,1541553052
217,2014,recommended by extension officer,1588170975
763,1335,good taste,1620221433
1969,1099,drought tolerant,1534036561
880,2212,poor germination,1516197401
2093,1775,disease issues,1533507432
981,1357,uniform ripening,1689784744
88,1974,sandy soil ok,1623705910
1866,1395,recommended by extension officer,1683947680
1332,1625,sandy soil ok,1503876145
1825,1612,uniform ripening,1551869295
586,1373,early maturing,1621464546
1797,233,thirsty crop,1677630416
448,1292,sandy soil ok,1537454152
1024,1252,stores well,1605485747
755,424,seed too costly,1541510815
1953,1625,drought tolerant,1670950171
532,1546,lodging issues,1687989351
716,1215,recommended by extension officer,1609868546
667,512,recommended by extension officer,1616431776
1373,1617,market favorite,1680826940
1187,2138,seed too costly,1645804963
1784,480,stores well,1627769394
1599,1794,pest problems,1680316611
889,271,needs fertilizer,1501436290
2155,727,seed too costly,1555421508
119,1541,reliable,1671035061
1104,159,good taste,1540211013
441,1662,worth the price,1510597490
560,1675,disease issues,1658508123
2092,311,recommended by extension officer,1630504839
2041,1592,worth the price,1678381182
1812,2291,worth the price,1591389729
1301,2240,thirsty crop,1528321625
1976,1036,disease issues,1677240990
935,59,needs fertilizer,1555985616
850,2177,stores well,1668173164
2057,268,stores well,1688572805
490,268,great in clay soil,1680433282
1939,186,good taste,1587711087
584,1568,seed too costly,1514498665
616,1350,high yield,1556981896
219,431,drought tolerant,1692751335
1956,362,seed too costly,1604104904
967,413,worth the price,1541247139
553,826,strong stalks,1553520781
1701,507,needs fertilizer,1600587785
1793,1405,sandy soil ok,1553855479
94,1405,worth the price,1559445436
91,1423,good for intercropping,1506785672
335,84,disease issues,1559194662
1814,52,uniform ripening,1633422825
1771,59,drought tolerant,1508493361
1496,355,drought tolerant,1546745107
1401,1071,drought tolerant,1633862286
551,2014,great in clay soil,1591732895
1687,98,stores well,1533766117
2161,261,early maturing,1509547817
109,1932,drought tolerant,1632284076
641,2334,good for intercropping,1686431807
288,662,drought tolerant,1642458676
284,1057,uniform ripening,1678587740
641,1771,high yield,1579735204
2168,1322,recommended by extension officer,1664692246
1171,2253,worth the price,1581201873
1233,1128,reliable,1694278306
1224,103,uniform ripening,1580998885
1703,697,recommended by extension officer,1625022165
1411,402,strong stalks,1571181047
1067,2055,good for intercropping,1579198738
2084,1623,drought tolerant,1579257583
2112,421,sandy soil ok,1633823312
1661,1724,thirsty crop,1591260235
986,418,recommended by extension officer,1626690388
538,2412,great in clay soil,1624629011
2050,125,pest problems,1641599499
450,1058,high yield,1582264872
926,133,high yield,1660700089
1502,1597,seed too costly,1590117407
652,1494,poor germination,1540278669
126,1160,recommended by extension officer,1584025935
854,805,pest problems,1523588402
106,2043,good for intercropping,1528676811
1528,1518,pest problems,1527270642
769,1898,worth the price,1524412461
1050,158,needs fertilizer,1632371607
1919,1466,sandy soil ok,1604892746
1823,845,strong stalks,1577064122
10,1658,great in clay soil,1650155056
862,2240,thirsty crop,1503298327
2042,866,great in clay soil,1627053556
1425,1546,sandy soil ok,1648228914
106,48,early maturing,1563935372
874,1838,disease issues,1655417704
1901,1629,good for intercropping,1622630971
1206,1404,good for intercropping,1632377924
1599,130,sandy soil ok,1672006138
266,2315,needs fertilizer,1603352751
1292,1981,good for intercropping,1604380577
606,2240,market favorite,1614807099
925,1616,disease issues,1684352513
2113,1850,strong stalks,1526648543
1307,2352,high yield,1698295901
210,1299,uniform ripening,1679068113
816,1319,thirsty crop,1577497925
490,436,disease issues,1664935521
1003,3,reliable,1559088207
1821,1816,early maturing,1605228240
1165,2124,early maturing,1504959018
590,1593,market favorite,1617826518
2180,2035,drought tolerant,1643167635
1759,1596,strong stalks,1507735402
1785,1456,poor germination,1544018289
1036,1625,uniform ripening,1554064313
1491,1660,poor germination,1575220754
2101,1337,thirsty crop,1613196707
41,2034,recommended by extension officer,1637701056
71,2149,disease issues,1537918720
1448,1036,strong stalks,1512106461
200,424,low input,1633404732
11,2210,seed too costly,1559660198
1930,377,early maturing,1542309475
1377,2189,market favorite,1561044626
171,2240,good taste,1649237844
1170,1210,drought tolerant,1591996091
628,1174,market favorite,1570264631
2007,787,needs fertilizer,1630833532
910,235,reliable,1651124876
1035,1638,high yield,1544599218
2028,1829,good for intercropping,1585753480
294,614,worth the price,1591052700
354,1862,good taste,1530254073
1330,2014,great in clay soil,1577891216
2129,2178,good for intercropping,1561056091
724,65,good for intercropping,1601218018
430,746,recommended by extension officer,1633180953
1328,2280,pest problems,1697629177
1012,378,disease issues,1661691754
3,1510,early maturing,1592652390
368,311,market favorite,1649616634
2048,464,market favorite,1547146381
1736,1643,uniform ripening,1525616725
847,119,lodging issues,1541785261
337,859,pest problems,1542936873
1026,2298,low input,1688745469
440,224,thirsty crop,1556746339
2116,103,pest problems,1593880336
40,1292,strong stalks,1609258577
1227,1211,early maturing,1508881554
1072,1993,needs fertilizer,1517797070
2124,1629,strong stalks,1687217456
2016,480,good for intercropping,1574986566
1152,1854,thirsty crop,1572918169
1819,1767,drought tolerant,1628391119
2017,224,thirsty crop,1578911732
493,364,thirsty crop,1675890389
1266,1085,reliable,1660690662
2050,297,disease issues,1594495195
406,1891,great in clay soil,1520890085
1546,2118,recommended by extension officer,1627026941
276,1402,recommended by extension officer,1638892276
1014,2400,seed too costly,1647432186
293,41,reliable,1547086829
642,1879,good for intercropping,1668809508
1412,1625,thirsty crop,1630956816
1945,1321,lodging issues,1676907324
1457,1472,poor germination,1507570440
1931,1034,sandy soil ok,1541479769
680,100,early maturing,1680488984
1972,326,market favorite,1642735186
1467,1085,needs fertilizer,1544135962
353,477,drought tolerant,1646777159
341,1294,sandy soil ok,1572921511
1753,1816,needs fertilizer,1639210957
628,194,thirsty crop,1548993990
1357,35,great in clay soil,1637093807
98,677,market favorite,1594499249
734,1943,reliable,1629802777
1561,7,disease issues,1582262363
589,261,uniform ripening,1522732685
1749,43,seed too costly,1630297471
952,1843,drought tolerant,1506438120
429,2,needs fertilizer,1690535443
822,957,strong stalks,1699797252
558,1649,drought tolerant,1522783401
1312,1754,high yield,1544103837
488,1749,pest problems,1661267583
6,762,pest problems,1635904163
2036,1889,strong stalks,1595701663
250,942,good for intercropping,1634589315
948,2298,good for intercropping,1551183240
1499,681,stores well,1659192352
297,896,market favorite,1544830805
1662,915,drought tolerant,1664799506
408,1472,high yield,1518864105
1892,2413,low input,1569283809
1442,52,good taste,1633593940
201,106,sandy soil ok,1686017735
446,1786,needs fertilizer,1567444884
892,209,pest problems,1671677390
1023,194,high yield,1515801790
1105,1978,lodging issues,1571783235
1940,855,market favorite,1637765961
212,1079,recommended by extension officer,1622802422
317,880,stores well,1539297032
72,1426,poor germination,1633880330
319,1929,high yield,1539242766
1714,1762,uniform ripening,1559366507
1321,1322,thirsty crop,1621039160
2045,1535,recommended by extension officer,1556273248
358,1468,worth the price,1532405914
529,13,lodging issues,1543260499
1463,1629,low input,1637993177
1754,659,pest problems,1519515049
1846,543,reliable,1575928993
672,1647,good taste,1651121645
1020,1975,needs fertilizer,1627731338
1632,2400,strong stalks,1562970537
1361,1220,drought tolerant,1594082762
364,717,high yield,1545227596
1914,1033,good taste,1578056829
2131,574,needs fertilizer,1600258038
1991,2100,low input,1679741794
280,1310,thirsty crop,1648294600
327,1070,recommended by extension officer,1613048738
765,1290,low input,1549161664
962,1594,low input,1536776117
294,692,good taste,1587525511
1253,1725,pest problems,1692958458
724,1240,market favorite,1624012802
61,2451,low input,1567714106
1070,377,pest problems,1664985870
314,2012,market favorite,1650391372
1336,2106,good for intercropping,1680749952
1275,1929,seed too costly,1590128619
517,1408,disease issues,1641297331
394,1322,drought tolerant,1506733846
587,1320,great in clay soil,1654390496
1293,712,market favorite,1631956112
705,1375,worth the price,1604531833
581,337,great in clay soil,1509073134
2128,27,good for intercropping,1513031069
1432,355,good for intercropping,1553137320
855,896,good taste,1691302167
1841,9,worth the price,1595643806
2139,169,strong stalks,1601389755
2067,1222,good taste,1623204345
950,1259,good for intercropping,1602478821
104,2451,strong stalks,1682109809
1604,2374,pest problems,1524527976
1715,1401,great in clay soil,1510452264
440,2237,pest problems,1547690668
2147,2210,market favorite,1567376527
1651,2437,stores well,1517320390
1808,1299,seed too costly,1504622111
670,1568,worth the price,1614577968
304,2268,market favorite,1565964996
206,193,good taste,1679466880
1533,986,recommended by extension officer,1522342161
727,1637,pest problems,1561467375
899,2239,lodging issues,1652933808
456,34,disease issues,1536108623
236,800,recommended by extension officer,1548538769
24,2058,market favorite,1517750860
611,1850,lodging issues,1521323607
262,792,poor germination,1584023173
1373,1724,drought tolerant,1573019481
1359,1632,pest problems,1596409931
1429,194,market favorite,1679351668
1994,287,uniform ripening,1532400454
1073,1780,sandy soil ok,1605230683
963,1560,stores well,1539397993
2012,3,recommended by extension officer,1564707727
1816,1763,seed too costly,1513705959
1993,194,great in clay soil,1633315687
361,2271,high yield,1556731961
1934,364,sandy soil ok,1563419499
1911,2324,great in clay soil,1594433944
1734,1546,stores well,1532524476
633,529,low input,1632640740
1860,240,good taste,1585392482
143,125,needs fertilizer,1525753245
1191,1363,uniform ripening,1579474556
520,1374,reliable,1575341725
1512,931,good taste,1660842877
1677,289,uniform ripening,1637327398
1750,438,seed too costly,1699587863
1628,1476,good for intercropping,1549088031
203,2014,drought tolerant,1607363970
651,333,disease issues,1606239671
2180,216,early maturing,1628997501
1568,1595,disease issues,1677188770
1006,1658,needs fertilizer,1617994070
337,521,drought tolerant,1586958822
659,1217,low input,1576937817
912,1592,strong stalks,1509644086
2079,1328,lodging issues,1531234782
121,2201,reliable,1550193657
2061,1292,sandy soil ok,1589024185
597,1981,strong stalks,1592279890
1122,1505,lodging issues,1542162877
938,965,seed too costly,1618551094
1458,1357,good taste,1603879691
1620,2293,lodging issues,1631127400
2034,1662,drought tolerant,1528795858
1554,100,needs fertilizer,1696902636
1024,1435,sandy soil ok,1517909432
230,2291,seed too costly,1576875810
145,1512,market favorite,1695200738
414,752,strong stalks,1525097155
1715,1651,poor germination,1627466999
1777,423,disease issues,1538003326
1000,1854,uniform ripening,1551662890
1899,672,sandy soil ok,1539328289
1467,1609,uniform ripening,1648524664
1774,748,good taste,1676480833
88,1613,low input,1503787755
1290,191,needs fertilizer,1697233403
705,1968,strong stalks,1526887665
793,2434,good taste,1602975749
2045,2374,low input,1677149564
722,2475,reliable,1690131708
936,1993,drought tolerant,1591990283
192,1089,sandy soil ok,1683687103
1478,2393,needs fertilizer,1587803426
1158,2400,high yield,1615761748
22,1692,great in clay soil,1540747954
686,1282,drought tolerant,1604660371
2200,855,uniform ripening,1577158166
1549,1397,drought tolerant,1662277960
1213,1163,great in clay soil,1583836389
1685,2210,thirsty crop,1541770266
1024,1715,high yield,1534314659
670,1702,uniform ripening,1666037322
917,1430,stores well,1646355398
441,1755,early maturing,1697901441
39,2210,market favorite,1526304976
1611,381,pest problems,1568463142
415,1405,worth the price,1553382653
2049,1649,pest problems,1648999156
344,1667,low input,1539950177
1162,1654,market favorite,1643938570
771,2240,uniform ripening,1667991611
604,1481,recommended by extension officer,1670292554
1763,681,drought tolerant,1563217444
7,2098,good taste,1668800860
1227,1196,uniform ripening,1660108670
2117,1656,great in clay soil,1597296282
881,52,disease issues,1551494642
137,2446,disease issues,1508173781
1858,1719,stores well,1597092424
1301,1256,market favorite,1526174049
1675,355,strong stalks,1532902495
1516,99,great in clay soil,1545922394
1424,1729,worth the price,1581564780
2063,864,drought tolerant,1575894123
650,2320,disease issues,1526722332
1494,1569,good for intercropping,1661393811
1511,2374,good for intercropping,1501361220
68,4,market favorite,1586992310
561,1237,thirsty crop,1582456062
1726,146,seed too costly,1553414271
1517,2214,seed too costly,1657834976
2128,1321,early maturing,1686304224
1165,1699,pest problems,1625930356
569,1981,thirsty crop,1534886617
1487,377,sandy soil ok,1668849823
1489,2004,strong stalks,1678925078
2171,625,sandy soil ok,1608292060
442,941,early maturing,1545179617
747,2240,drought tolerant,1523089387
338,1310,reliable,1521820997
1278,698,poor germination,1645690415
1378,72,low input,1659723387
946,676,stores well,1642558007
1337,659,reliable,1674861041
1330,1635,good for intercropping,1500409700
148,814,high yield,1679855199
2042,1881,drought tolerant,1560026112
537,1578,recommended by extension officer,1639676474
902,1389,sandy soil ok,1567142915
2043,820,stores well,1636197942
1311,1597,great in clay soil,1689619248
221,1232,high yield,1637407027
344,1549,great in clay soil,1590561336
1291,588,good taste,1635605607
1024,721,strong stalks,1560665222
740,396,drought tolerant,1697527606
1017,1284,good for intercropping,1549416995
764,2104,early maturing,1623471778
2104,421,lodging issues,1534693091
1546,2275,high yield,1647897732
1606,2380,uniform ripening,1679828279
1176,2296,market favorite,1587405275
15,1501,sandy soil ok,1632712022
1556,1401,early maturing,1599693892
2190,2016,pest problems,1504317704
1554,600,worth the price,1549228047
2184,745,sandy soil ok,1538535424
1753,433,reliable,1661426371
1537,1874,drought tolerant,1586549866
324,895,needs fertilizer,1587840750
1132,303,lodging issues,1636709445
1862,1306,high yield,1550398096
1594,111,thirsty crop,1600544637
2050,1526,poor germination,1673113204
1282,512,thirsty crop,1614716040
1965,2380,poor germination,1517297411
1234,713,poor germination,1504197203
438,211,seed too costly,1579055831
582,1322,stores well,1519505243
1012,2206,seed too costly,1588002898
1793,1597,seed too costly,1546863812
1102,2,early maturing,1515612613
1116,1433,great in clay soil,1659121925
1131,1058,stores well,1663639951
301,578,disease issues,1512538292
1963,585,uniform ripening,1538473184
1364,73,early maturing,1699105136
51,531,pest problems,1598893178
2100,2352,good taste,1573758429
1988,2451,stores well,1654019348
18,1973,good taste,1636102600
1282,250,lodging issues,1674891508
1401,1282,lodging issues,1545315841
1738,1302,uniform ripening,1582891245
1373,1795,worth the price,1638974867
1099,1037,good taste,1643206408
1412,1798,drought tolerant,1633473029
355,755,reliable,1591286698
633,1318,strong stalks,1522717580
1406,595,sandy soil ok,1563238160
1579,380,seed too costly,1527750422
679,1760,recommended by extension officer,1588420375
94,2316,good for intercropping,1603837613
1974,70,pest problems,1517704256
1448,814,drought tolerant,1506304950
463,1607,poor germination,1659254173
1808,1187,needs fertilizer,1618392028
1373,966,needs fertilizer,1508002962
1620,2143,great in clay soil,1526135802
804,1363,drought tolerant,1506711069
224,2351,good taste,1678272589
880,1375,great in clay soil,1517295365
985,2024,uniform ripening,1505951225
1059,1291,needs fertilizer,1579346108
1777,1530,uniform ripening,1696116943
1220,355,stores well,1615726062
1682,811,disease issues,1592406646
1161,326,needs fertilizer,1544925012
274,377,pest problems,1587733499
1053,1938,pest problems,1593216572
643,1962,pest problems,1637553792
1995,1092,needs fertilizer,1604160122
1622,1418,low input,1578296040
28,1303,worth the price,1643637505
954,47,poor germination,1695314281
1770,7,good for intercropping,1588152909
724,186,strong stalks,1676460075
2132,2328,good for intercropping,1619853613
810,610,high yield,1666820043
2194,100,pest problems,1517353586
1542,1698,seed too costly,1625480309
481,1010,pest problems,1679749427
1504,1616,uniform ripening,1562268095
2037,141,pest problems,1685979509
1838,901,stores well,1635172935
2182,580,needs fertilizer,1595213638
67,1675,worth the price,1630836005
1849,608,worth the price,1550569261
1651,2374,good for intercropping,1574877940
859,1122,low input,1502553886
1303,1675,stores well,1607276385
388,1222,market favorite,1607067065
820,550,market favorite,1660084190
321,1077,stores well,1563704077
340,1224,uniform ripening,1625945944
1156,29,market favorite,1690484811
2128,529,early maturing,1546420418
674,2041,early maturing,1686653789
935,1494,great in clay soil,1672695102
1929,1501,low input,1692596037
863,447,thirsty crop,1551750840
1377,63,strong stalks,1573373529
1941,1674,poor germination,1540109034
553,1981,recommended by extension officer,1602837097
972,355,high yield,1506749083
283,1663,disease issues,1665827279
1940,1872,good taste,1664572766
1370,1843,good taste,1660448148
2033,1037,high yield,1515863932
849,1640,early maturing,1606023018
913,1378,market favorite,1585036090
352,1836,high yield,1650558866
565,377,recommended by extension officer,1503794866
655,1299,seed too costly,1691562844
1228,510,good for intercropping,1572874431
584,2043,early maturing,1592058844
687,2428,good for intercropping,1607237973
205,105,good for intercropping,1652352592
664,366,drought tolerant,1587635011
680,1690,needs fertilizer,1692518188
86,733,recommended by extension officer,1657967812
1342,2240,needs fertilizer,1608979967
1092,2090,lodging issues,1673126862
2080,1256,worth the price,1639534946
748,2240,early maturing,1692148080
1936,393,seed too costly,1640439119
1356,659,early maturing,1539331639
630,1629,thirsty crop,1663338527
2068,311,seed too costly,1521580265
1950,2014,uniform ripening,1657361110
1429,1939,worth the price,1559841716
2141,205,thirsty crop,1514445558
1859,287,good for intercropping,1675724711
2155,1669,stores well,1649464515
1780,1625,reliable,1539915666
1600,445,great in clay soil,1521205117
884,828,good taste,1632744545
1196,1622,low input,1557114838
470,52,poor germination,1579414779
1481,508,high yield,1594100704
694,1662,recommended by extension officer,1610941367
850,1030,drought tolerant,1522142468
798,1359,stores well,1578006156
2147,1726,worth the price,1526342023
1294,2487,early maturing,1669973353
253,1010,great in clay soil,1604866432
516,12,needs fertilizer,1660735722
38,2245,reliable,1608379544
1302,2014,high yield,1538083909
1546,567,low input,1557201704
712,1048,reliable,1643781988
10,2058,disease issues,1512016426
1502,1932,disease issues,1664648722
486,1613,early maturing,1661454007
668,160,recommended by extension officer,1617087599
1321,1510,seed too costly,1578833390
1040,1763,strong stalks,1556799033
1620,1609,good for intercropping,1592944307
1365,659,low input,1501612938
278,1969,strong stalks,1538290200
1687,377,seed too costly,1584645987
10,2338,early maturing,1573619238
550,2206,disease issues,1573071799
360,1125,seed too costly,1519832600
734,1072,uniform ripening,1689180435
1897,309,pest problems,1580090211
417,1294,poor germination,1573216790
371,2292,drought tolerant,1649447971
163,1879,seed too costly,1632207456
396,2070,worth the price,1682527635
773,1152,good for intercropping,1588640746
1992,1882,good taste,1556488183
1562,1126,great in clay soil,1623669068
581,1113,recommended by extension officer,1588643293
2043,7,strong stalks,1562569548
1777,225,sandy soil ok,1539759955
1936,954,high yield,1566896668
1179,387,low input,1673771656
301,424,high yield,1684768763
1679,381,recommended by extension officer,1511605309
1272,1204,seed too costly,1572182179
545,376,good taste,1594675128
1650,1224,needs fertilizer,1549458614
288,287,early maturing,1690171421
1556,1975,great in clay soil,1685435371
1768,2498,seed too costly,1551841135
1141,432,high yield,1604310623
1149,2058,good for intercropping,1574725172
1415,559,uniform ripening,1544615340
518,1479,early maturing,1578090876
954,2189,lodging issues,1567251552
1237,2332,recommended by extension officer,1666870339
2122,1685,poor germination,1570260611
988,2262,pest problems,1636396331
1003,1408,sandy soil ok,1607054131
103,681,reliable,1593248471
1653,918,stores well,1645801768
977,217,drought tolerant,1585721810
274,2315,high yield,1693536528
405,1775,stores well,1531247646
1972,377,high yield,1539466003
77,1286,strong stalks,1613744055
1913,514,drought tolerant,1579524221
66,194,lodging issues,1618256226
666,355,early maturing,1684999632
917,2189,reliable,1512907160
934,106,early maturing,1666001880
571,311,needs fertilizer,1688240715
1006,2334,worth the price,1630900098
2159,1610,recommended by extension officer,1634150471
347,84,high yield,1577750036
655,625,thirsty crop,1659828262
1602,1240,pest problems,1656619827
1917,2177,needs fertilizer,1631293562
314,93,pest problems,1591339002
1685,2430,market favorite,1622537281
170,1042,strong stalks,1617771222
426,978,uniform ripening,1566781870
1738,400,drought tolerant,1623363010
1832,1148,uniform ripening,1557122929
1872,238,needs fertilizer,1680677117
171,1494,needs fertilizer,1513891865
1967,378,high yield,1662909943
2146,2158,worth the price,1552103226
11,1596,disease issues,1672784382
412,2400,sandy soil ok,1642060469
1574,439,low input,1590162967
275,1692,stores well,1657286852
1542,816,uniform ripening,1673366654
630,977,seed too costly,1544978448
1235,570,high yield,1539643995
2022,1869,good for intercropping,1631489703
375,1605,strong stalks,1517533682
310,491,lodging issues,1631085231
759,1273,great in clay soil,1661470795
1099,1595,great in clay soil,1534735842
363,1635,uniform ripening,1664660315
529,194,lodging issues,1537853612
1597,1912,sandy soil ok,1665606912
1168,1211,uniform ripening,1615682317
1751,360,early maturing,1672235429
1739,676,worth the price,1638319250
1302,2210,strong stalks,1628372395
1775,1859,low input,1674593560
20,242,good for intercropping,1574715527
1805,2,high yield,1661081587
700,2202,reliable,1537935980
1283,393,early maturing,1685370195
1184,1618,reliable,1678341959
266,2024,seed too costly,1598264370
846,2403,worth the price,1631901167
221,1386,good for intercropping,1513707491
1172,1155,strong stalks,1536281502
736,216,worth the price,1691805700
1035,2189,needs fertilizer,1503782860
1456,1468,needs fertilizer,1574067281
490,816,stores well,1665462496
1586,1363,good for intercropping,1501138467
1771,30,uniform ripening,1669601940
212,843,early maturing,1564493550
106,1989,market favorite,1526029696
1395,2424,good for intercropping,1630484373
575,726,disease issues,1612154094
188,1981,worth the price,1613975094
1795,813,good taste,1648083514
2029,480,low input,1509773765
1576,944,pest problems,1549297995
61,307,strong stalks,1524031375
1413,681,poor germination,1596774913
876,63,needs fertilizer,1598554300
1942,1715,stores well,1618638033
230,432,great in clay soil,1585743884
1228,1550,seed too costly,1575416720
582,681,worth the price,1597863086
934,1160,worth the price,1597389551
67,1107,high yield,1503322849
1637,1629,good taste,1504742387
924,2189,worth the price,1580167715
46,125,recommended by extension officer,1686780292
704,1881,reliable,1593186599
2089,2189,reliable,1624267788
761,2005,good for intercropping,1602576193
1222,934,worth the price,1517719660
1303,1285,good for intercropping,1638774530
962,1314,recommended by extension officer,1645630209
1475,676,high yield,1554570569
1575,2191,worth the price,1596137743
204,876,seed too costly,1540611159
977,1754,drought tolerant,1507415987
1367,3,thirsty crop,1660657815
654,858,high yield,1633781427
168,2449,stores well,1616370894
1182,934,lodging issues,1685508137
1737,2016,seed too costly,1685783192
162,1265,strong stalks,1629498174
284,1299,market favorite,1592375883
1821,2464,thirsty crop,1648294839
2168,1405,poor germination,1601315968
1996,1048,low input,1563080282
1864,205,great in clay soil,1517397335
305,1649,great in clay soil,1571946866
2139,1084,thirsty crop,1600090418
227,497,pest problems,1594279945
358,670,sandy soil ok,1652014396
1941,475,drought tolerant,1662194514
1835,1353,seed too costly,1630780095
1102,1363,reliable,1600539768
1070,44,reliable,1517009095
560,896,needs fertilizer,1643563978
1817,24,market favorite,1680361917
740,1754,stores well,1651916401
878,226,good taste,1637926020
820,721,early maturing,1603146479
30,178,market favorite,1678744833
66,1925,poor germination,1524594181
1297,1424,great in clay soil,1601239995
1544,37,reliable,1583489646
181,1433,drought tolerant,1605740992
1933,983,disease issues,1659771109
1682,2435,stores well,1545525665
1000,1385,reliable,1582914532
911,1359,recommended by extension officer,1572184050
192,194,stores well,1626818359
367,1740,poor germination,1572689660
1011,228,uniform ripening,1554553999
824,1221,great in clay soil,1673435748
1608,480,thirsty crop,1500580072
4,1943,pest problems,1631358068
166,2189,good for intercropping,1564842052
1961,2058,pest problems,1542694130
1807,1833,high yield,1673147763
1272,2498,sandy soil ok,1514346093
2033,2088,low input,1649966456
420,63,needs fertilizer,1527092013
1784,266,poor germination,1651821115
1181,319,worth the price,1576258313
713,297,drought tolerant,1602908711
2020,2005,low input,1577809624
450,1917,drought tolerant,1518188533
1935,1671,reliable,1534886622
1382,377,drought tolerant,1609431089
10,111,recommended by extension officer,1526612105
1504,2328,market favorite,1683389746
1083,307,uniform ripening,1646159248
64,244,high yield,1540879980
10,1735,good for intercropping,1550771535
1591,1072,drought tolerant,1661561452
1324,2144,pest problems,1521173857
1314,29,seed too costly,1636120439
1082,447,poor germination,1531951877
1155,1363,market favorite,1530588631
1649,2268,sandy soil ok,1677587943
1116,196,uniform ripening,1526268252
1922,41,uniform ripening,1689777511
1637,1160,strong stalks,1518408181
1099,381,stores well,1505994660
539,816,good taste,1586925698
2163,652,thirsty crop,1692422498
266,2303,needs fertilizer,1697068681
1872,1829,good taste,1679466516
175,392,good for intercropping,1686689431
72,2116,disease issues,1662709366
1714,1187,good taste,1593593666
1071,2198,recommended by extension officer,1578222632
2072,100,reliable,1677522553
1003,1816,early maturing,1667362494
738,704,poor germination,1699823617
1448,806,great in clay soil,1637762481
809,1932,poor germination,1542500583
10,1546,good for intercropping,1619438554
2151,855,strong stalks,1563464469
1840,1610,poor germination,1621009182
643,2210,worth the price,1599646338
1703,480,uniform ripening,1551960579
801,2400,high yield,1636272388
1608,2237,low input,1564405653
1813,681,lodging issues,1595811289
1739,116,lodging issues,1696623544
1673,1195,good for intercropping,1558318969
998,356,early maturing,1632240349
627,1256,good for intercropping,1634601529
718,676,sandy soil ok,1688853786
797,1834,sandy soil ok,1695736891
765,1017,early maturing,1685229181
1875,730,needs fertilizer,1561351977
1057,2182,seed too costly,1675375367
716,1943,uniform ripening,1540522089
395,2451,stores well,1683415705
10,1208,disease issues,1594347977
1275,287,poor germination,1672718982
1587,1837,lodging issues,1554938067
1280,185,good for intercropping,1603164368
228,1615,low input,1631063297
1900,2130,pest problems,1551355165
10,1626,early maturing,1642957842
910,845,recommended by extension officer,1676933681
1822,268,strong stalks,1533439568
2120,611,reliable,1587187367
1315,1405,uniform ripening,1670168531
961,1227,early maturing,1581271409
1142,1514,poor germination,1518524184
1967,65,strong stalks,1622426422
1784,1777,thirsty crop,1524161400
375,1390,thirsty crop,1621398315
363,869,thirsty crop,1553843916
1284,307,disease issues,1549533046
498,491,recommended by extension officer,1541075339
953,642,pest problems,1527193634
1107,1874,great in clay soil,1621394980
1761,1816,seed too costly,1640716285
598,1982,early maturing,1587589435
931,355,worth the price,1606354583
2134,1359,lodging issues,1581443770
1401,787,poor germination,1659991751
508,1626,lodging issues,1517174133
2157,1132,drought tolerant,1593472399
1132,482,early maturing,1578647334
1376,1079,market favorite,1553862077
1324,1348,good taste,1611112367
1185,188,pest problems,1645269416
454,1685,lodging issues,1621929479
944,2364,poor germination,1626973918
1418,1726,good for intercropping,1536315098
342,746,worth the price,1514813381
580,829,great in clay soil,1570574303
343,2447,early maturing,1625881516
1679,2325,thirsty crop,1646730482
489,965,pest problems,1659896182
227,1643,good taste,1669050209
63,674,stores well,1584352328
2015,974,disease issues,1660307154
624,307,pest problems,1620978802
547,1522,great in clay soil,1538790640
823,1494,worth the price,1690232668
234,480,good for intercropping,1591350264
860,1130,market favorite,1683671947
705,2293,market favorite,1618365035
1808,954,good taste,1587412676
1538,2445,disease issues,1607581195
1475,866,reliable,1510569819
654,455,high yield,1683809356
391,84,lodging issues,1541512499
1798,2239,good taste,1619725920
828,882,market favorite,1543532847
287,241,worth the price,1514054813
669,745,great in clay soil,1629678334
191,436,sandy soil ok,1520930206
1190,2285,poor germination,1530294021
505,1363,thirsty crop,1581847585
1732,1323,stores well,1647196418
1020,381,poor germination,1550812832
2150,1191,drought tolerant,1539333170
633,1780,disease issues,1675523318
880,1966,early maturing,1699245151
1475,1175,drought tolerant,1523810349
1943,1754,sandy soil ok,1558681727
2016,161,pest problems,1689237302
274,805,worth the price,1539260814
571,1912,early maturing,1604657814
1756,2240,strong stalks,1581001936
516,2240,poor germination,1518409324
46,1633,disease issues,1615946056
1544,2426,great in clay soil,1515078365
1795,1490,poor germination,1646529214
516,888,great in clay soil,1695045436
295,792,recommended by extension officer,1586369667
705,1487,strong stalks,1644545278
1254,1018,sandy soil ok,1572646643
218,1546,drought tolerant,1678108178
1223,2315,stores well,1507810285
500,2451,high yield,1552962040
843,777,early maturing,1642874273
657,1017,market favorite,1521302400
893,721,good taste,1688760621
1313,594,needs fertilizer,1548515932
969,1981,drought tolerant,1641552857
113,280,strong stalks,1673406966
747,1132,sandy soil ok,1676745308
1407,69,reliable,1679455875
959,396,thirsty crop,1522882826
1025,2375,worth the price,1540794648
987,899,poor germination,1591209370
447,29,needs fertilizer,1649077187
1232,2452,worth the price,1696233357
1223,982,low input,1579764882
1054,1292,disease issues,1535698594
1612,2315,thirsty crop,1529455419
1475,1356,worth the price,1539463874
820,1849,needs fertilizer,1569990078
774,2420,drought tolerant,1658004993
739,9,pest problems,1540188867
1380,423,reliable,1581672151
1536,1321,strong stalks,1545831453
616,1654,pest problems,1532140316
2145,1291,thirsty crop,1527118697
43,1551,drought tolerant,1558719580
595,375,reliable,1598124860
1771,93,low input,1548416380
1399,103,uniform ripening,1532048140
1766,2136,worth the price,1626390680
1083,238,thirsty crop,1595507176
394,1389,reliable,1501427969
501,2094,seed too costly,1590022759
740,2338,lodging issues,1635631633
1961,175,strong stalks,1566664734
2124,1294,poor germination,1679866023
689,2313,disease issues,1677774554
288,2389,worth the price,1615617910
885,2055,stores well,1509582231
1747,34,high yield,1646047362
1222,1403,low input,1597284559
1076,370,market favorite,1510605740
1161,1708,good taste,1571660681
869,2014,early maturing,1686322285
248,1378,drought tolerant,1507663502
584,1613,disease issues,1693312920
1148,361,seed too costly,1529243074
275,100,strong stalks,1531085218
548,994,uniform ripening,1673352580
1301,166,recommended by extension officer,1609021634
1890,1645,sandy soil ok,1612909701
1025,109,sandy soil ok,1627969840
1562,377,disease issues,1586126056
495,2451,low input,1645767900
23,1337,good for intercropping,1648493530
100,1520,needs fertilizer,1518587691
253,41,high yield,1650315354
903,1428,market favorite,1542857894
1094,1224,good taste,1547819502
101,898,worth the price,1661143949
1226,1302,good taste,1518471134
121,1256,pest problems,1535476778
856,4,thirsty crop,1604904713
1302,805,low input,1514883052
1219,2014,uniform ripening,1580704996
1124,311,great in clay soil,1611002094
2160,1374,early maturing,1611332641
344,1076,recommended by extension officer,1535608114
135,2328,reliable,1525203866
1142,1476,seed too costly,1669039630
1153,612,disease issues,1569515882
119,2016,sandy soil ok,1697547639
429,2189,strong stalks,1541738671
1517,2399,high yield,1626860228
705,1018,sandy soil ok,1518689076
1824,2014,strong stalks,1640201204
1053,1804,needs fertilizer,1551785194
572,855,good taste,1601663745
17,1363,lodging issues,1644924651
1336,508,recommended by extension officer,1636336170
224,2307,poor germination,1512996886
18,1351,good taste,1570447289
2055,1767,market favorite,1683614188
734,1805,poor germination,1662783077
1399,681,early maturing,1643941405
1111,2403,pest problems,1682194824
1951,37,thirsty crop,1636402129
791,1209,needs fertilizer,1524773899
551,1984,early maturing,1591289553
1564,9,reliable,1549687737
1159,200,disease issues,1509336770
1316,2149,recommended by extension officer,1597663994
204,4,stores well,1679162085
594,188,great in clay soil,1656440140
431,2169,sandy soil ok,1610888261
239,2240,recommended by extension officer,1629573416
1337,326,reliable,1697618779
1518,504,lodging issues,1647029031
713,2361,thirsty crop,1512138698
420,836,sandy soil ok,1687928917
1158,1365,pest problems,1677430248
943,1021,good for intercropping,1672743964
1601,2404,low input,1651567545
1844,520,uniform ripening,1631147901
1603,1939,drought tolerant,1590126634
2024,2016,seed too costly,1537036371
922,2040,seed too costly,1664307586
2061,1995,market favorite,1533724268
2068,2,seed too costly,1634742964
1128,1232,recommended by extension officer,1694674646
771,2324,stores well,1621867052
2077,920,recommended by extension officer,1530142946
1464,9,low input,1628642533
207,713,needs fertilizer,1595594393
1932,1494,thirsty crop,1644388436
239,2256,seed too costly,1614828180
1123,1754,disease issues,1635830878
1369,567,drought tolerant,1552091775
2030,855,worth the price,1660693899
1463,1874,low input,1573219391
345,836,great in clay soil,1512537312
667,1333,worth the price,1604575468
593,2014,strong stalks,1535577362
1299,47,poor germination,1589265446
938,307,poor germination,1579734686
1207,1719,reliable,1615325073
2173,1496,pest problems,1546439693
1485,730,lodging issues,1581253981
373,377,worth the price,1606505398
702,2069,uniform ripening,1674698707
633,917,pest problems,1531079380
1462,9,poor germination,1647297957
527,651,seed too costly,1610616870
872,1524,stores well,1506821108
2098,27,strong stalks,1523569341
1169,1639,worth the price,1561524490
827,737,high yield,1627584644
1918,307,early maturing,1606390964
599,1546,reliable,1606358332
550,1099,stores well,1661170268
1758,1685,recommended by extension officer,1551051056
374,1015,disease issues,1668995814
1600,426,uniform ripening,1618031270
135,96,seed too costly,1604814600
22,610,lodging issues,1651709142
1798,1754,strong stalks,1590425423
2151,1740,early maturing,1679584829
115,2240,pest problems,1521355408
2020,262,uniform ripening,1609009376
1893,2315,market favorite,1514778001
83,378,market favorite,1532613822
651,268,stores well,1516710553
838,1509,seed too costly,1637937846
832,13,drought tolerant,1696229222
1224,805,stores well,1586311905
2068,401,worth the price,1549777453
1011,1913,strong stalks,1566100828
155,1932,good for intercropping,1650848510
2021,1929,recommended by extension officer,1620671403
189,1187,pest problems,1600987249
1885,2371,lodging issues,1677276379
2022,2252,disease issues,1528279223
381,2315,high yield,1583231353
559,2189,good taste,1517195150
1094,1197,recommended by extension officer,1598737274
1660,2400,market favorite,1659371083
1565,7,high yield,1685339404
607,787,low input,1528178795
427,2174,strong stalks,1660826345
1636,1931,pest problems,1567225154
1053,159,great in clay soil,1662507135
219,169,sandy soil ok,1652423756
2017,27,stores well,1583615244
364,2189,recommended by extension officer,1587695582
1155,2240,reliable,1665524022
1086,2124,poor germination,1618197089
1693,632,sandy soil ok,1563636945
1538,2192,sandy soil ok,1546601778
94,567,thirsty crop,1515716245
1711,1808,strong stalks,1683196702
1395,1011,needs fertilizer,1561643341
1694,1803,drought tolerant,1653436850
1080,379,high yield,1610378946
773,681,uniform ripening,1681280059
1527,27,needs fertilizer,1568999748
509,2016,sandy soil ok,1515379531
105,2440,pest problems,1676426550
2017,2184,high yield,1654530653
743,1556,high yield,1627435304
884,2057,seed too costly,1644628857
989,299,pest problems,1648520696
1811,614,poor germination,1600661367
2017,1110,high yield,1632914709
586,1473,good for intercropping,1529913940
1278,1688,thirsty crop,1543707866
351,1272,recommended by extension officer,1541774774
112,2088,good for intercropping,1693158594
1536,1635,low input,1622861289
1980,1545,low input,1632613661
257,508,disease issues,1565244704
2114,1526,sandy soil ok,1554479723
252,225,good taste,1648473156
1843,1698,seed too costly,1626421187
263,139,strong stalks,1610936108
781,7,strong stalks,1593788079
2062,2047,thirsty crop,1568846445
1938,634,disease issues,1546872662
1827,60,market favorite,1509690218
271,2014,disease issues,1698145589
1200,1932,good for intercropping,1587724323
948,1656,drought tolerant,1665508827
2146,138,good taste,1643669550
249,1526,good for intercropping,1599043951
1064,381,recommended by extension officer,1528195614
666,1593,strong stalks,1565799981
310,2157,uniform ripening,1656870789
2080,2041,stores well,1674752267
903,2027,market favorite,1521753296
32,732,drought tolerant,1692489204
1672,1494,low input,1582993105
1611,896,good taste,1510861396
425,1625,high yield,1577211474
886,1824,disease issues,1593621641
2104,567,stores well,1676364379
1867,1418,market favorite,1544075001
385,2356,good taste,1667881388
379,737,stores well,1585659092
196,2315,reliable,1608883492
1720,1232,lodging issues,1675300337
1645,843,pest problems,1524199040
155,2327,strong stalks,1668355792
787,998,lodging issues,1549386156
370,1989,recommended by extension officer,1511426753
2017,40,drought tolerant,1562550891
1894,3,recommended by extension officer,1693853728
789,1359,poor germination,1565156072
1749,1941,market favorite,1599132678
1186,1822,needs fertilizer,1655080573
217,797,good taste,1678323314
1365,1560,drought tolerant,1531154645
2011,778,seed too costly,1565446000
373,452,lodging issues,1570184649
686,1221,worth the price,1674382534
2018,321,seed too costly,1683271073
1823,1049,stores well,1673869413
1030,1038,sandy soil ok,1630276916
615,2292,recommended by extension officer,1517818398
529,2,stores well,1665235948
1188,499,recommended by extension officer,1627707822
373,896,recommended by extension officer,1563351943
415,1350,disease issues,1624568969
944,737,thirsty crop,1632574034
1909,1218,disease issues,1649098875
1411,55,poor germination,1510460345
1443,798,disease issues,1532863370
1011,1200,early maturing,1655978982
692,2412,stores well,1645439715
1439,1629,disease issues,1554620742
1553,4,worth the price,1537416079
1155,480,good for intercropping,1590517919
2103,1946,low input,1567988188
1838,1208,stores well,1681444669
1760,1140,sandy soil ok,1662931868
1651,1160,high yield,1632473843
1147,1054,market favorite,1690707982
1275,1775,good for intercropping,1523355266
360,742,disease issues,1642459900
584,2014,low input,1649995023
135,480,high yield,1661303410
1239,606,needs fertilizer,1557869784
381,2192,good for intercropping,1600975123
2165,1210,drought tolerant,1529931532
660,2016,stores well,1555932798
1960,69,thirsty crop,1576515606
1915,876,recommended by extension officer,1675503710
1629,934,early maturing,1581145043
577,2047,drought tolerant,1628356506
748,138,seed too costly,1581124248
219,2285,lodging issues,1687686161
93,265,good for intercropping,1566596013
1120,1208,good taste,1563598222
94,48,needs fertilizer,1643329585
1182,1974,lodging issues,1669508259
1737,2088,drought tolerant,1678818019
1424,1597,good taste,1523799484
51,1613,needs fertilizer,1665289457
115,393,needs fertilizer,1545397592
165,1288,lodging issues,1654677695
1153,1912,drought tolerant,1686118717
1382,1719,drought tolerant,1606225632
647,2226,lodging issues,1669109525
1047,1682,needs fertilizer,1693336510
2110,251,sandy soil ok,1579668408
774,631,drought tolerant,1616821695
994,967,good for intercropping,1535131851
547,378,reliable,1624441043
1694,1211,high yield,1563022662
1591,1551,stores well,1508642987
681,88,early maturing,1552370007
2030,1698,market favorite,1557681351
138,1758,stores well,1540056127
1145,721,thirsty crop,1620184940
196,1645,low input,1559626872
237,1536,sandy soil ok,1675606707
1326,2050,seed too costly,1580877773
101,813,low input,1536906789
6,825,market favorite,1578001448
1749,1208,sandy soil ok,1635264236
1866,2255,pest problems,1585336028
102,1169,stores well,1585705046
1876,390,strong stalks,1652303371
1339,1520,worth the price,1601133945
978,1549,worth the price,1549479928
481,836,seed too costly,1530473718
1825,825,poor germination,1696651045
604,2014,good taste,1570260933
145,2462,good for intercropping,1570868000
2033,807,thirsty crop,1574788846
198,704,good for intercropping,1628878118
1910,376,strong stalks,1697305451
58,1321,worth the price,1500395886
1159,1719,worth the price,1513407579
742,1850,lodging issues,1591804241
932,194,pest problems,1546155243
1676,2253,seed too costly,1560689277
1567,2104,worth the price,1508266539
2100,129,strong stalks,1577248985
1979,1118,great in clay soil,1626100474
891,527,seed too costly,1543513986
382,1291,needs fertilizer,1672701898
1294,155,drought tolerant,1613983765
1254,2269,strong stalks,1573793520
655,845,seed too costly,1693007781
811,452,disease issues,1694014691
1009,866,poor germination,1699238220
747,307,reliable,1654499192
956,1936,lodging issues,1561243303
1950,461,thirsty crop,1634891189
861,785,high yield,1513543920
833,836,poor germination,1623545931
1832,1829,uniform ripening,1681212991
1459,1822,great in clay soil,1673268538
1934,1175,pest problems,1523075792
367,1016,early maturing,1526611438
2114,2175,reliable,1528885995
1911,1615,needs fertilizer,1680461920
451,100,stores well,1599925700
1584,377,high yield,1587196406
1569,724,recommended by extension officer,1661397369
1082,40,high yield,1573658257
916,1938,uniform ripening,1591649913
171,1314,stores well,1590384240
189,1852,uniform ripening,1660522268
364,1596,high yield,1638819954
1089,1136,low input,1630924513
763,543,market favorite,1512077373
721,1176,needs fertilizer,1548665104
1925,306,sandy soil ok,1506253230
910,268,reliable,1505966673
1244,2372,disease issues,1593778636
1757,934,reliable,1502749687
1122,262,pest problems,1600316002
1356,2192,worth the price,1687873913
1630,2108,needs fertilizer,1568704026
725,1310,early maturing,1671716854
371,1398,thirsty crop,1674704766
416,2,market favorite,1528399017
176,732,poor germination,1667261566
553,1468,worth the price,1559308059
1725,3,disease issues,1664332431
1743,123,good for intercropping,1609004591
760,1132,sandy soil ok,1651872132
271,2425,seed too costly,1653359966
1919,1822,seed too costly,1621321349
2033,1715,seed too costly,1665893566
686,2121,worth the price,1592322371
818,1818,drought tolerant,1606626799
1835,1433,disease issues,1686313998
731,228,good taste,1663191766
1222,1265,strong stalks,1548627317
2181,877,worth the price,1697584340
2028,1698,good taste,1587213146
600,717,lodging issues,1510105673
354,1287,sandy soil ok,1509193173
1819,100,pest problems,1539713474
352,1850,thirsty crop,1663553259
1463,1217,uniform ripening,1554037465
1237,1577,stores well,1560793846
97,1511,reliable,1691441650
601,2121,poor germination,1618553548
1909,381,high yield,1502678921
550,223,recommended by extension officer,1533239397
1885,1232,good for intercropping,1643270124
458,2189,reliable,1626995114
73,377,good for intercropping,1556696192
536,585,lodging issues,1692064088
256,381,poor germination,1522820209
692,1863,needs fertilizer,1625574807
1856,1553,stores well,1590283722
1016,1541,recommended by extension officer,1579439294
803,1132,reliable,1603918866
1690,1977,high yield,1620731946
1505,62,low input,1657938652
1681,730,high yield,1626830012
2080,1441,good for intercropping,1630429795
1527,1481,good for intercropping,1518673861
1383,924,thirsty crop,1689333751
1482,1625,reliable,1579901036
492,1787,great in clay soil,1508514651
1054,2082,early maturing,1537356144
279,1698,sandy soil ok,1545276758
1079,1936,recommended by extension officer,1577964739
957,1152,low input,1500795643
899,195,stores well,1537732393
1780,974,needs fertilizer,1519964319
378,1058,drought tolerant,1653655097
779,1645,seed too costly,1634415622
362,7,strong stalks,1585244315
1811,2167,thirsty crop,1527120116
116,1938,seed too costly,1697563154
1867,326,lodging issues,1502811074
1011,1616,drought tolerant,1562723893
1349,180,seed too costly,1584687548
1883,1776,recommended by extension officer,1535950714
881,158,great in clay soil,1584682239
2093,1174,great in clay soil,1572117439
328,363,lodging issues,1612136570
2079,424,good taste,1620705514
598,754,worth the price,1546165295
1724,816,good for intercropping,1644385024
1020,195,lodging issues,1527552536
2040,1749,uniform ripening,1523756886
1407,2058,low input,1575162778
1722,155,market favorite,1559603269
222,1282,recommended by extension officer,1635536782
1460,1465,good taste,1518672143
860,1546,drought tolerant,1583682806
1357,545,stores well,1542545476
611,1912,good taste,1535364671
622,934,thirsty crop,1691542244
967,1212,market favorite,1537510571
2074,1597,thirsty crop,1665961367
602,2014,recommended by extension officer,1555790751
1501,337,stores well,1698813395
2054,733,poor germination,1560813872
2169,1386,great in clay soil,1637954033
192,2,market favorite,1557662419
815,2047,drought tolerant,1636361583
1655,342,high yield,1634684399
1567,194,poor germination,1573982691
123,1629,disease issues,1562016199
1973,100,uniform ripening,1671382690
618,2000,stores well,1696229343
935,1019,high yield,1647265363
1006,1854,good taste,1682347445
211,377,worth the price,1648727613
1788,1521,stores well,1504474030
1660,2189,worth the price,1565948851
1351,1224,low input,1587435831
288,2437,lodging issues,1626475009
2186,811,strong stalks,1604304173
627,303,thirsty crop,1538584400
1853,2498,poor germination,1553269486
947,2122,disease issues,1530248561
143,1077,disease issues,1602093017
1080,2174,recommended by extension officer,1561967668
462,1366,poor germination,1608954056
567,748,disease issues,1575080226
917,1488,good for intercropping,1577802934
480,322,drought tolerant,1618116979
1748,467,recommended by extension officer,1559678855
1371,1211,drought tolerant,1524300886
572,2283,good taste,1538522914
2197,1101,seed too costly,1593680304
1459,1763,strong stalks,1556445973
1193,614,pest problems,1575252983
1269,1629,high yield,1686589459
702,7,thirsty crop,1622544557
14,1038,low input,1575380376
841,2107,market favorite,1538694297
1207,100,thirsty crop,1676646684
2093,2443,drought tolerant,1633566607
1345,1645,lodging issues,1564130313
1114,1937,good for intercropping,1598047345
1515,1654,sandy soil ok,1699014537
1583,1604,disease issues,1665975771
1991,1113,needs fertilizer,1685300521
1079,1257,high yield,1685466959
621,1692,poor germination,1540271672
2155,1485,strong stalks,1553807242
2058,772,early maturing,1619326202
917,2193,early maturing,1678235638
1876,5,worth the price,1619587866
1137,1347,pest problems,1623339475
300,981,worth the price,1537377899
579,2124,needs fertilizer,1680008899
193,2014,good for intercropping,1678255449
219,1267,high yield,1576763389
2191,1604,market favorite,1606202375
1111,1052,early maturing,1505665953
1984,2292,good taste,1634085071
592,1647,stores well,1523229645
1031,697,good for intercropping,1634286153
669,205,strong stalks,1551257543
2034,1701,market favorite,1627027171
399,589,lodging issues,1653296593
598,1593,uniform ripening,1500077859
988,1048,pest problems,1602799394
164,100,reliable,1529892607
1504,2201,great in clay soil,1508183831
1878,40,early maturing,1681112669
1938,1096,uniform ripening,1676696455
664,1597,great in clay soil,1699929680
495,896,pest problems,1684864351
1298,1592,good taste,1638900148
669,1247,thirsty crop,1569442767
378,287,poor germination,1601113822
1239,2014,worth the price,1585477698
291,1857,good taste,1535464977
523,2341,drought tolerant,1543225557
1543,840,stores well,1669458793
489,266,drought tolerant,1628748651
1217,153,great in clay soil,1656512744
581,436,pest problems,1525698845
855,2089,stores well,1659737771
71,1132,poor germination,1616658730
2171,377,stores well,1556762189
1532,1292,sandy soil ok,1512981123
428,4,thirsty crop,1641004623
1176,1905,drought tolerant,1630733075
1156,700,uniform ripening,1613604192
718,499,needs fertilizer,1509290871
703,2198,reliable,1673216028
1222,1317,lodging issues,1520200726
1948,1726,pest problems,1553591770
394,1186,drought tolerant,1658508871
904,480,worth the price,1648361532
1894,161,pest problems,1642383844
451,1901,good taste,1600200540
1222,2345,drought tolerant,1537729963
1867,329,recommended by extension officer,1597620176
291,2205,thirsty crop,1682491516
1174,748,market favorite,1641565576
217,1836,high yield,1552312834
850,271,low input,1539192939
1103,1356,worth the price,1662003521
2125,1777,thirsty crop,1633873167
1341,2241,pest problems,1696116053
285,329,needs fertilizer,1649360176
620,2189,good for intercropping,1563883065
2181,253,low input,1603683301
1314,296,stores well,1625933987
581,7,uniform ripening,1558917090
1874,869,needs fertilizer,1643965029
2075,1079,reliable,1588609366
660,917,lodging issues,1680558552
2087,1433,thirsty crop,1518173993
1900,1937,high yield,1523785497
1614,175,poor germination,1515454762
757,40,poor germination,1613822302
2056,1283,pest problems,1526002259
437,1775,great in clay soil,1685575250
1678,1581,market favorite,1608288001
1871,1477,poor germination,1546944723
1473,420,sandy soil ok,1576877763
808,2120,reliable,1523064540
1222,9,uniform ripening,1580479480
675,559,disease issues,1579515792
1034,481,high yield,1525948461
2077,2122,market favorite,1611968939
322,342,early maturing,1689461934
1730,1560,stores well,1676665705
2020,1232,needs fertilizer,1637463386
219,876,low input,1535200032
610,1175,drought tolerant,1598013484
332,2266,early maturing,1570007423
997,1314,seed too costly,1576855734
1941,1882,drought tolerant,1691486823
719,684,strong stalks,1530911342
1077,1455,needs fertilizer,1509189875
244,400,good taste,1626920607
916,329,needs fertilizer,1523207213
1488,488,seed too costly,1617718038
633,432,seed too costly,1505849800
2139,105,high yield,1530565242
396,1110,needs fertilizer,1609668587
1749,829,market favorite,1551177175
2190,2118,strong stalks,1576020160
621,1284,recommended by extension officer,1675036567
811,1085,pest problems,1665879104
1119,307,recommended by extension officer,1556044892
1435,2119,great in clay soil,1561000149
46,1256,high yield,1629885722
162,2495,worth the price,1603366977
1001,2468,disease issues,1696263149
451,1754,good taste,1685308429
888,100,needs fertilizer,1588181344
1084,125,reliable,1613610786
548,2189,thirsty crop,1633521099
944,1912,pest problems,1652837139
1725,631,reliable,1607880174
127,47,seed too costly,1647898984
231,1070,poor germination,1605097569
360,2315,pest problems,1562735187
1303,688,poor germination,1665905720
1705,1822,market favorite,1676521202
91,951,early maturing,1690354365
1244,1617,great in clay soil,1586583735
2157,2249,seed too costly,1650622934
2128,2349,good taste,1505915421
90,286,good taste,1659716475
903,1666,drought tolerant,1661854288
720,28,high yield,1683853209
2112,672,disease issues,1601882656
1517,1079,market favorite,1621887306
1580,2055,poor germination,1586174333
297,1932,poor germination,1538960486
1962,2210,high yield,1517743025
2164,224,uniform ripening,1519142824
1320,149,uniform ripening,1542689555
193,307,market favorite,1564498489
811,1592,good for intercropping,1564605589
880,303,low input,1524979891
2127,1682,disease issues,1564110280
847,1835,high yield,1511209545
1004,295,stores well,1507192007
1797,1175,market favorite,1628445668
1255,730,good taste,1643980031
1450,19,good for intercropping,1501201573
2049,1912,good taste,1684816398
2159,1819,poor germination,1693663280
1802,2413,sandy soil ok,1609673376
645,2374,sandy soil ok,1524076387
1684,1981,stores well,1545221731
2093,1002,thirsty crop,1627961102
1011,1625,reliable,1682393727
1535,1877,disease issues,1559662136
1066,9,low input,1638967011
504,1606,reliable,1551859078
755,117,pest problems,1507210496
1837,2170,stores well,1543922476
938,2,early maturing,1595257113
1675,1749,strong stalks,1567151324
846,1090,sandy soil ok,1699937482
1560,1151,worth the price,1633432201
1927,2029,lodging issues,1672183158
2191,1433,good taste,1692637578
620,1087,reliable,1686823909
2127,517,uniform ripening,1508583767
339,360,disease issues,1531709908
2132,1981,good for intercropping,1591277601
2052,180,drought tolerant,1643232137
1816,1805,uniform ripening,1594583997
1155,1982,seed too costly,1631699846
1660,1033,sandy soil ok,1644330071
253,2428,great in clay soil,1544677736
12,100,good taste,1518021587
287,4,high yield,1617960523
1107,27,stores well,1574410269
34,100,poor germination,1565078037
1423,1747,uniform ripening,1665341680
1147,2239,stores well,1639370860
1360,805,worth the price,1627650483
1900,1410,pest problems,1601675019
1534,2245,market favorite,1515891249
65,1879,seed too costly,1551246955
1830,208,thirsty crop,1650791853
543,2,good for intercropping,1653337437
533,2213,lodging issues,1622783522
1185,700,great in clay soil,1692635005
1280,355,poor germination,1525328894
193,80,needs fertilizer,1550876692
1888,424,stores well,1645724423
1177,1306,uniform ripening,1667089535
2162,2014,low input,1593448321
404,269,worth the price,1528068158
642,1034,good taste,1693756215
974,1630,low input,1548636649
175,589,needs fertilizer,1536827672
300,1640,low input,1633170708
1774,2233,disease issues,1549698347
187,1749,reliable,1516275005
1254,268,strong stalks,1605155260
585,384,needs fertilizer,1513863025
1350,194,high yield,1662903533
1616,155,drought tolerant,1542804841
394,1625,strong stalks,1613334194
1769,1321,uniform ripening,1646768912
1765,2070,drought tolerant,1577471616
2104,1231,uniform ripening,1574679176
513,1018,market favorite,1651994693
534,329,recommended by extension officer,1683812928
488,19,lodging issues,1613941484
2166,1578,pest problems,1685341971
860,2256,uniform ripening,1554456165
1757,1740,good taste,1556509233
135,2,high yield,1519591483
1255,58,market favorite,1672468233
1518,2267,good for intercropping,1698678134
1811,1890,worth the price,1657310944
638,676,thirsty crop,1559605304
95,1366,seed too costly,1562950573
219,1572,good for intercropping,1688006444
1938,306,good for intercropping,1630323226
1616,1655,stores well,1591926334
501,1219,good taste,1573615513
1838,588,great in clay soil,1511897824
840,855,disease issues,1670501765
1000,996,good for intercropping,1513142106
549,2461,low input,1520670737
1019,1414,stores well,1644761943
2159,1220,thirsty crop,1504017644
858,1107,good taste,1644501157
1796,1331,poor germination,1534228068
773,2210,early maturing,1582058978
671,940,poor germination,1608978994
110,1113,reliable,1692737130
1337,266,good for intercropping,1655007306
252,907,good taste,1667278587
1009,355,early maturing,1546913433
1903,693,reliable,1617909941
998,1627,good for intercropping,1666118158
1923,2315,reliable,1666989677
763,1140,needs fertilizer,1610065017
2062,2291,pest problems,1614504722
526,1967,lodging issues,1671591061
158,440,pest problems,1544362665
1514,377,uniform ripening,1697256957
344,1292,seed too costly,1549846941
2179,712,high yield,1677499744
866,1076,drought tolerant,1595633562
30,100,drought tolerant,1605144544
1475,1383,seed too costly,1546820278
1142,1595,thirsty crop,1631108678
364,1526,market favorite,1569467256
683,1526,great in clay soil,1632830296
112,194,recommended by extension officer,1585833549
261,2098,uniform ripening,1597620382
1374,1749,uniform ripening,1631080010
1998,1084,needs fertilizer,1629232140
687,2079,high yield,1552137510
183,1777,good taste,1604898143
1775,1943,good taste,1510044739
1622,2058,drought tolerant,1590028106
101,1448,uniform ripening,1519189779
1685,1714,drought tolerant,1667729553
482,1159,reliable,1551578921
603,203,worth the price,1595414084
2027,721,drought tolerant,1584305999
401,63,seed too costly,1671287886
1245,953,needs fertilizer,1588402789
1206,2440,sandy soil ok,1646197356
1147,1359,early maturing,1694146536
332,1740,low input,1540580734
136,2240,poor germination,1531009797
103,2213,good for intercropping,1617776139
1493,2194,needs fertilizer,1586076264
1763,2379,low input,1643428901
516,2062,early maturing,1642297235
1258,1222,great in clay soil,1564240401
970,2014,good taste,1632723979
1710,1965,great in clay soil,1677268300
1707,1405,good taste,1533293754
1088,1796,pest problems,1674462354
421,586,drought tolerant,1651700278
690,2458,worth the price,1641814146
455,1850,seed too costly,1602728749
830,326,strong stalks,1567756304
1466,2493,great in clay soil,1621140858
1446,1126,worth the price,1624712138
1009,971,reliable,1607143568
885,1518,recommended by extension officer,1654214628
658,1208,needs fertilizer,1637353341
2168,2098,uniform ripening,1585986411
2080,1070,pest problems,1651633970
1496,1220,good taste,1543601573
472,671,great in clay soil,1669670303
1823,1122,high yield,1635753956
2046,1087,disease issues,1615288740
818,1238,early maturing,1676249046
530,291,needs fertilizer,1675942910
127,1371,worth the price,1584714694
831,1374,low input,1591390421
1854,1037,reliable,1508721775
1773,1719,worth the price,1593116876
1884,1750,strong stalks,1535009249
1767,2238,recommended by extension officer,1557562261
257,1666,early maturing,1684245270
529,543,thirsty crop,1577526626
2167,135,poor germination,1529207846
791,1694,uniform ripening,1584131402
1760,634,stores well,1651538074
1329,1698,market favorite,1664302238
1206,265,strong stalks,1530745357
668,1912,pest problems,1509273569
1142,486,stores well,1631174303
197,1932,seed too costly,1578896900
1123,1593,disease issues,1541221281
514,2419,great in clay soil,1629198119
1087,1895,recommended by extension officer,1506568322
202,2191,market favorite,1629921089
1541,2431,needs fertilizer,1649402987
103,1843,high yield,1640831506
1881,80,poor germination,1610909886
158,1494,drought tolerant,1657424469
605,194,poor germination,1668881314
347,1874,thirsty crop,1536342506
1351,186,disease issues,1502276553
1606,588,uniform ripening,1597222452
528,57,disease issues,1587000117
1324,2058,strong stalks,1604157297
1991,100,good for intercropping,1527419648
827,894,disease issues,1541807875
1933,1685,poor germination,1540367689
147,1111,thirsty crop,1588262897
572,1284,market favorite,1625215754
239,2384,good taste,1520660934
903,226,high yield,1611470872
552,391,recommended by extension officer,1695539956
1111,2047,recommended by extension officer,1599707265
1027,1366,lodging issues,1602655136
1660,2055,high yield,1565279143
734,305,recommended by extension officer,1537124490
793,1292,worth the price,1679118384
2168,520,poor germination,1638201312
1851,2014,needs fertilizer,1609327332
1011,2201,uniform ripening,1674101785
1111,1419,market favorite,1614219885
832,3,uniform ripening,1693339246
1692,1777,disease issues,1658256802
1338,1898,good for intercropping,1599441840
1793,1265,sandy soil ok,1647042507
2160,100,good taste,1563403442
843,307,early maturing,1606563040
218,529,drought tolerant,1615906462
413,2292,reliable,1662082612
1711,1912,great in clay soil,1534566678
371,2016,disease issues,1524554386
487,1932,disease issues,1668357250
1211,876,reliable,1572856153
94,2291,good taste,1654757588
525,2269,low input,1560230844
2121,171,low input,1674745860
99,721,low input,1651850874
234,1597,recommended by extension officer,1640858082
1617,2189,stores well,1519309841
2128,311,good for intercropping,1626049565
2196,1222,poor germination,1547900805
464,1238,disease issues,1670541076
1841,884,good for intercropping,1580399777
209,65,stores well,1652895218
864,1675,early maturing,1504913496
1127,1702,pest problems,1597808338
420,1617,market favorite,1521100681
848,1771,good for intercropping,1616940011
114,206,pest problems,1526999983
1608,1816,thirsty crop,1565484900
341,264,poor germination,1607784047
1956,2123,pest problems,1686128190
23,2403,stores well,1680830842
1772,2014,good for intercropping,1520569682
1527,1386,good taste,1619930891
1804,225,poor germination,1665761848
775,1208,poor germination,1595758967
261,2451,uniform ripening,1580891672
2053,741,early maturing,1553985188
1492,377,disease issues,1562638861
787,158,disease issues,1505810162
7,2240,sandy soil ok,1674954471
1403,1307,thirsty crop,1622297343
1831,355,disease issues,1655622912
166,1954,lodging issues,1655967585
1985,2440,good taste,1573626234
2168,432,lodging issues,1579153897
1853,148,pest problems,1640066174
1928,815,good for intercropping,1600082911
1266,1925,stores well,1694324025
1627,377,seed too costly,1606306796
1652,843,poor germination,1679739912
1182,1366,low input,1537938471
703,1447,thirsty crop,1546056700
1317,1140,pest problems,1620418246
747,830,lodging issues,1600510717
143,2189,disease issues,1553720134
519,72,strong stalks,1676713140
2103,2,strong stalks,1566771717
709,2,stores well,1554732762
271,1256,high yield,1673287878
964,1065,low input,1686740262
2009,1641,high yield,1682375795
1107,637,lodging issues,1558813317
443,1919,drought tolerant,1637726321
1048,119,low input,1632826309
770,504,great in clay soil,1588758073
1969,1616,recommended by extension officer,1593684642
1403,2247,thirsty crop,1666945440
1098,2024,good for intercropping,1561295475
1784,1494,thirsty crop,1612691506
627,1430,uniform ripening,1528045437
1058,268,early maturing,1639008089
582,2315,needs fertilizer,1539931931
632,2112,uniform ripening,1560954123
380,360,good taste,1514008028
841,559,uniform ripening,1642367886
1400,86,recommended by extension officer,1503161026
1095,100,stores well,1611222955
1029,2084,worth the price,1607467279
1024,195,uniform ripening,1574950951
1123,1526,lodging issues,1650376133
2045,821,worth the price,1647598471
314,521,sandy soil ok,1538634262
778,508,reliable,1563315236
122,803,good for intercropping,1636474032
335,311,low input,1569622884
1398,771,low input,1540761560
1720,712,market favorite,1693505214
872,205,disease issues,1639560025
2040,1938,early maturing,1695103148
513,1224,pest problems,1570412151
1744,293,good for intercropping,1647186221
1223,1850,market favorite,1567367767
2088,1942,stores well,1688812785
1707,415,seed too costly,1646619782
1767,2206,sandy soil ok,1687294114
1441,100,worth the price,1611270101
276,1465,poor germination,1579832524
2178,2392,seed too costly,1519542313
2150,957,recommended by extension officer,1664790065
1176,1964,lodging issues,1581798879
1048,1645,drought tolerant,1599104278
938,1901,seed too costly,1656305851
918,1597,market favorite,1506992016
1044,1389,lodging issues,1655698531
799,578,market favorite,1677183195
109,52,pest problems,1688958431
700,2024,thirsty crop,1628800062
1584,1465,reliable,1683912509
98,1899,market favorite,1678459731
939,729,early maturing,1640758537
1449,859,early maturing,1520169375
654,1433,seed too costly,1572133303
1468,49,seed too costly,1646501478
835,1873,good taste,1653373871
769,947,needs fertilizer,1612193825
1606,1597,good for intercropping,1584812731
1858,2189,great in clay soil,1504538070
1050,2218,pest problems,1512153876
1162,2151,lodging issues,1691738418
423,52,great in clay soil,1546335114
1193,1087,stores well,1649896066
2010,4,good for intercropping,1665506340
420,2240,good taste,1611948582
1673,1067,recommended by extension officer,1511591397
1728,120,stores well,1500448893
1395,426,high yield,1644993615
817,1932,good taste,1600953928
135,9,great in clay soil,1594436492
354,918,pest problems,1538816994
167,2106,uniform ripening,1693652392
1819,2189,good taste,1563661179
1216,1132,needs fertilizer,1629476296
1058,355,thirsty crop,1611187874
1155,1213,worth the price,1695275330
793,792,recommended by extension officer,1553100006
1879,1375,strong stalks,1692680261
1648,1847,worth the price,1621848820
501,2014,market favorite,1618715077
833,1071,poor germination,1576942444
1829,271,seed too costly,1698772635
1662,76,strong stalks,1562755835
1212,1488,poor germination,1574711603
1440,2055,uniform ripening,1630064328
841,2240,worth the price,1610042240
1427,1232,worth the price,1531525154
1426,1824,recommended by extension officer,1627961550
43,1749,worth the price,1597195319
1894,2189,seed too costly,1569528399
1638,924,pest problems,1612540787
36,2282,pest problems,1624262077
530,194,seed too costly,1530132017
1727,1232,great in clay soil,1672820921
626,4,recommended by extension officer,1540390720
506,1321,reliable,1601664142
1684,578,good for intercropping,1597623521
1177,1686,seed too costly,1522180918
1909,2121,sandy soil ok,1539253463
2072,331,recommended by extension officer,1572863831
838,1389,disease issues,1639907750
1320,357,stores well,1597467584
1374,475,worth the price,1502123962
2136,1033,stores well,1674307297
249,1581,pest problems,1596726717
694,1087,lodging issues,1515055527
1212,1335,good for intercropping,1534496686
1647,606,high yield,1690682938
1853,2040,uniform ripening,1673336972
969,262,uniform ripening,1658370107
1617,924,uniform ripening,1601703676
1160,2055,needs fertilizer,1573978321
855,12,market favorite,1559941642
1682,1808,seed too costly,1683171381
859,2393,great in clay soil,1667834151
1374,1232,market favorite,1577634678
806,1912,seed too costly,1547556354
1751,2025,low input,1574793036
1913,2461,uniform ripening,1600003082
1857,2193,disease issues,1531104267
2110,1291,poor germination,1550291800
650,698,drought tolerant,1547857611
759,1239,lodging issues,1698956608
1395,1698,poor germination,1618345667
348,1975,worth the price,1521585900
1306,1373,recommended by extension officer,1656607539
81,611,market favorite,1647967430
731,1871,high yield,1696953282
758,1043,reliable,1686663149
841,1775,good for intercropping,1601202034
1570,1379,reliable,1699629551
2151,2315,sandy soil ok,1580667059
1935,1488,good taste,1582355943
159,2240,stores well,1593934508
151,1723,great in clay soil,1697028160
1492,2291,needs fertilizer,1673367170
1569,1389,sandy soil ok,1635622663
1882,876,seed too costly,1542838800
905,1597,worth the price,1594772947
154,797,disease issues,1570074859
343,1843,sandy soil ok,1576621801
2181,2315,early maturing,1528590746
1159,1320,disease issues,1693465386
717,2182,disease issues,1528566035
841,390,stores well,1573251781
1635,709,lodging issues,1655389346
328,1854,good for intercropping,1613316945
1841,1117,good taste,1617174514
1709,2112,reliable,1524357382
273,178,low input,1575619767
1415,662,reliable,1664337995
806,2431,needs fertilizer,1625546243
1579,1833,pest problems,1534699471
2181,1872,low input,1598191156
2037,1433,needs fertilizer,1663521186
56,1396,low input,1611100931
1324,2238,low input,1640118847
2167,2400,low input,1643830366
488,2133,reliable,1544776552
681,1981,disease issues,1529080121
1351,1967,pest problems,1501576211
2011,620,uniform ripening,1645738965
427,2121,sandy soil ok,1598571694
2104,2455,sandy soil ok,1671974309
1440,1938,needs fertilizer,1597036795
1676,360,low input,1531547775
104,428,drought tolerant,1656028146
2152,1640,early maturing,1590919889
316,202,pest problems,1590472905
85,382,market favorite,1627079948
1675,2360,uniform ripening,1515470518
793,2375,high yield,1527401790
1272,1025,disease issues,1512551546
1345,919,good for intercropping,1543614244
1499,700,early maturing,1686741111
1997,424,good for intercropping,1603334981
307,1662,poor germination,1644189875
762,681,thirsty crop,1507658195
1221,510,reliable,1563141513
2050,2233,early maturing,1619319596
412,1148,great in clay soil,1631147912
509,2047,poor germination,1541354363
1767,969,great in clay soil,1619201395
1072,2435,poor germination,1568184459
717,63,stores well,1504305960
1000,1282,early maturing,1678019218
1155,1419,seed too costly,1592853367
312,2292,high yield,1557969750
444,373,worth the price,1586530773
266,1044,stores well,1652694710
1537,261,low input,1683988835
1732,2114,pest problems,1625189753
1704,555,sandy soil ok,1642200418
675,972,pest problems,1529875524
1079,381,uniform ripening,1606251300
785,2226,early maturing,1670516537
372,1881,recommended by extension officer,1685299420
1824,754,early maturing,1561716190
531,1239,drought tolerant,1590971591
1656,65,pest problems,1593814735
1446,2451,early maturing,1508699002
131,100,high yield,1604930515
2152,2120,low input,1614154491
1549,508,disease issues,1669417870
1939,377,needs fertilizer,1672421752
146,1015,worth the price,1623700859
366,437,reliable,1512712561
862,1057,stores well,1581085809
83,250,pest problems,1525046431
728,2124,drought tolerant,1540402820
1401,1187,pest problems,1504409971
2045,1220,worth the price,1684651361
574,2201,disease issues,1589410631
626,2315,high yield,1566993147
747,1874,early maturing,1621689919
1349,2406,needs fertilizer,1650747612
827,1725,early maturing,1556640864
1474,578,great in clay soil,1618448086
1126,7,low input,1612643164
795,554,great in clay soil,1677268491
1163,1094,market favorite,1523795832
1130,1118,high yield,1619035611
1380,1546,high yield,1550046408
745,1836,seed too costly,1674987954
1291,838,high yield,1601823465
1230,2084,pest problems,1503924478
2042,2047,market favorite,1617473342
45,1796,recommended by extension officer,1586025623
1739,1592,great in clay soil,1505540602
1797,64,drought tolerant,1631403031
364,1938,sandy soil ok,1625610656
86,1195,reliable,1664105291
1646,876,uniform ripening,1577940376
827,600,stores well,1536595478
1792,1238,lodging issues,1599959307
440,631,recommended by extension officer,1606110724
1035,2435,good taste,1611828643
2056,377,market favorite,1538067292
627,1243,reliable,1690981232
332,1994,great in clay soil,1572813534
1935,1052,thirsty crop,1677889704
1988,921,reliable,1613294437
1205,819,uniform ripening,1602870634
1436,84,lodging issues,1675088757
1539,8,good for intercropping,1617763789
664,2426,recommended by extension officer,1589739383
2061,1232,high yield,1588967119
1261,106,lodging issues,1503236534
303,2118,drought tolerant,1619135160
452,2,lodging issues,1599960955
709,366,good taste,1536210970
1604,779,uniform ripening,1657912752
1806,555,recommended by extension officer,1616253965
1156,364,market favorite,1622604143
254,142,stores well,1585466371
1240,1246,market favorite,1587391931
175,724,early maturing,1693958048
98,1981,reliable,1617743782
502,1280,strong stalks,1587422475
284,168,good for intercropping,1607112574
58,2226,uniform ripening,1578844665
1120,2247,uniform ripening,1595195643
1201,594,seed too costly,1554809833
1071,1997,needs fertilizer,1579528657
235,2079,great in clay soil,1554683909
1152,1489,drought tolerant,1673537216
1317,1239,good for intercropping,1590774520
861,383,lodging issues,1671433144
521,2229,good for intercropping,1564586994
664,1816,reliable,1581582250
13,421,market favorite,1674744621
234,700,lodging issues,1580179580
81,1306,disease issues,1604869788
1383,414,strong stalks,1602571744
1933,594,disease issues,1694829117
1412,2170,good taste,1590979064
1685,631,strong stalks,1658713658
524,2201,sandy soil ok,1511651158
2093,859,needs fertilizer,1644998241
317,1283,market favorite,1632777810
1071,1850,lodging issues,1612934379
1241,681,seed too costly,1569974372
1646,1035,strong stalks,1587371231
1291,880,drought tolerant,1657643326
1651,1125,seed too costly,1665501043
2119,752,good for intercropping,1567413105
473,1162,strong stalks,1598223283
1100,1981,drought tolerant,1539696075
847,100,great in clay soil,1690360778
207,934,stores well,1599096793
990,1300,early maturing,1630463006
648,1363,strong stalks,1561936327
120,2240,uniform ripening,1583438757
793,1401,sandy soil ok,1516478433
1536,1480,uniform ripening,1635544822
85,46,needs fertilizer,1656247043
1003,1572,early maturing,1508801590
1563,1618,great in clay soil,1632928075
570,65,stores well,1523428628
35,2264,drought tolerant,1669561059
1087,2396,market favorite,1690758609
763,172,recommended by extension officer,1608466951
193,2382,drought tolerant,1578063150
368,2014,poor germination,1635385785
282,459,early maturing,1666771315
145,326,strong stalks,1601548047
771,625,low input,1657216315
1947,323,thirsty crop,1534080621
1241,1102,thirsty crop,1682715948
1734,1144,reliable,1521907057
1779,393,high yield,1694290278
2161,1292,seed too costly,1552429959
1281,1898,low input,1538314297
1114,1902,stores well,1626078630
3,1843,uniform ripening,1607732557
1425,1881,disease issues,1633841841
1859,1202,great in clay soil,1635762644
715,219,good taste,1659017864
1151,1240,pest problems,1574445331
998,1698,market favorite,1626245811
1200,299,high yield,1507826880
2120,329,worth the price,1696419352
1999,901,drought tolerant,1505557190
1509,1939,uniform ripening,1518057638
431,1230,strong stalks,1610876976
1001,934,worth the price,1632366227
2036,342,poor germination,1688484704
1310,2404,stores well,1620163792
124,2193,sandy soil ok,1549916596
953,491,drought tolerant,1641643884
1544,2088,poor germination,1674471388
1893,439,low input,1697072069
1039,1956,early maturing,1611929768
528,1395,seed too costly,1640424038
1890,1534,good taste,1695717441
892,117,strong stalks,1672619203
114,1772,early maturing,1508149773
798,1640,lodging issues,1580144475
1866,1288,lodging issues,1655595700
938,115,thirsty crop,1522546879
1495,1217,early maturing,1520149987
604,1632,sandy soil ok,1570054446
1322,108,needs fertilizer,1540787689
1735,1212,needs fertilizer,1519799654
791,1079,high yield,1624771372
1119,205,thirsty crop,1606539627
557,2201,great in clay soil,1622949454
1686,2400,pest problems,1673357476
1404,1217,stores well,1615133639
1486,1353,reliable,1602391908
2008,1674,worth the price,1578479451
508,115,pest problems,1589107010
1767,1223,drought tolerant,1613379108
1557,2058,low input,1607186432
816,410,good taste,1665071361
1372,2291,early maturing,1581786630
504,1687,stores well,1695556300
1144,119,strong stalks,1616136886
751,1256,recommended by extension officer,1646952918
898,1242,recommended by extension officer,1596486337
113,750,good for intercropping,1598552494
1027,116,market favorite,1509695136
954,1552,sandy soil ok,1522250780
1087,2490,stores well,1611668578
756,1132,worth the price,1690209914
41,2421,early maturing,1577547803
529,600,market favorite,1655873292
1369,172,strong stalks,1670369521
1293,2493,recommended by extension officer,1616977761
1438,1577,worth the price,1580393185
1054,1087,good taste,1500982083
321,1597,stores well,1606519524
968,2058,good taste,1609233864
1057,578,needs fertilizer,1502599901
67,1749,good taste,1508357116
340,1823,good for intercropping,1610912895
732,1208,thirsty crop,1554404159
1648,4,seed too costly,1564196385
882,2069,seed too costly,1695877650
1357,1419,seed too costly,1684929274
1508,489,sandy soil ok,1508408498
1046,7,pest problems,1520639062
240,1085,sandy soil ok,1511559880
1342,797,disease issues,1522896414
1832,1084,strong stalks,1693062853
634,712,stores well,1685700177
1923,1107,great in clay soil,1669905437
554,2428,great in clay soil,1515779165
83,186,poor germination,1505930557
1731,1822,drought tolerant,1615017625
1492,2315,market favorite,1679623571
2147,1654,seed too costly,1598442048
576,133,uniform ripening,1682740462
1544,2014,uniform ripening,1573726158
1612,1333,drought tolerant,1604833009
1143,1072,low input,1517800218
1132,1698,great in clay soil,1605075102
126,1967,lodging issues,1503421996
2196,471,worth the price,1548134595
2074,1754,good taste,1535490733
273,1818,thirsty crop,1567521521
1930,1981,early maturing,1611249455
1876,2355,lodging issues,1653942319
617,979,poor germination,1660595056
968,355,disease issues,1664163667
1656,272,low input,1613173238
509,466,market favorite,1521642813
1608,2298,poor germination,1686102538
2020,337,worth the price,1576545911
1933,294,reliable,1604792453
1014,989,needs fertilizer,1521819427
168,859,needs fertilizer,1567865825
818,1472,recommended by extension officer,1617256929
868,2237,good for intercropping,1548312216
210,1697,low input,1643052153
494,7,sandy soil ok,1606179835
438,1592,thirsty crop,1649458082
678,818,uniform ripening,1692244020
1822,1933,recommended by extension officer,1517863740
1473,1300,poor germination,1555713557
1267,2178,good taste,1690630965
739,195,early maturing,1516550593
969,1366,market favorite,1523848264
2100,2014,market favorite,1517088329
1532,166,low input,1605680613
503,467,drought tolerant,1637177358
1889,508,sandy soil ok,1671664437
300,2348,worth the price,1582072741
1579,1974,sandy soil ok,1582136745
1441,2268,strong stalks,1640394764
926,364,poor germination,1512833165
1401,633,sandy soil ok,1660614691
1653,1187,great in clay soil,1647902053
636,1468,disease issues,1694732577
848,2274,early maturing,1650927336
1007,2240,recommended by extension officer,1651533215
154,1482,seed too costly,1604316940
1518,865,market favorite,1566345895
1592,454,sandy soil ok,1691750020
1925,2384,drought tolerant,1682747019
998,866,strong stalks,1511168558
732,325,pest problems,1623066879
1814,1324,market favorite,1625748663
80,2394,stores well,1645518961
1686,218,needs fertilizer,1597399366
753,2014,reliable,1645421521
201,2,pest problems,1677701541
1217,651,sandy soil ok,1607677810
1441,2481,market favorite,1621858867
1159,1440,sandy soil ok,1574161490
136,1391,stores well,1582943057
1288,1284,thirsty crop,1610161732
1010,1592,low input,1681267767
2100,935,recommended by extension officer,1574390109
662,1111,great in clay soil,1656261336
1700,724,drought tolerant,1570656875
46,1125,thirsty crop,1523897278
1547,133,strong stalks,1685314021
2140,3,low input,1601747815
980,2240,early maturing,1594865621
1252,1405,pest problems,1588447573
1617,1724,lodging issues,1576779412
655,1490,drought tolerant,1523970391
1152,1013,poor germination,1506690287
1570,1632,uniform ripening,1694168845
1646,1371,reliable,1696929857
2120,1703,seed too costly,1640176655
1705,258,stores well,1631802332
1441,1947,disease issues,1500909637
1644,2,strong stalks,1567939148
1688,2159,lodging issues,1690824915
55,1387,poor germination,1613739454
1705,1939,stores well,1526525850
1819,1938,good for intercropping,1550106441
1156,2014,needs fertilizer,1564159307
480,529,strong stalks,1657051043
410,471,early maturing,1627873286
1871,4,great in clay soil,1607427387
1565,934,stores well,1661644552
1503,286,low input,1504133928
1680,2370,good for intercropping,1532852868
1636,845,pest problems,1590578991
1711,1136,drought tolerant,1608243060
515,1660,needs fertilizer,1658438088
853,1760,good taste,1685450110
1345,1914,pest problems,1578172658
1293,2315,high yield,1661870244
320,2121,worth the price,1567610260
1267,2382,reliable,1650903763
854,934,seed too costly,1550500152
1544,1560,pest problems,1652131571
558,377,low input,1517777001
805,1070,good taste,1642709907
1312,1059,early maturing,1555538692
1197,800,sandy soil ok,1615999390
227,631,poor germination,1659670824
1341,60,disease issues,1539878064
1741,509,poor germination,1601159387
1911,1110,reliable,1660330329
1653,1470,great in clay soil,1656758209
1177,1186,market favorite,1576631859
1813,1321,reliable,1553040433
1917,377,poor germination,1568308935
127,1471,seed too costly,1684675205
843,1343,recommended by extension officer,1513120399
31,767,thirsty crop,1506351710
903,1827,reliable,1604585500
1405,1579,lodging issues,1695417307
1454,2495,recommended by extension officer,1603272878
1919,158,disease issues,1599517672
1142,105,great in clay soil,1586596496
31,360,great in clay soil,1652661533
1857,1948,disease issues,1576591678
9,286,pest problems,1572998259
1906,717,seed too costly,1613576334
531,1816,needs fertilizer,1610016046
1222,1766,thirsty crop,1640399971
946,1768,early maturing,1519780326
1324,962,poor germination,1673645347
520,1726,seed too costly,1668543530
1799,712,poor germination,1684028227
680,2481,good taste,1696538020
1204,681,thirsty crop,1502283762
317,1796,good for intercropping,1598284641
1139,480,strong stalks,1539096138
2097,1334,pest problems,1620226813
328,1900,pest problems,1606356662
345,1253,disease issues,1577452539
885,1242,thirsty crop,1632779747
1113,377,disease issues,1601857272
436,70,pest problems,1638597148
871,100,uniform ripening,1688932259
2196,934,recommended by extension officer,1564230111
1779,984,sandy soil ok,1573877437
927,1969,market favorite,1545742231
25,1405,market favorite,1685682202
511,2337,great in clay soil,1655581638
1255,377,drought tolerant,1566003832
532,86,uniform ripening,1510665631
1612,473,good taste,1547423452
353,1129,good for intercropping,1557628965
233,1630,strong stalks,1516460498
1390,1058,low input,1651035687
2080,1321,disease issues,1673274473
1941,2286,thirsty crop,1576535740
841,1651,high yield,1585701355
1057,1597,good for intercropping,1516490082
2192,1616,reliable,1678757711
1893,7,stores well,1557561203
1155,178,thirsty crop,1687436193
1326,1419,low input,1524702926
1626,153,sandy soil ok,1659832205
76,1928,strong stalks,1673586736
1527,52,poor germination,1673653512
1726,1466,reliable,1680627606
758,1544,uniform ripening,1615132896
1859,1094,low input,1509839400
1437,355,recommended by extension officer,1661429311
11,1859,sandy soil ok,1571914627
302,2014,sandy soil ok,1566318002
864,7,needs fertilizer,1668231841
349,1932,needs fertilizer,1665631321
1276,1625,good taste,1587255261
1661,1956,sandy soil ok,1556397698
1902,732,drought tolerant,1529312131
1539,262,stores well,1596247452
866,1025,good taste,1619142318
1499,915,recommended by extension officer,1658335131
183,1386,seed too costly,1679744527
1531,1698,recommended by extension officer,1533681997
683,669,low input,1687759126
1123,2359,seed too costly,1501846340
1111,888,uniform ripening,1601227203
193,2240,needs fertilizer,1516382656
1614,2444,good taste,1582737964
1244,1909,recommended by extension officer,1641395741
1749,1682,reliable,1601590940
1162,1317,pest problems,1628977659
1044,1282,worth the price,1521109864
1044,421,early maturing,1642720527
1793,2055,worth the price,1573114502
1445,421,good for intercropping,1608552751
2138,1989,stores well,1552299787
87,1148,great in clay soil,1518289902
1881,2246,seed too costly,1676705998
1092,1580,sandy soil ok,1515051655
1666,594,thirsty crop,1620319656
312,1590,recommended by extension officer,1529906908
1967,1912,low input,1636342869
914,710,reliable,1656167007
2177,1714,lodging issues,1665458837
2006,544,poor germination,1669571552
1432,16,lodging issues,1514018704
1358,423,seed too costly,1656222479
2035,2005,reliable,1687797771
636,1852,lodging issues,1524777925
674,920,strong stalks,1574291365
647,957,stores well,1509745186
1189,1195,market favorite,1506862346
1083,2316,poor germination,1506644239
1570,827,worth the price,1613637829
892,1433,uniform ripening,1595622923
1775,1878,great in clay soil,1651825119
1608,426,needs fertilizer,1549190156
1662,68,recommended by extension officer,1641058866
824,464,seed too costly,1649649393
568,1667,good taste,1691337220
57,1224,disease issues,1515266604
1058,377,needs fertilizer,1598616188
954,1711,lodging issues,1615233325
268,100,uniform ripening,1595029210
775,119,pest problems,1578319755
577,994,reliable,1681625845
1121,1996,seed too costly,1571660770
79,1615,recommended by extension officer,1535507875
866,404,disease issues,1553974759
1176,421,lodging issues,1654339215
1116,2293,lodging issues,1621593605
1948,785,uniform ripening,1618369952
1442,2210,uniform ripening,1570283986
494,499,good for intercropping,1675869666
1660,251,market favorite,1569044569
818,1867,drought tolerant,1578305096
1726,1038,disease issues,1578534403
628,803,worth the price,1501944297
1439,1405,lodging issues,1586350746
33,1830,disease issues,1507397953
1298,2454,recommended by extension officer,1507315047
587,1778,seed too costly,1605370471
1767,1292,good for intercropping,1569704681
1865,624,high yield,1637304556
1579,1321,uniform ripening,1529423363
556,1036,needs fertilizer,1606407494
313,1515,seed too costly,1678654793
1303,489,high yield,1688058243
666,983,lodging issues,1527363994
1085,79,strong stalks,1598598659
1846,1675,early maturing,1587631437
1748,1207,pest problems,1603242599
341,869,sandy soil ok,1526375504
524,1874,low input,1568234237
558,1912,lodging issues,1681461558
1877,206,seed too costly,1698003734
1133,157,seed too costly,1577030866
654,1238,needs fertilizer,1559377439
204,1881,pest problems,1513344322
83,2426,poor germination,1514480879
9,339,poor germination,1595825150
864,1212,needs fertilizer,1519915044
1451,1793,worth the price,1512558942
8,1632,thirsty crop,1534423194
155,2219,good for intercropping,1673711385
116,186,disease issues,1510074753
356,907,great in clay soil,1519364699
1970,1293,strong stalks,1566191749
182,1284,good for intercropping,1597781810
273,1164,drought tolerant,1507141997
1002,480,drought tolerant,1693743140
1052,2174,market favorite,1571179844
33,1938,worth the price,1645429529
1458,2428,uniform ripening,1593960035
550,315,early maturing,1533807912
2017,2371,uniform ripening,1645442633
420,1247,good for intercropping,1529773918
945,117,worth the price,1605638141
976,72,good taste,1615137522
2063,2124,pest problems,1634349682
1870,1076,reliable,1638654690
273,742,lodging issues,1530845360
1586,746,good taste,1622393245
463,1539,thirsty crop,1582690308
95,1597,uniform ripening,1642027626
71,1698,recommended by extension officer,1611244393
284,582,good for intercropping,1662012114
262,1640,pest problems,1502286444
1404,4,early maturing,1575835598
165,282,stores well,1505835975
1879,1981,needs fertilizer,1577120740
570,258,lodging issues,1560155952
1618,697,sandy soil ok,1666068859
1816,466,thirsty crop,1614247476
683,1819,good for intercropping,1548796951
948,482,seed too costly,1663318024
1053,1162,drought tolerant,1689644998
108,2239,uniform ripening,1589041341
311,2166,great in clay soil,1582737545
400,878,sandy soil ok,1651628018
1566,2298,great in clay soil,1568614635
771,1370,great in clay soil,1599925170
2197,2130,early maturing,1500232830
1389,428,reliable,1693110810
805,939,needs fertilizer,1603373160
1834,1265,early maturing,1556444248
1770,350,uniform ripening,1668713773
553,377,needs fertilizer,1611448201
742,188,recommended by extension officer,1639335212
2059,2434,uniform ripening,1664273606
929,1932,strong stalks,1699884565
1915,1353,market favorite,1698630547
2041,934,worth the price,1692267881
867,1597,poor germination,1556086509
616,774,needs fertilizer,1520552495
2185,1789,reliable,1631617369
653,748,disease issues,1587141302
1712,1429,needs fertilizer,1677075224
1596,1854,drought tolerant,1509825857
1875,606,pest problems,1695458184
182,1643,stores well,1698706173
725,224,good for intercropping,1692102668
1003,1068,recommended by extension officer,1516264001
300,1625,lodging issues,1675772903
1396,578,thirsty crop,1647888274
1155,2206,worth the price,1644341942
1562,1577,drought tolerant,1680689126
408,1426,needs fertilizer,1537037037
719,1592,strong stalks,1619668671
573,1212,early maturing,1537203069
779,2241,needs fertilizer,1534764007
1607,1730,good for intercropping,1627460140
1011,721,pest problems,1540782122
237,1259,worth the price,1659064759
1102,1685,stores well,1550458173
115,298,good taste,1532765863
1252,506,early maturing,1505183468
1210,1294,strong stalks,1661248129
1109,1294,worth the price,1548348306
254,1917,market favorite,1680470614
531,2104,recommended by extension officer,1629164837
511,1759,lodging issues,1636313953
1657,2218,reliable,1594764275
270,1683,needs fertilizer,1657843908
1119,1076,strong stalks,1608958167
1692,1933,stores well,1595744317
1118,1794,high yield,1517030359
752,1763,good taste,1614448491
1493,297,reliable,1569268004
1632,2186,strong stalks,1506914895
233,2488,drought tolerant,1636605827
1643,1526,seed too costly,1506903662
1812,2315,market favorite,1558185685
209,2210,early maturing,1560287539
2032,1488,lodging issues,1608239550
2059,158,pest problems,1534328914
1015,286,worth the price,1580782442
635,2346,pest problems,1646446012
67,1929,good for intercropping,1502903621
1349,1969,seed too costly,1500670376
290,1398,worth the price,1533821095
368,805,reliable,1659125344
1388,611,reliable,1610011514
1157,925,market favorite,1563328729
1232,1933,uniform ripening,1617230742
351,2205,market favorite,1674532493
1832,2314,reliable,1596342258
860,100,thirsty crop,1548915276
15,2365,disease issues,1642467961
732,968,sandy soil ok,1575817857
1282,2389,drought tolerant,1676989067
2139,1850,lodging issues,1670209696
1609,19,thirsty crop,1554479796
1441,1363,lodging issues,1573722272
814,829,poor germination,1588708514
716,2366,seed too costly,1548525734
1300,2365,disease issues,1681031233
800,2468,great in clay soil,1673251659
858,178,pest problems,1661871214
1103,1018,high yield,1565221398
104,681,recommended by extension officer,1537412763
2092,1448,sandy soil ok,1619984879
587,1136,needs fertilizer,1527298126
2099,1301,disease issues,1526865006
375,1515,low input,1690559290
406,2481,reliable,1606761705
166,728,market favorite,1636747671
448,393,sandy soil ok,1564704477
1850,2420,pest problems,1673890111
399,1375,good for intercropping,1622790441
52,4,thirsty crop,1699617572
147,381,great in clay soil,1569501839
2136,1381,lodging issues,1561460605
1576,473,low input,1521357408
946,3,high yield,1655608295
2125,2450,thirsty crop,1572125832
2158,2189,great in clay soil,1696042400
557,1366,stores well,1588357418
124,1304,lodging issues,1635898505
1390,1910,sandy soil ok,1503829753
1354,1690,good for intercropping,1669058197
1790,1794,high yield,1504920568
1926,286,good taste,1656437871
1076,381,strong stalks,1607169630
1661,1919,great in clay soil,1688279124
1294,2315,worth the price,1538648140
1721,1359,market favorite,1680255767
6,2167,pest problems,1543222713
1916,1036,recommended by extension officer,1696554602
513,729,needs fertilizer,1502081512
567,158,stores well,1683437957
1178,1938,disease issues,1541939845
846,1731,reliable,1653512894
2074,2138,reliable,1579173822
1715,2240,high yield,1562166140
486,262,needs fertilizer,1616443275
193,1135,drought tolerant,1545361992
1794,114,worth the price,1686999947
648,1065,low input,1670450860
540,1593,stores well,1545729420
1317,377,good for intercropping,1505208001
172,785,uniform ripening,1526749539
562,1191,reliable,1613728919
56,2400,poor germination,1550275221
661,2222,good taste,1600672816
1482,1408,high yield,1538516596
2199,195,needs fertilizer,1646408920
1345,1475,good for intercropping,1565329973
79,19,high yield,1578210600
509,62,good for intercropping,1506200512
157,1213,market favorite,1507317698
200,2476,good taste,1637711324
202,1597,early maturing,1520062620
43,520,reliable,1557517991
746,1929,drought tolerant,1601947831
1472,2014,good taste,1631556333
954,959,worth the price,1558459699
5,1483,market favorite,1573896665
301,608,uniform ripening,1500821361
1365,1577,sandy soil ok,1559321358
2171,1597,uniform ripening,1652703190
2059,1973,thirsty crop,1643779667
1046,972,high yield,1563909647
596,451,reliable,1685795731
533,1439,pest problems,1632105059
2044,2252,great in clay soil,1683142795
1584,2148,great in clay soil,1562113077
1288,2425,uniform ripening,1604433923
272,2114,sandy soil ok,1612361772
1527,1717,lodging issues,1596227139
183,662,early maturing,1692800455
1871,2014,pest problems,1572419392
814,2098,pest problems,1556489263
1962,1981,worth the price,1679905139
1537,377,uniform ripening,1672560081
139,1424,recommended by extension officer,1575435189
1644,1306,strong stalks,1589746797
553,1403,stores well,1675427811
1475,2,great in clay soil,1693475571
8,68,recommended by extension officer,1633696780
969,2014,drought tolerant,1515465626
288,2297,high yield,1556855265
1409,965,early maturing,1629035954
1729,2087,pest problems,1530189285
15,1617,market favorite,1563095266
462,1662,strong stalks,1655172486
1720,594,sandy soil ok,1575493619
1804,2498,strong stalks,1662375894
716,1975,poor germination,1606375392
978,2374,sandy soil ok,1609608398
1669,393,sandy soil ok,1698449645
1536,385,great in clay soil,1658211636
1766,7,stores well,1509891501
70,1455,stores well,1656196291
1966,1256,lodging issues,1588871604
1840,1735,great in clay soil,1647877207
1021,1629,high yield,1585264840
660,1697,seed too costly,1589166416
70,892,low input,1568964279
1191,839,uniform ripening,1532656710
693,2046,pest problems,1684451170
169,1692,great in clay soil,1678467189
1535,1359,disease issues,1541251182
1035,845,good taste,1689455131
551,1797,market favorite,1592065663
319,1553,strong stalks,1632383328
818,1079,market favorite,1536854230
848,954,pest problems,1564927795
204,1735,needs fertilizer,1543843557
165,1981,worth the price,1677248184
521,298,sandy soil ok,1505796990
2140,1907,market favorite,1614385371
2028,172,market favorite,1680710014
920,149,high yield,1653070971
1296,2410,reliable,1605972154
1943,134,good for intercropping,1640127794
669,1433,thirsty crop,1684678604
169,1754,lodging issues,1660024411
289,268,seed too costly,1628044874
637,1079,lodging issues,1629925195
1510,474,reliable,1573881500
857,2252,disease issues,1674505605
608,895,good for intercropping,1604413446
1145,1739,drought tolerant,1597533774
862,1551,drought tolerant,1517761766
2029,1508,recommended by extension officer,1505665727
836,1836,reliable,1652149161
1982,5,lodging issues,1509894336
542,888,low input,1617458468
1484,1912,pest problems,1623670485
550,1930,pest problems,1539038462
1063,896,worth the price,1502332641
2138,2055,good for intercropping,1526209482
2002,79,sandy soil ok,1576176322
1140,2193,good for intercropping,1691926851
1999,1981,recommended by extension officer,1500224838
284,2182,uniform ripening,1584261155
1539,1526,drought tolerant,1602147610
609,934,seed too costly,1603119391
84,329,good for intercropping,1598649497
760,2230,disease issues,1577162254
1186,1382,early maturing,1574999213
372,1070,uniform ripening,1670317733
822,1726,stores well,1532159438
1541,2043,drought tolerant,1549514848
1339,545,drought tolerant,1691084759
585,1357,disease issues,1594393444
1549,1816,pest problems,1583629306
116,1981,needs fertilizer,1666587821
1402,286,recommended by extension officer,1550824451
1615,1101,pest problems,1646318782
949,836,thirsty crop,1585528592
1394,1366,uniform ripening,1605470795
1264,1592,pest problems,1676214393
46,377,disease issues,1501216496
76,356,market favorite,1532474840
370,600,sandy soil ok,1506957187
70,124,lodging issues,1637964766
1720,1981,uniform ripening,1633077010
1895,100,uniform ripening,1502661135
946,902,worth the price,1598224316
803,37,reliable,1677884372
1502,116,uniform ripening,1677239692
874,415,reliable,1614323399
138,687,uniform ripening,1535555438
1550,377,drought tolerant,1537201403
107,1830,lodging issues,1578555523
355,1936,strong stalks,1561460074
1478,965,early maturing,1611706626
1368,426,high yield,1627664874
80,451,high yield,1589174135
46,33,sandy soil ok,1626856943
407,818,low input,1676699584
905,11,good taste,1567196867
71,1538,market favorite,1581814791
1746,1232,great in clay soil,1524170398
1003,918,early maturing,1605720884
80,2500,drought tolerant,1661949311
840,2058,disease issues,1597115827
98,1005,early maturing,1697916817
58,1196,strong stalks,1508090248
1282,311,stores well,1656451801
1067,1822,good taste,1681815075
480,2004,early maturing,1529122467
1498,683,stores well,1616235478
1179,1544,recommended by extension officer,1583558642
1204,1044,uniform ripening,1695423806
1485,1222,reliable,1555694554
322,116,needs fertilizer,1574965399
1401,407,worth the price,1618489889
94,2120,sandy soil ok,1569944921
2122,1058,sandy soil ok,1628966904
622,1854,uniform ripening,1501646466
1981,1932,needs fertilizer,1540125148
806,2114,stores well,1521114684
968,2348,thirsty crop,1506609482
1333,1210,poor germination,1672723738
1250,963,seed too costly,1575361148
1354,1662,worth the price,1638070261
203,9,disease issues,1655481115
1909,194,thirsty crop,1567819685
573,173,stores well,1687750115
1313,1724,disease issues,1693199147
1486,1518,seed too costly,1677972296
657,1087,good for intercropping,1550067803
2040,225,market favorite,1689810547
1783,84,high yield,1522681787
1578,669,thirsty crop,1665833959
1006,195,poor germination,1507269965
560,2055,strong stalks,1590506496
1421,598,seed too costly,1581515408
959,802,high yield,1604270996
860,2174,drought tolerant,1697226926
673,9,recommended by extension officer,1543762743
370,52,disease issues,1578767907
273,917,strong stalks,1566278262
294,362,good taste,1553165461
76,355,good for intercropping,1695414156
967,597,sandy soil ok,1558915762
1232,1687,high yield,1631744953
90,792,pest problems,1574450945
1945,1771,early maturing,1511251735
130,610,disease issues,1526726887
453,1930,recommended by extension officer,1658707552
1675,228,disease issues,1576859951
1300,2375,recommended by extension officer,1543245394
1176,1111,market favorite,1606986694
104,1981,sandy soil ok,1524922874
2168,588,seed too costly,1616810751
257,2315,reliable,1558373222
1306,2461,good taste,1551245465
1945,1344,worth the price,1651545058
354,796,sandy soil ok,1532360053
1180,898,early maturing,1689655264
2023,93,early maturing,1515345204
1156,130,low input,1554038054
1889,368,low input,1681867758
1993,2369,reliable,1693757018
344,911,drought tolerant,1527709529
627,355,poor germination,1591576554
847,1352,pest problems,1560091488
1530,1148,stores well,1521887384
1616,2014,worth the price,1597598058
1018,2036,strong stalks,1656197325
1410,172,reliable,1672554413
1787,2424,needs fertilizer,1603769585
1529,2240,good taste,1551755190
1976,559,poor germination,1581133115
765,733,high yield,1545637745
836,655,early maturing,1659394369
1437,451,poor germination,1563049117
185,1017,disease issues,1638302602
1686,1699,great in clay soil,1576034199
858,2189,drought tolerant,1664724291
145,56,reliable,1572204369
1486,1647,stores well,1584943406
1519,480,drought tolerant,1536276116
2155,630,lodging issues,1612789051
351,1191,stores well,1693164358
1323,2348,lodging issues,1686122506
39,1932,drought tolerant,1519652928
2167,1381,seed too costly,1581992250
2144,740,good for intercropping,1662101822
87,1702,lodging issues,1689600336
684,1374,worth the price,1562522822
650,1542,lodging issues,1698397742
2101,4,reliable,1543204674
71,1807,high yield,1620927476
1766,994,market favorite,1697558208
468,934,recommended by extension officer,1579939686
479,1321,stores well,1543171213
1222,1366,worth the price,1531864888
1961,594,low input,1644546657
596,1488,recommended by extension officer,1563649463
876,2425,drought tolerant,1566503363
1857,958,seed too costly,1667083259
720,116,reliable,1559781821
1216,1421,disease issues,1616207702
915,1053,low input,1596943593
1048,130,poor germination,1582919748
304,2051,seed too costly,1629907777
503,1597,good taste,1570535417
1612,1413,good taste,1669797340
1935,2071,reliable,1561457347
29,1516,reliable,1613218864
1114,2092,thirsty crop,1509574248
1587,1749,stores well,1576821680
1891,2058,reliable,1513116698
1648,880,low input,1663964114
260,253,strong stalks,1546888514
1911,611,reliable,1586604427
94,1822,recommended by extension officer,1516552727
1599,1494,market favorite,1669514467
303,1295,sandy soil ok,1570718138
485,1495,drought tolerant,1556790455
161,2002,strong stalks,1629865415
2038,2233,high yield,1594308978
1956,2237,early maturing,1695677081
923,612,sandy soil ok,1604900033
1262,378,stores well,1665549282
2144,1689,worth the price,1613200495
1082,2489,good taste,1505174912
1922,3,reliable,1658931195
439,1632,high yield,1680861416
2052,1036,needs fertilizer,1693605803
1757,1366,early maturing,1556764422
1015,480,stores well,1679471126
1757,1715,worth the price,1504946857
1465,2189,great in clay soil,1645247983
214,2315,uniform ripening,1545623609
1988,528,market favorite,1581879731
1744,1222,lodging issues,1588733350
55,185,low input,1693334352
948,1919,market favorite,1679053190
2197,2014,sandy soil ok,1530825114
1373,876,stores well,1500211747
1781,355,market favorite,1614039133
82,1365,worth the price,1627498490
780,2446,low input,1563870925
1632,1357,seed too costly,1614458041
1598,2223,pest problems,1547594196
1312,1838,recommended by extension officer,1568832560
1837,922,high yield,1665111388
2103,136,early maturing,1514841615
412,1422,drought tolerant,1596684606
1593,2014,seed too costly,1514506908
110,1922,low input,1614704790
627,862,thirsty crop,1524892112
1393,361,thirsty crop,1563592389
2030,2405,seed too costly,1602143652
1949,100,seed too costly,1595689510
1859,1285,low input,1540545516
338,138,good for intercropping,1528678027
171,1950,worth the price,1500474841
370,1850,sandy soil ok,1501923087
168,1723,good for intercropping,1686039478
2067,377,good for intercropping,1623179757
432,355,stores well,1541441621
1905,65,disease issues,1549903135
1695,33,reliable,1673657010
1661,2144,stores well,1696124719
553,2118,uniform ripening,1597190151
2017,1597,pest problems,1530414559
713,1625,poor germination,1664222002
138,1132,disease issues,1578994785
1993,420,low input,1515180455
1003,1940,thirsty crop,1529500192
1960,2049,poor germination,1635041234
302,1729,early maturing,1644408773
151,1363,market favorite,1645551291
1911,1625,great in clay soil,1529253719
1278,393,poor germination,1657452080
82,695,good taste,1508736566
125,19,low input,1682471949
1686,1050,early maturing,1574010226
238,1366,good taste,1637427026
2196,2087,disease issues,1508814017
1046,1285,market favorite,1654380499
648,1291,pest problems,1649845768
1571,614,disease issues,1550292867
1275,1272,disease issues,1623728586
1703,2374,early maturing,1663435964
2079,187,disease issues,1590160775
1292,876,good taste,1609452642
632,377,stores well,1650826222
610,1616,disease issues,1565020236
337,271,lodging issues,1569312239
1051,263,high yield,1678304307
493,2084,needs fertilizer,1580458481
1403,1045,drought tolerant,1622554623
1490,268,thirsty crop,1684459460
353,2264,low input,1598011035
1177,635,seed too costly,1641512072
1158,355,lodging issues,1583137971
1443,1981,needs fertilizer,1560210778
2043,1357,high yield,1688640481
1863,2047,needs fertilizer,1645097194
1913,1306,pest problems,1515476716
1071,1646,needs fertilizer,1581550725
1067,1836,lodging issues,1607080098
787,1912,reliable,1624765432
1306,54,disease issues,1566406434
688,1466,early maturing,1526526516
1819,286,recommended by extension officer,1570757086
1073,869,sandy soil ok,1624279544
1674,2422,strong stalks,1600453744
967,1763,high yield,1620334521
938,876,drought tolerant,1597643392
1945,1794,recommended by extension officer,1655380451
2114,1749,good taste,1561551778
520,1355,market favorite,1589918865
2073,2256,great in clay soil,1586355963
1123,748,reliable,1555679803
1841,1018,lodging issues,1678524926
1553,1841,reliable,1643614621
1470,398,strong stalks,1661630144
1909,1042,disease issues,1523161116
122,1582,strong stalks,1591069586
889,919,pest problems,1655416287
415,194,pest problems,1606616726
319,752,pest problems,1565197744
1479,355,disease issues,1593527865
1109,1221,seed too costly,1580196356
620,432,needs fertilizer,1574072689
1579,1265,strong stalks,1641724646
916,564,early maturing,1609154354
1250,1292,reliable,1526642189
699,1645,early maturing,1542407583
1486,2010,worth the price,1562596777
295,899,drought tolerant,1644997011
941,378,seed too costly,1669318994
1944,2346,good for intercropping,1605233910
1135,2053,disease issues,1500188526
1927,192,uniform ripening,1561172887
790,407,drought tolerant,1584983839
442,1012,disease issues,1577955603
1553,1999,lodging issues,1687614005
487,2189,lodging issues,1646501177
466,1625,reliable,1555917565
753,1740,low input,1577335250
656,823,lodging issues,1668354459
523,135,worth the price,1655670257
1305,1213,low input,1613082133
1743,1116,lodging issues,1590113749
1117,505,great in clay soil,1674217812
1295,1208,disease issues,1597594816
1727,2281,good taste,1537189914
1950,1034,thirsty crop,1505411356
1944,677,high yield,1649088037
1713,839,uniform ripening,1677133203
1994,2400,stores well,1508443269
968,1232,seed too costly,1668190996
1065,1932,disease issues,1661435285
2061,1198,good for intercropping,1575967861
830,133,early maturing,1659318279
1597,188,stores well,1500801255
1606,1582,needs fertilizer,1663490116
672,407,reliable,1654666040
1006,375,thirsty crop,1612127477
27,1981,needs fertilizer,1546858002
864,2014,poor germination,1565787783
352,1796,great in clay soil,1504604116
1048,1625,great in clay soil,1521073784
28,2168,early maturing,1612197321
1354,1677,great in clay soil,1526023223
1244,306,great in clay soil,1609759124
1018,58,lodging issues,1571773315
1876,225,market favorite,1609542886
1838,1645,thirsty crop,1615664910
183,1048,drought tolerant,1561978687
1260,567,great in clay soil,1607754516
971,1217,worth the price,1577214595
517,1357,worth the price,1570441944
2017,432,strong stalks,1563828263
873,1132,early maturing,1510083851
1394,792,stores well,1608649343
57,1629,good for intercropping,1548222886
505,1874,strong stalks,1682215579
1278,1735,low input,1570710339
683,823,recommended by extension officer,1513616734
381,1850,disease issues,1658321078
1179,896,drought tolerant,1603921166
372,2240,early maturing,1517816794
1535,8,needs fertilizer,1661487354
669,242,thirsty crop,1636635421
2093,1490,market favorite,1651703056
1869,642,disease issues,1694195202
101,326,needs fertilizer,1644212496
683,2374,needs fertilizer,1634152983
1322,380,recommended by extension officer,1526862563
329,1943,drought tolerant,1511832117
832,424,pest problems,1528278023
1675,1147,pest problems,1636328496
2140,1912,drought tolerant,1564476749
410,1975,market favorite,1649318594
1911,855,thirsty crop,1668144019
674,2047,early maturing,1568120673
272,426,thirsty crop,1663885806
1720,1515,early maturing,1676818368
605,2380,uniform ripening,1692672574
1786,2014,strong stalks,1598843640
679,520,market favorite,1688966610
7,1392,thirsty crop,1614757473
2178,445,worth the price,1543379289
325,2045,market favorite,1549326527
879,1036,seed too costly,1652467999
2090,785,high yield,1637500916
505,2315,recommended by extension officer,1614514148
1224,271,needs fertilizer,1687218839
1281,2425,disease issues,1594476784
1262,268,early maturing,1502286436
1626,173,early maturing,1650196461
241,2210,needs fertilizer,1687060714
969,125,high yield,1596525730
73,1282,high yield,1537660155
1651,2334,early maturing,1589508333
667,1876,strong stalks,1654748854
1543,730,drought tolerant,1652882318
1576,415,needs fertilizer,1544274724
508,1364,low input,1662423300
1232,286,pest problems,1572539002
1789,2365,needs fertilizer,1505609176
1431,2240,high yield,1664238691
682,135,good taste,1689178441
577,631,uniform ripening,1635643461
1179,261,good for intercropping,1584031090
2084,7,uniform ripening,1656101929
610,2,good for intercropping,1580277562
1475,534,uniform ripening,1598188036
1306,748,market favorite,1679695516
864,796,worth the price,1685868288
1372,733,strong stalks,1504847619
1559,1144,reliable,1672042035
1363,2146,disease issues,1681774816
603,1912,sandy soil ok,1533363328
169,1833,low input,1598440601
38,4,needs fertilizer,1640415098
1654,1798,market favorite,1641856814
862,2058,stores well,1612750576
494,2434,market favorite,1649902610
1212,2440,disease issues,1510971315
1155,432,good for intercropping,1543406784
982,2210,worth the price,1590108064
1083,1107,good for intercropping,1539432728
235,1310,needs fertilizer,1687635736
819,909,uniform ripening,1658083405
1948,866,recommended by extension officer,1667526898
579,1387,seed too costly,1557908064
451,326,market favorite,1633332892
2023,2055,disease issues,1546852930
254,1655,market favorite,1502516187
1129,1119,worth the price,1515759848
451,362,lodging issues,1556655252
259,843,recommended by extension officer,1672435792
1971,1701,great in clay soil,1616711302
109,2439,strong stalks,1530412467
1999,2014,disease issues,1688003595
337,752,good taste,1632256257
918,1058,worth the price,1698346619
1126,805,low input,1598479380
847,1416,seed too costly,1552490730
1096,859,early maturing,1656667964
340,2014,market favorite,1568751686
1973,2315,needs fertilizer,1625632416
2158,866,good taste,1684354817
1886,2158,worth the price,1628494215
2112,1237,high yield,1669034519
239,1560,lodging issues,1517288267
1517,1140,uniform ripening,1532558624
169,531,high yield,1568221507
1913,1178,recommended by extension officer,1598799342
464,2027,pest problems,1619291658
2118,1625,low input,1538466096
1556,919,lodging issues,1651766607
319,1735,good taste,1603760225
394,1220,pest problems,1559929226
1874,2348,needs fertilizer,1686961863
196,981,low input,1561994944
1053,224,worth the price,1677869075
874,4,uniform ripening,1641027439
747,748,uniform ripening,1602316790
1944,676,reliable,1538596795
1912,1071,market favorite,1658727897
67,2301,strong stalks,1534050640
721,1719,good taste,1632171928
633,282,good for intercropping,1599446822
2074,1967,reliable,1647760812
1103,189,stores well,1670602088
687,173,great in clay soil,1563110336
2186,1881,poor germination,1505219436
1001,488,stores well,1580360780
1912,2380,sandy soil ok,1533387188
427,1625,thirsty crop,1501850630
1819,1210,stores well,1617847096
2104,1597,uniform ripening,1531557389
1209,1384,uniform ripening,1518858632
1465,589,seed too costly,1682959717
1362,1981,recommended by extension officer,1680258130
590,1961,good for intercropping,1541264141
1159,1882,strong stalks,1555309312
1375,480,recommended by extension officer,1600771639
1985,2058,poor germination,1627446721
1386,326,high yield,1554188787
2094,1882,good for intercropping,1581918907
1380,1726,uniform ripening,1626299504
989,1389,market favorite,1630005695
1765,243,sandy soil ok,1659356777
1150,1471,drought tolerant,1573637269
558,2307,good for intercropping,1658050985
2187,1200,thirsty crop,1635182140
676,350,great in clay soil,1642577204
1766,2363,great in clay soil,1603135016
2158,1919,good for intercropping,1525933418
564,1087,drought tolerant,1593719579
650,548,high yield,1593060069
94,2327,lodging issues,1682295533
773,157,sandy soil ok,1604593480
322,843,stores well,1608834409
1735,2,lodging issues,1688657388
1896,924,drought tolerant,1620954247
1681,2014,strong stalks,1592447291
1021,455,disease issues,1517869438
745,363,great in clay soil,1669087009
1876,1217,pest problems,1599460890
529,208,worth the price,1579069553
185,1263,lodging issues,1542530058
448,2174,low input,1532140832
1876,205,worth the price,1601653604
1549,52,reliable,1675667566
154,1357,good taste,1675547844
312,397,seed too costly,1514287227
294,1914,recommended by extension officer,1619413333
28,1956,sandy soil ok,1591592247
1956,1953,needs fertilizer,1568429534
1790,364,poor germination,1561967518
339,684,needs fertilizer,1638584557
2023,657,good taste,1536024579
880,2425,worth the price,1579073063
1339,172,recommended by extension officer,1627576596
2117,1085,recommended by extension officer,1669463090
1130,980,market favorite,1626718227
1660,323,drought tolerant,1527699675
129,452,pest problems,1511758816
1272,1960,needs fertilizer,1640954904
504,480,worth the price,1541422107
27,1232,early maturing,1698672966
54,1401,market favorite,1637993288
288,1547,stores well,1664797901
1834,1929,disease issues,1541829644
117,7,stores well,1565091637
1439,1725,good taste,1651758499
1237,504,reliable,1695414550
2012,625,lodging issues,1589358617
1892,1292,high yield,1508863154
1046,1540,lodging issues,1627245838
57,597,uniform ripening,1567654276
559,2243,recommended by extension officer,1614661805
1516,1487,pest problems,1618537939
1845,681,great in clay soil,1540603586
307,2275,stores well,1591124541
951,264,seed too costly,1533726529
1918,2192,needs fertilizer,1630245730
1189,1224,poor germination,1680675406
1543,2106,pest problems,1606726694
1422,1265,thirsty crop,1616258658
605,748,stores well,1634104522
2145,1038,strong stalks,1568306357
1341,1017,seed too costly,1676531646
1091,1724,market favorite,1566454894
2024,1321,poor germination,1600888362
606,391,high yield,1602716413
1314,1981,disease issues,1643068954
1360,1378,stores well,1604050846
1524,1580,drought tolerant,1609313514
1196,1222,good taste,1667689785
1313,2075,sandy soil ok,1500483582
1824,1499,seed too costly,1688795004
1714,323,poor germination,1661899800
51,184,uniform ripening,1654531548
1407,1077,drought tolerant,1673745322
363,333,early maturing,1536274393
731,2242,good for intercropping,1601809259
528,826,low input,1671699396
965,68,stores well,1566993170
2020,223,drought tolerant,1683057001
1835,1519,market favorite,1561861410
630,1993,good taste,1624777543
1960,100,recommended by extension officer,1539179370
504,1564,needs fertilizer,1625214804
646,851,reliable,1643613981
1775,2238,great in clay soil,1676894962
639,1854,early maturing,1541281641
1108,849,market favorite,1667501467
1596,1256,poor germination,1623875130
954,998,great in clay soil,1625535103
1583,1523,disease issues,1682978217
1305,1723,needs fertilizer,1610010367
907,1572,poor germination,1677051636
1325,1224,market favorite,1688024320
1239,1356,good taste,1666144358
1595,2352,lodging issues,1667493215
1967,1212,sandy soil ok,1606448047
990,856,lodging issues,1693976816
1528,588,seed too costly,1596882477
1929,1256,great in clay soil,1536008232
1014,935,reliable,1553352574
1825,594,strong stalks,1561335324
2185,1597,disease issues,1567296593
1402,1981,great in clay soil,1628083386
1954,755,sandy soil ok,1591094895
1341,2124,pest problems,1698367863
2109,1625,needs fertilizer,1616947075
693,1877,seed too costly,1603501424
1019,2058,poor germination,1628400911
245,1030,uniform ripening,1603786633
793,630,high yield,1602906240
1588,520,recommended by extension officer,1600945930
451,1715,lodging issues,1514410760
1878,116,poor germination,1582567626
1000,1495,disease issues,1522656777
1489,1256,market favorite,1615497516
1130,355,lodging issues,1667306634
1838,1946,disease issues,1675355008
2061,96,good for intercropping,1508645511
1773,2129,recommended by extension officer,1637552371
2186,1210,worth the price,1611755343
167,2301,needs fertilizer,1516417763
1974,1625,good taste,1548892387
1059,1853,poor germination,1527128860
1889,1567,thirsty crop,1666100344
690,488,worth the price,1550581433
110,716,sandy soil ok,1522812338
520,1314,worth the price,1568439694
1220,235,stores well,1643625282
1847,2014,strong stalks,1616274411
992,1616,needs fertilizer,1652408282
1178,329,needs fertilizer,1547138386
102,1501,lodging issues,1559919490
1673,1405,drought tolerant,1513816146
2073,1401,worth the price,1551981479
399,2206,needs fertilizer,1531232657
318,685,strong stalks,1623085842
265,1685,needs fertilizer,1568394233
340,424,drought tolerant,1650108919
1333,2014,poor germination,1545696296
963,1352,thirsty crop,1676354693
347,2400,drought tolerant,1585691360
1256,2442,high yield,1565424582
2097,1052,high yield,1616025444
1273,494,good taste,1628879124
160,1256,high yield,1509745443
926,381,market favorite,1528958273
1872,480,needs fertilizer,1553232410
575,1306,great in clay soil,1665597304
196,1482,good for intercropping,1577828832
1520,2399,good for intercropping,1608605689
1080,377,sandy soil ok,1518590954
2121,1702,poor germination,1612326402
119,1163,market favorite,1560595887
639,2413,thirsty crop,1572215196
335,1433,pest problems,1612494959
2060,931,high yield,1578388583
1015,748,drought tolerant,1569751772
337,1825,seed too costly,1625196549
1604,2320,thirsty crop,1679682933
1212,2210,drought tolerant,1605434294
1308,311,good for intercropping,1636606290
2093,1048,strong stalks,1669179449
313,240,needs fertilizer,1525069015
516,355,low input,1664965830
548,1604,high yield,1644455768
1799,103,good taste,1504303322
21,920,strong stalks,1661370425
209,1224,early maturing,1524050225
1111,2049,pest problems,1607146483
618,983,low input,1639390211
1276,2365,thirsty crop,1657193558
926,1790,high yield,1634385440
17,1621,good for intercropping,1668186989
1482,2436,sandy soil ok,1558204107
255,1054,sandy soil ok,1550162209
358,508,early maturing,1655392308
1288,1921,poor germination,1535960342
1772,195,pest problems,1625593601
1871,539,good taste,1641565273
1832,2191,drought tolerant,1577379093
219,355,good taste,1593719532
1393,315,market favorite,1578579423
17,1133,reliable,1574920674
809,899,seed too costly,1640616439
414,1305,reliable,1578059523
208,1257,worth the price,1549082669
1629,2015,recommended by extension officer,1601210159
1132,1686,good taste,1663770595
1343,194,stores well,1624955745
436,1428,market favorite,1681850040
799,593,early maturing,1683120645
2098,1224,drought tolerant,1540461938
2196,1389,worth the price,1632888659
19,1655,good for intercropping,1647482356
388,1625,sandy soil ok,1527506010
476,1762,great in clay soil,1556729794
218,1655,disease issues,1543928862
988,1257,stores well,1560219112
344,461,pest problems,1634272388
50,167,high yield,1631172096
413,2315,uniform ripening,1662265128
249,1956,market favorite,1629196068
177,100,drought tolerant,1557213175
1494,2025,low input,1562140191
1051,477,seed too costly,1500680535
1264,711,seed too costly,1662142431
770,755,reliable,1516796647
680,2014,uniform ripening,1628170749
476,786,good for intercropping,1595601119
1439,1843,low input,1674349903
1466,1576,stores well,1522933207
848,1642,drought tolerant,1694078708
1412,1373,needs fertilizer,1642320730
1873,2315,needs fertilizer,1556297137
32,271,seed too costly,1639660938
1048,1224,recommended by extension officer,1526120860
1597,1206,sandy soil ok,1579687156
1243,1033,thirsty crop,1672015502
279,1238,good taste,1549027070
145,681,thirsty crop,1503832631
287,2315,disease issues,1663886504
974,443,early maturing,1596094835
962,1232,lodging issues,1582506390
630,732,reliable,1557031937
953,1805,great in clay soil,1684310793
2122,1582,pest problems,1684613786
2144,1981,good for intercropping,1641015792
556,1506,early maturing,1587270866
645,1299,thirsty crop,1570575594
1396,1265,good taste,1544105580
1597,759,poor germination,1586766798
1263,1324,drought tolerant,1680640938
1676,1282,stores well,1519253132
1339,2439,reliable,1550949221
1103,58,recommended by extension officer,1565247304
1409,2058,good for intercropping,1523386624
259,268,needs fertilizer,1628446145
1934,2240,reliable,1673731193
1020,376,poor germination,1563692712
76,469,stores well,1641913958
724,342,pest problems,1509308639
1219,1433,strong stalks,1560792663
924,1572,reliable,1638050010
891,510,thirsty crop,1635128382
1913,27,disease issues,1583374963
585,1232,drought tolerant,1646952647
670,966,low input,1524282963
1262,1973,disease issues,1576877211
51,712,good taste,1566117096
1056,268,needs fertilizer,1501191807
529,415,stores well,1588019801
1843,30,needs fertilizer,1580429719
1209,2237,uniform ripening,1641687247
1631,2026,disease issues,1620955754
197,1894,pest problems,1641652273
1611,155,sandy soil ok,1501826337
157,670,reliable,1536518934
977,2140,seed too costly,1667756378
103,1232,strong stalks,1675158362
521,205,lodging issues,1630535306
608,754,high yield,1515571952
2008,1085,good taste,1565466969
1561,471,recommended by extension officer,1607152176
675,924,lodging issues,1668364171
1933,1925,disease issues,1686004540
1486,2155,good taste,1625004868
1172,189,high yield,1659444333
1646,872,worth the price,1513882570
410,377,lodging issues,1505714191
816,815,great in clay soil,1674322447
1191,307,seed too costly,1591122843
1317,1222,low input,1523941090
1724,45,worth the price,1531140761
290,805,drought tolerant,1623140349
1352,412,uniform ripening,1609843247
204,2461,good for intercropping,1576179768
847,355,early maturing,1682085524
1259,1538,low input,1553633302
292,68,worth the price,1599129384
333,377,early maturing,1690055746
1492,1943,good for intercropping,1516180612
1021,377,market favorite,1619364324
1192,1818,lodging issues,1695336915
1338,1841,thirsty crop,1671683648
370,1922,great in clay soil,1624835604
1447,2331,recommended by extension officer,1626385917
57,1578,drought tolerant,1639594711
2097,428,poor germination,1625250988
2000,127,recommended by extension officer,1537675759
742,1494,early maturing,1506468427
2151,2174,reliable,1645659569
451,919,recommended by extension officer,1555820004
1013,368,thirsty crop,1632891722
711,1767,seed too costly,1522243954
1807,2201,great in clay soil,1522699534
1781,76,stores well,1695404683
989,381,stores well,1612607067
1859,1205,disease issues,1567631821
119,838,reliable,1560063276
852,907,recommended by extension officer,1638993954
732,2311,high yield,1593984189
204,52,pest problems,1570656368
703,1714,disease issues,1617655962
1800,1754,sandy soil ok,1580912229
38,2334,strong stalks,1679861002
1137,1876,low input,1619736118
397,2237,drought tolerant,1670390709
278,377,worth the price,1686966553
3,2246,reliable,1631318006
892,1322,pest problems,1600199487
1771,1597,uniform ripening,1603514627
1555,2229,strong stalks,1627048008
252,2292,disease issues,1618861930
111,2014,good for intercropping,1635723442
829,2374,great in clay soil,1662560858
310,1087,market favorite,1584030107
1074,2026,worth the price,1678102346
2020,1805,sandy soil ok,1639658507
2180,381,good for intercropping,1517899185
1484,1797,seed too costly,1579469537
1590,1070,recommended by extension officer,1569561146
1211,307,pest problems,1577167105
1454,39,early maturing,1606800951
1591,1456,recommended by extension officer,1527137107
803,1378,sandy soil ok,1572864502
