time,energy_shortfall_3h
2022-01-01 00:00:00,2085.0705422805972
2022-01-01 03:00:00,4587.629794430819
2022-01-01 06:00:00,4963.214551090043
2022-01-01 09:00:00,5055.798913034191
2022-01-01 12:00:00,6843.955752632139
2022-01-01 15:00:00,5118.857653411693
2022-01-01 18:00:00,3665.9555836175837
2022-01-01 21:00:00,2263.6342622401608
2022-01-02 00:00:00,4945.875312720987
2022-01-02 03:00:00,3022.2332365690027
2022-01-02 06:00:00,398.06849009270627
2022-01-02 09:00:00,4549.944639981549
2022-01-02 12:00:00,4459.507944027705
2022-01-02 15:00:00,5664.533498277158
2022-01-02 18:00:00,4700.284325717172
2022-01-02 21:00:00,2045.9454194568225
2022-01-03 00:00:00,2610.681423134277
2022-01-03 03:00:00,4405.75425325915
2022-01-03 06:00:00,3423.3371406783826
2022-01-03 09:00:00,5274.44082947699
2022-01-03 12:00:00,4658.655163771729
2022-01-03 15:00:00,4658.972074131084
2022-01-03 18:00:00,6128.5740320256255
2022-01-03 21:00:00,3601.1819645032365
2022-01-04 00:00:00,5764.489544153241
2022-01-04 03:00:00,-1312.2224009410174
2022-01-04 06:00:00,4068.362029483059
2022-01-04 09:00:00,5479.00460388252
2022-01-04 12:00:00,6329.544790868058
2022-01-04 15:00:00,5420.645608496498
2022-01-04 18:00:00,4178.131284066093
2022-01-04 21:00:00,5754.105735218602
2022-01-05 00:00:00,2356.024782857893
2022-01-05 03:00:00,3831.422308693681
2022-01-05 06:00:00,3159.098257196977
2022-01-05 09:00:00,2827.81472719344
2022-01-05 12:00:00,6112.96542579221
2022-01-05 15:00:00,3596.0206317454476
2022-01-05 18:00:00,3573.720792108643
2022-01-05 21:00:00,6822.820021135888
2022-01-06 00:00:00,3423.7883585899035
2022-01-06 03:00:00,155.89660497020486
2022-01-06 06:00:00,5337.394723804715
2022-01-06 09:00:00,3946.5476613261662
2022-01-06 12:00:00,5767.3483786525085
2022-01-06 15:00:00,3857.8353002518797
2022-01-06 18:00:00,3760.8842694537652
2022-01-06 21:00:00,4239.057618342189
2022-01-07 00:00:00,830.2814765721264
2022-01-07 03:00:00,3881.9273989902485
2022-01-07 06:00:00,4325.7924631252135
2022-01-07 09:00:00,1848.9564570637312
2022-01-07 12:00:00,4601.974730089847
2022-01-07 15:00:00,4253.1124586327705
2022-01-07 18:00:00,1397.5605982429706
2022-01-07 21:00:00,5282.760142870953
2022-01-08 00:00:00,5335.196959160643
2022-01-08 03:00:00,3977.635381835056
2022-01-08 06:00:00,5346.245453292394
2022-01-08 09:00:00,5385.387844960616
2022-01-08 12:00:00,5883.603451360945
2022-01-08 15:00:00,5641.484891983299
2022-01-08 18:00:00,4440.692418718894
2022-01-08 21:00:00,5094.855710542575
2022-01-09 00:00:00,4781.644817668526
2022-01-09 03:00:00,3085.4090861160976
2022-01-09 06:00:00,3249.5468939756247
2022-01-09 09:00:00,3342.447123548386
2022-01-09 12:00:00,3225.7631240370906
2022-01-09 15:00:00,6042.881016086483
2022-01-09 18:00:00,5546.992817462981
2022-01-09 21:00:00,4205.295866438562
2022-01-10 00:00:00,5566.935076075828
2022-01-10 03:00:00,4675.487718559998
2022-01-10 06:00:00,2861.3995402952173
2022-01-10 09:00:00,6308.595736379085
2022-01-10 12:00:00,5358.600677766011
2022-01-10 15:00:00,5963.921926608192
2022-01-10 18:00:00,922.2739300496178
2022-01-10 21:00:00,6285.82380357846
2022-01-11 00:00:00,4273.775360340092
2022-01-11 03:00:00,4846.284990357559
2022-01-11 06:00:00,4759.702002998803
2022-01-11 09:00:00,4284.551837646386
2022-01-11 12:00:00,7257.386345346335
2022-01-11 15:00:00,5231.944484510289
2022-01-11 18:00:00,6953.3925450156485
2022-01-11 21:00:00,3311.3424399007963
2022-01-12 00:00:00,2863.6947577568994
2022-01-12 03:00:00,4253.46773515136
2022-01-12 06:00:00,4722.321898618752
2022-01-12 09:00:00,5901.74179153468
2022-01-12 12:00:00,5508.128487748864
2022-01-12 15:00:00,6517.940808487813
2022-01-12 18:00:00,4117.479175191341
2022-01-12 21:00:00,5722.549876365568
2022-01-13 00:00:00,5677.069854692463
2022-01-13 03:00:00,5291.021887735773
2022-01-13 06:00:00,2424.6452508541697
2022-01-13 09:00:00,5569.20798584206
2022-01-13 12:00:00,5699.85381618344
2022-01-13 15:00:00,5838.058663081204
2022-01-13 18:00:00,6688.220597468884
2022-01-13 21:00:00,4993.23863014827
2022-01-14 00:00:00,5796.835750526178
2022-01-14 03:00:00,-1199.5001316231564
2022-01-14 06:00:00,3384.1842844107337
2022-01-14 09:00:00,5219.458451997924
2022-01-14 12:00:00,4703.751802891395
2022-01-14 15:00:00,6852.1126958457235
2022-01-14 18:00:00,7228.534279604624
2022-01-14 21:00:00,5667.738061614343
2022-01-15 00:00:00,5626.075672171056
2022-01-15 03:00:00,3223.5350601105674
2022-01-15 06:00:00,1386.0162004942022
2022-01-15 09:00:00,3179.725136051801
2022-01-15 12:00:00,2411.4153883296767
2022-01-15 15:00:00,6098.578489118738
2022-01-15 18:00:00,6515.881973040242
2022-01-15 21:00:00,5087.150604630015
2022-01-16 00:00:00,4858.413391327093
2022-01-16 03:00:00,6356.115930593987
2022-01-16 06:00:00,5851.054191036783
2022-01-16 09:00:00,4378.300019060052
2022-01-16 12:00:00,4506.931117374139
2022-01-16 15:00:00,5446.026248946027
2022-01-16 18:00:00,6516.3336156471505
2022-01-16 21:00:00,7516.121038226289
2022-01-17 00:00:00,5847.627559432912
2022-01-17 03:00:00,1013.4494144009168
2022-01-17 06:00:00,6197.859495897271
2022-01-17 09:00:00,5693.202637639343
2022-01-17 12:00:00,3921.0092902106862
2022-01-17 15:00:00,6495.609175646719
2022-01-17 18:00:00,3370.8864443065404
2022-01-17 21:00:00,4011.7625096217016
2022-01-18 00:00:00,4940.248253493463
2022-01-18 03:00:00,1483.177437536095
2022-01-18 06:00:00,3397.932958794473
2022-01-18 09:00:00,4533.945048772232
2022-01-18 12:00:00,4036.739061584298
2022-01-18 15:00:00,3952.9283725480113
2022-01-18 18:00:00,7185.689811343897
2022-01-18 21:00:00,4052.0670218281275
2022-01-19 00:00:00,4018.5126172795044
2022-01-19 03:00:00,4750.477366111626
2022-01-19 06:00:00,4396.584169873673
2022-01-19 09:00:00,3688.5516969870887
2022-01-19 12:00:00,4985.981863885032
2022-01-19 15:00:00,6418.531823275547
2022-01-19 18:00:00,4240.297296267957
2022-01-19 21:00:00,6451.6667460144
2022-01-20 00:00:00,3158.0892064130658
2022-01-20 03:00:00,3054.895892095533
2022-01-20 06:00:00,3291.482089817354
2022-01-20 09:00:00,3735.32300320462
2022-01-20 12:00:00,4638.8890917511
2022-01-20 15:00:00,5536.35060045867
2022-01-20 18:00:00,3915.4078678392407
2022-01-20 21:00:00,4216.108552402516
2022-01-21 00:00:00,2093.4322768241786
2022-01-21 03:00:00,5201.6772298091955
2022-01-21 06:00:00,5513.074875843157
2022-01-21 09:00:00,6213.218657449831
2022-01-21 12:00:00,6790.195484952171
2022-01-21 15:00:00,5750.593687166673
2022-01-21 18:00:00,5584.108266740493
2022-01-21 21:00:00,3463.942785547988
2022-01-22 00:00:00,2425.922097808028
2022-01-22 03:00:00,3761.62924498226
2022-01-22 06:00:00,6445.766462327871
2022-01-22 09:00:00,4797.159168820203
2022-01-22 12:00:00,5558.16348947165
2022-01-22 15:00:00,5583.622706424854
2022-01-22 18:00:00,6009.593261949389
2022-01-22 21:00:00,1865.6685841197614
2022-01-23 00:00:00,2412.834029013811
2022-01-23 03:00:00,4428.919019932134
2022-01-23 06:00:00,4451.262771613206
2022-01-23 09:00:00,4383.0290936940355
2022-01-23 12:00:00,3979.2477254918745
2022-01-23 15:00:00,4510.73935043845
2022-01-23 18:00:00,5966.120325845464
2022-01-23 21:00:00,5648.373190261718
2022-01-24 00:00:00,6164.792416323827
2022-01-24 03:00:00,4580.440328447486
2022-01-24 06:00:00,3284.5963684042867
2022-01-24 09:00:00,4660.664889034259
2022-01-24 12:00:00,7606.864615233142
2022-01-24 15:00:00,6548.7187246602
2022-01-24 18:00:00,5716.713355933289
2022-01-24 21:00:00,6259.56669531345
2022-01-25 00:00:00,3006.5683181549994
2022-01-25 03:00:00,4337.2458417718135
2022-01-25 06:00:00,2033.6776004001927
2022-01-25 09:00:00,5280.477142323655
2022-01-25 12:00:00,5204.484370599944
2022-01-25 15:00:00,3411.0175186806187
2022-01-25 18:00:00,3577.3475203284943
2022-01-25 21:00:00,3992.3418510764013
2022-01-26 00:00:00,4771.947252687364
2022-01-26 03:00:00,5408.960711159515
2022-01-26 06:00:00,2659.7072508133324
2022-01-26 09:00:00,4826.687767396798
2022-01-26 12:00:00,6275.051130205586
2022-01-26 15:00:00,4741.974505945738
2022-01-26 18:00:00,5485.435908819954
2022-01-26 21:00:00,6897.8971090359355
2022-01-27 00:00:00,5816.5265710337
2022-01-27 03:00:00,2573.751777118193
2022-01-27 06:00:00,4265.220349207111
2022-01-27 09:00:00,5028.75652623554
2022-01-27 12:00:00,5048.9391369668265
2022-01-27 15:00:00,4671.797340559744
2022-01-27 18:00:00,4712.970055771506
2022-01-27 21:00:00,5872.6847691598505
2022-01-28 00:00:00,6921.698370214527
2022-01-28 03:00:00,4586.481739594166
2022-01-28 06:00:00,5296.069785500299
2022-01-28 09:00:00,5465.773534453603
2022-01-28 12:00:00,5958.302182899238
2022-01-28 15:00:00,6956.734075626391
2022-01-28 18:00:00,6120.716696446252
2022-01-28 21:00:00,4074.8342017732207
2022-01-29 00:00:00,3331.301339920562
2022-01-29 03:00:00,4609.778356405881
2022-01-29 06:00:00,1964.1188541637207
2022-01-29 09:00:00,4898.632089378501
2022-01-29 12:00:00,6837.012927656953
2022-01-29 15:00:00,5809.141785965553
2022-01-29 18:00:00,7333.433433835545
2022-01-29 21:00:00,4534.198361863014
2022-01-30 00:00:00,4138.504265411397
2022-01-30 03:00:00,5183.342299711429
2022-01-30 06:00:00,3018.9119057166617
2022-01-30 09:00:00,6155.037102034709
2022-01-30 12:00:00,6178.105414732125
2022-01-30 15:00:00,3251.6335912233953
2022-01-30 18:00:00,3481.993393127138
2022-01-30 21:00:00,3027.242089951199
2022-01-31 00:00:00,7493.012159694765
2022-01-31 03:00:00,4562.732532136003
2022-01-31 06:00:00,5339.817841217665
2022-01-31 09:00:00,5660.931685342412
2022-01-31 12:00:00,6882.602509822535
2022-01-31 15:00:00,4996.440957112294
2022-01-31 18:00:00,6558.900778490595
2022-01-31 21:00:00,5514.812208185602
2022-02-01 00:00:00,4952.396518636924
2022-02-01 03:00:00,-683.7348578998217
2022-02-01 06:00:00,2355.7480061717974
2022-02-01 09:00:00,3210.385686732353
2022-02-01 12:00:00,5190.515340892299
2022-02-01 15:00:00,6450.077516162994
2022-02-01 18:00:00,6222.738190526326
2022-02-01 21:00:00,5957.821637020767
2022-02-02 00:00:00,3424.2798051246027
2022-02-02 03:00:00,4468.952165011934
2022-02-02 06:00:00,2248.2389831452424
2022-02-02 09:00:00,7317.2855534082755
2022-02-02 12:00:00,5334.029680804273
2022-02-02 15:00:00,4631.778252593291
2022-02-02 18:00:00,6942.312055206314
2022-02-02 21:00:00,4210.496964340745
2022-02-03 00:00:00,4771.111054406101
2022-02-03 03:00:00,3179.751454649446
2022-02-03 06:00:00,1578.537851819624
2022-02-03 09:00:00,4309.122032279185
2022-02-03 12:00:00,4535.410653312022
2022-02-03 15:00:00,6325.118377499177
2022-02-03 18:00:00,6899.51452983647
2022-02-03 21:00:00,5267.789618512421
2022-02-04 00:00:00,6168.174524230529
2022-02-04 03:00:00,3227.0372142275783
2022-02-04 06:00:00,2592.775601625418
2022-02-04 09:00:00,3235.4991563318217
2022-02-04 12:00:00,6119.184062229089
2022-02-04 15:00:00,6644.926856609159
2022-02-04 18:00:00,3229.1968548729
2022-02-04 21:00:00,1458.4477718649114
2022-02-05 00:00:00,4439.156074233003
2022-02-05 03:00:00,5801.057524277189
2022-02-05 06:00:00,6445.508683947371
2022-02-05 09:00:00,5738.782501042008
2022-02-05 12:00:00,5015.617357674506
2022-02-05 15:00:00,5086.092257391273
2022-02-05 18:00:00,5262.9682259297415
2022-02-05 21:00:00,6001.176922401385
2022-02-06 00:00:00,6000.097610134787
2022-02-06 03:00:00,4684.858369994538
2022-02-06 06:00:00,5624.752350249136
2022-02-06 09:00:00,5015.946967740164
2022-02-06 12:00:00,3459.298551258008
2022-02-06 15:00:00,6697.307970212292
2022-02-06 18:00:00,5608.326867275026
2022-02-06 21:00:00,4774.955740191457
2022-02-07 00:00:00,5592.703361201143
2022-02-07 03:00:00,2271.35331140844
2022-02-07 06:00:00,5732.18111490083
2022-02-07 09:00:00,4144.132874195231
2022-02-07 12:00:00,4484.923063183314
2022-02-07 15:00:00,5291.353484817566
2022-02-07 18:00:00,6098.653454517199
2022-02-07 21:00:00,5600.097511850258
2022-02-08 00:00:00,6256.407723463024
2022-02-08 03:00:00,4061.9792412633233
2022-02-08 06:00:00,6920.61402365721
2022-02-08 09:00:00,5423.58920902325
2022-02-08 12:00:00,4251.784274472275
2022-02-08 15:00:00,5975.160952382974
2022-02-08 18:00:00,6507.284739508449
2022-02-08 21:00:00,4330.987968528498
2022-02-09 00:00:00,5050.788633015054
2022-02-09 03:00:00,6069.68506486336
2022-02-09 06:00:00,4840.272135240881
2022-02-09 09:00:00,4332.70054223825
2022-02-09 12:00:00,5436.927791163631
2022-02-09 15:00:00,6906.490377146341
2022-02-09 18:00:00,4894.147722237871
2022-02-09 21:00:00,5996.95856654688
2022-02-10 00:00:00,4812.02591555257
2022-02-10 03:00:00,4992.049651740521
2022-02-10 06:00:00,6104.942757911952
2022-02-10 09:00:00,5419.3092765427555
2022-02-10 12:00:00,6265.825110443755
2022-02-10 15:00:00,6813.950447736099
2022-02-10 18:00:00,5106.51294001687
2022-02-10 21:00:00,5292.492417225902
2022-02-11 00:00:00,4177.935464600795
2022-02-11 03:00:00,5508.786985973261
2022-02-11 06:00:00,4679.144981586778
2022-02-11 09:00:00,4273.691793956858
2022-02-11 12:00:00,6213.552819570269
2022-02-11 15:00:00,7138.754912210872
2022-02-11 18:00:00,7220.526023647677
2022-02-11 21:00:00,5136.678300048525
2022-02-12 00:00:00,5745.634440315303
2022-02-12 03:00:00,3489.095489100904
2022-02-12 06:00:00,5375.269456228746
2022-02-12 09:00:00,4705.485720404792
2022-02-12 12:00:00,5220.762195285215
2022-02-12 15:00:00,7122.376881173717
2022-02-12 18:00:00,7566.619179236611
2022-02-12 21:00:00,6081.653864395113
2022-02-13 00:00:00,4024.67774362228
2022-02-13 03:00:00,3245.1186849106552
2022-02-13 06:00:00,5400.252989280105
2022-02-13 09:00:00,3272.97540398975
2022-02-13 12:00:00,7983.145405284595
2022-02-13 15:00:00,5168.572125050291
2022-02-13 18:00:00,7085.395208914852
2022-02-13 21:00:00,1105.5240666689838
2022-02-14 00:00:00,3864.2065690416994
2022-02-14 03:00:00,5250.282130240878
2022-02-14 06:00:00,6012.190461253502
2022-02-14 09:00:00,5792.35532351127
2022-02-14 12:00:00,6318.745117419456
2022-02-14 15:00:00,5064.745407103118
2022-02-14 18:00:00,6095.618036189512
2022-02-14 21:00:00,6371.351452146559
2022-02-15 00:00:00,7331.019917273692
2022-02-15 03:00:00,3890.5235505467535
2022-02-15 06:00:00,6328.506816929963
2022-02-15 09:00:00,7068.264637129185
2022-02-15 12:00:00,5290.280693505507
2022-02-15 15:00:00,4734.623643913743
2022-02-15 18:00:00,6449.553112807098
2022-02-15 21:00:00,8000.4237593425
2022-02-16 00:00:00,1455.244713301845
2022-02-16 03:00:00,5253.035064315704
2022-02-16 06:00:00,3941.8956995561693
2022-02-16 09:00:00,4109.165390612976
2022-02-16 12:00:00,8329.400870410125
2022-02-16 15:00:00,5772.096433245719
2022-02-16 18:00:00,7987.258210361058
2022-02-16 21:00:00,6190.198793887671
2022-02-17 00:00:00,5121.0197944721485
2022-02-17 03:00:00,4169.291471880444
2022-02-17 06:00:00,6369.62184495801
2022-02-17 09:00:00,6376.314617493711
2022-02-17 12:00:00,6239.9375613960365
2022-02-17 15:00:00,5713.690599429422
2022-02-17 18:00:00,6605.403858350983
2022-02-17 21:00:00,4687.67942181609
2022-02-18 00:00:00,5311.1859990646535
2022-02-18 03:00:00,6090.041010867876
2022-02-18 06:00:00,6132.526243913559
2022-02-18 09:00:00,6383.851696309296
2022-02-18 12:00:00,7522.305169637293
2022-02-18 15:00:00,6553.23101166009
2022-02-18 18:00:00,6401.031714404321
2022-02-18 21:00:00,6410.763484604614
2022-02-19 00:00:00,3866.7645795011404
2022-02-19 03:00:00,7220.965717832956
2022-02-19 06:00:00,4462.541415402188
2022-02-19 09:00:00,6337.638165879494
2022-02-19 12:00:00,7221.3443492242795
2022-02-19 15:00:00,5198.436729919639
2022-02-19 18:00:00,7463.148468733006
2022-02-19 21:00:00,7360.7185769642965
2022-02-20 00:00:00,5402.444743796757
2022-02-20 03:00:00,5975.966489017919
2022-02-20 06:00:00,5584.427337584251
2022-02-20 09:00:00,6696.164404631682
2022-02-20 12:00:00,6226.906015457648
2022-02-20 15:00:00,7569.378637766633
2022-02-20 18:00:00,4469.526231663314
2022-02-20 21:00:00,3794.781734105155
2022-02-21 00:00:00,5810.445956079842
2022-02-21 03:00:00,6848.36040827384
2022-02-21 06:00:00,4976.123805685525
2022-02-21 09:00:00,5282.410895332113
2022-02-21 12:00:00,7224.77469430449
2022-02-21 15:00:00,5125.080557319432
2022-02-21 18:00:00,6364.795881816895
2022-02-21 21:00:00,7435.368565365897
2022-02-22 00:00:00,4909.356190368814
2022-02-22 03:00:00,2982.018783829741
2022-02-22 06:00:00,5879.039198069038
2022-02-22 09:00:00,8059.896365901887
2022-02-22 12:00:00,6652.107438997325
2022-02-22 15:00:00,8252.972179537697
2022-02-22 18:00:00,6616.462161902487
2022-02-22 21:00:00,5085.595961330113
2022-02-23 00:00:00,6526.402602391822
2022-02-23 03:00:00,5401.369993234751
2022-02-23 06:00:00,3017.433881398219
2022-02-23 09:00:00,6027.813769432389
2022-02-23 12:00:00,6417.643812207885
2022-02-23 15:00:00,3735.5988415543384
2022-02-23 18:00:00,6582.037883883087
2022-02-23 21:00:00,3774.1047937373087
2022-02-24 00:00:00,6879.473782804522
2022-02-24 03:00:00,6356.171792171334
2022-02-24 06:00:00,6589.064489375944
2022-02-24 09:00:00,3687.4088171283283
2022-02-24 12:00:00,8167.820253097083
2022-02-24 15:00:00,5804.932677186758
2022-02-24 18:00:00,7586.8281367177115
2022-02-24 21:00:00,5863.583627131003
2022-02-25 00:00:00,5734.8563500323
2022-02-25 03:00:00,3907.2137556973735
2022-02-25 06:00:00,6793.834318811701
2022-02-25 09:00:00,7655.759879247898
2022-02-25 12:00:00,7261.405269112455
2022-02-25 15:00:00,5233.822802096622
2022-02-25 18:00:00,7082.125716624898
2022-02-25 21:00:00,6873.85570722354
2022-02-26 00:00:00,5540.119469919405
2022-02-26 03:00:00,4047.495884031071
2022-02-26 06:00:00,3874.097685728752
2022-02-26 09:00:00,7214.593697576563
2022-02-26 12:00:00,6744.797387221507
2022-02-26 15:00:00,8814.418567945484
2022-02-26 18:00:00,7090.4958887913135
2022-02-26 21:00:00,4278.134716702649
2022-02-27 00:00:00,5357.949351456713
2022-02-27 03:00:00,4117.826079565565
2022-02-27 06:00:00,4901.917082179208
2022-02-27 09:00:00,6551.608219993166
2022-02-27 12:00:00,6052.1618635200075
2022-02-27 15:00:00,4527.659610500304
2022-02-27 18:00:00,6362.129115129934
2022-02-27 21:00:00,8206.400470666142
2022-02-28 00:00:00,6084.360078412037
2022-02-28 03:00:00,4600.239961084535
2022-02-28 06:00:00,707.554306021264
2022-02-28 09:00:00,5383.975998447732
2022-02-28 12:00:00,8627.990019813096
2022-02-28 15:00:00,5567.260472289525
2022-02-28 18:00:00,4590.078838526979
2022-02-28 21:00:00,7185.132420254197
2022-03-01 00:00:00,2579.3351865258173
2022-03-01 03:00:00,2280.359233673229
2022-03-01 06:00:00,5256.7509137751595
2022-03-01 09:00:00,2256.560155176774
2022-03-01 12:00:00,5284.609268692722
2022-03-01 15:00:00,7447.057894202651
2022-03-01 18:00:00,5981.808309123835
2022-03-01 21:00:00,6071.718115329197
2022-03-02 00:00:00,4955.570174122478
2022-03-02 03:00:00,7628.629714815678
2022-03-02 06:00:00,3805.189783390273
2022-03-02 09:00:00,7334.864665048139
2022-03-02 12:00:00,4648.212926761584
2022-03-02 15:00:00,6702.638856161144
2022-03-02 18:00:00,6609.531137627104
2022-03-02 21:00:00,6686.8271892441
2022-03-03 00:00:00,6072.285952718939
2022-03-03 03:00:00,4789.372790089254
2022-03-03 06:00:00,5068.111513950489
2022-03-03 09:00:00,8622.105153590483
2022-03-03 12:00:00,6909.531137442689
2022-03-03 15:00:00,3871.1936631717763
2022-03-03 18:00:00,7427.774500419716
2022-03-03 21:00:00,7223.164281644467
2022-03-04 00:00:00,3954.850327136139
2022-03-04 03:00:00,6317.491764724634
2022-03-04 06:00:00,4266.761080283746
2022-03-04 09:00:00,5761.210191933252
2022-03-04 12:00:00,5653.83609001834
2022-03-04 15:00:00,7080.167252141109
2022-03-04 18:00:00,7334.593666682911
2022-03-04 21:00:00,7274.422198744593
2022-03-05 00:00:00,-13.06285881209078
2022-03-05 03:00:00,2566.4851094059827
2022-03-05 06:00:00,3542.1443775781854
2022-03-05 09:00:00,7563.635170931413
2022-03-05 12:00:00,6006.9098375677
2022-03-05 15:00:00,8058.3319176054865
2022-03-05 18:00:00,8296.494645404142
2022-03-05 21:00:00,7387.965840803585
2022-03-06 00:00:00,6988.298137529465
2022-03-06 03:00:00,6137.275567198009
2022-03-06 06:00:00,6541.255932720561
2022-03-06 09:00:00,7941.054424324344
2022-03-06 12:00:00,239.49387761296293
2022-03-06 15:00:00,6316.773372268142
2022-03-06 18:00:00,8490.612577583694
2022-03-06 21:00:00,6615.375078228186
2022-03-07 00:00:00,4029.541863452071
2022-03-07 03:00:00,7294.273581916954
2022-03-07 06:00:00,4772.135946552482
2022-03-07 09:00:00,8715.377779829643
2022-03-07 12:00:00,7686.115103058918
2022-03-07 15:00:00,8364.750182009993
2022-03-07 18:00:00,6823.76982964503
2022-03-07 21:00:00,4581.970860630508
2022-03-08 00:00:00,5844.8379309639995
2022-03-08 03:00:00,5694.72986508334
2022-03-08 06:00:00,7717.02611904963
2022-03-08 09:00:00,6840.579437071807
2022-03-08 12:00:00,6157.1009298114095
2022-03-08 15:00:00,6305.7376316716145
2022-03-08 18:00:00,5505.051903709978
2022-03-08 21:00:00,4510.7695018003
2022-03-09 00:00:00,6743.6714088763365
2022-03-09 03:00:00,4945.016021600774
2022-03-09 06:00:00,5266.838557265979
2022-03-09 09:00:00,6101.092015713864
2022-03-09 12:00:00,5350.334367891411
2022-03-09 15:00:00,8371.548316514412
2022-03-09 18:00:00,7048.444026086606
2022-03-09 21:00:00,7142.034441371201
2022-03-10 00:00:00,3924.572599861407
2022-03-10 03:00:00,6421.278106288324
2022-03-10 06:00:00,4529.044432080435
2022-03-10 09:00:00,5447.011158982148
2022-03-10 12:00:00,7217.472661772439
2022-03-10 15:00:00,6949.118810748356
2022-03-10 18:00:00,5066.714408871527
2022-03-10 21:00:00,7964.027896103504
2022-03-11 00:00:00,4922.292511993735
2022-03-11 03:00:00,6119.814920226127
2022-03-11 06:00:00,5051.485121958583
2022-03-11 09:00:00,5786.430365196262
2022-03-11 12:00:00,5487.145486398726
2022-03-11 15:00:00,7903.964576967901
2022-03-11 18:00:00,7673.9273095781255
2022-03-11 21:00:00,7735.718176695285
2022-03-12 00:00:00,4386.065842849129
2022-03-12 03:00:00,7081.561251879024
2022-03-12 06:00:00,4763.502286116464
2022-03-12 09:00:00,6611.584322746931
2022-03-12 12:00:00,8395.377423913233
2022-03-12 15:00:00,5272.484045305922
2022-03-12 18:00:00,7933.037000589269
2022-03-12 21:00:00,5366.2123894506985
2022-03-13 00:00:00,7576.226053872497
2022-03-13 03:00:00,5688.5042491461645
2022-03-13 06:00:00,4334.824155959249
2022-03-13 09:00:00,5706.075224849326
2022-03-13 12:00:00,5883.319753763373
2022-03-13 15:00:00,6282.5020822500155
2022-03-13 18:00:00,6374.651020714011
2022-03-13 21:00:00,508.4636647038824
2022-03-14 00:00:00,4560.462295240122
2022-03-14 03:00:00,5908.492872080961
2022-03-14 06:00:00,6374.98105653112
2022-03-14 09:00:00,5448.305363283443
2022-03-14 12:00:00,4004.7887427578808
2022-03-14 15:00:00,7466.380967256975
2022-03-14 18:00:00,6551.958569860087
2022-03-14 21:00:00,6450.873839893662
2022-03-15 00:00:00,5554.238132747924
2022-03-15 03:00:00,6581.69350520259
2022-03-15 06:00:00,6366.00989940177
2022-03-15 09:00:00,7709.539241536464
2022-03-15 12:00:00,7503.134985592653
2022-03-15 15:00:00,6878.696224789453
2022-03-15 18:00:00,6968.720873137798
2022-03-15 21:00:00,8154.777602484187
2022-03-16 00:00:00,2533.1346310097515
2022-03-16 03:00:00,5682.457503233418
2022-03-16 06:00:00,6199.166386862593
2022-03-16 09:00:00,5508.766000193948
2022-03-16 12:00:00,8822.130071857211
2022-03-16 15:00:00,8662.025670301224
2022-03-16 18:00:00,8407.999760729304
2022-03-16 21:00:00,7039.455789103651
2022-03-17 00:00:00,5174.52173267192
2022-03-17 03:00:00,6563.041841094933
2022-03-17 06:00:00,7273.951442104286
2022-03-17 09:00:00,5191.710087862114
2022-03-17 12:00:00,7500.9747186347995
2022-03-17 15:00:00,7612.565782247404
2022-03-17 18:00:00,5197.306203155012
2022-03-17 21:00:00,6824.134380862578
2022-03-18 00:00:00,6061.451349620891
2022-03-18 03:00:00,4555.74638961041
2022-03-18 06:00:00,6497.181751470747
2022-03-18 09:00:00,6447.414805337143
2022-03-18 12:00:00,8027.363395274273
2022-03-18 15:00:00,6448.574917358525
2022-03-18 18:00:00,5405.698727366323
2022-03-18 21:00:00,5700.3958015454355
2022-03-19 00:00:00,7149.246718703491
2022-03-19 03:00:00,7489.819496890743
2022-03-19 06:00:00,6186.787460070931
2022-03-19 09:00:00,6222.765815521492
2022-03-19 12:00:00,8531.708677763005
2022-03-19 15:00:00,8222.714326076837
2022-03-19 18:00:00,7567.934106354898
2022-03-19 21:00:00,3254.620547459238
2022-03-20 00:00:00,6978.1759101529005
2022-03-20 03:00:00,4352.846350766256
2022-03-20 06:00:00,5777.058719892278
2022-03-20 09:00:00,6510.941663297057
2022-03-20 12:00:00,7302.943822769954
2022-03-20 15:00:00,8754.536333485774
2022-03-20 18:00:00,5873.0065111421
2022-03-20 21:00:00,5924.639574385858
2022-03-21 00:00:00,6962.846162248082
2022-03-21 03:00:00,3812.811238095474
2022-03-21 06:00:00,5003.253909190087
2022-03-21 09:00:00,5495.342443602741
2022-03-21 12:00:00,8162.065801312537
2022-03-21 15:00:00,8567.516622206273
2022-03-21 18:00:00,6635.457347891748
2022-03-21 21:00:00,7675.80013113346
2022-03-22 00:00:00,1130.0021120191122
2022-03-22 03:00:00,7370.822766608487
2022-03-22 06:00:00,5732.158867363441
2022-03-22 09:00:00,7330.974597146742
2022-03-22 12:00:00,8193.276478764103
2022-03-22 15:00:00,7848.3840865914735
2022-03-22 18:00:00,7191.229940523839
2022-03-22 21:00:00,6243.6079566640465
2022-03-23 00:00:00,4557.42033654189
2022-03-23 03:00:00,7558.0595654338795
2022-03-23 06:00:00,5710.253732556912
2022-03-23 09:00:00,7504.405820643312
2022-03-23 12:00:00,7207.232607036602
2022-03-23 15:00:00,7262.446702467303
2022-03-23 18:00:00,7323.4436445113515
2022-03-23 21:00:00,4304.235848969018
2022-03-24 00:00:00,5223.445449090751
2022-03-24 03:00:00,6806.177984690264
2022-03-24 06:00:00,4272.885297307515
2022-03-24 09:00:00,6165.578943881241
2022-03-24 12:00:00,6946.529902112712
2022-03-24 15:00:00,6747.301587049274
2022-03-24 18:00:00,5104.418145527732
2022-03-24 21:00:00,6912.691730705472
2022-03-25 00:00:00,6953.185728822287
2022-03-25 03:00:00,5520.598793202295
2022-03-25 06:00:00,2888.2542648810295
2022-03-25 09:00:00,5340.936771671267
2022-03-25 12:00:00,5223.058254964344
2022-03-25 15:00:00,8526.334538139625
2022-03-25 18:00:00,7801.433624329658
2022-03-25 21:00:00,7093.258862853916
2022-03-26 00:00:00,6971.972633504638
2022-03-26 03:00:00,2306.422051710914
2022-03-26 06:00:00,7008.082615665895
2022-03-26 09:00:00,7631.397811448679
2022-03-26 12:00:00,7604.085201917103
2022-03-26 15:00:00,8080.997257238878
2022-03-26 18:00:00,6949.679484828288
2022-03-26 21:00:00,6176.357620939088
2022-03-27 00:00:00,5806.739705738621
2022-03-27 03:00:00,6216.165162711238
2022-03-27 06:00:00,4739.966600203882
2022-03-27 09:00:00,6334.237751125922
2022-03-27 12:00:00,7319.464243593715
2022-03-27 15:00:00,4855.890353500955
2022-03-27 18:00:00,6908.875786184086
2022-03-27 21:00:00,8688.432603317948
2022-03-28 00:00:00,6892.590061568735
2022-03-28 03:00:00,7721.104382522964
2022-03-28 06:00:00,5096.717403066723
2022-03-28 09:00:00,8130.838866879997
2022-03-28 12:00:00,7092.959586961011
2022-03-28 15:00:00,6373.771990403319
2022-03-28 18:00:00,6342.911189077083
2022-03-28 21:00:00,7665.807708731183
2022-03-29 00:00:00,6284.565600839149
2022-03-29 03:00:00,5838.738214069366
2022-03-29 06:00:00,4914.89627426954
2022-03-29 09:00:00,6658.972771348065
2022-03-29 12:00:00,4998.928782192452
2022-03-29 15:00:00,4385.232902625029
2022-03-29 18:00:00,6374.95061033525
2022-03-29 21:00:00,7116.127857726011
2022-03-30 00:00:00,6509.54205617044
2022-03-30 03:00:00,5915.410234817473
2022-03-30 06:00:00,4732.3009736381455
2022-03-30 09:00:00,7750.339278061578
2022-03-30 12:00:00,7209.581756470643
2022-03-30 15:00:00,6586.282406088011
2022-03-30 18:00:00,7468.141496328399
2022-03-30 21:00:00,7654.299202781789
2022-03-31 00:00:00,4418.562539158606
2022-03-31 03:00:00,2951.0728650278115
2022-03-31 06:00:00,7797.263410803105
2022-03-31 09:00:00,5862.2248273961195
2022-03-31 12:00:00,7711.8292105872515
2022-03-31 15:00:00,7360.399803479645
2022-03-31 18:00:00,9658.609191174553
2022-03-31 21:00:00,8997.335046541233
2022-04-01 00:00:00,7166.223287440542
2022-04-01 03:00:00,4206.48034009941
2022-04-01 06:00:00,5433.091083903617
2022-04-01 09:00:00,7910.189775568272
2022-04-01 12:00:00,8190.10242729152
2022-04-01 15:00:00,7488.159801616126
2022-04-01 18:00:00,8159.158041868718
2022-04-01 21:00:00,4894.572039671117
2022-04-02 00:00:00,5589.687523053661
2022-04-02 03:00:00,5667.214934439465
2022-04-02 06:00:00,5442.74573748746
2022-04-02 09:00:00,996.05285596558
2022-04-02 12:00:00,6841.005900543092
2022-04-02 15:00:00,6591.596544205741
2022-04-02 18:00:00,6744.0635346933295
2022-04-02 21:00:00,7153.775288796188
2022-04-03 00:00:00,6585.35326205467
2022-04-03 03:00:00,5327.042416561034
2022-04-03 06:00:00,8191.666790514206
2022-04-03 09:00:00,8293.694996282466
2022-04-03 12:00:00,8843.483490423758
2022-04-03 15:00:00,7331.260090547026
2022-04-03 18:00:00,9000.587690188979
2022-04-03 21:00:00,7576.465342313989
2022-04-04 00:00:00,6186.949810773599
2022-04-04 03:00:00,5546.007732512132
2022-04-04 06:00:00,5368.958572868933
2022-04-04 09:00:00,4389.477260941697
2022-04-04 12:00:00,6053.9038939093225
2022-04-04 15:00:00,8639.809544156717
2022-04-04 18:00:00,2710.2127413060184
2022-04-04 21:00:00,7781.1198377746005
2022-04-05 00:00:00,7843.163606537276
2022-04-05 03:00:00,7083.645819774827
2022-04-05 06:00:00,5440.586636478507
2022-04-05 09:00:00,5881.698155927869
2022-04-05 12:00:00,5588.525421527684
2022-04-05 15:00:00,6533.772287273676
2022-04-05 18:00:00,7007.26195790822
2022-04-05 21:00:00,4760.124311282829
2022-04-06 00:00:00,7052.024676548475
2022-04-06 03:00:00,7215.966319175259
2022-04-06 06:00:00,5552.275306923813
2022-04-06 09:00:00,8644.72045404252
2022-04-06 12:00:00,5368.176677635315
2022-04-06 15:00:00,6599.181473141745
2022-04-06 18:00:00,8042.21413248505
2022-04-06 21:00:00,3207.417201239702
2022-04-07 00:00:00,7361.563637639158
2022-04-07 03:00:00,7190.8048154239095
2022-04-07 06:00:00,3938.027997571477
2022-04-07 09:00:00,3558.153123159739
2022-04-07 12:00:00,8048.504566525434
2022-04-07 15:00:00,8189.6849215543925
2022-04-07 18:00:00,5047.881213892736
2022-04-07 21:00:00,5743.166236465781
2022-04-08 00:00:00,7626.4786437454095
2022-04-08 03:00:00,8522.719050947006
2022-04-08 06:00:00,5891.847204541996
2022-04-08 09:00:00,7852.530739226981
2022-04-08 12:00:00,8621.196261252933
2022-04-08 15:00:00,4538.744554832797
2022-04-08 18:00:00,4642.041765211688
2022-04-08 21:00:00,4019.0897806907324
2022-04-09 00:00:00,6699.822828106298
2022-04-09 03:00:00,6580.933076045529
2022-04-09 06:00:00,6964.927745809862
2022-04-09 09:00:00,1864.2074316231915
2022-04-09 12:00:00,6427.990674977549
2022-04-09 15:00:00,6991.973684454533
2022-04-09 18:00:00,7659.801932674339
2022-04-09 21:00:00,7346.771509270782
2022-04-10 00:00:00,5079.5715802014465
2022-04-10 03:00:00,4783.219771713849
2022-04-10 06:00:00,7367.517600095403
2022-04-10 09:00:00,7410.874352680516
2022-04-10 12:00:00,6294.487181085828
2022-04-10 15:00:00,5646.197524737528
2022-04-10 18:00:00,6897.9759912082
2022-04-10 21:00:00,6795.774236696341
2022-04-11 00:00:00,5682.503508416748
2022-04-11 03:00:00,6426.171329582288
2022-04-11 06:00:00,7081.399725736808
2022-04-11 09:00:00,3425.5511970655507
2022-04-11 12:00:00,5240.90479009865
2022-04-11 15:00:00,6475.117563202846
2022-04-11 18:00:00,6589.555916193836
2022-04-11 21:00:00,8724.833752955825
2022-04-12 00:00:00,6136.485236345679
2022-04-12 03:00:00,6751.065296358931
2022-04-12 06:00:00,5326.832260366534
2022-04-12 09:00:00,8507.094121736825
2022-04-12 12:00:00,8686.792258223197
2022-04-12 15:00:00,2777.9425713937535
2022-04-12 18:00:00,7569.278059133498
2022-04-12 21:00:00,5194.958014318785
2022-04-13 00:00:00,5400.6205450571615
2022-04-13 03:00:00,5635.365443079316
2022-04-13 06:00:00,6199.223504878288
2022-04-13 09:00:00,8019.62539735712
2022-04-13 12:00:00,4901.522151342108
2022-04-13 15:00:00,8068.738564448351
2022-04-13 18:00:00,7047.021464301548
2022-04-13 21:00:00,6180.975044239047
2022-04-14 00:00:00,6828.848525935293
2022-04-14 03:00:00,6697.69368205621
2022-04-14 06:00:00,6485.5491658594065
2022-04-14 09:00:00,7784.185864803316
2022-04-14 12:00:00,6460.290043390735
2022-04-14 15:00:00,6082.815123347647
2022-04-14 18:00:00,7573.717024726493
2022-04-14 21:00:00,7884.397967084398
2022-04-15 00:00:00,8105.147292545302
2022-04-15 03:00:00,-739.7271923258822
2022-04-15 06:00:00,4789.384549438399
2022-04-15 09:00:00,5762.437154929772
2022-04-15 12:00:00,6914.592445258477
2022-04-15 15:00:00,8377.681965034768
2022-04-15 18:00:00,7981.349898523789
2022-04-15 21:00:00,6779.105979538435
2022-04-16 00:00:00,4518.191370371436
2022-04-16 03:00:00,5854.789486713056
2022-04-16 06:00:00,6531.957672100821
2022-04-16 09:00:00,4154.5520271837495
2022-04-16 12:00:00,7757.440559543951
2022-04-16 15:00:00,4984.946086559985
2022-04-16 18:00:00,8715.914808873013
2022-04-16 21:00:00,5911.117088175219
2022-04-17 00:00:00,4583.727877923673
2022-04-17 03:00:00,5691.284573611282
2022-04-17 06:00:00,6407.718809112381
2022-04-17 09:00:00,8792.850601580096
2022-04-17 12:00:00,8707.797867616935
2022-04-17 15:00:00,6499.936517177585
2022-04-17 18:00:00,6288.638832505261
2022-04-17 21:00:00,8318.623900544633
2022-04-18 00:00:00,5990.793260458948
2022-04-18 03:00:00,6021.804728192316
2022-04-18 06:00:00,7009.751452182489
2022-04-18 09:00:00,4429.433056696751
2022-04-18 12:00:00,6946.136488025308
2022-04-18 15:00:00,6849.633586024086
2022-04-18 18:00:00,7448.17967710407
2022-04-18 21:00:00,7797.412863157279
2022-04-19 00:00:00,3699.4606651284075
2022-04-19 03:00:00,5673.226883608879
2022-04-19 06:00:00,5304.154924911115
2022-04-19 09:00:00,4700.707833841409
2022-04-19 12:00:00,7244.550741387198
2022-04-19 15:00:00,7676.986799775409
2022-04-19 18:00:00,8841.824957211931
2022-04-19 21:00:00,6594.250540835552
2022-04-20 00:00:00,7362.836119123435
2022-04-20 03:00:00,8138.459795326901
2022-04-20 06:00:00,9318.724266025678
2022-04-20 09:00:00,4239.390039272604
2022-04-20 12:00:00,8276.877545827021
2022-04-20 15:00:00,2512.230194515427
2022-04-20 18:00:00,5660.167093037318
2022-04-20 21:00:00,5242.588213143358
2022-04-21 00:00:00,7349.110362341683
2022-04-21 03:00:00,7633.396490210869
2022-04-21 06:00:00,7682.297408548141
2022-04-21 09:00:00,6993.135634923299
2022-04-21 12:00:00,8727.029313043668
2022-04-21 15:00:00,7761.981051121172
2022-04-21 18:00:00,6694.642198409961
2022-04-21 21:00:00,4425.804869314468
2022-04-22 00:00:00,7726.892183062975
2022-04-22 03:00:00,6840.581826105178
2022-04-22 06:00:00,7076.543587033661
2022-04-22 09:00:00,8645.453992805073
2022-04-22 12:00:00,7244.916185673885
2022-04-22 15:00:00,6134.989726909277
2022-04-22 18:00:00,7570.621699184485
2022-04-22 21:00:00,6056.744639058652
2022-04-23 00:00:00,7203.7273236202855
2022-04-23 03:00:00,6036.4269615954745
2022-04-23 06:00:00,8142.291552249112
2022-04-23 09:00:00,8929.359577321873
2022-04-23 12:00:00,4477.575297196083
2022-04-23 15:00:00,8857.0853687479
2022-04-23 18:00:00,7067.141864113257
2022-04-23 21:00:00,7641.630835617259
2022-04-24 00:00:00,7009.780602865469
2022-04-24 03:00:00,5806.196642608286
2022-04-24 06:00:00,3490.7105060266126
2022-04-24 09:00:00,6457.829963620823
2022-04-24 12:00:00,8752.766951686319
2022-04-24 15:00:00,6562.571765111652
2022-04-24 18:00:00,8005.0271243062725
2022-04-24 21:00:00,7126.404427597274
2022-04-25 00:00:00,7447.204557371094
2022-04-25 03:00:00,7186.565892715769
2022-04-25 06:00:00,8055.812524826877
2022-04-25 09:00:00,7946.246790367963
2022-04-25 12:00:00,7338.219898487318
2022-04-25 15:00:00,8663.776190370678
2022-04-25 18:00:00,7650.61736753516
2022-04-25 21:00:00,7469.219107019086
2022-04-26 00:00:00,7792.863673135766
2022-04-26 03:00:00,7524.320741021236
2022-04-26 06:00:00,6827.019491730533
2022-04-26 09:00:00,9091.01227310764
2022-04-26 12:00:00,8291.97909326317
2022-04-26 15:00:00,6196.501895017316
2022-04-26 18:00:00,7703.619922726659
2022-04-26 21:00:00,7319.766720884719
2022-04-27 00:00:00,6314.5121223636725
2022-04-27 03:00:00,3838.7282074271316
2022-04-27 06:00:00,5220.558052352391
2022-04-27 09:00:00,7117.871891416049
2022-04-27 12:00:00,7456.542686763689
2022-04-27 15:00:00,6880.121726557654
2022-04-27 18:00:00,6085.4891151696265
2022-04-27 21:00:00,2256.584471388677
2022-04-28 00:00:00,6618.639674359826
2022-04-28 03:00:00,6225.733404679269
2022-04-28 06:00:00,5716.125357125172
2022-04-28 09:00:00,6583.327478950966
2022-04-28 12:00:00,7648.834668087629
2022-04-28 15:00:00,5242.624125985764
2022-04-28 18:00:00,7116.195079933239
2022-04-28 21:00:00,7541.389454479892
2022-04-29 00:00:00,3342.343671197758
2022-04-29 03:00:00,6911.277664080642
2022-04-29 06:00:00,7469.200884703918
2022-04-29 09:00:00,4535.5370137375
2022-04-29 12:00:00,5240.365962246424
2022-04-29 15:00:00,5874.67333338873
2022-04-29 18:00:00,7488.022842822686
2022-04-29 21:00:00,5971.239767610056
2022-04-30 00:00:00,7348.3833608721825
2022-04-30 03:00:00,7796.824331774278
2022-04-30 06:00:00,7943.044680680416
2022-04-30 09:00:00,6243.941981580498
2022-04-30 12:00:00,6431.762509584643
2022-04-30 15:00:00,8840.39575546113
2022-04-30 18:00:00,7476.261707166058
2022-04-30 21:00:00,6583.3509238561555
2022-05-01 00:00:00,4696.491172806101
2022-05-01 03:00:00,8291.358323019333
2022-05-01 06:00:00,4558.700642806884
2022-05-01 09:00:00,7040.48164238621
2022-05-01 12:00:00,6843.072033040346
2022-05-01 15:00:00,7289.745073115516
2022-05-01 18:00:00,7673.831117039948
2022-05-01 21:00:00,4724.454284823613
2022-05-02 00:00:00,6367.543256368743
2022-05-02 03:00:00,5133.522343835868
2022-05-02 06:00:00,6765.23221532371
2022-05-02 09:00:00,6421.818525291545
2022-05-02 12:00:00,7533.224847606921
2022-05-02 15:00:00,9081.416156123738
2022-05-02 18:00:00,7849.563899809502
2022-05-02 21:00:00,6413.190472586507
2022-05-03 00:00:00,3841.5037545588216
2022-05-03 03:00:00,4328.861530885444
2022-05-03 06:00:00,6231.379888540836
2022-05-03 09:00:00,7768.364460263008
2022-05-03 12:00:00,7297.341194595512
2022-05-03 15:00:00,8463.722159327535
2022-05-03 18:00:00,5565.1377263793165
2022-05-03 21:00:00,8213.987623652925
2022-05-04 00:00:00,7383.578057438281
2022-05-04 03:00:00,4172.882889692311
2022-05-04 06:00:00,7240.68267599668
2022-05-04 09:00:00,7206.471732215517
2022-05-04 12:00:00,6459.683020406023
2022-05-04 15:00:00,5168.847635439689
2022-05-04 18:00:00,7717.846439757692
2022-05-04 21:00:00,7651.904737719979
2022-05-05 00:00:00,7204.544233187529
2022-05-05 03:00:00,6550.02398335318
2022-05-05 06:00:00,6015.22388625767
2022-05-05 09:00:00,5778.6466819800635
2022-05-05 12:00:00,5734.617356231147
2022-05-05 15:00:00,8856.093758778603
2022-05-05 18:00:00,6752.960035728866
2022-05-05 21:00:00,7295.768246804373
2022-05-06 00:00:00,7630.180454308233
2022-05-06 03:00:00,6636.184244836465
2022-05-06 06:00:00,6669.3659527675045
2022-05-06 09:00:00,5915.849302742687
2022-05-06 12:00:00,7209.223396646306
2022-05-06 15:00:00,6108.034899011683
2022-05-06 18:00:00,6549.027155788239
2022-05-06 21:00:00,6194.731985958711
2022-05-07 00:00:00,6134.885511412084
2022-05-07 03:00:00,4684.772191971882
2022-05-07 06:00:00,9646.32032115335
2022-05-07 09:00:00,8186.848759445347
2022-05-07 12:00:00,4563.62024151707
2022-05-07 15:00:00,6006.138120810241
2022-05-07 18:00:00,7345.566821924382
2022-05-07 21:00:00,6264.636019755635
2022-05-08 00:00:00,6896.255087523712
2022-05-08 03:00:00,3319.2031080831766
2022-05-08 06:00:00,6558.90300255204
2022-05-08 09:00:00,4826.535407295188
2022-05-08 12:00:00,6780.52685917489
2022-05-08 15:00:00,3942.251906909951
2022-05-08 18:00:00,9225.539519758313
2022-05-08 21:00:00,5901.451298818518
2022-05-09 00:00:00,5517.65597302432
2022-05-09 03:00:00,6513.222951312273
2022-05-09 06:00:00,5304.842472624769
2022-05-09 09:00:00,4405.2338886676225
2022-05-09 12:00:00,7054.216957667159
2022-05-09 15:00:00,7486.701841761399
2022-05-09 18:00:00,6471.196931039329
2022-05-09 21:00:00,7963.799222625368
2022-05-10 00:00:00,7286.829888583021
2022-05-10 03:00:00,2958.1715604357496
2022-05-10 06:00:00,7257.357658715688
2022-05-10 09:00:00,6250.800064360365
2022-05-10 12:00:00,6568.453378678856
2022-05-10 15:00:00,8878.992026216347
2022-05-10 18:00:00,7930.859212238709
2022-05-10 21:00:00,7245.093120535386
2022-05-11 00:00:00,5299.5161177135515
2022-05-11 03:00:00,7027.618978888355
2022-05-11 06:00:00,6181.407726259611
2022-05-11 09:00:00,7751.169456900621
2022-05-11 12:00:00,7843.6012553684905
2022-05-11 15:00:00,6402.494916256131
2022-05-11 18:00:00,7147.173735194835
2022-05-11 21:00:00,8029.140671533663
2022-05-12 00:00:00,4826.644901116996
2022-05-12 03:00:00,5552.3925901409075
2022-05-12 06:00:00,6349.924583755746
2022-05-12 09:00:00,5790.495747515755
2022-05-12 12:00:00,7454.799792020955
2022-05-12 15:00:00,7755.408924970246
2022-05-12 18:00:00,5722.4768702813
2022-05-12 21:00:00,6700.552608163766
2022-05-13 00:00:00,6726.899678585241
2022-05-13 03:00:00,5135.506320674451
2022-05-13 06:00:00,6930.731356701031
2022-05-13 09:00:00,8174.01630583103
2022-05-13 12:00:00,7594.397497454459
2022-05-13 15:00:00,7217.598711484926
2022-05-13 18:00:00,4512.626252697819
2022-05-13 21:00:00,7590.301836653439
2022-05-14 00:00:00,7676.060924412901
2022-05-14 03:00:00,5156.8720722363305
2022-05-14 06:00:00,5878.549704624921
2022-05-14 09:00:00,5869.440219787328
2022-05-14 12:00:00,7427.334384014404
2022-05-14 15:00:00,9242.039729076037
2022-05-14 18:00:00,6950.528677157596
2022-05-14 21:00:00,7885.926313852781
2022-05-15 00:00:00,6211.758281109718
2022-05-15 03:00:00,2607.7769702163723
2022-05-15 06:00:00,3901.4461307000292
2022-05-15 09:00:00,6515.925692891063
2022-05-15 12:00:00,4018.725282603665
2022-05-15 15:00:00,3381.9905704185967
2022-05-15 18:00:00,8241.4587890646
2022-05-15 21:00:00,5988.160382957226
2022-05-16 00:00:00,6664.912542070134
2022-05-16 03:00:00,2849.429458742316
2022-05-16 06:00:00,6465.805670418409
2022-05-16 09:00:00,4730.393218195104
2022-05-16 12:00:00,7826.815167122706
2022-05-16 15:00:00,6340.255387471689
2022-05-16 18:00:00,6834.893160453749
2022-05-16 21:00:00,6585.524470432525
2022-05-17 00:00:00,6157.182655737832
2022-05-17 03:00:00,1874.3046121260168
2022-05-17 06:00:00,4245.437566805566
2022-05-17 09:00:00,7685.27516578505
2022-05-17 12:00:00,5489.93329357122
2022-05-17 15:00:00,5617.798263402897
2022-05-17 18:00:00,6359.573421349225
2022-05-17 21:00:00,8076.155633106589
2022-05-18 00:00:00,6463.791917407272
2022-05-18 03:00:00,6105.313641055611
2022-05-18 06:00:00,5402.814928660124
2022-05-18 09:00:00,7513.551521292897
2022-05-18 12:00:00,6623.693459869011
2022-05-18 15:00:00,8143.537462223875
2022-05-18 18:00:00,7558.797700442909
2022-05-18 21:00:00,5882.423283679469
2022-05-19 00:00:00,5405.284008830317
2022-05-19 03:00:00,6839.88584451306
2022-05-19 06:00:00,6069.600578077477
2022-05-19 09:00:00,2915.960430859863
2022-05-19 12:00:00,7069.746004013086
2022-05-19 15:00:00,6935.132139759379
2022-05-19 18:00:00,6640.648054555382
2022-05-19 21:00:00,5809.084396016277
2022-05-20 00:00:00,7667.348597445956
2022-05-20 03:00:00,6110.809544774695
2022-05-20 06:00:00,5838.2531604979
2022-05-20 09:00:00,8217.557254472857
2022-05-20 12:00:00,7544.314222866309
2022-05-20 15:00:00,7280.837439652862
2022-05-20 18:00:00,7996.6894500919425
2022-05-20 21:00:00,6905.944149987195
2022-05-21 00:00:00,6332.335201405473
2022-05-21 03:00:00,4870.060142712287
2022-05-21 06:00:00,6403.1339356004355
2022-05-21 09:00:00,6990.018508506238
2022-05-21 12:00:00,7086.4437513127705
2022-05-21 15:00:00,7951.775587560995
2022-05-21 18:00:00,7818.8711748187925
2022-05-21 21:00:00,7838.676989770052
2022-05-22 00:00:00,5882.414862654316
2022-05-22 03:00:00,7420.6479579751285
2022-05-22 06:00:00,5262.436361504004
2022-05-22 09:00:00,7622.742521780441
2022-05-22 12:00:00,7475.319210926878
2022-05-22 15:00:00,8776.98009953098
2022-05-22 18:00:00,5216.351902103674
2022-05-22 21:00:00,6394.423481445944
2022-05-23 00:00:00,8150.089223420344
2022-05-23 03:00:00,4010.165953563794
2022-05-23 06:00:00,5823.722871461008
2022-05-23 09:00:00,7743.73651869409
2022-05-23 12:00:00,6981.459133691767
2022-05-23 15:00:00,6031.628205387991
2022-05-23 18:00:00,8133.867548692315
2022-05-23 21:00:00,6994.95718310303
2022-05-24 00:00:00,4816.991980166357
2022-05-24 03:00:00,7161.128412549126
2022-05-24 06:00:00,6822.242570609815
2022-05-24 09:00:00,3995.480464242803
2022-05-24 12:00:00,8539.368902371643
2022-05-24 15:00:00,6591.107219685044
2022-05-24 18:00:00,7354.373797203013
2022-05-24 21:00:00,6933.767060838424
2022-05-25 00:00:00,8191.9092221383125
2022-05-25 03:00:00,5831.328229866046
2022-05-25 06:00:00,7259.294480718609
2022-05-25 09:00:00,6911.551834364044
2022-05-25 12:00:00,8362.657771686117
2022-05-25 15:00:00,7484.413180531081
2022-05-25 18:00:00,5150.294765065169
2022-05-25 21:00:00,4787.77718791065
2022-05-26 00:00:00,4823.613927860185
2022-05-26 03:00:00,7950.703392958261
2022-05-26 06:00:00,4778.3541200451045
2022-05-26 09:00:00,5204.963197566687
2022-05-26 12:00:00,3660.8959066877114
2022-05-26 15:00:00,5051.2671178004875
2022-05-26 18:00:00,8897.136041422764
2022-05-26 21:00:00,1672.8625480647797
2022-05-27 00:00:00,4403.037526969383
2022-05-27 03:00:00,5402.122120938577
2022-05-27 06:00:00,6260.668061468337
2022-05-27 09:00:00,6603.789776893747
2022-05-27 12:00:00,7567.158370973215
2022-05-27 15:00:00,5280.467870102272
2022-05-27 18:00:00,6433.345123851661
2022-05-27 21:00:00,7950.313258282706
2022-05-28 00:00:00,5084.631061977183
2022-05-28 03:00:00,5889.340457544473
2022-05-28 06:00:00,6124.121322784471
2022-05-28 09:00:00,4666.810980871393
2022-05-28 12:00:00,6030.283589822253
2022-05-28 15:00:00,7482.141895818302
2022-05-28 18:00:00,7053.67593454547
2022-05-28 21:00:00,6134.377562803861
2022-05-29 00:00:00,5511.095606490737
2022-05-29 03:00:00,4826.8396970255035
2022-05-29 06:00:00,6287.600114698958
2022-05-29 09:00:00,7002.684213833448
2022-05-29 12:00:00,3807.8155526879736
2022-05-29 15:00:00,9457.006812511907
2022-05-29 18:00:00,7948.304120054323
2022-05-29 21:00:00,5970.050647359547
2022-05-30 00:00:00,6006.299163764785
2022-05-30 03:00:00,4654.578410106349
2022-05-30 06:00:00,6211.706546189198
2022-05-30 09:00:00,7910.210259811056
2022-05-30 12:00:00,6893.706723438647
2022-05-30 15:00:00,4311.687078593951
2022-05-30 18:00:00,6812.835991501124
2022-05-30 21:00:00,7360.685612614994
2022-05-31 00:00:00,7751.343875127262
2022-05-31 03:00:00,4585.601041882443
2022-05-31 06:00:00,7769.232211138773
2022-05-31 09:00:00,3743.859936801278
2022-05-31 12:00:00,8377.996668243344
2022-05-31 15:00:00,7369.594056321423
2022-05-31 18:00:00,6356.631693688927
2022-05-31 21:00:00,7252.504610622763
2022-06-01 00:00:00,7295.504318351764
2022-06-01 03:00:00,6007.906335245572
2022-06-01 06:00:00,7252.363362432483
2022-06-01 09:00:00,7447.6908750264465
2022-06-01 12:00:00,6262.733685717556
2022-06-01 15:00:00,5401.226255035603
2022-06-01 18:00:00,6357.070412772446
2022-06-01 21:00:00,4924.819754731095
2022-06-02 00:00:00,6408.080738441912
2022-06-02 03:00:00,4991.013042030684
2022-06-02 06:00:00,6817.643775717754
2022-06-02 09:00:00,6756.670922550637
2022-06-02 12:00:00,6605.552896496284
2022-06-02 15:00:00,8875.819357304264
2022-06-02 18:00:00,7808.025834028803
2022-06-02 21:00:00,4561.142841779479
2022-06-03 00:00:00,4185.258329716479
2022-06-03 03:00:00,6218.681459551197
2022-06-03 06:00:00,6963.392743129176
2022-06-03 09:00:00,7626.4413715254705
2022-06-03 12:00:00,7675.402637947711
2022-06-03 15:00:00,7917.7102496527095
2022-06-03 18:00:00,7762.109205251754
2022-06-03 21:00:00,6945.192724996218
2022-06-04 00:00:00,5670.46437462093
2022-06-04 03:00:00,6249.4426762745225
2022-06-04 06:00:00,5496.966879549869
2022-06-04 09:00:00,8812.59393565595
2022-06-04 12:00:00,8569.942497908563
2022-06-04 15:00:00,7160.635622582815
2022-06-04 18:00:00,6268.757496270955
2022-06-04 21:00:00,6913.545761757132
2022-06-05 00:00:00,7271.857118521799
2022-06-05 03:00:00,7683.932174047199
2022-06-05 06:00:00,6750.415891320533
2022-06-05 09:00:00,4981.30038343345
2022-06-05 12:00:00,3943.1716935096315
2022-06-05 15:00:00,3079.9488566042182
2022-06-05 18:00:00,7641.8899137785675
2022-06-05 21:00:00,6863.846642431159
2022-06-06 00:00:00,6638.134826715126
2022-06-06 03:00:00,4659.023123210495
2022-06-06 06:00:00,8554.531086179959
2022-06-06 09:00:00,4788.50062854371
2022-06-06 12:00:00,6299.331141134735
2022-06-06 15:00:00,9032.38925919409
2022-06-06 18:00:00,8749.998569381656
2022-06-06 21:00:00,6228.453280184422
2022-06-07 00:00:00,6606.338697080975
2022-06-07 03:00:00,5915.420444147195
2022-06-07 06:00:00,5891.1822516394495
2022-06-07 09:00:00,6846.422519693412
2022-06-07 12:00:00,7043.080627853373
2022-06-07 15:00:00,7937.002850033736
2022-06-07 18:00:00,4238.127216777909
2022-06-07 21:00:00,6053.553205700461
2022-06-08 00:00:00,5897.718533297641
2022-06-08 03:00:00,3380.0645128852702
2022-06-08 06:00:00,4372.494234066921
2022-06-08 09:00:00,5872.190911692964
2022-06-08 12:00:00,8183.674522847827
2022-06-08 15:00:00,7204.243479329456
2022-06-08 18:00:00,6864.329901048989
2022-06-08 21:00:00,5061.841068001029
2022-06-09 00:00:00,6533.335952807949
2022-06-09 03:00:00,7539.438876304123
2022-06-09 06:00:00,7566.322962187607
2022-06-09 09:00:00,5843.564467166953
2022-06-09 12:00:00,6523.749649450603
2022-06-09 15:00:00,3075.682581754399
2022-06-09 18:00:00,5622.020145928558
2022-06-09 21:00:00,4469.0437216898945
2022-06-10 00:00:00,5689.535419537948
2022-06-10 03:00:00,6257.128212199921
2022-06-10 06:00:00,6232.0722522739015
2022-06-10 09:00:00,8581.426238047388
2022-06-10 12:00:00,6683.041654688298
2022-06-10 15:00:00,6684.332212755339
2022-06-10 18:00:00,6854.100551063469
2022-06-10 21:00:00,4172.811866572949
2022-06-11 00:00:00,7801.020763821549
2022-06-11 03:00:00,4712.458123290456
2022-06-11 06:00:00,7903.17438361319
2022-06-11 09:00:00,6011.97873194521
2022-06-11 12:00:00,9395.709572750508
2022-06-11 15:00:00,5304.955135633225
2022-06-11 18:00:00,7208.909003575961
2022-06-11 21:00:00,3707.5514316198905
2022-06-12 00:00:00,5580.724213253094
2022-06-12 03:00:00,1553.8036670738643
2022-06-12 06:00:00,4796.969232550338
2022-06-12 09:00:00,3464.706891141522
2022-06-12 12:00:00,5870.617942568511
2022-06-12 15:00:00,7848.953735595268
2022-06-12 18:00:00,8148.335400968968
2022-06-12 21:00:00,7513.398627958966
2022-06-13 00:00:00,7981.267739956134
2022-06-13 03:00:00,6704.30966054394
2022-06-13 06:00:00,6946.0687402365975
2022-06-13 09:00:00,5643.625717648005
2022-06-13 12:00:00,5006.696114093888
2022-06-13 15:00:00,7157.038116813284
2022-06-13 18:00:00,6066.343252000066
2022-06-13 21:00:00,7966.782996860104
2022-06-14 00:00:00,6680.236402081293
2022-06-14 03:00:00,3883.4717499864682
2022-06-14 06:00:00,6288.866969390202
2022-06-14 09:00:00,7379.720380550427
2022-06-14 12:00:00,6473.07179232961
2022-06-14 15:00:00,8111.4520993137685
2022-06-14 18:00:00,7106.627148592598
2022-06-14 21:00:00,4779.25652638904
2022-06-15 00:00:00,7209.423470983534
2022-06-15 03:00:00,7588.23025593692
2022-06-15 06:00:00,5533.440399846677
2022-06-15 09:00:00,8200.616873950605
2022-06-15 12:00:00,5433.980760046237
2022-06-15 15:00:00,5938.916406169647
2022-06-15 18:00:00,4854.617342133437
2022-06-15 21:00:00,7274.731451969803
2022-06-16 00:00:00,4696.881122664271
2022-06-16 03:00:00,4981.176429067385
2022-06-16 06:00:00,8959.366229519475
2022-06-16 09:00:00,7521.765406409724
2022-06-16 12:00:00,6161.811341312965
2022-06-16 15:00:00,4017.1712286523752
2022-06-16 18:00:00,6093.331723596939
2022-06-16 21:00:00,6053.583848597381
2022-06-17 00:00:00,4728.118912212633
2022-06-17 03:00:00,6493.032345247039
2022-06-17 06:00:00,6311.517129135937
2022-06-17 09:00:00,7612.551832226543
2022-06-17 12:00:00,5103.148046343498
2022-06-17 15:00:00,7790.603380292918
2022-06-17 18:00:00,7238.386822905097
2022-06-17 21:00:00,8042.988288340832
2022-06-18 00:00:00,4202.690274671773
2022-06-18 03:00:00,5384.675134475855
2022-06-18 06:00:00,7250.866516341965
2022-06-18 09:00:00,5382.096991368156
2022-06-18 12:00:00,7842.892753987979
2022-06-18 15:00:00,6389.943695988938
2022-06-18 18:00:00,3070.7688840485253
2022-06-18 21:00:00,7092.761892514143
2022-06-19 00:00:00,4673.326298148484
2022-06-19 03:00:00,5738.319617931159
2022-06-19 06:00:00,5953.463744430563
2022-06-19 09:00:00,8599.417248622405
2022-06-19 12:00:00,5657.308439778935
2022-06-19 15:00:00,7131.060894407086
2022-06-19 18:00:00,8037.890791115357
2022-06-19 21:00:00,7031.173445933735
2022-06-20 00:00:00,5990.543045366081
2022-06-20 03:00:00,6290.125721598704
2022-06-20 06:00:00,5808.835935450042
2022-06-20 09:00:00,5312.6709931517335
2022-06-20 12:00:00,8231.150269787217
2022-06-20 15:00:00,4428.266205128319
2022-06-20 18:00:00,8288.724882286746
2022-06-20 21:00:00,5071.084651933779
2022-06-21 00:00:00,2844.127860712512
2022-06-21 03:00:00,4169.662371681738
2022-06-21 06:00:00,6109.798220458394
2022-06-21 09:00:00,4974.162922634124
2022-06-21 12:00:00,8002.321331373504
2022-06-21 15:00:00,7038.893288735488
2022-06-21 18:00:00,6074.8517198016825
2022-06-21 21:00:00,6752.104054222298
2022-06-22 00:00:00,5348.760413556125
2022-06-22 03:00:00,4555.022486085092
2022-06-22 06:00:00,3454.51136163835
2022-06-22 09:00:00,6308.080754713811
2022-06-22 12:00:00,6832.702503656096
2022-06-22 15:00:00,4791.316058518397
2022-06-22 18:00:00,4051.07671836363
2022-06-22 21:00:00,5673.093715811716
2022-06-23 00:00:00,5993.106197619885
2022-06-23 03:00:00,5463.895905734385
2022-06-23 06:00:00,6074.81570479868
2022-06-23 09:00:00,7460.865931099692
2022-06-23 12:00:00,4801.106064959093
2022-06-23 15:00:00,7159.662216934551
2022-06-23 18:00:00,4429.582659702102
2022-06-23 21:00:00,6984.785231823569
2022-06-24 00:00:00,6149.6136092981515
2022-06-24 03:00:00,6740.280560405974
2022-06-24 06:00:00,4645.146367757303
2022-06-24 09:00:00,8247.856414270711
2022-06-24 12:00:00,5960.355145091853
2022-06-24 15:00:00,6575.827336872224
2022-06-24 18:00:00,6544.426195653486
2022-06-24 21:00:00,-11.446152578262627
2022-06-25 00:00:00,5548.931058727076
2022-06-25 03:00:00,5542.440765727617
2022-06-25 06:00:00,4200.625259113087
2022-06-25 09:00:00,5234.1534212298075
2022-06-25 12:00:00,5074.608276925199
2022-06-25 15:00:00,6205.342425259385
2022-06-25 18:00:00,6968.078451549332
2022-06-25 21:00:00,6797.416715678139
2022-06-26 00:00:00,6460.6428673727505
2022-06-26 03:00:00,7733.544652621988
2022-06-26 06:00:00,6098.735504772578
2022-06-26 09:00:00,-653.2720977854924
2022-06-26 12:00:00,6086.290735011253
2022-06-26 15:00:00,5000.356783142236
2022-06-26 18:00:00,6033.729722885593
2022-06-26 21:00:00,6484.337625777726
2022-06-27 00:00:00,4866.926353378169
2022-06-27 03:00:00,6664.839143451611
2022-06-27 06:00:00,6305.104998666203
2022-06-27 09:00:00,5278.471543329669
2022-06-27 12:00:00,6065.625890130379
2022-06-27 15:00:00,5248.225297029649
2022-06-27 18:00:00,6982.524980755947
2022-06-27 21:00:00,4313.602090389234
2022-06-28 00:00:00,4790.533435382563
2022-06-28 03:00:00,6951.571094751227
2022-06-28 06:00:00,5561.32607755075
2022-06-28 09:00:00,5812.4726751225835
2022-06-28 12:00:00,8308.785250693398
2022-06-28 15:00:00,7341.810375646715
2022-06-28 18:00:00,5267.629927647878
2022-06-28 21:00:00,6415.351695618207
2022-06-29 00:00:00,6973.2154850849965
2022-06-29 03:00:00,4449.650977668104
2022-06-29 06:00:00,6133.4699122901975
2022-06-29 09:00:00,3747.7226963484154
2022-06-29 12:00:00,1194.8735814647316
2022-06-29 15:00:00,6467.065537578725
2022-06-29 18:00:00,5766.981893708854
2022-06-29 21:00:00,7390.666408875844
2022-06-30 00:00:00,1721.3651681743413
2022-06-30 03:00:00,5373.671497588234
2022-06-30 06:00:00,4137.836383701533
2022-06-30 09:00:00,4513.589084366085
2022-06-30 12:00:00,4050.353810888899
2022-06-30 15:00:00,5011.683047129211
2022-06-30 18:00:00,5691.730384164851
2022-06-30 21:00:00,397.58133927247036
2022-07-01 00:00:00,7090.628979433408
2022-07-01 03:00:00,3108.074562438976
2022-07-01 06:00:00,3398.538837551338
2022-07-01 09:00:00,7467.522569040837
2022-07-01 12:00:00,7056.388252627141
2022-07-01 15:00:00,8325.926558831743
2022-07-01 18:00:00,6321.279318720428
2022-07-01 21:00:00,5839.253685351895
2022-07-02 00:00:00,6104.220258812108
2022-07-02 03:00:00,5163.978126368418
2022-07-02 06:00:00,6814.214499738098
2022-07-02 09:00:00,6873.956986928384
2022-07-02 12:00:00,7171.764655863928
2022-07-02 15:00:00,5899.480201919292
2022-07-02 18:00:00,4197.674896775819
2022-07-02 21:00:00,5293.3063091902
2022-07-03 00:00:00,4252.03865347207
2022-07-03 03:00:00,2188.4354314140905
2022-07-03 06:00:00,4435.129516118846
2022-07-03 09:00:00,7555.67678373461
2022-07-03 12:00:00,5949.779011738251
2022-07-03 15:00:00,5715.379029931102
2022-07-03 18:00:00,6324.1700512801235
2022-07-03 21:00:00,6635.766508462224
2022-07-04 00:00:00,6860.506433986139
2022-07-04 03:00:00,1884.5503720239763
2022-07-04 06:00:00,4586.786362263008
2022-07-04 09:00:00,7066.895237279915
2022-07-04 12:00:00,7429.439479033363
2022-07-04 15:00:00,5105.338162681168
2022-07-04 18:00:00,6707.743491214201
2022-07-04 21:00:00,6676.9563810390255
2022-07-05 00:00:00,4280.4956624447095
2022-07-05 03:00:00,5968.706902696496
2022-07-05 06:00:00,2300.351392425561
2022-07-05 09:00:00,5344.548647079126
2022-07-05 12:00:00,6194.701515071631
2022-07-05 15:00:00,6030.301282943238
2022-07-05 18:00:00,4180.501067549023
2022-07-05 21:00:00,8218.140265387376
2022-07-06 00:00:00,6329.829608245912
2022-07-06 03:00:00,6569.75050400597
2022-07-06 06:00:00,4003.2724542716346
2022-07-06 09:00:00,7086.465769282544
2022-07-06 12:00:00,6978.457030290729
2022-07-06 15:00:00,5682.786474249743
2022-07-06 18:00:00,6047.521217997286
2022-07-06 21:00:00,6273.200250835665
2022-07-07 00:00:00,2583.3900193414484
2022-07-07 03:00:00,5664.709655604565
2022-07-07 06:00:00,5751.544695778485
2022-07-07 09:00:00,4175.956410946675
2022-07-07 12:00:00,9452.904851886386
2022-07-07 15:00:00,5404.5578623301735
2022-07-07 18:00:00,5491.3805389412755
2022-07-07 21:00:00,5571.750419267374
2022-07-08 00:00:00,4711.815494782669
2022-07-08 03:00:00,4645.592917880347
2022-07-08 06:00:00,5582.8061156393815
2022-07-08 09:00:00,6506.882506340211
2022-07-08 12:00:00,7651.26357031971
2022-07-08 15:00:00,6946.838171330826
2022-07-08 18:00:00,5539.011411073438
2022-07-08 21:00:00,5664.519532607906
2022-07-09 00:00:00,6163.825280778869
2022-07-09 03:00:00,3919.095322396004
2022-07-09 06:00:00,7553.50768009917
2022-07-09 09:00:00,3767.510669940062
2022-07-09 12:00:00,5005.823671793628
2022-07-09 15:00:00,4239.256932985112
2022-07-09 18:00:00,2650.611153772272
2022-07-09 21:00:00,4294.940306477674
2022-07-10 00:00:00,5043.925246809332
2022-07-10 03:00:00,5847.352540266701
2022-07-10 06:00:00,5385.775827062845
2022-07-10 09:00:00,6522.603416641723
2022-07-10 12:00:00,6213.267253510956
2022-07-10 15:00:00,7462.780850340463
2022-07-10 18:00:00,5962.756376117413
2022-07-10 21:00:00,7356.024613518813
2022-07-11 00:00:00,3910.6539635607705
2022-07-11 03:00:00,4064.624534817879
2022-07-11 06:00:00,4387.620342014223
2022-07-11 09:00:00,5603.589692142088
2022-07-11 12:00:00,6344.269132577662
2022-07-11 15:00:00,4346.77064102059
2022-07-11 18:00:00,8211.153044080482
2022-07-11 21:00:00,7087.267419187072
2022-07-12 00:00:00,1582.1954163722153
2022-07-12 03:00:00,4969.211188727298
2022-07-12 06:00:00,5109.663694014013
2022-07-12 09:00:00,4232.709766067728
2022-07-12 12:00:00,4415.424522179955
2022-07-12 15:00:00,7027.222371886513
2022-07-12 18:00:00,6082.401345554972
2022-07-12 21:00:00,6145.331582907538
2022-07-13 00:00:00,4126.656782998208
2022-07-13 03:00:00,3384.97066791283
2022-07-13 06:00:00,6776.072510721068
2022-07-13 09:00:00,5291.540881130518
2022-07-13 12:00:00,7714.35040051008
2022-07-13 15:00:00,4877.517250841617
2022-07-13 18:00:00,8404.28999488398
2022-07-13 21:00:00,5736.6775069221785
2022-07-14 00:00:00,3502.76477367368
2022-07-14 03:00:00,3185.7089982104376
2022-07-14 06:00:00,4097.977085063769
2022-07-14 09:00:00,6476.166519759693
2022-07-14 12:00:00,6947.36246404754
2022-07-14 15:00:00,6214.950750544154
2022-07-14 18:00:00,4346.116627481818
2022-07-14 21:00:00,4630.447873717137
2022-07-15 00:00:00,5894.100051870277
2022-07-15 03:00:00,5862.564832474823
2022-07-15 06:00:00,5660.592561878042
2022-07-15 09:00:00,3730.8611515131747
2022-07-15 12:00:00,6060.305204426813
2022-07-15 15:00:00,6992.172621576883
2022-07-15 18:00:00,5979.049565353328
2022-07-15 21:00:00,7378.298193124584
2022-07-16 00:00:00,4720.602432409306
2022-07-16 03:00:00,6030.75363152399
2022-07-16 06:00:00,4532.186348514493
2022-07-16 09:00:00,6089.126897193879
2022-07-16 12:00:00,4080.606104638173
2022-07-16 15:00:00,6848.301798904611
2022-07-16 18:00:00,6302.726455766451
2022-07-16 21:00:00,4679.056967175003
2022-07-17 00:00:00,6182.680715964268
2022-07-17 03:00:00,1348.150579437994
2022-07-17 06:00:00,5262.166872917512
2022-07-17 09:00:00,5347.470926324092
2022-07-17 12:00:00,5992.359770578158
2022-07-17 15:00:00,6888.391170068359
2022-07-17 18:00:00,5701.4005273430175
2022-07-17 21:00:00,7753.668704121762
2022-07-18 00:00:00,5002.321794866375
2022-07-18 03:00:00,2134.645839284563
2022-07-18 06:00:00,4439.471121746773
2022-07-18 09:00:00,6836.356029754275
2022-07-18 12:00:00,5987.808033337541
2022-07-18 15:00:00,6891.50549922976
2022-07-18 18:00:00,5797.769031345955
2022-07-18 21:00:00,2492.9271938194893
2022-07-19 00:00:00,4596.481133743497
2022-07-19 03:00:00,1213.3676564380935
2022-07-19 06:00:00,6222.627394462936
2022-07-19 09:00:00,4520.7189491959025
2022-07-19 12:00:00,5372.7479010544575
2022-07-19 15:00:00,5233.637736130251
2022-07-19 18:00:00,7402.1061804907995
2022-07-19 21:00:00,7199.816040759606
2022-07-20 00:00:00,3497.357881617797
2022-07-20 03:00:00,5353.894094527429
2022-07-20 06:00:00,6418.706289968279
2022-07-20 09:00:00,3569.5128653630363
2022-07-20 12:00:00,2525.866453532471
2022-07-20 15:00:00,5247.617063078996
2022-07-20 18:00:00,4645.917889636367
2022-07-20 21:00:00,4544.577525560843
2022-07-21 00:00:00,4805.1400138013605
2022-07-21 03:00:00,5466.988576009343
2022-07-21 06:00:00,2815.3061736442824
2022-07-21 09:00:00,6919.337064678934
2022-07-21 12:00:00,6315.561966665358
2022-07-21 15:00:00,6616.799563051621
2022-07-21 18:00:00,5582.290922886463
2022-07-21 21:00:00,5365.522257302805
2022-07-22 00:00:00,5776.177070154804
2022-07-22 03:00:00,4554.296007910697
2022-07-22 06:00:00,4045.7768597258923
2022-07-22 09:00:00,4402.690215849486
2022-07-22 12:00:00,5238.245546446812
2022-07-22 15:00:00,6532.840852511952
2022-07-22 18:00:00,6167.838910963179
2022-07-22 21:00:00,5917.070469706713
2022-07-23 00:00:00,5570.063236316004
2022-07-23 03:00:00,5402.042310144272
2022-07-23 06:00:00,4790.639881504506
2022-07-23 09:00:00,4187.149763006421
2022-07-23 12:00:00,5086.56301095502
2022-07-23 15:00:00,6542.037044487718
2022-07-23 18:00:00,5235.480621872325
2022-07-23 21:00:00,5848.34629754519
2022-07-24 00:00:00,2800.953839977305
2022-07-24 03:00:00,5280.395669460033
2022-07-24 06:00:00,4108.789622102308
2022-07-24 09:00:00,5684.093765115802
2022-07-24 12:00:00,4919.191593734205
2022-07-24 15:00:00,4192.04285217837
2022-07-24 18:00:00,6173.16581467261
2022-07-24 21:00:00,5772.908599062364
2022-07-25 00:00:00,4582.666518724233
2022-07-25 03:00:00,3743.055826451091
2022-07-25 06:00:00,5355.716785826043
2022-07-25 09:00:00,6538.612865901139
2022-07-25 12:00:00,4082.7755879895426
2022-07-25 15:00:00,4836.895417284191
2022-07-25 18:00:00,8264.24478750902
2022-07-25 21:00:00,6140.246097333692
2022-07-26 00:00:00,3673.830835974857
2022-07-26 03:00:00,2869.073000115972
2022-07-26 06:00:00,5091.769114531707
2022-07-26 09:00:00,4641.471206779074
2022-07-26 12:00:00,7641.44249855943
2022-07-26 15:00:00,5004.7840802139
2022-07-26 18:00:00,7321.357049335486
2022-07-26 21:00:00,5601.017870555531
2022-07-27 00:00:00,1396.0159008413862
2022-07-27 03:00:00,6805.46032314962
2022-07-27 06:00:00,6669.913127963904
2022-07-27 09:00:00,4412.937525774441
2022-07-27 12:00:00,4856.586886134836
2022-07-27 15:00:00,5773.963364238218
2022-07-27 18:00:00,6354.016396953935
2022-07-27 21:00:00,5621.545472058815
2022-07-28 00:00:00,4928.866001446227
2022-07-28 03:00:00,6053.233202832559
2022-07-28 06:00:00,5034.251263286529
2022-07-28 09:00:00,6002.705302580234
2022-07-28 12:00:00,4242.161296706284
2022-07-28 15:00:00,6615.045175482173
2022-07-28 18:00:00,4566.091322642325
2022-07-28 21:00:00,8015.189182855208
2022-07-29 00:00:00,5533.754152270976
2022-07-29 03:00:00,6160.121612626959
2022-07-29 06:00:00,3998.227672046679
2022-07-29 09:00:00,5751.045632738413
2022-07-29 12:00:00,6450.031047224461
2022-07-29 15:00:00,6361.907744463631
2022-07-29 18:00:00,6365.0405137926155
2022-07-29 21:00:00,4814.858969244048
2022-07-30 00:00:00,4937.344760889211
2022-07-30 03:00:00,5537.978228591631
2022-07-30 06:00:00,3966.3584969400154
2022-07-30 09:00:00,5345.120242936371
2022-07-30 12:00:00,7348.2097167519805
2022-07-30 15:00:00,6927.287643547945
2022-07-30 18:00:00,3444.8813500589467
2022-07-30 21:00:00,5280.092285214939
2022-07-31 00:00:00,1415.305906220482
2022-07-31 03:00:00,5702.013398315138
2022-07-31 06:00:00,1323.3109142786311
2022-07-31 09:00:00,5467.378922577726
2022-07-31 12:00:00,6128.412096612656
2022-07-31 15:00:00,5060.135156050834
2022-07-31 18:00:00,5332.837508576722
2022-07-31 21:00:00,3334.7152243336946
2022-08-01 00:00:00,3791.7417239775
2022-08-01 03:00:00,5201.872717457129
2022-08-01 06:00:00,3207.3929493679198
2022-08-01 09:00:00,5609.63989785898
2022-08-01 12:00:00,5641.096022836434
2022-08-01 15:00:00,5893.981901677
2022-08-01 18:00:00,3696.718752386686
2022-08-01 21:00:00,2955.4443624439054
2022-08-02 00:00:00,4809.434607113527
2022-08-02 03:00:00,4443.183738910661
2022-08-02 06:00:00,5141.475595045781
2022-08-02 09:00:00,6289.554912743802
2022-08-02 12:00:00,4037.366034995198
2022-08-02 15:00:00,6993.738781019505
2022-08-02 18:00:00,5745.285966247708
2022-08-02 21:00:00,3990.6710534068097
2022-08-03 00:00:00,3766.2263017769055
2022-08-03 03:00:00,5588.285267598934
2022-08-03 06:00:00,3853.819123016205
2022-08-03 09:00:00,1659.8152804747779
2022-08-03 12:00:00,3103.4765484575605
2022-08-03 15:00:00,6521.4463011751
2022-08-03 18:00:00,5217.836493330858
2022-08-03 21:00:00,5356.9174300502045
2022-08-04 00:00:00,4865.141082315372
2022-08-04 03:00:00,4086.980141054167
2022-08-04 06:00:00,4111.11734383699
2022-08-04 09:00:00,3729.5526187536116
2022-08-04 12:00:00,5371.93798270461
2022-08-04 15:00:00,5191.519310111901
2022-08-04 18:00:00,6443.187877351364
2022-08-04 21:00:00,3446.8714699365455
2022-08-05 00:00:00,5323.477229367737
2022-08-05 03:00:00,4884.606523247424
2022-08-05 06:00:00,4910.709824042712
2022-08-05 09:00:00,6751.683253557881
2022-08-05 12:00:00,5369.533522230659
2022-08-05 15:00:00,4781.177754715217
2022-08-05 18:00:00,6324.993226722574
2022-08-05 21:00:00,5587.725018540122
2022-08-06 00:00:00,3254.0520680673394
2022-08-06 03:00:00,2017.8939370074136
2022-08-06 06:00:00,5278.582520986121
2022-08-06 09:00:00,3868.5066187722578
2022-08-06 12:00:00,5952.778735744438
2022-08-06 15:00:00,6242.214179277932
2022-08-06 18:00:00,3186.1815841986586
2022-08-06 21:00:00,5592.450358141226
2022-08-07 00:00:00,2475.5069179549164
2022-08-07 03:00:00,5782.780145224481
2022-08-07 06:00:00,5419.100728132902
2022-08-07 09:00:00,5952.30215379676
2022-08-07 12:00:00,3786.932190074716
2022-08-07 15:00:00,4645.888972924168
2022-08-07 18:00:00,6365.46653178358
2022-08-07 21:00:00,4669.1515737245245
2022-08-08 00:00:00,5024.943781659162
2022-08-08 03:00:00,3037.4969964480324
2022-08-08 06:00:00,4948.884461883928
2022-08-08 09:00:00,3620.5689005579143
2022-08-08 12:00:00,4622.078697052689
2022-08-08 15:00:00,5079.2433178157635
2022-08-08 18:00:00,589.875748756861
2022-08-08 21:00:00,4078.0348830356124
2022-08-09 00:00:00,3020.5389249961718
2022-08-09 03:00:00,4260.408443446542
2022-08-09 06:00:00,3369.607546906293
2022-08-09 09:00:00,4789.537588253723
2022-08-09 12:00:00,6625.176406230868
2022-08-09 15:00:00,5727.172686041766
2022-08-09 18:00:00,4243.556785430723
2022-08-09 21:00:00,5257.718382204267
2022-08-10 00:00:00,4543.067904117301
2022-08-10 03:00:00,6002.960209931634
2022-08-10 06:00:00,4969.6424284292425
2022-08-10 09:00:00,3463.384874047402
2022-08-10 12:00:00,4772.164698672584
2022-08-10 15:00:00,4620.710356333062
2022-08-10 18:00:00,4915.880942673164
2022-08-10 21:00:00,3392.782980630831
2022-08-11 00:00:00,3708.3718940573135
2022-08-11 03:00:00,5099.491202250908
2022-08-11 06:00:00,-52.32423225751245
2022-08-11 09:00:00,4352.8051669926945
2022-08-11 12:00:00,5628.768502323486
2022-08-11 15:00:00,7172.261049145296
2022-08-11 18:00:00,6187.545391016485
2022-08-11 21:00:00,3048.30040428265
2022-08-12 00:00:00,5855.530437070581
2022-08-12 03:00:00,1801.2722733980318
2022-08-12 06:00:00,1416.4838325997298
2022-08-12 09:00:00,3299.697305985111
2022-08-12 12:00:00,4372.750526110819
2022-08-12 15:00:00,4813.9243220067765
2022-08-12 18:00:00,6946.318862241592
2022-08-12 21:00:00,5182.750089664186
2022-08-13 00:00:00,5887.320789118655
2022-08-13 03:00:00,5157.35828602597
2022-08-13 06:00:00,4317.289137077553
2022-08-13 09:00:00,3218.361273946134
2022-08-13 12:00:00,6308.3713223996165
2022-08-13 15:00:00,4937.269577964543
2022-08-13 18:00:00,4924.218952943304
2022-08-13 21:00:00,3495.157062796252
2022-08-14 00:00:00,5050.953597317901
2022-08-14 03:00:00,5588.662730933295
2022-08-14 06:00:00,4325.731647762081
2022-08-14 09:00:00,3391.2236153525846
2022-08-14 12:00:00,4913.122015807847
2022-08-14 15:00:00,3730.1332151529245
2022-08-14 18:00:00,3744.3135387895836
2022-08-14 21:00:00,4043.7161048393477
2022-08-15 00:00:00,4524.333857420349
2022-08-15 03:00:00,4574.284829719896
2022-08-15 06:00:00,5636.713297831973
2022-08-15 09:00:00,3571.2127493123553
2022-08-15 12:00:00,6962.653708553064
2022-08-15 15:00:00,4561.276976974092
2022-08-15 18:00:00,6516.336740786986
2022-08-15 21:00:00,4259.843470622192
2022-08-16 00:00:00,5087.882659604322
2022-08-16 03:00:00,4875.113340147716
2022-08-16 06:00:00,-619.3375457199654
2022-08-16 09:00:00,3345.672693683936
2022-08-16 12:00:00,5342.11715364319
2022-08-16 15:00:00,5009.641147617689
2022-08-16 18:00:00,4349.991138475694
2022-08-16 21:00:00,5789.447560944205
2022-08-17 00:00:00,7195.102478218538
2022-08-17 03:00:00,5338.840932436784
2022-08-17 06:00:00,2816.8189190484363
2022-08-17 09:00:00,5701.445571082421
2022-08-17 12:00:00,6483.202881644611
2022-08-17 15:00:00,6787.194795148782
2022-08-17 18:00:00,3056.881384333238
2022-08-17 21:00:00,6584.025064792951
2022-08-18 00:00:00,3897.6818836327484
2022-08-18 03:00:00,1136.9842621613357
2022-08-18 06:00:00,6027.998701876423
2022-08-18 09:00:00,4242.730771090256
2022-08-18 12:00:00,6196.430320295336
2022-08-18 15:00:00,6404.405208847572
2022-08-18 18:00:00,5314.756241216892
2022-08-18 21:00:00,755.8081099119227
2022-08-19 00:00:00,3428.6756145594204
2022-08-19 03:00:00,1509.442109236616
2022-08-19 06:00:00,3249.453391748536
2022-08-19 09:00:00,4915.416930900783
2022-08-19 12:00:00,6020.432392420233
2022-08-19 15:00:00,4612.439689660152
2022-08-19 18:00:00,4321.163973989779
2022-08-19 21:00:00,6293.9734479101935
2022-08-20 00:00:00,4487.09963012101
2022-08-20 03:00:00,5853.797869698908
2022-08-20 06:00:00,1772.9517835834808
2022-08-20 09:00:00,6167.003155010763
2022-08-20 12:00:00,4934.744387911558
2022-08-20 15:00:00,6775.879086183468
2022-08-20 18:00:00,4961.585335906172
2022-08-20 21:00:00,4738.862567290776
2022-08-21 00:00:00,4354.76238175917
2022-08-21 03:00:00,4141.974994385746
2022-08-21 06:00:00,4365.100736495908
2022-08-21 09:00:00,4165.55893502171
2022-08-21 12:00:00,6720.918725811823
2022-08-21 15:00:00,3112.9018485197707
2022-08-21 18:00:00,3607.171326390989
2022-08-21 21:00:00,4634.105439549443
2022-08-22 00:00:00,4630.853155506498
2022-08-22 03:00:00,3815.43770728081
2022-08-22 06:00:00,1192.3502679457702
2022-08-22 09:00:00,3410.2823103585492
2022-08-22 12:00:00,5665.504243639259
2022-08-22 15:00:00,4382.497228389057
2022-08-22 18:00:00,7011.227889390528
2022-08-22 21:00:00,1489.7972387934178
2022-08-23 00:00:00,2445.894710817811
2022-08-23 03:00:00,2557.8771895051837
2022-08-23 06:00:00,3206.7148613129293
2022-08-23 09:00:00,4433.073072168785
2022-08-23 12:00:00,4418.4753695262325
2022-08-23 15:00:00,4004.5694444909414
2022-08-23 18:00:00,6405.688107744977
2022-08-23 21:00:00,3619.8674131622433
2022-08-24 00:00:00,2271.67647892813
2022-08-24 03:00:00,4752.6016722890045
2022-08-24 06:00:00,2390.0199175551857
2022-08-24 09:00:00,3589.1218791975643
2022-08-24 12:00:00,6314.603773859087
2022-08-24 15:00:00,4513.338722534546
2022-08-24 18:00:00,2692.7466606918847
2022-08-24 21:00:00,4805.379035900735
2022-08-25 00:00:00,4649.92416224152
2022-08-25 03:00:00,3713.666539077998
2022-08-25 06:00:00,3483.2382237999464
2022-08-25 09:00:00,2588.851483643358
2022-08-25 12:00:00,3770.6402141019616
2022-08-25 15:00:00,2728.463425309922
2022-08-25 18:00:00,5281.4946920426255
2022-08-25 21:00:00,4829.727825378071
2022-08-26 00:00:00,1390.5314041332526
2022-08-26 03:00:00,3989.1153169004524
2022-08-26 06:00:00,2983.536709969965
2022-08-26 09:00:00,3644.1108032604925
2022-08-26 12:00:00,6872.006866266287
2022-08-26 15:00:00,6285.914256765133
2022-08-26 18:00:00,3554.6076787021075
2022-08-26 21:00:00,2986.314160533758
2022-08-27 00:00:00,3984.9367486501624
2022-08-27 03:00:00,3415.709004990117
2022-08-27 06:00:00,2721.0290397264152
2022-08-27 09:00:00,6162.8653070220425
2022-08-27 12:00:00,4844.269710883466
2022-08-27 15:00:00,3187.0015396340223
2022-08-27 18:00:00,2623.5260987599568
2022-08-27 21:00:00,4594.912041955934
2022-08-28 00:00:00,4746.107982060196
2022-08-28 03:00:00,3745.2908137078903
2022-08-28 06:00:00,512.0043075688045
2022-08-28 09:00:00,4670.873068347463
2022-08-28 12:00:00,1949.1905028348392
2022-08-28 15:00:00,6277.633391589721
2022-08-28 18:00:00,6351.419355711014
2022-08-28 21:00:00,4115.445948583869
2022-08-29 00:00:00,3160.156968690119
2022-08-29 03:00:00,2664.825852545689
2022-08-29 06:00:00,5043.4629822778825
2022-08-29 09:00:00,1237.9065495066943
2022-08-29 12:00:00,6614.6274909773765
2022-08-29 15:00:00,3962.336822411947
2022-08-29 18:00:00,5495.580300816451
2022-08-29 21:00:00,2497.4894887671962
2022-08-30 00:00:00,3363.0651550602297
2022-08-30 03:00:00,2684.754167449693
2022-08-30 06:00:00,210.58269323445802
2022-08-30 09:00:00,5415.475880776211
2022-08-30 12:00:00,2584.7584943520337
2022-08-30 15:00:00,6727.629759460482
2022-08-30 18:00:00,3577.9612518500994
2022-08-30 21:00:00,4036.1213693677896
2022-08-31 00:00:00,4078.2689121687326
2022-08-31 03:00:00,4539.923263516588
2022-08-31 06:00:00,3532.8625740329985
2022-08-31 09:00:00,4024.8114073233396
2022-08-31 12:00:00,5246.125700253353
2022-08-31 15:00:00,4175.878572890542
2022-08-31 18:00:00,4789.426330327554
2022-08-31 21:00:00,3718.1870256582774
2022-09-01 00:00:00,2011.7245770209397
2022-09-01 03:00:00,358.4026064566451
2022-09-01 06:00:00,3977.947673196637
2022-09-01 09:00:00,3115.053398053139
2022-09-01 12:00:00,6773.815803526453
2022-09-01 15:00:00,3054.1036233541518
2022-09-01 18:00:00,6457.237531142476
2022-09-01 21:00:00,1953.8029101083425
2022-09-02 00:00:00,2521.730601162807
2022-09-02 03:00:00,3673.1025458498825
2022-09-02 06:00:00,5053.909587216426
2022-09-02 09:00:00,5943.072934720126
2022-09-02 12:00:00,3782.479436395356
2022-09-02 15:00:00,1961.9431816309298
2022-09-02 18:00:00,6667.393048249788
2022-09-02 21:00:00,5966.847159099446
2022-09-03 00:00:00,1140.711731835262
2022-09-03 03:00:00,3138.6496360608826
2022-09-03 06:00:00,3143.931807851899
2022-09-03 09:00:00,3379.7044891595942
2022-09-03 12:00:00,4211.379584691764
2022-09-03 15:00:00,3560.6478665513564
2022-09-03 18:00:00,4633.251505901402
2022-09-03 21:00:00,4233.923743716738
2022-09-04 00:00:00,4468.248301185761
2022-09-04 03:00:00,4560.601540245836
2022-09-04 06:00:00,2866.1005046273376
2022-09-04 09:00:00,1363.7035667541727
2022-09-04 12:00:00,4065.7984020562085
2022-09-04 15:00:00,5842.5373734316145
2022-09-04 18:00:00,5972.881630615038
2022-09-04 21:00:00,4014.101758250744
2022-09-05 00:00:00,4810.047661712535
2022-09-05 03:00:00,4350.358376036539
2022-09-05 06:00:00,4743.515414247294
2022-09-05 09:00:00,5498.329910353467
2022-09-05 12:00:00,3513.607802632699
2022-09-05 15:00:00,5259.730406270518
2022-09-05 18:00:00,4700.371690359499
2022-09-05 21:00:00,4382.798597123743
2022-09-06 00:00:00,1348.3025703194844
2022-09-06 03:00:00,3177.2339497930407
2022-09-06 06:00:00,2743.7988779403645
2022-09-06 09:00:00,4230.182544673144
2022-09-06 12:00:00,4810.095685198134
2022-09-06 15:00:00,3441.6824369483575
2022-09-06 18:00:00,4820.223883367247
2022-09-06 21:00:00,4853.365298133701
2022-09-07 00:00:00,4658.556167452104
2022-09-07 03:00:00,1206.2183877699463
2022-09-07 06:00:00,1461.4889727579116
2022-09-07 09:00:00,3698.1229177905034
2022-09-07 12:00:00,5410.659906693409
2022-09-07 15:00:00,3322.9103214628617
2022-09-07 18:00:00,6121.611789662467
2022-09-07 21:00:00,3327.225576404566
2022-09-08 00:00:00,6206.099056841727
2022-09-08 03:00:00,3877.821357426501
2022-09-08 06:00:00,1759.3263836648625
2022-09-08 09:00:00,2926.01384724961
2022-09-08 12:00:00,3646.2553883257115
2022-09-08 15:00:00,6069.934332943514
2022-09-08 18:00:00,5334.9420133496915
2022-09-08 21:00:00,4714.818725889201
2022-09-09 00:00:00,4464.090252765323
2022-09-09 03:00:00,4928.243742829004
2022-09-09 06:00:00,3622.376190577361
2022-09-09 09:00:00,3639.3284618096754
2022-09-09 12:00:00,5789.300221499584
2022-09-09 15:00:00,6704.139527058478
2022-09-09 18:00:00,5824.466315791454
2022-09-09 21:00:00,3460.388204702527
2022-09-10 00:00:00,1826.3627330198833
2022-09-10 03:00:00,2416.8029851966076
2022-09-10 06:00:00,3460.2857948939927
2022-09-10 09:00:00,440.1269281891191
2022-09-10 12:00:00,1647.8769872813373
2022-09-10 15:00:00,5995.763169285634
2022-09-10 18:00:00,2811.085807882778
2022-09-10 21:00:00,2369.3787086932834
2022-09-11 00:00:00,2905.9540289106176
2022-09-11 03:00:00,3140.7375397502215
2022-09-11 06:00:00,1416.3341982940701
2022-09-11 09:00:00,4084.5155556915724
2022-09-11 12:00:00,4886.844740855529
2022-09-11 15:00:00,3161.86800180315
2022-09-11 18:00:00,5962.879716073466
2022-09-11 21:00:00,4760.878791112369
2022-09-12 00:00:00,4547.529358257181
2022-09-12 03:00:00,3298.4719707247314
2022-09-12 06:00:00,5442.936906660897
2022-09-12 09:00:00,1513.2785755973418
2022-09-12 12:00:00,5250.690868890423
2022-09-12 15:00:00,2954.555958663951
2022-09-12 18:00:00,3031.6547720889794
2022-09-12 21:00:00,2543.6078426453532
2022-09-13 00:00:00,5464.9437948980485
2022-09-13 03:00:00,5434.483231737674
2022-09-13 06:00:00,3435.203372554043
2022-09-13 09:00:00,3670.736573321652
2022-09-13 12:00:00,6043.192165191751
2022-09-13 15:00:00,4450.405876548536
2022-09-13 18:00:00,6082.176966408446
2022-09-13 21:00:00,2823.8099695133087
2022-09-14 00:00:00,2270.4187195478435
2022-09-14 03:00:00,3465.661098210543
2022-09-14 06:00:00,-610.0448593330793
2022-09-14 09:00:00,4724.117330452579
2022-09-14 12:00:00,4869.477350869762
2022-09-14 15:00:00,5243.465492740312
2022-09-14 18:00:00,2330.2196119007835
2022-09-14 21:00:00,4399.215577064336
2022-09-15 00:00:00,-290.33640349055077
2022-09-15 03:00:00,2280.232132522951
2022-09-15 06:00:00,4682.104162856757
2022-09-15 09:00:00,5162.571178817625
2022-09-15 12:00:00,1554.5329063793702
2022-09-15 15:00:00,4633.2216989783
2022-09-15 18:00:00,4390.664209894859
2022-09-15 21:00:00,3809.556385679444
2022-09-16 00:00:00,4957.511061060932
2022-09-16 03:00:00,2639.421450123973
2022-09-16 06:00:00,4102.266743727146
2022-09-16 09:00:00,3383.5072746533215
2022-09-16 12:00:00,2403.477053294012
2022-09-16 15:00:00,578.1626274434411
2022-09-16 18:00:00,1273.7902194089374
2022-09-16 21:00:00,4360.094708944336
2022-09-17 00:00:00,3337.0940337649263
2022-09-17 03:00:00,3055.814381637405
2022-09-17 06:00:00,2432.547474774657
2022-09-17 09:00:00,5663.3089047544845
2022-09-17 12:00:00,4012.4737870138088
2022-09-17 15:00:00,2539.1551300065057
2022-09-17 18:00:00,3861.074992438338
2022-09-17 21:00:00,3326.5045671848693
2022-09-18 00:00:00,4933.072784538376
2022-09-18 03:00:00,2069.0992289180363
2022-09-18 06:00:00,3212.151974784878
2022-09-18 09:00:00,4953.4212000632715
2022-09-18 12:00:00,6265.281679792807
2022-09-18 15:00:00,4158.878912905709
2022-09-18 18:00:00,2002.0809156864889
2022-09-18 21:00:00,2723.5710257676596
2022-09-19 00:00:00,3197.8285413967487
2022-09-19 03:00:00,2707.098604907257
2022-09-19 06:00:00,2497.8146022057886
2022-09-19 09:00:00,4512.923645118875
2022-09-19 12:00:00,3460.001037195688
2022-09-19 15:00:00,5505.844957064976
2022-09-19 18:00:00,2263.8092863630063
2022-09-19 21:00:00,3463.6390657082984
2022-09-20 00:00:00,2991.8917416319673
2022-09-20 03:00:00,3065.5966826067747
2022-09-20 06:00:00,4238.956125511122
2022-09-20 09:00:00,3570.753131068792
2022-09-20 12:00:00,3880.9066092967755
2022-09-20 15:00:00,4756.29923561001
2022-09-20 18:00:00,3401.475792448615
2022-09-20 21:00:00,-129.24236226739595
2022-09-21 00:00:00,2102.4279182147498
2022-09-21 03:00:00,2185.0650242108013
2022-09-21 06:00:00,2709.4892806270336
2022-09-21 09:00:00,3259.5979315723607
2022-09-21 12:00:00,4598.740377992368
2022-09-21 15:00:00,4981.134372632651
2022-09-21 18:00:00,4486.659447982796
2022-09-21 21:00:00,4071.279901587417
2022-09-22 00:00:00,4355.501590613026
2022-09-22 03:00:00,2985.094010859374
2022-09-22 06:00:00,2750.7509029614366
2022-09-22 09:00:00,3057.3795357292784
2022-09-22 12:00:00,4566.059200489832
2022-09-22 15:00:00,2294.530882284127
2022-09-22 18:00:00,3536.304075443616
2022-09-22 21:00:00,3574.0230483627092
2022-09-23 00:00:00,848.9218869047518
2022-09-23 03:00:00,2386.7842882647806
2022-09-23 06:00:00,3012.3437197259086
2022-09-23 09:00:00,4797.420532667727
2022-09-23 12:00:00,5980.8363007894495
2022-09-23 15:00:00,5712.079970908155
2022-09-23 18:00:00,3660.083475651043
2022-09-23 21:00:00,3811.7093008876845
2022-09-24 00:00:00,3056.9165936528766
2022-09-24 03:00:00,1946.8470965290821
2022-09-24 06:00:00,3289.553629445757
2022-09-24 09:00:00,4812.636459785107
2022-09-24 12:00:00,5625.12983510372
2022-09-24 15:00:00,5685.811627391851
2022-09-24 18:00:00,3312.585472779217
2022-09-24 21:00:00,2441.8792137147543
2022-09-25 00:00:00,1984.44697130233
2022-09-25 03:00:00,2078.560363615427
2022-09-25 06:00:00,3614.9366553795626
2022-09-25 09:00:00,3478.7728882534934
2022-09-25 12:00:00,4859.470354203525
2022-09-25 15:00:00,4834.126570752689
2022-09-25 18:00:00,4535.879923953012
2022-09-25 21:00:00,3537.0094703884133
2022-09-26 00:00:00,2309.8037433794316
2022-09-26 03:00:00,3041.7673599829877
2022-09-26 06:00:00,3426.233993188119
2022-09-26 09:00:00,3515.896126655308
2022-09-26 12:00:00,3842.217227176312
2022-09-26 15:00:00,3755.9894658130834
2022-09-26 18:00:00,2682.9124280291417
2022-09-26 21:00:00,3626.063846581803
2022-09-27 00:00:00,3024.893850115215
2022-09-27 03:00:00,1076.1954694644437
2022-09-27 06:00:00,4404.788361030272
2022-09-27 09:00:00,3423.0393485545665
2022-09-27 12:00:00,3666.9987767864595
2022-09-27 15:00:00,-1364.1289544573574
2022-09-27 18:00:00,3147.5303630812678
2022-09-27 21:00:00,1064.9001336966267
2022-09-28 00:00:00,3761.931635698911
2022-09-28 03:00:00,2556.8653477218595
2022-09-28 06:00:00,442.5356232382046
2022-09-28 09:00:00,2381.5666954912076
2022-09-28 12:00:00,3360.4598472302473
2022-09-28 15:00:00,4678.251277824102
2022-09-28 18:00:00,5891.760562089986
2022-09-28 21:00:00,2183.949926989826
2022-09-29 00:00:00,3975.2582630243996
2022-09-29 03:00:00,2631.4153002074313
2022-09-29 06:00:00,2719.6428801948755
2022-09-29 09:00:00,4342.1514087565365
2022-09-29 12:00:00,3293.557714520627
2022-09-29 15:00:00,6077.489351184599
2022-09-29 18:00:00,3492.4706160775168
2022-09-29 21:00:00,2973.344901545708
2022-09-30 00:00:00,3428.065814402079
2022-09-30 03:00:00,4953.906362448931
2022-09-30 06:00:00,2874.8743451494383
2022-09-30 09:00:00,4750.425191778637
2022-09-30 12:00:00,5982.366611221939
2022-09-30 15:00:00,4565.528315967462
2022-09-30 18:00:00,938.6543020449017
2022-09-30 21:00:00,3165.206015713544
2022-10-01 00:00:00,4305.16317267345
2022-10-01 03:00:00,2359.0224068547873
2022-10-01 06:00:00,3254.803798698913
2022-10-01 09:00:00,2134.3298335213462
2022-10-01 12:00:00,1030.1606148662286
2022-10-01 15:00:00,5093.109930096322
2022-10-01 18:00:00,4021.6150707164666
2022-10-01 21:00:00,5020.923769593791
2022-10-02 00:00:00,1814.4281409308678
2022-10-02 03:00:00,2957.0495746991423
2022-10-02 06:00:00,3667.705407477383
2022-10-02 09:00:00,3059.854182793505
2022-10-02 12:00:00,3064.169285674122
2022-10-02 15:00:00,1344.0358388556601
2022-10-02 18:00:00,2773.2963191383665
2022-10-02 21:00:00,2836.328689238263
2022-10-03 00:00:00,4255.799505695176
2022-10-03 03:00:00,2729.5913833166746
2022-10-03 06:00:00,1037.2996283815392
2022-10-03 09:00:00,2411.6545893767393
2022-10-03 12:00:00,3790.37653906534
2022-10-03 15:00:00,5367.2366591345635
2022-10-03 18:00:00,1627.6848972379553
2022-10-03 21:00:00,1910.440622572945
2022-10-04 00:00:00,998.6524013952385
2022-10-04 03:00:00,1939.795931631299
2022-10-04 06:00:00,4653.809314973588
2022-10-04 09:00:00,2036.098966368067
2022-10-04 12:00:00,2559.372778269563
2022-10-04 15:00:00,-989.3166173175359
2022-10-04 18:00:00,5150.842337930279
2022-10-04 21:00:00,1371.4376839980855
2022-10-05 00:00:00,2989.214795717222
2022-10-05 03:00:00,3962.7812193042823
2022-10-05 06:00:00,1304.8904679060383
2022-10-05 09:00:00,4070.930112188905
2022-10-05 12:00:00,3381.0291802351385
2022-10-05 15:00:00,6373.252353906403
2022-10-05 18:00:00,5632.2591984413975
2022-10-05 21:00:00,4206.528711418825
2022-10-06 00:00:00,3961.5051379383644
2022-10-06 03:00:00,3147.6154264940865
2022-10-06 06:00:00,4478.327212813892
2022-10-06 09:00:00,4270.46790530333
2022-10-06 12:00:00,2541.6299276017776
2022-10-06 15:00:00,4372.660178213309
2022-10-06 18:00:00,3266.4240909042646
2022-10-06 21:00:00,4904.532720767855
2022-10-07 00:00:00,3006.476408151574
2022-10-07 03:00:00,3699.2933683060237
2022-10-07 06:00:00,3910.5761619240934
2022-10-07 09:00:00,3610.3609388191353
2022-10-07 12:00:00,5212.468526679073
2022-10-07 15:00:00,3353.2943412112054
2022-10-07 18:00:00,3526.068969482405
2022-10-07 21:00:00,2397.8295128662
2022-10-08 00:00:00,3678.455445210467
2022-10-08 03:00:00,2763.6534358225017
2022-10-08 06:00:00,3330.4158065322567
2022-10-08 09:00:00,4374.421158915938
2022-10-08 12:00:00,3782.9537868487228
2022-10-08 15:00:00,6558.163541218858
2022-10-08 18:00:00,4297.684823069252
2022-10-08 21:00:00,4915.941361399608
2022-10-09 00:00:00,3996.6055753974615
2022-10-09 03:00:00,763.4808000967541
2022-10-09 06:00:00,3503.5206329287585
2022-10-09 09:00:00,2307.876234375899
2022-10-09 12:00:00,3299.6692634824158
2022-10-09 15:00:00,3145.9795914578735
2022-10-09 18:00:00,5232.536543597026
2022-10-09 21:00:00,2844.364513699295
2022-10-10 00:00:00,2409.8444177360475
2022-10-10 03:00:00,3402.481310411117
2022-10-10 06:00:00,1394.8732978228345
2022-10-10 09:00:00,2928.7119800496976
2022-10-10 12:00:00,3432.1006191754423
2022-10-10 15:00:00,5016.9432256135515
2022-10-10 18:00:00,3033.9445108921227
2022-10-10 21:00:00,4734.280853674812
2022-10-11 00:00:00,5378.79763422419
2022-10-11 03:00:00,2296.201776620977
2022-10-11 06:00:00,689.1627399520894
2022-10-11 09:00:00,3071.8974303785917
2022-10-11 12:00:00,3811.8102357626726
2022-10-11 15:00:00,4689.178448278521
2022-10-11 18:00:00,4133.3175851148
2022-10-11 21:00:00,1512.2689001500344
2022-10-12 00:00:00,3792.384960573462
2022-10-12 03:00:00,2987.9675695508136
2022-10-12 06:00:00,2247.208350546006
2022-10-12 09:00:00,3348.453078733578
2022-10-12 12:00:00,437.75276317572207
2022-10-12 15:00:00,3736.329537014465
2022-10-12 18:00:00,3788.609558840805
2022-10-12 21:00:00,2660.493853939929
2022-10-13 00:00:00,1094.778819875868
2022-10-13 03:00:00,1807.0961427162479
2022-10-13 06:00:00,3478.660076013871
2022-10-13 09:00:00,3492.1725462692784
2022-10-13 12:00:00,2920.9937203356667
2022-10-13 15:00:00,1740.8765503836407
2022-10-13 18:00:00,3982.3792210755746
2022-10-13 21:00:00,2488.798631445996
2022-10-14 00:00:00,4330.186253856111
2022-10-14 03:00:00,2120.2278315906824
2022-10-14 06:00:00,2404.4512767426904
2022-10-14 09:00:00,4301.875105572382
2022-10-14 12:00:00,1735.89028894676
2022-10-14 15:00:00,369.54893891217125
2022-10-14 18:00:00,3341.3352141278738
2022-10-14 21:00:00,3889.868476988646
2022-10-15 00:00:00,3237.161656077961
2022-10-15 03:00:00,2467.9699104280057
2022-10-15 06:00:00,-939.4783957371001
2022-10-15 09:00:00,4603.380907887091
2022-10-15 12:00:00,2332.3614426333565
2022-10-15 15:00:00,4548.923725746849
2022-10-15 18:00:00,4690.918918549904
2022-10-15 21:00:00,3608.0900586052667
2022-10-16 00:00:00,2565.0885928449015
2022-10-16 03:00:00,1617.0377265924913
2022-10-16 06:00:00,3612.7595749481807
2022-10-16 09:00:00,2464.7278110173042
2022-10-16 12:00:00,5271.265042705232
2022-10-16 15:00:00,4622.776316367229
2022-10-16 18:00:00,3207.9658338285853
2022-10-16 21:00:00,2484.1874706442914
2022-10-17 00:00:00,2096.400445490981
2022-10-17 03:00:00,2866.4938001069495
2022-10-17 06:00:00,3882.658955351178
2022-10-17 09:00:00,5364.466512015479
2022-10-17 12:00:00,3515.993734922036
2022-10-17 15:00:00,4024.346750157225
2022-10-17 18:00:00,3671.15924771793
2022-10-17 21:00:00,2047.052954007445
2022-10-18 00:00:00,1004.1928886873575
2022-10-18 03:00:00,3144.693911185887
2022-10-18 06:00:00,1580.7732156882448
2022-10-18 09:00:00,4456.790856020215
2022-10-18 12:00:00,1296.5354874527093
2022-10-18 15:00:00,4827.7609468570545
2022-10-18 18:00:00,4492.311625805814
2022-10-18 21:00:00,2680.7199107714987
2022-10-19 00:00:00,-936.7400093674169
2022-10-19 03:00:00,1814.6644608888391
2022-10-19 06:00:00,3887.13346699058
2022-10-19 09:00:00,3903.3399477575376
2022-10-19 12:00:00,3565.0465486276007
2022-10-19 15:00:00,3059.2497761256723
2022-10-19 18:00:00,5485.184800630987
2022-10-19 21:00:00,4002.1149759315817
2022-10-20 00:00:00,1903.529332725273
2022-10-20 03:00:00,3362.503462304554
2022-10-20 06:00:00,2988.520173329981
2022-10-20 09:00:00,2146.4031541372083
2022-10-20 12:00:00,4114.993711791005
2022-10-20 15:00:00,4613.684351244458
2022-10-20 18:00:00,4947.073767512895
2022-10-20 21:00:00,1075.8459175060743
2022-10-21 00:00:00,4337.846495578662
2022-10-21 03:00:00,3057.7021386755796
2022-10-21 06:00:00,1234.8603434708893
2022-10-21 09:00:00,3029.3060631294434
2022-10-21 12:00:00,3346.5259956880527
2022-10-21 15:00:00,4539.694483859974
2022-10-21 18:00:00,3652.360100917007
2022-10-21 21:00:00,2649.169659497177
2022-10-22 00:00:00,4758.698357211036
2022-10-22 03:00:00,2422.413340679134
2022-10-22 06:00:00,3751.1959677674495
2022-10-22 09:00:00,3484.2800186981726
2022-10-22 12:00:00,3696.602768756814
2022-10-22 15:00:00,3743.9453222771212
2022-10-22 18:00:00,2028.776223499567
2022-10-22 21:00:00,4564.773727415653
2022-10-23 00:00:00,3346.7498098734422
2022-10-23 03:00:00,-4268.017523151232
2022-10-23 06:00:00,4428.576795819423
2022-10-23 09:00:00,3919.9287187055015
2022-10-23 12:00:00,4439.14081135391
2022-10-23 15:00:00,2146.6340723584826
2022-10-23 18:00:00,3680.6489666063408
2022-10-23 21:00:00,1933.4169863750044
2022-10-24 00:00:00,4726.1871712972015
2022-10-24 03:00:00,3719.8894085052625
2022-10-24 06:00:00,2709.8206797863463
2022-10-24 09:00:00,1328.8015265931062
2022-10-24 12:00:00,-249.750575385694
2022-10-24 15:00:00,3961.3269530914386
2022-10-24 18:00:00,4620.609132639468
2022-10-24 21:00:00,1793.1901289626567
2022-10-25 00:00:00,3212.3321450715366
2022-10-25 03:00:00,3336.875463984977
2022-10-25 06:00:00,3395.2414142110674
2022-10-25 09:00:00,2536.814468592183
2022-10-25 12:00:00,4386.7097167062675
2022-10-25 15:00:00,506.2700644268198
2022-10-25 18:00:00,3408.7905624899195
2022-10-25 21:00:00,3553.249640062206
2022-10-26 00:00:00,-420.86151131618044
2022-10-26 03:00:00,2462.8735201698614
2022-10-26 06:00:00,5346.829386317163
2022-10-26 09:00:00,3715.6605730393767
2022-10-26 12:00:00,3093.722058165632
2022-10-26 15:00:00,1898.414006477321
2022-10-26 18:00:00,3509.4730111283566
2022-10-26 21:00:00,1198.1080711783775
2022-10-27 00:00:00,3680.9710359062765
2022-10-27 03:00:00,2657.756126173129
2022-10-27 06:00:00,1955.1781681774605
2022-10-27 09:00:00,3305.012329889956
2022-10-27 12:00:00,1893.7727114059235
2022-10-27 15:00:00,3539.0822118253564
2022-10-27 18:00:00,4702.219915215444
2022-10-27 21:00:00,2301.9381331327604
2022-10-28 00:00:00,3803.248560125015
2022-10-28 03:00:00,3616.6926444632454
2022-10-28 06:00:00,4274.368712477413
2022-10-28 09:00:00,2185.853153414358
2022-10-28 12:00:00,3546.6665136298207
2022-10-28 15:00:00,-2126.0248384907027
2022-10-28 18:00:00,1161.3940457825456
2022-10-28 21:00:00,4334.689167378234
2022-10-29 00:00:00,743.6116655726692
2022-10-29 03:00:00,2414.6686063758857
2022-10-29 06:00:00,696.6283417826799
2022-10-29 09:00:00,2517.751579538675
2022-10-29 12:00:00,-592.9306705955714
2022-10-29 15:00:00,1847.3620286356881
2022-10-29 18:00:00,4277.275645162635
2022-10-29 21:00:00,3472.521006163406
2022-10-30 00:00:00,1635.7763591317653
2022-10-30 03:00:00,1829.36037569991
2022-10-30 06:00:00,2511.692300508226
2022-10-30 09:00:00,2110.607610693601
2022-10-30 12:00:00,3014.4637244332985
2022-10-30 15:00:00,4367.619023837455
2022-10-30 18:00:00,3532.5313937407923
2022-10-30 21:00:00,3458.52935778081
2022-10-31 00:00:00,2755.8041609827865
2022-10-31 03:00:00,3516.7071775297863
2022-10-31 06:00:00,2596.86168883046
2022-10-31 09:00:00,4461.907666568043
2022-10-31 12:00:00,2256.198071612759
2022-10-31 15:00:00,3556.1115745939396
2022-10-31 18:00:00,3690.065860642221
2022-10-31 21:00:00,2641.5865632944196
2022-11-01 00:00:00,2361.5047802121658
2022-11-01 03:00:00,3449.955579680972
2022-11-01 06:00:00,-1209.4091321444948
2022-11-01 09:00:00,1767.5347580267025
2022-11-01 12:00:00,2189.5144154516574
2022-11-01 15:00:00,5128.389080859274
2022-11-01 18:00:00,4857.075186601318
2022-11-01 21:00:00,5343.044641668903
2022-11-02 00:00:00,1156.4715356608126
2022-11-02 03:00:00,2853.380961623133
2022-11-02 06:00:00,3817.404472334001
2022-11-02 09:00:00,2963.7881333280384
2022-11-02 12:00:00,1361.8816496077134
2022-11-02 15:00:00,4058.92389466456
2022-11-02 18:00:00,5299.786293589097
2022-11-02 21:00:00,1841.1868708013608
2022-11-03 00:00:00,994.0297247039057
2022-11-03 03:00:00,2541.9893518146864
2022-11-03 06:00:00,2858.8292184361558
2022-11-03 09:00:00,2955.7082148147574
2022-11-03 12:00:00,5479.577713118301
2022-11-03 15:00:00,3756.692705061555
2022-11-03 18:00:00,3636.7851455901487
2022-11-03 21:00:00,4858.815565126114
2022-11-04 00:00:00,2736.2792921960117
2022-11-04 03:00:00,3275.475348187372
2022-11-04 06:00:00,3197.340026748391
2022-11-04 09:00:00,4079.237714309128
2022-11-04 12:00:00,4518.841790333499
2022-11-04 15:00:00,4346.425435901761
2022-11-04 18:00:00,2309.4893380854437
2022-11-04 21:00:00,3186.3777827464232
2022-11-05 00:00:00,3698.6119328617096
2022-11-05 03:00:00,2575.3791637197783
2022-11-05 06:00:00,3525.448464021698
2022-11-05 09:00:00,3490.2451258318774
2022-11-05 12:00:00,5460.157495927361
2022-11-05 15:00:00,3518.6877422968864
2022-11-05 18:00:00,3187.336814275426
2022-11-05 21:00:00,4910.310140177226
2022-11-06 00:00:00,-62.41578231486801
2022-11-06 03:00:00,2906.490718036587
2022-11-06 06:00:00,1772.6985878325713
2022-11-06 09:00:00,3017.1700498179043
2022-11-06 12:00:00,1277.9022361540665
2022-11-06 15:00:00,3599.102645883847
2022-11-06 18:00:00,3281.2415255336823
2022-11-06 21:00:00,4243.6375260973255
2022-11-07 00:00:00,1490.2039705968477
2022-11-07 03:00:00,3705.532804597112
2022-11-07 06:00:00,3193.1022225849165
2022-11-07 09:00:00,4665.6929820806035
2022-11-07 12:00:00,6409.282017646903
2022-11-07 15:00:00,2324.2898212790856
2022-11-07 18:00:00,3828.1869267575594
2022-11-07 21:00:00,3592.034373389836
2022-11-08 00:00:00,4482.2867125620605
2022-11-08 03:00:00,2881.9692668304733
2022-11-08 06:00:00,1242.6201432166827
2022-11-08 09:00:00,3433.3931075321016
2022-11-08 12:00:00,1561.5734058675712
2022-11-08 15:00:00,1713.365563618021
2022-11-08 18:00:00,493.0721238761025
2022-11-08 21:00:00,5623.699013449691
2022-11-09 00:00:00,-45.140453053808415
2022-11-09 03:00:00,1630.1763646910786
2022-11-09 06:00:00,2652.2062346671455
2022-11-09 09:00:00,3938.300413915954
2022-11-09 12:00:00,3832.0155791279894
2022-11-09 15:00:00,1008.6292861896736
2022-11-09 18:00:00,2435.55003924877
2022-11-09 21:00:00,2379.9715683647814
2022-11-10 00:00:00,1708.7103407815998
2022-11-10 03:00:00,2192.367487377795
2022-11-10 06:00:00,3799.6769928891413
2022-11-10 09:00:00,629.1981619678454
2022-11-10 12:00:00,1715.3275317691691
2022-11-10 15:00:00,2651.215325068154
2022-11-10 18:00:00,3679.759668230893
2022-11-10 21:00:00,2337.5803494229535
2022-11-11 00:00:00,23.61044549354392
2022-11-11 03:00:00,2133.874273577385
2022-11-11 06:00:00,2703.342250094848
2022-11-11 09:00:00,3079.8294150767706
2022-11-11 12:00:00,34.83785921304843
2022-11-11 15:00:00,3841.3025348302945
2022-11-11 18:00:00,6339.087263614625
2022-11-11 21:00:00,3327.800544642665
2022-11-12 00:00:00,4210.8334228525755
2022-11-12 03:00:00,4771.942644363775
2022-11-12 06:00:00,2804.6104359968963
2022-11-12 09:00:00,3313.028395836247
2022-11-12 12:00:00,2869.402127859272
2022-11-12 15:00:00,2271.329139024441
2022-11-12 18:00:00,2461.4635789008667
2022-11-12 21:00:00,2562.0598468747266
2022-11-13 00:00:00,2671.896222611029
2022-11-13 03:00:00,2206.7376794247066
2022-11-13 06:00:00,3405.6707156230545
2022-11-13 09:00:00,3948.000964980277
2022-11-13 12:00:00,3474.184861582743
2022-11-13 15:00:00,6390.3350103342045
2022-11-13 18:00:00,4065.7198193982795
2022-11-13 21:00:00,2655.798236711311
2022-11-14 00:00:00,3734.786359429432
2022-11-14 03:00:00,2756.1706326362914
2022-11-14 06:00:00,5331.8316328987385
2022-11-14 09:00:00,1198.7307833708437
2022-11-14 12:00:00,4831.717192948169
2022-11-14 15:00:00,4145.529175803411
2022-11-14 18:00:00,2173.7409964134986
2022-11-14 21:00:00,718.9823626325388
2022-11-15 00:00:00,4825.367001300734
2022-11-15 03:00:00,2876.742229808035
2022-11-15 06:00:00,4039.2285288731427
2022-11-15 09:00:00,3681.3798613984045
2022-11-15 12:00:00,3695.011879861865
2022-11-15 15:00:00,4324.495517073364
2022-11-15 18:00:00,5424.165126067032
2022-11-15 21:00:00,2260.0433450440137
2022-11-16 00:00:00,3476.831628276229
2022-11-16 03:00:00,1412.5015623924055
2022-11-16 06:00:00,245.97959154235832
2022-11-16 09:00:00,3708.989628503541
2022-11-16 12:00:00,1719.56752977233
2022-11-16 15:00:00,5506.8494163566165
2022-11-16 18:00:00,777.9257075365449
2022-11-16 21:00:00,3898.3944821501864
2022-11-17 00:00:00,2463.81112693466
2022-11-17 03:00:00,-376.8107503737274
2022-11-17 06:00:00,4466.3815163103845
2022-11-17 09:00:00,630.3800930117368
2022-11-17 12:00:00,3272.8866210661836
2022-11-17 15:00:00,5213.3535542203235
2022-11-17 18:00:00,1788.501405299674
2022-11-17 21:00:00,2877.08553367179
2022-11-18 00:00:00,2651.9412813089307
2022-11-18 03:00:00,2360.6099562082914
2022-11-18 06:00:00,1914.0190802627812
2022-11-18 09:00:00,4284.3995700856385
2022-11-18 12:00:00,4556.640883144466
2022-11-18 15:00:00,4229.332936295952
2022-11-18 18:00:00,-1684.2424434290388
2022-11-18 21:00:00,1312.432448493129
2022-11-19 00:00:00,4377.2651974294895
2022-11-19 03:00:00,4197.197594801644
2022-11-19 06:00:00,2529.718184509221
2022-11-19 09:00:00,2012.6121533409291
2022-11-19 12:00:00,2913.7542191039774
2022-11-19 15:00:00,5298.902973665305
2022-11-19 18:00:00,5858.707109091272
2022-11-19 21:00:00,2847.2039885103495
2022-11-20 00:00:00,3968.498736766693
2022-11-20 03:00:00,2660.1388737705947
2022-11-20 06:00:00,3980.4815799066364
2022-11-20 09:00:00,1196.2885613238636
2022-11-20 12:00:00,660.1759000286374
2022-11-20 15:00:00,2343.8056479180877
2022-11-20 18:00:00,3763.1191530480673
2022-11-20 21:00:00,1528.9908839213967
2022-11-21 00:00:00,3549.313710180393
2022-11-21 03:00:00,4527.70937247807
2022-11-21 06:00:00,3626.785119033456
2022-11-21 09:00:00,2100.3979929579536
2022-11-21 12:00:00,687.3139436887341
2022-11-21 15:00:00,3569.6390508014524
2022-11-21 18:00:00,3616.5810218094184
2022-11-21 21:00:00,3165.9108995334195
2022-11-22 00:00:00,1663.7465058452185
2022-11-22 03:00:00,3270.4621066512177
2022-11-22 06:00:00,3239.091092532582
2022-11-22 09:00:00,2536.121978186296
2022-11-22 12:00:00,4826.318035339379
2022-11-22 15:00:00,5156.647380002095
2022-11-22 18:00:00,1834.3012339604352
2022-11-22 21:00:00,2748.7602248865765
2022-11-23 00:00:00,5418.647744813217
2022-11-23 03:00:00,874.3055330702532
2022-11-23 06:00:00,3958.1671232359595
2022-11-23 09:00:00,2284.462146112933
2022-11-23 12:00:00,5441.145770629478
2022-11-23 15:00:00,2526.4826247849155
2022-11-23 18:00:00,3197.9516593779927
2022-11-23 21:00:00,1649.929647443043
2022-11-24 00:00:00,3239.561231389408
2022-11-24 03:00:00,3638.4527395966043
2022-11-24 06:00:00,477.00700981073805
2022-11-24 09:00:00,1611.4245669801016
2022-11-24 12:00:00,2705.0313975870167
2022-11-24 15:00:00,4281.976634516093
2022-11-24 18:00:00,1954.264237413072
2022-11-24 21:00:00,3893.4991774534456
2022-11-25 00:00:00,2857.7289935987155
2022-11-25 03:00:00,3929.84043042347
2022-11-25 06:00:00,4751.895594059078
2022-11-25 09:00:00,3283.5429877809556
2022-11-25 12:00:00,2563.070512092295
2022-11-25 15:00:00,4700.125107269576
2022-11-25 18:00:00,4416.610377939457
2022-11-25 21:00:00,1382.692283027318
2022-11-26 00:00:00,2326.249561831335
2022-11-26 03:00:00,2380.3665510047067
2022-11-26 06:00:00,2213.6626899179
2022-11-26 09:00:00,3610.0577693313758
2022-11-26 12:00:00,4690.895168315229
2022-11-26 15:00:00,3009.8630955502504
2022-11-26 18:00:00,2863.410825859729
2022-11-26 21:00:00,3946.6822340297394
2022-11-27 00:00:00,4046.1655267322512
2022-11-27 03:00:00,2362.296189792853
2022-11-27 06:00:00,2823.5933875901032
2022-11-27 09:00:00,860.652572113795
2022-11-27 12:00:00,3995.85757864402
2022-11-27 15:00:00,5796.6777019460515
2022-11-27 18:00:00,3749.148146144269
2022-11-27 21:00:00,1115.9029469631937
2022-11-28 00:00:00,4371.220081703853
2022-11-28 03:00:00,1724.8535354448954
2022-11-28 06:00:00,3130.836628441606
2022-11-28 09:00:00,3882.07240380586
2022-11-28 12:00:00,3836.4834066876674
2022-11-28 15:00:00,170.24910423249275
2022-11-28 18:00:00,5936.681188338696
2022-11-28 21:00:00,2677.479962205387
2022-11-29 00:00:00,3643.734034339057
2022-11-29 03:00:00,2833.952299456447
2022-11-29 06:00:00,4205.862597033232
2022-11-29 09:00:00,3034.088434806584
2022-11-29 12:00:00,3577.555352390359
2022-11-29 15:00:00,2414.2336222894714
2022-11-29 18:00:00,2354.2195892749046
2022-11-29 21:00:00,1995.945694215664
2022-11-30 00:00:00,1731.785558859137
2022-11-30 03:00:00,3257.750168865835
2022-11-30 06:00:00,4912.351176130938
2022-11-30 09:00:00,1978.6396456339808
2022-11-30 12:00:00,5504.6340245040155
2022-11-30 15:00:00,4780.632565669641
2022-11-30 18:00:00,2831.5105501537955
2022-11-30 21:00:00,3210.199476593778
2022-12-01 00:00:00,3873.700046370106
2022-12-01 03:00:00,3191.6309555207436
2022-12-01 06:00:00,4057.9357816978863
2022-12-01 09:00:00,3836.2959959224145
2022-12-01 12:00:00,5001.980254891037
2022-12-01 15:00:00,3816.159534413543
2022-12-01 18:00:00,2605.1300408184293
2022-12-01 21:00:00,2734.3583899495516
2022-12-02 00:00:00,4078.9553709936968
2022-12-02 03:00:00,3734.2578075059755
2022-12-02 06:00:00,1369.9819482853268
2022-12-02 09:00:00,2239.91321708299
2022-12-02 12:00:00,2006.167010447763
2022-12-02 15:00:00,3591.4676341933728
2022-12-02 18:00:00,5293.286914405948
2022-12-02 21:00:00,3937.110271069124
2022-12-03 00:00:00,3246.180888710649
2022-12-03 03:00:00,1600.8557098729825
2022-12-03 06:00:00,3621.330705010843
2022-12-03 09:00:00,4112.286139795473
2022-12-03 12:00:00,863.7977005544858
2022-12-03 15:00:00,3797.8491062663725
2022-12-03 18:00:00,3044.2787826863478
2022-12-03 21:00:00,5112.47991161503
2022-12-04 00:00:00,2255.5535529184467
2022-12-04 03:00:00,4250.962462177544
2022-12-04 06:00:00,3854.0041092469123
2022-12-04 09:00:00,2813.7646929617026
2022-12-04 12:00:00,3812.585523480796
2022-12-04 15:00:00,3044.0774819685557
2022-12-04 18:00:00,5753.731641920005
2022-12-04 21:00:00,4652.786274388044
2022-12-05 00:00:00,4365.331402570868
2022-12-05 03:00:00,3536.9782018654114
2022-12-05 06:00:00,1524.416196882894
2022-12-05 09:00:00,5449.435426391554
2022-12-05 12:00:00,736.8888103186819
2022-12-05 15:00:00,4808.020168776521
2022-12-05 18:00:00,2765.4411911592365
2022-12-05 21:00:00,2821.472635813324
2022-12-06 00:00:00,4997.627260380882
2022-12-06 03:00:00,2146.8331532066763
2022-12-06 06:00:00,2402.337577043367
2022-12-06 09:00:00,669.397295342801
2022-12-06 12:00:00,2682.1969409222934
2022-12-06 15:00:00,1125.060926510137
2022-12-06 18:00:00,3317.795988390778
2022-12-06 21:00:00,3516.67333756645
2022-12-07 00:00:00,4953.609371732792
2022-12-07 03:00:00,1929.3079736384252
2022-12-07 06:00:00,4354.519434494389
2022-12-07 09:00:00,3011.1111859130665
2022-12-07 12:00:00,6945.887489210718
2022-12-07 15:00:00,5504.856708634193
2022-12-07 18:00:00,3103.2419250420785
2022-12-07 21:00:00,4524.908547482716
2022-12-08 00:00:00,4044.870356261791
2022-12-08 03:00:00,3701.3790861215098
2022-12-08 06:00:00,4699.049137377086
2022-12-08 09:00:00,5633.662036582967
2022-12-08 12:00:00,5646.956851143062
2022-12-08 15:00:00,4731.89620229187
2022-12-08 18:00:00,2220.023249252447
2022-12-08 21:00:00,3415.6352113397734
2022-12-09 00:00:00,2725.914546444238
2022-12-09 03:00:00,3665.343184070499
2022-12-09 06:00:00,3054.3791974852243
2022-12-09 09:00:00,4511.072022424295
2022-12-09 12:00:00,2733.4615720779084
2022-12-09 15:00:00,3005.8645084801096
2022-12-09 18:00:00,3397.696196779327
2022-12-09 21:00:00,5262.413823828783
2022-12-10 00:00:00,1974.2170780995448
2022-12-10 03:00:00,1182.1927050922409
2022-12-10 06:00:00,3173.8838113826364
2022-12-10 09:00:00,4393.577575676256
2022-12-10 12:00:00,4407.929682100995
2022-12-10 15:00:00,5003.189077364535
2022-12-10 18:00:00,4015.5106266581333
2022-12-10 21:00:00,5594.393012840823
2022-12-11 00:00:00,3062.245824466965
2022-12-11 03:00:00,940.4026726005791
2022-12-11 06:00:00,4003.1642211085336
2022-12-11 09:00:00,4774.163290999235
2022-12-11 12:00:00,4680.453476607686
2022-12-11 15:00:00,4980.186185854624
2022-12-11 18:00:00,3933.799226644121
2022-12-11 21:00:00,3039.8613973574184
2022-12-12 00:00:00,3907.1675038417034
2022-12-12 03:00:00,2962.9201213808
2022-12-12 06:00:00,2256.7463324312453
2022-12-12 09:00:00,3676.461737493075
2022-12-12 12:00:00,4892.230330066323
2022-12-12 15:00:00,6419.265170414506
2022-12-12 18:00:00,5851.635090658554
2022-12-12 21:00:00,4747.9852856669695
2022-12-13 00:00:00,5483.112394528356
2022-12-13 03:00:00,3923.3622352803673
2022-12-13 06:00:00,3674.3594282025874
2022-12-13 09:00:00,1477.808521735852
2022-12-13 12:00:00,4859.969126450907
2022-12-13 15:00:00,2849.996408372845
2022-12-13 18:00:00,5939.575721749863
2022-12-13 21:00:00,4083.4144653456606
2022-12-14 00:00:00,3470.570614069667
2022-12-14 03:00:00,4305.438922720076
2022-12-14 06:00:00,4036.670003520532
2022-12-14 09:00:00,4067.4269907312864
2022-12-14 12:00:00,4573.332350105349
2022-12-14 15:00:00,3217.329353287928
2022-12-14 18:00:00,4682.237078081017
2022-12-14 21:00:00,3947.159083619507
2022-12-15 00:00:00,3813.8167546456684
2022-12-15 03:00:00,4710.217547808048
2022-12-15 06:00:00,3624.614034228971
2022-12-15 09:00:00,4576.754723029236
2022-12-15 12:00:00,5790.362693007961
2022-12-15 15:00:00,5601.844804988982
2022-12-15 18:00:00,3968.9247736255693
2022-12-15 21:00:00,4710.185410526857
2022-12-16 00:00:00,3422.2870726128344
2022-12-16 03:00:00,4128.266357836193
2022-12-16 06:00:00,2724.865482482687
2022-12-16 09:00:00,5321.453250967391
2022-12-16 12:00:00,5970.846219475306
2022-12-16 15:00:00,5440.320303817226
2022-12-16 18:00:00,3501.909463517156
2022-12-16 21:00:00,3145.969889689615
2022-12-17 00:00:00,2415.095324616366
2022-12-17 03:00:00,4235.292390453261
2022-12-17 06:00:00,2166.2939730554594
2022-12-17 09:00:00,4235.381804900381
2022-12-17 12:00:00,1805.117916153043
2022-12-17 15:00:00,5926.22231179505
2022-12-17 18:00:00,5168.1859224606815
2022-12-17 21:00:00,2729.3245610260196
2022-12-18 00:00:00,4216.316532982507
2022-12-18 03:00:00,3702.690767443727
2022-12-18 06:00:00,3216.7919770810827
2022-12-18 09:00:00,3989.307764544428
2022-12-18 12:00:00,6295.042976758978
2022-12-18 15:00:00,6027.523017585864
2022-12-18 18:00:00,5044.868648503022
2022-12-18 21:00:00,3942.5000350988175
2022-12-19 00:00:00,5431.008316203352
2022-12-19 03:00:00,4662.139259930378
2022-12-19 06:00:00,5361.760789859826
2022-12-19 09:00:00,1837.1120126488559
2022-12-19 12:00:00,1930.3027500042622
2022-12-19 15:00:00,230.70393885887097
2022-12-19 18:00:00,3868.39342352045
2022-12-19 21:00:00,2575.3166631290414
2022-12-20 00:00:00,4532.852001126323
2022-12-20 03:00:00,2029.155437773894
2022-12-20 06:00:00,3938.4669483390126
2022-12-20 09:00:00,5272.79519420103
2022-12-20 12:00:00,4624.4943706340755
2022-12-20 15:00:00,6787.126954460995
2022-12-20 18:00:00,5283.615827839484
2022-12-20 21:00:00,3901.2564699175337
2022-12-21 00:00:00,3649.683226837735
2022-12-21 03:00:00,1257.675749256453
2022-12-21 06:00:00,4459.784529936461
2022-12-21 09:00:00,4839.392298433961
2022-12-21 12:00:00,6105.308470171973
2022-12-21 15:00:00,4572.219060061721
2022-12-21 18:00:00,5924.893624211609
2022-12-21 21:00:00,3439.9012066898085
2022-12-22 00:00:00,6528.868058032575
2022-12-22 03:00:00,2165.0994517132626
2022-12-22 06:00:00,3565.0985799246578
2022-12-22 09:00:00,2208.341651910399
2022-12-22 12:00:00,4869.818641285098
2022-12-22 15:00:00,4664.980401653765
2022-12-22 18:00:00,5583.853734359845
2022-12-22 21:00:00,4393.56910542945
2022-12-23 00:00:00,2036.1718586607726
2022-12-23 03:00:00,20.373493862644864
2022-12-23 06:00:00,4718.291739978252
2022-12-23 09:00:00,223.96017371811195
2022-12-23 12:00:00,2831.766086512418
2022-12-23 15:00:00,4180.457791139893
2022-12-23 18:00:00,7053.48203105079
2022-12-23 21:00:00,4928.260310392525
2022-12-24 00:00:00,4557.780841391947
2022-12-24 03:00:00,598.3213328068105
2022-12-24 06:00:00,3746.3022304543874
2022-12-24 09:00:00,4837.618655881897
2022-12-24 12:00:00,4952.4914335710355
2022-12-24 15:00:00,5650.389041588147
2022-12-24 18:00:00,5794.5263873642425
2022-12-24 21:00:00,2359.595357919894
2022-12-25 00:00:00,5167.515225226282
2022-12-25 03:00:00,3380.923574757231
2022-12-25 06:00:00,4351.055058457459
2022-12-25 09:00:00,3542.8948376214194
2022-12-25 12:00:00,4614.056382551228
2022-12-25 15:00:00,4893.467737070502
2022-12-25 18:00:00,3839.519515745428
2022-12-25 21:00:00,4613.404115643245
2022-12-26 00:00:00,-846.7381673377131
2022-12-26 03:00:00,1093.560686930246
2022-12-26 06:00:00,3340.0972362216353
2022-12-26 09:00:00,4856.188051643274
2022-12-26 12:00:00,5941.819953418174
2022-12-26 15:00:00,3943.9072220152716
2022-12-26 18:00:00,3187.431628497291
2022-12-26 21:00:00,3215.8111154754884
2022-12-27 00:00:00,2677.416382807001
2022-12-27 03:00:00,1275.1558670579684
2022-12-27 06:00:00,2162.980086059048
2022-12-27 09:00:00,4134.984447913209
2022-12-27 12:00:00,1610.5512210469224
2022-12-27 15:00:00,3195.243006102708
2022-12-27 18:00:00,5811.348243098809
2022-12-27 21:00:00,1483.2548751401232
2022-12-28 00:00:00,3848.1344249489885
2022-12-28 03:00:00,4602.351863413917
2022-12-28 06:00:00,4218.525631661892
2022-12-28 09:00:00,4943.490039448406
2022-12-28 12:00:00,6194.7538311619255
2022-12-28 15:00:00,3994.3922379917913
2022-12-28 18:00:00,5840.598828413715
2022-12-28 21:00:00,4109.431700627325
2022-12-29 00:00:00,5727.609692561653
2022-12-29 03:00:00,3627.1996190804257
2022-12-29 06:00:00,5091.8597927930705
2022-12-29 09:00:00,5807.783668763871
2022-12-29 12:00:00,4494.751276564513
2022-12-29 15:00:00,5478.998674164386
2022-12-29 18:00:00,5167.453362233557
2022-12-29 21:00:00,4117.98980738467
2022-12-30 00:00:00,4382.507281947696
2022-12-30 03:00:00,3635.3489518684264
2022-12-30 06:00:00,2436.6774404474813
2022-12-30 09:00:00,5645.413505032432
2022-12-30 12:00:00,5333.125913951148
2022-12-30 15:00:00,4513.583989314886
2022-12-30 18:00:00,4947.404935700386
2022-12-30 21:00:00,5594.5635090117485
2022-12-31 00:00:00,3091.8323846151097
2022-12-31 03:00:00,2522.3866485794038
2022-12-31 06:00:00,1517.4627549400802
2022-12-31 09:00:00,4973.308075868612
2022-12-31 12:00:00,4594.391586998015
2022-12-31 15:00:00,6675.371957281444
2022-12-31 18:00:00,4826.447717437752
2022-12-31 21:00:00,4827.381250596819
