fieldId,field_name,issues
1,Field SW-00001 (Akatsi),Pest|Drought
2,Field C-00002 (Amanzi),(no issues listed)
3,Field SW-00003 (Sokoto),(no issues listed)
4,Field NW-00004 (Akatsi),SoilErosion
5,Field NW-00005 (Akatsi),Salinity
6,Field NE-00006 (Kilimani),WeedPressure
7,Field C-00007 (Hawassa),NutrientDeficiency|Pest|Drought
8,Field C-00008 (Amanzi),FungalDisease|SoilErosion
9,Field NE-00009 (Kilimani),FrostDamage|SoilErosion
10,Field SE-00010 (Amanzi),(no issues listed)
11,Field C-00011 (Amanzi),(no issues listed)
12,Field NW-00012 (Akatsi),SoilErosion|WeedPressure|NutrientDeficiency
13,Field SE-00013 (Kilimani),Pest
14,Field NE-00014 (Hawassa),HeatStress
15,Field NW-00015 (Hawassa),WeedPressure|FungalDisease
16,Field SW-00016 (Akatsi),Salinity|Drought
17,Field SE-00017 (Akatsi),WeedPressure|NutrientDeficiency|Pest
18,Field C-00018 (Sokoto),(no issues listed)
19,Field SW-00019 (Amanzi),SoilErosion|WeedPressure|FungalDisease
20,Field SW-00020 (Sokoto),FrostDamage
21,Field NW-00021 (Kilimani),Pest|WeedPressure
22,Field C-00022 (Hawassa),SoilErosion|Flood
23,Field SW-00023 (Amanzi),(no issues listed)
24,Field SW-00024 (Sokoto),FungalDisease|Flood
25,Field NE-00025 (Akatsi),Drought|WeedPressure|NutrientDeficiency
26,Field SE-00026 (Kilimani),Drought|Pest
27,Field NE-00027 (Akatsi),Pest|SoilErosion
28,Field NE-00028 (Akatsi),Salinity|FrostDamage|SoilErosion
29,Field C-00029 (Kilimani),Pest|FungalDisease|Drought
30,Field SE-00030 (Sokoto),SoilErosion|Drought
31,Field SE-00031 (Akatsi),WeedPressure|NutrientDeficiency
32,Field SE-00032 (Sokoto),Drought
33,Field SW-00033 (Amanzi),FungalDisease
34,Field SW-00034 (Akatsi),HeatStress|Flood|FungalDisease
35,Field C-00035 (Sokoto),HeatStress|Flood|FungalDisease
36,Field NW-00036 (Hawassa),SoilErosion|HeatStress
37,Field NE-00037 (Kilimani),Flood
38,Field C-00038 (Amanzi),(no issues listed)
39,Field SW-00039 (Akatsi),SoilErosion|Pest|WeedPressure
40,Field NW-00040 (Kilimani),FungalDisease
41,Field C-00041 (Kilimani),Pest|Flood
42,Field SW-00042 (Kilimani),FungalDisease
43,Field NW-00043 (Akatsi),WeedPressure|Pest|Salinity
44,Field C-00044 (Amanzi),WeedPressure
45,Field SW-00045 (Akatsi),NutrientDeficiency|Drought|SoilErosion
46,Field NE-00046 (Hawassa),FungalDisease|Drought|NutrientDeficiency
47,Field NW-00047 (Akatsi),FrostDamage|NutrientDeficiency|Drought
48,Field NE-00048 (Sokoto),Salinity
49,Field C-00049 (Akatsi),HeatStress
50,Field NE-00050 (Kilimani),Pest|Salinity|Drought
51,Field NE-00051 (Hawassa),SoilErosion|Drought
52,Field NE-00052 (Akatsi),SoilErosion
53,Field SW-00053 (Amanzi),HeatStress
54,Field C-00054 (Sokoto),Drought|SoilErosion|Flood
55,Field NW-00055 (Kilimani),SoilErosion
56,Field NE-00056 (Akatsi),HeatStress|Pest
57,Field SE-00057 (Sokoto),FungalDisease|Pest
58,Field SW-00058 (Amanzi),Drought|FungalDisease
59,Field NE-00059 (Kilimani),Pest|Salinity
60,Field NE-00060 (Kilimani),Pest|Drought|WeedPressure
61,Field NW-00061 (Akatsi),Drought|Pest
62,Field NE-00062 (Akatsi),HeatStress|Drought
63,Field NE-00063 (Sokoto),Flood
64,Field NE-00064 (Akatsi),Flood|Pest|FungalDisease
65,Field NE-00065 (Sokoto),HeatStress
66,Field SW-00066 (Amanzi),Drought|FrostDamage|Pest
67,Field NE-00067 (Hawassa),Pest|Drought|Flood
68,Field C-00068 (Sokoto),HeatStress
69,Field C-00069 (Akatsi),Pest|WeedPressure
70,Field SW-00070 (Amanzi),(no issues listed)
71,Field SW-00071 (Akatsi),SoilErosion
72,Field C-00072 (Amanzi),(no issues listed)
73,Field SW-00073 (Amanzi),Pest|HeatStress
74,Field SE-00074 (Sokoto),Pest|FungalDisease
75,Field C-00075 (Hawassa),Salinity|Drought|WeedPressure
76,Field SW-00076 (Hawassa),(no issues listed)
77,Field SW-00077 (Sokoto),(no issues listed)
78,Field NE-00078 (Sokoto),Drought|WeedPressure|Pest
79,Field SE-00079 (Amanzi),SoilErosion|FungalDisease
80,Field SW-00080 (Hawassa),Drought
81,Field NE-00081 (Hawassa),SoilErosion
82,Field SW-00082 (Akatsi),Drought|Salinity
83,Field SE-00083 (Hawassa),Pest
84,Field C-00084 (Amanzi),HeatStress
85,Field SE-00085 (Sokoto),Pest|NutrientDeficiency
86,Field NE-00086 (Amanzi),Pest
87,Field NE-00087 (Akatsi),NutrientDeficiency|FungalDisease|Pest
88,Field NE-00088 (Amanzi),Pest|HeatStress|WeedPressure
89,Field NW-00089 (Hawassa),(no issues listed)
90,Field SE-00090 (Amanzi),Pest
91,Field NW-00091 (Sokoto),Flood|Pest
92,Field SW-00092 (Akatsi),Drought|FungalDisease|WeedPressure
93,Field NW-00093 (Hawassa),SoilErosion|Pest
94,Field SW-00094 (Kilimani),HeatStress|FungalDisease|Pest
95,Field SW-00095 (Hawassa),Drought|NutrientDeficiency
96,Field NW-00096 (Kilimani),FungalDisease|HeatStress|WeedPressure
97,Field SE-00097 (Kilimani),(no issues listed)
98,Field C-00098 (Amanzi),Pest|Drought|NutrientDeficiency
99,Field SW-00099 (Hawassa),Drought
100,Field NW-00100 (Akatsi),WeedPressure|NutrientDeficiency
101,Field SW-00101 (Akatsi),Flood
102,Field SW-00102 (Amanzi),WeedPressure|FungalDisease
103,Field C-00103 (Sokoto),Drought|HeatStress
104,Field SW-00104 (Akatsi),Drought|Flood
105,Field NW-00105 (Hawassa),Flood|Drought|Pest
106,Field NE-00106 (Amanzi),Drought|Pest|HeatStress
107,Field NW-00107 (Sokoto),FungalDisease|Salinity
108,Field C-00108 (Kilimani),FrostDamage
109,Field SE-00109 (Amanzi),Pest|NutrientDeficiency
110,Field NW-00110 (Amanzi),HeatStress|FrostDamage|Flood
111,Field NW-00111 (Sokoto),Pest|FungalDisease|HeatStress
112,Field SE-00112 (Amanzi),(no issues listed)
113,Field C-00113 (Akatsi),NutrientDeficiency|FungalDisease|HeatStress
114,Field NE-00114 (Hawassa),Pest|FrostDamage
115,Field C-00115 (Hawassa),Pest|Flood|SoilErosion
116,Field NE-00116 (Hawassa),SoilErosion|FungalDisease|NutrientDeficiency
117,Field SW-00117 (Kilimani),Salinity|NutrientDeficiency|HeatStress
118,Field NW-00118 (Hawassa),WeedPressure|SoilErosion
119,Field NW-00119 (Amanzi),(no issues listed)
120,Field NW-00120 (Sokoto),Drought|Flood|Pest
121,Field SE-00121 (Kilimani),FungalDisease
122,Field SW-00122 (Akatsi),Flood
123,Field SE-00123 (Akatsi),Pest|NutrientDeficiency|WeedPressure
124,Field SW-00124 (Sokoto),(no issues listed)
125,Field NE-00125 (Akatsi),WeedPressure|NutrientDeficiency
126,Field C-00126 (Sokoto),NutrientDeficiency|HeatStress
127,Field SE-00127 (Hawassa),Pest|WeedPressure
128,Field NW-00128 (Kilimani),Drought|FungalDisease|SoilErosion
129,Field SW-00129 (Sokoto),(no issues listed)
130,Field SW-00130 (Hawassa),Pest|WeedPressure
131,Field NW-00131 (Kilimani),Pest|Flood
132,Field C-00132 (Amanzi),HeatStress|Drought|Pest
133,Field NE-00133 (Sokoto),(no issues listed)
134,Field SE-00134 (Amanzi),(no issues listed)
135,Field NE-00135 (Akatsi),NutrientDeficiency|Drought
136,Field SE-00136 (Hawassa),FungalDisease|NutrientDeficiency
137,Field NE-00137 (Amanzi),NutrientDeficiency|HeatStress
138,Field NE-00138 (Amanzi),NutrientDeficiency
139,Field NW-00139 (Akatsi),WeedPressure
140,Field C-00140 (Kilimani),(no issues listed)
141,Field NW-00141 (Amanzi),WeedPressure
142,Field NE-00142 (Hawassa),(no issues listed)
143,Field NE-00143 (Hawassa),Drought
144,Field NE-00144 (Akatsi),Salinity
145,Field C-00145 (Amanzi),SoilErosion|NutrientDeficiency
146,Field SW-00146 (Kilimani),Flood
147,Field NW-00147 (Kilimani),SoilErosion|NutrientDeficiency|Drought
148,Field SE-00148 (Sokoto),Pest
149,Field C-00149 (Kilimani),FungalDisease
150,Field NE-00150 (Akatsi),NutrientDeficiency
151,Field NW-00151 (Amanzi),Pest
152,Field SE-00152 (Amanzi),SoilErosion
153,Field SE-00153 (Akatsi),Pest|WeedPressure
154,Field SE-00154 (Akatsi),WeedPressure
155,Field C-00155 (Kilimani),FungalDisease
156,Field NE-00156 (Sokoto),Pest|Flood
157,Field C-00157 (Akatsi),NutrientDeficiency|HeatStress|Salinity
158,Field NW-00158 (Sokoto),Salinity|SoilErosion|Drought
159,Field SE-00159 (Kilimani),NutrientDeficiency|WeedPressure
160,Field NE-00160 (Kilimani),Pest|WeedPressure
161,Field C-00161 (Kilimani),(no issues listed)
162,Field C-00162 (Sokoto),Flood|FrostDamage|FungalDisease
163,Field NW-00163 (Akatsi),WeedPressure
164,Field SE-00164 (Hawassa),WeedPressure
165,Field SE-00165 (Akatsi),NutrientDeficiency
166,Field SE-00166 (Kilimani),SoilErosion|Salinity|Drought
167,Field SW-00167 (Hawassa),SoilErosion
168,Field SE-00168 (Kilimani),(no issues listed)
169,Field C-00169 (Hawassa),Drought|HeatStress|Pest
170,Field SE-00170 (Amanzi),WeedPressure
171,Field C-00171 (Amanzi),Drought|HeatStress
172,Field C-00172 (Kilimani),(no issues listed)
173,Field NE-00173 (Amanzi),Pest|Drought
174,Field NW-00174 (Akatsi),Drought|WeedPressure
175,Field NE-00175 (Hawassa),HeatStress|NutrientDeficiency
176,Field NE-00176 (Akatsi),NutrientDeficiency|WeedPressure
177,Field NW-00177 (Akatsi),FrostDamage|HeatStress|Drought
178,Field C-00178 (Kilimani),(no issues listed)
179,Field C-00179 (Amanzi),WeedPressure|HeatStress
180,Field NE-00180 (Amanzi),FungalDisease|SoilErosion|WeedPressure
181,Field SE-00181 (Amanzi),Pest
182,Field NW-00182 (Kilimani),FungalDisease|Drought
183,Field SE-00183 (Sokoto),Flood|Salinity
184,Field SE-00184 (Sokoto),Salinity|Pest|WeedPressure
185,Field NE-00185 (Akatsi),Pest
186,Field NE-00186 (Hawassa),(no issues listed)
187,Field C-00187 (Hawassa),WeedPressure|Pest|Salinity
188,Field SE-00188 (Akatsi),(no issues listed)
189,Field NW-00189 (Hawassa),Drought|HeatStress
190,Field SW-00190 (Amanzi),HeatStress|NutrientDeficiency|WeedPressure
191,Field SE-00191 (Kilimani),(no issues listed)
192,Field C-00192 (Sokoto),HeatStress
193,Field NE-00193 (Hawassa),SoilErosion|Pest
194,Field SE-00194 (Hawassa),Pest|FungalDisease
195,Field SE-00195 (Kilimani),(no issues listed)
196,Field SW-00196 (Sokoto),FungalDisease|WeedPressure|Salinity
197,Field SE-00197 (Kilimani),FungalDisease
198,Field SE-00198 (Kilimani),WeedPressure|SoilErosion
199,Field SW-00199 (Hawassa),NutrientDeficiency|HeatStress
200,Field SE-00200 (Amanzi),FrostDamage|Flood|Pest
201,Field C-00201 (Sokoto),FrostDamage|Drought
202,Field NE-00202 (Amanzi),WeedPressure|HeatStress|NutrientDeficiency
203,Field C-00203 (Kilimani),NutrientDeficiency
204,Field SW-00204 (Amanzi),FungalDisease
205,Field NW-00205 (Hawassa),(no issues listed)
206,Field NW-00206 (Sokoto),HeatStress|WeedPressure|Pest
207,Field NW-00207 (Kilimani),SoilErosion|FungalDisease
208,Field NE-00208 (Hawassa),SoilErosion
209,Field NW-00209 (Kilimani),(no issues listed)
210,Field SW-00210 (Kilimani),HeatStress|Drought|WeedPressure
211,Field C-00211 (Hawassa),Pest|FungalDisease
212,Field NW-00212 (Hawassa),Drought|NutrientDeficiency
213,Field SW-00213 (Hawassa),WeedPressure|NutrientDeficiency
214,Field NE-00214 (Kilimani),FungalDisease|NutrientDeficiency
215,Field NW-00215 (Amanzi),WeedPressure|Flood
216,Field SE-00216 (Amanzi),(no issues listed)
217,Field NW-00217 (Kilimani),SoilErosion
218,Field NW-00218 (Amanzi),WeedPressure|HeatStress
219,Field SW-00219 (Hawassa),(no issues listed)
220,Field SE-00220 (Amanzi),WeedPressure|FungalDisease|Flood
221,Field C-00221 (Amanzi),Salinity|WeedPressure
222,Field SE-00222 (Kilimani),Pest|SoilErosion|WeedPressure
223,Field NW-00223 (Hawassa),Drought|Pest|Salinity
224,Field SW-00224 (Kilimani),FungalDisease
225,Field NE-00225 (Sokoto),Flood
226,Field SE-00226 (Amanzi),WeedPressure|NutrientDeficiency
227,Field SW-00227 (Akatsi),Pest|WeedPressure|Drought
228,Field C-00228 (Amanzi),WeedPressure
229,Field NW-00229 (Hawassa),FungalDisease|SoilErosion|NutrientDeficiency
230,Field SW-00230 (Amanzi),SoilErosion
231,Field NW-00231 (Hawassa),WeedPressure|HeatStress
232,Field SE-00232 (Amanzi),NutrientDeficiency|WeedPressure|FungalDisease
233,Field C-00233 (Amanzi),NutrientDeficiency|FungalDisease|Pest
234,Field SW-00234 (Kilimani),Drought|HeatStress
235,Field NE-00235 (Hawassa),FungalDisease|Flood|Drought
236,Field NE-00236 (Sokoto),Drought|WeedPressure
237,Field SE-00237 (Akatsi),Pest|NutrientDeficiency|WeedPressure
238,Field SE-00238 (Akatsi),WeedPressure
239,Field NE-00239 (Amanzi),WeedPressure|FrostDamage|Drought
240,Field C-00240 (Sokoto),(no issues listed)
241,Field C-00241 (Sokoto),NutrientDeficiency
242,Field NW-00242 (Hawassa),Pest|HeatStress|WeedPressure
243,Field NE-00243 (Amanzi),Pest|Flood
244,Field SE-00244 (Hawassa),NutrientDeficiency|Pest|FungalDisease
245,Field NW-00245 (Sokoto),(no issues listed)
246,Field SW-00246 (Sokoto),HeatStress|FungalDisease
247,Field C-00247 (Hawassa),Flood|SoilErosion|WeedPressure
248,Field NE-00248 (Akatsi),Drought
249,Field NE-00249 (Kilimani),(no issues listed)
250,Field NE-00250 (Akatsi),(no issues listed)
251,Field NE-00251 (Hawassa),FrostDamage
252,Field SE-00252 (Kilimani),Drought
253,Field C-00253 (Hawassa),Drought|Salinity
254,Field NE-00254 (Kilimani),FrostDamage
255,Field SW-00255 (Kilimani),FrostDamage|Drought|Pest
256,Field NE-00256 (Hawassa),Drought|SoilErosion|WeedPressure
257,Field SE-00257 (Hawassa),(no issues listed)
258,Field SW-00258 (Hawassa),NutrientDeficiency|FungalDisease
259,Field SE-00259 (Kilimani),Pest|NutrientDeficiency
260,Field SW-00260 (Amanzi),FungalDisease
261,Field SE-00261 (Sokoto),HeatStress|SoilErosion
262,Field C-00262 (Akatsi),SoilErosion|Drought
263,Field NW-00263 (Kilimani),Pest|Drought|SoilErosion
264,Field SE-00264 (Hawassa),Pest
265,Field NE-00265 (Hawassa),(no issues listed)
266,Field C-00266 (Amanzi),WeedPressure|HeatStress|FrostDamage
267,Field C-00267 (Hawassa),(no issues listed)
268,Field NE-00268 (Amanzi),Pest|Flood
269,Field C-00269 (Sokoto),WeedPressure
270,Field SW-00270 (Kilimani),HeatStress|NutrientDeficiency|Flood
271,Field SW-00271 (Sokoto),Pest|NutrientDeficiency
272,Field NW-00272 (Akatsi),FungalDisease
273,Field SW-00273 (Amanzi),Flood|WeedPressure
274,Field NW-00274 (Amanzi),Drought
275,Field NE-00275 (Kilimani),HeatStress
276,Field SE-00276 (Amanzi),Flood|HeatStress
277,Field SE-00277 (Sokoto),Flood|WeedPressure|NutrientDeficiency
278,Field C-00278 (Amanzi),Flood|FungalDisease|Salinity
279,Field C-00279 (Sokoto),NutrientDeficiency|FungalDisease
280,Field SW-00280 (Akatsi),HeatStress
281,Field C-00281 (Akatsi),HeatStress|NutrientDeficiency
282,Field SE-00282 (Akatsi),FungalDisease|NutrientDeficiency
283,Field NE-00283 (Hawassa),Pest
284,Field NW-00284 (Hawassa),WeedPressure|Flood|Pest
285,Field C-00285 (Amanzi),Pest|FrostDamage|Drought
286,Field SE-00286 (Sokoto),HeatStress
287,Field SE-00287 (Sokoto),Pest
288,Field SW-00288 (Hawassa),FungalDisease
289,Field NE-00289 (Sokoto),Pest|Flood|WeedPressure
290,Field NE-00290 (Amanzi),WeedPressure|Pest
291,Field SW-00291 (Amanzi),FungalDisease|Pest
292,Field NE-00292 (Akatsi),(no issues listed)
293,Field NE-00293 (Akatsi),NutrientDeficiency|Flood|Pest
294,Field SE-00294 (Sokoto),WeedPressure|NutrientDeficiency
295,Field NE-00295 (Amanzi),FungalDisease|Drought
296,Field NE-00296 (Akatsi),FungalDisease|WeedPressure|NutrientDeficiency
297,Field SE-00297 (Akatsi),(no issues listed)
298,Field SE-00298 (Kilimani),Pest|NutrientDeficiency|FungalDisease
299,Field C-00299 (Hawassa),(no issues listed)
300,Field NE-00300 (Sokoto),FungalDisease|Drought|WeedPressure
301,Field C-00301 (Kilimani),(no issues listed)
302,Field SE-00302 (Akatsi),Salinity|WeedPressure|FrostDamage
303,Field C-00303 (Kilimani),WeedPressure|Pest|Drought
304,Field NE-00304 (Amanzi),FrostDamage
305,Field SE-00305 (Amanzi),SoilErosion|FungalDisease|NutrientDeficiency
306,Field NE-00306 (Akatsi),Flood|Pest|FungalDisease
307,Field NE-00307 (Kilimani),WeedPressure|NutrientDeficiency|Salinity
308,Field SW-00308 (Kilimani),Pest
309,Field SW-00309 (Amanzi),Salinity
310,Field SE-00310 (Amanzi),(no issues listed)
311,Field SW-00311 (Hawassa),SoilErosion|Pest
312,Field SW-00312 (Sokoto),Flood|WeedPressure
313,Field SE-00313 (Amanzi),Drought|HeatStress
314,Field SW-00314 (Hawassa),WeedPressure
315,Field NE-00315 (Kilimani),(no issues listed)
316,Field SW-00316 (Amanzi),NutrientDeficiency
317,Field NW-00317 (Kilimani),Salinity|Pest|WeedPressure
318,Field C-00318 (Kilimani),Flood|Pest
319,Field C-00319 (Amanzi),Flood
320,Field NE-00320 (Sokoto),NutrientDeficiency|FungalDisease|Salinity
321,Field SE-00321 (Amanzi),Flood
322,Field NW-00322 (Kilimani),FrostDamage|Drought|Salinity
323,Field SW-00323 (Kilimani),Pest|NutrientDeficiency|Drought
324,Field NE-00324 (Sokoto),FungalDisease|NutrientDeficiency|HeatStress
325,Field SW-00325 (Amanzi),(no issues listed)
326,Field NE-00326 (Akatsi),HeatStress
327,Field NW-00327 (Amanzi),Drought|NutrientDeficiency
328,Field NE-00328 (Akatsi),(no issues listed)
329,Field SW-00329 (Sokoto),WeedPressure|Drought|SoilErosion
330,Field SE-00330 (Amanzi),WeedPressure
331,Field C-00331 (Akatsi),(no issues listed)
332,Field C-00332 (Akatsi),(no issues listed)
333,Field SW-00333 (Hawassa),WeedPressure
334,Field C-00334 (Amanzi),Drought|Flood
335,Field SW-00335 (Hawassa),(no issues listed)
336,Field NW-00336 (Sokoto),HeatStress|Drought|NutrientDeficiency
337,Field C-00337 (Amanzi),NutrientDeficiency|Pest
338,Field C-00338 (Sokoto),Pest
339,Field NE-00339 (Kilimani),NutrientDeficiency|HeatStress|Drought
340,Field SE-00340 (Kilimani),Flood
341,Field C-00341 (Hawassa),Drought|NutrientDeficiency|Pest
342,Field SW-00342 (Amanzi),Drought
343,Field NE-00343 (Akatsi),(no issues listed)
344,Field NW-00344 (Sokoto),Pest|WeedPressure
345,Field SW-00345 (Akatsi),Flood|FungalDisease
346,Field C-00346 (Akatsi),FungalDisease
347,Field NE-00347 (Hawassa),WeedPressure|HeatStress|Drought
348,Field SE-00348 (Sokoto),Drought|HeatStress|Pest
349,Field NW-00349 (Kilimani),NutrientDeficiency|WeedPressure
350,Field C-00350 (Kilimani),NutrientDeficiency|Pest|FungalDisease
351,Field C-00351 (Hawassa),(no issues listed)
352,Field NW-00352 (Amanzi),SoilErosion|Drought|Pest
353,Field C-00353 (Hawassa),NutrientDeficiency|FungalDisease
354,Field C-00354 (Sokoto),FungalDisease|Pest|Salinity
355,Field NE-00355 (Amanzi),SoilErosion|FungalDisease|FrostDamage
356,Field C-00356 (Hawassa),FungalDisease|Salinity
357,Field SE-00357 (Akatsi),Flood
358,Field SW-00358 (Hawassa),Pest|NutrientDeficiency
359,Field SW-00359 (Akatsi),NutrientDeficiency|Drought|Salinity
360,Field NE-00360 (Akatsi),Pest|FungalDisease|Flood
361,Field NE-00361 (Sokoto),NutrientDeficiency|Drought
362,Field NE-00362 (Amanzi),Drought|Pest
363,Field SW-00363 (Sokoto),Pest|Drought|HeatStress
364,Field NE-00364 (Hawassa),NutrientDeficiency|Flood|WeedPressure
365,Field C-00365 (Akatsi),FungalDisease|SoilErosion
366,Field SE-00366 (Sokoto),Pest|NutrientDeficiency|HeatStress
367,Field NE-00367 (Hawassa),FungalDisease|WeedPressure
368,Field NW-00368 (Akatsi),Drought|FrostDamage
369,Field SE-00369 (Akatsi),WeedPressure|HeatStress
370,Field NW-00370 (Akatsi),Flood
371,Field SW-00371 (Hawassa),WeedPressure
372,Field C-00372 (Amanzi),FungalDisease|HeatStress|SoilErosion
373,Field SW-00373 (Sokoto),Salinity|Drought|FungalDisease
374,Field NE-00374 (Sokoto),SoilErosion|Drought
375,Field NW-00375 (Akatsi),WeedPressure
376,Field SE-00376 (Amanzi),Drought|Pest
377,Field SW-00377 (Sokoto),FungalDisease
378,Field C-00378 (Hawassa),FungalDisease|Flood
379,Field SE-00379 (Akatsi),HeatStress|WeedPressure|Drought
380,Field SW-00380 (Amanzi),WeedPressure|Pest|FungalDisease
381,Field SW-00381 (Akatsi),Drought|WeedPressure|Pest
382,Field C-00382 (Akatsi),WeedPressure|HeatStress
383,Field C-00383 (Sokoto),Drought
384,Field NW-00384 (Akatsi),Drought
385,Field SW-00385 (Sokoto),SoilErosion|WeedPressure|Drought
386,Field C-00386 (Amanzi),(no issues listed)
387,Field NW-00387 (Hawassa),WeedPressure|NutrientDeficiency|Pest
388,Field NE-00388 (Amanzi),(no issues listed)
389,Field NE-00389 (Hawassa),Pest|FrostDamage|HeatStress
390,Field NE-00390 (Akatsi),Flood|NutrientDeficiency|WeedPressure
391,Field C-00391 (Amanzi),Salinity|FungalDisease|HeatStress
392,Field NW-00392 (Sokoto),Pest|FungalDisease|Drought
393,Field SW-00393 (Akatsi),Salinity|HeatStress|WeedPressure
394,Field C-00394 (Kilimani),SoilErosion|WeedPressure|Flood
395,Field C-00395 (Kilimani),(no issues listed)
396,Field NE-00396 (Hawassa),Flood|Drought
397,Field C-00397 (Akatsi),FungalDisease|Flood|HeatStress
398,Field SE-00398 (Akatsi),NutrientDeficiency|FungalDisease|Salinity
399,Field C-00399 (Amanzi),HeatStress|NutrientDeficiency|Drought
400,Field NW-00400 (Akatsi),FungalDisease|WeedPressure
401,Field NW-00401 (Sokoto),Drought|HeatStress
402,Field NW-00402 (Amanzi),FungalDisease|Pest
403,Field SE-00403 (Akatsi),Pest|SoilErosion|HeatStress
404,Field SE-00404 (Kilimani),Flood|Drought|SoilErosion
405,Field SE-00405 (Kilimani),FungalDisease|WeedPressure
406,Field SE-00406 (Amanzi),NutrientDeficiency|Flood|Salinity
407,Field NW-00407 (Akatsi),NutrientDeficiency|FrostDamage|Flood
408,Field NW-00408 (Akatsi),Flood|NutrientDeficiency|Pest
409,Field SE-00409 (Hawassa),NutrientDeficiency
410,Field NW-00410 (Akatsi),Drought
411,Field SW-00411 (Akatsi),FungalDisease|SoilErosion
412,Field SE-00412 (Sokoto),Salinity
413,Field NE-00413 (Hawassa),FungalDisease|Flood
414,Field SW-00414 (Akatsi),Flood
415,Field SE-00415 (Hawassa),Pest|NutrientDeficiency
416,Field SW-00416 (Kilimani),Drought
417,Field SW-00417 (Amanzi),WeedPressure
418,Field SE-00418 (Sokoto),Flood|Drought|NutrientDeficiency
419,Field C-00419 (Kilimani),Drought|WeedPressure
420,Field C-00420 (Hawassa),HeatStress|SoilErosion|Flood
421,Field NW-00421 (Amanzi),HeatStress|Pest|SoilErosion
422,Field SW-00422 (Kilimani),Pest|HeatStress|Drought
423,Field NE-00423 (Kilimani),Drought|SoilErosion
424,Field C-00424 (Sokoto),Drought|Pest
425,Field C-00425 (Amanzi),HeatStress|WeedPressure|NutrientDeficiency
426,Field NE-00426 (Akatsi),Salinity|Pest
427,Field SW-00427 (Amanzi),Pest|NutrientDeficiency|FungalDisease
428,Field C-00428 (Kilimani),Pest|Drought|Flood
429,Field C-00429 (Kilimani),Flood|NutrientDeficiency|HeatStress
430,Field SW-00430 (Akatsi),NutrientDeficiency|FrostDamage|WeedPressure
431,Field NE-00431 (Amanzi),(no issues listed)
432,Field SW-00432 (Hawassa),Drought|WeedPressure|SoilErosion
433,Field NE-00433 (Kilimani),NutrientDeficiency
434,Field C-00434 (Amanzi),Salinity
435,Field NE-00435 (Akatsi),NutrientDeficiency|SoilErosion|Flood
436,Field SE-00436 (Hawassa),WeedPressure|NutrientDeficiency
437,Field SE-00437 (Sokoto),HeatStress|Flood
438,Field NW-00438 (Akatsi),SoilErosion|Salinity
439,Field C-00439 (Amanzi),Drought
440,Field NW-00440 (Amanzi),Pest|Flood
441,Field SE-00441 (Akatsi),(no issues listed)
442,Field NE-00442 (Hawassa),(no issues listed)
443,Field NW-00443 (Hawassa),Pest
444,Field SW-00444 (Sokoto),FrostDamage|Salinity|FungalDisease
445,Field SE-00445 (Akatsi),HeatStress|WeedPressure
446,Field NE-00446 (Akatsi),Drought|Pest|WeedPressure
447,Field SE-00447 (Sokoto),Drought
448,Field SE-00448 (Sokoto),HeatStress|Pest|Salinity
449,Field NE-00449 (Sokoto),HeatStress|Drought|Pest
450,Field SW-00450 (Sokoto),Salinity
451,Field C-00451 (Akatsi),SoilErosion|FungalDisease|WeedPressure
452,Field SE-00452 (Kilimani),NutrientDeficiency|Pest|Flood
453,Field NW-00453 (Sokoto),Drought|Salinity|SoilErosion
454,Field NE-00454 (Akatsi),(no issues listed)
455,Field SE-00455 (Kilimani),HeatStress
456,Field SE-00456 (Akatsi),FungalDisease|Pest|NutrientDeficiency
457,Field SE-00457 (Amanzi),SoilErosion
458,Field C-00458 (Sokoto),(no issues listed)
459,Field SW-00459 (Hawassa),(no issues listed)
460,Field NW-00460 (Sokoto),WeedPressure|Drought
461,Field NW-00461 (Sokoto),Pest
462,Field C-00462 (Sokoto),WeedPressure|Pest
463,Field NW-00463 (Akatsi),Pest
464,Field C-00464 (Kilimani),Pest|NutrientDeficiency|SoilErosion
465,Field C-00465 (Hawassa),Pest|WeedPressure
466,Field C-00466 (Kilimani),WeedPressure
467,Field C-00467 (Kilimani),Pest|NutrientDeficiency|FungalDisease
468,Field NW-00468 (Akatsi),Pest
469,Field SW-00469 (Kilimani),HeatStress
470,Field SE-00470 (Hawassa),Drought|FungalDisease
471,Field NW-00471 (Amanzi),Drought
472,Field C-00472 (Akatsi),Pest|Drought|Salinity
473,Field C-00473 (Hawassa),WeedPressure|FrostDamage
474,Field SW-00474 (Hawassa),Flood|Pest
475,Field C-00475 (Kilimani),NutrientDeficiency
476,Field NE-00476 (Amanzi),HeatStress|NutrientDeficiency|Drought
477,Field NW-00477 (Sokoto),Drought
478,Field NW-00478 (Sokoto),(no issues listed)
479,Field NE-00479 (Sokoto),FungalDisease|SoilErosion|Flood
480,Field SE-00480 (Amanzi),NutrientDeficiency|FungalDisease
481,Field NE-00481 (Amanzi),Salinity|NutrientDeficiency|HeatStress
482,Field NW-00482 (Akatsi),SoilErosion|Salinity|WeedPressure
483,Field NE-00483 (Amanzi),(no issues listed)
484,Field C-00484 (Sokoto),Flood
485,Field C-00485 (Kilimani),Pest|NutrientDeficiency
486,Field NW-00486 (Hawassa),FungalDisease
487,Field NW-00487 (Sokoto),Drought|NutrientDeficiency
488,Field NW-00488 (Amanzi),Drought
489,Field SE-00489 (Amanzi),(no issues listed)
490,Field SE-00490 (Hawassa),Drought
491,Field C-00491 (Hawassa),FungalDisease|Flood
492,Field NE-00492 (Sokoto),(no issues listed)
493,Field C-00493 (Sokoto),Pest|Salinity
494,Field SW-00494 (Akatsi),FungalDisease|Pest|FrostDamage
495,Field C-00495 (Kilimani),NutrientDeficiency|Salinity
496,Field SW-00496 (Amanzi),Pest
497,Field NE-00497 (Hawassa),(no issues listed)
498,Field NE-00498 (Hawassa),FungalDisease
499,Field NW-00499 (Sokoto),SoilErosion|NutrientDeficiency
500,Field C-00500 (Akatsi),Flood|SoilErosion|Pest
501,Field SW-00501 (Kilimani),Drought|NutrientDeficiency
502,Field NW-00502 (Sokoto),WeedPressure
503,Field C-00503 (Sokoto),Pest
504,Field NW-00504 (Amanzi),Drought|NutrientDeficiency|WeedPressure
505,Field NW-00505 (Kilimani),(no issues listed)
506,Field NE-00506 (Akatsi),FungalDisease|SoilErosion|Pest
507,Field NW-00507 (Kilimani),Drought|Pest
508,Field NW-00508 (Hawassa),WeedPressure|SoilErosion|FungalDisease
509,Field NW-00509 (Kilimani),Flood|Pest|Drought
510,Field SE-00510 (Akatsi),WeedPressure
511,Field C-00511 (Akatsi),FungalDisease|Salinity
512,Field C-00512 (Kilimani),HeatStress
513,Field SE-00513 (Kilimani),(no issues listed)
514,Field SW-00514 (Kilimani),HeatStress|Flood|Pest
515,Field SE-00515 (Kilimani),HeatStress
516,Field NW-00516 (Hawassa),(no issues listed)
517,Field SW-00517 (Hawassa),Pest
518,Field C-00518 (Kilimani),Flood
519,Field SE-00519 (Sokoto),Drought
520,Field NW-00520 (Akatsi),Pest|Flood|WeedPressure
521,Field SW-00521 (Hawassa),HeatStress|NutrientDeficiency
522,Field SE-00522 (Sokoto),Pest|SoilErosion
523,Field NW-00523 (Sokoto),(no issues listed)
524,Field C-00524 (Kilimani),(no issues listed)
525,Field NE-00525 (Sokoto),Pest|Salinity
526,Field NW-00526 (Amanzi),Pest|Salinity|FrostDamage
527,Field C-00527 (Kilimani),SoilErosion|Pest
528,Field NW-00528 (Sokoto),WeedPressure|Drought
529,Field SW-00529 (Sokoto),HeatStress|Pest|NutrientDeficiency
530,Field SE-00530 (Amanzi),WeedPressure|NutrientDeficiency
531,Field SE-00531 (Kilimani),HeatStress|SoilErosion
532,Field SE-00532 (Akatsi),Pest|Flood
533,Field SW-00533 (Kilimani),Salinity|Drought|FungalDisease
534,Field C-00534 (Amanzi),Pest|HeatStress
535,Field C-00535 (Hawassa),FungalDisease|HeatStress
536,Field SE-00536 (Sokoto),HeatStress|Flood|Drought
537,Field SW-00537 (Akatsi),(no issues listed)
538,Field SE-00538 (Sokoto),FungalDisease|HeatStress
539,Field SE-00539 (Akatsi),Drought|WeedPressure
540,Field NW-00540 (Kilimani),Flood
541,Field SW-00541 (Kilimani),HeatStress|FungalDisease
542,Field C-00542 (Hawassa),HeatStress|Drought
543,Field SW-00543 (Hawassa),Pest|FrostDamage|SoilErosion
544,Field SE-00544 (Amanzi),Flood|WeedPressure
545,Field C-00545 (Amanzi),Pest
546,Field SW-00546 (Hawassa),HeatStress
547,Field SW-00547 (Kilimani),Drought|Pest
548,Field SW-00548 (Kilimani),HeatStress|NutrientDeficiency
549,Field NW-00549 (Hawassa),Drought|SoilErosion|HeatStress
550,Field NW-00550 (Hawassa),Pest|Flood
551,Field SW-00551 (Hawassa),FungalDisease|Drought
552,Field SE-00552 (Kilimani),Drought|Pest
553,Field NW-00553 (Akatsi),Salinity
554,Field C-00554 (Kilimani),HeatStress
555,Field SW-00555 (Hawassa),NutrientDeficiency|FrostDamage
556,Field SW-00556 (Amanzi),Drought
557,Field NE-00557 (Hawassa),Flood|HeatStress|WeedPressure
558,Field NE-00558 (Amanzi),SoilErosion|HeatStress
559,Field SW-00559 (Hawassa),Flood|SoilErosion|Pest
560,Field C-00560 (Amanzi),FungalDisease|HeatStress|WeedPressure
561,Field C-00561 (Kilimani),WeedPressure
562,Field NE-00562 (Akatsi),FrostDamage|Drought|Pest
563,Field NE-00563 (Sokoto),Pest
564,Field SE-00564 (Amanzi),SoilErosion|Drought
565,Field NW-00565 (Kilimani),NutrientDeficiency|FungalDisease|Pest
566,Field SW-00566 (Hawassa),Drought
567,Field C-00567 (Amanzi),NutrientDeficiency|Drought|Pest
568,Field SE-00568 (Kilimani),WeedPressure|FungalDisease|Pest
569,Field NE-00569 (Amanzi),NutrientDeficiency
570,Field NW-00570 (Kilimani),(no issues listed)
571,Field NW-00571 (Sokoto),SoilErosion
572,Field SW-00572 (Kilimani),(no issues listed)
573,Field SW-00573 (Sokoto),(no issues listed)
574,Field SE-00574 (Sokoto),(no issues listed)
575,Field NE-00575 (Akatsi),Drought
576,Field SW-00576 (Kilimani),WeedPressure|Pest
577,Field SW-00577 (Akatsi),FungalDisease|SoilErosion
578,Field NW-00578 (Hawassa),FungalDisease|Drought|Salinity
579,Field SE-00579 (Kilimani),FrostDamage
580,Field C-00580 (Akatsi),(no issues listed)
581,Field NW-00581 (Kilimani),WeedPressure|FungalDisease|Salinity
582,Field C-00582 (Kilimani),FungalDisease|NutrientDeficiency
583,Field NE-00583 (Amanzi),Pest|HeatStress
584,Field SE-00584 (Sokoto),WeedPressure
585,Field SE-00585 (Amanzi),SoilErosion
586,Field SE-00586 (Sokoto),Salinity
587,Field NW-00587 (Amanzi),FungalDisease|SoilErosion
588,Field SW-00588 (Hawassa),Flood|HeatStress
589,Field NW-00589 (Hawassa),FungalDisease
590,Field C-00590 (Hawassa),HeatStress|WeedPressure|SoilErosion
591,Field NW-00591 (Amanzi),Flood|Pest|Drought
592,Field C-00592 (Akatsi),FungalDisease
593,Field SE-00593 (Kilimani),NutrientDeficiency|FrostDamage|Pest
594,Field SE-00594 (Hawassa),SoilErosion
595,Field NW-00595 (Hawassa),Pest|Drought|Flood
596,Field NE-00596 (Kilimani),NutrientDeficiency|Salinity|Drought
597,Field C-00597 (Hawassa),(no issues listed)
598,Field NE-00598 (Amanzi),WeedPressure|FungalDisease|SoilErosion
599,Field SW-00599 (Sokoto),SoilErosion
600,Field NE-00600 (Kilimani),Drought|Pest
601,Field C-00601 (Amanzi),Drought|NutrientDeficiency
602,Field SE-00602 (Amanzi),(no issues listed)
603,Field SW-00603 (Amanzi),Pest
604,Field NW-00604 (Hawassa),Drought|FungalDisease|Flood
605,Field NW-00605 (Sokoto),WeedPressure
606,Field NE-00606 (Hawassa),WeedPressure|NutrientDeficiency|Drought
607,Field SE-00607 (Akatsi),WeedPressure|Drought
608,Field SE-00608 (Amanzi),(no issues listed)
609,Field C-00609 (Amanzi),Flood
610,Field NE-00610 (Amanzi),FungalDisease|NutrientDeficiency
611,Field C-00611 (Akatsi),(no issues listed)
612,Field NE-00612 (Akatsi),SoilErosion|HeatStress
613,Field SE-00613 (Akatsi),FrostDamage|FungalDisease|Pest
614,Field SE-00614 (Sokoto),HeatStress
615,Field SW-00615 (Hawassa),Pest|Salinity
616,Field SE-00616 (Hawassa),HeatStress|Pest
617,Field NE-00617 (Hawassa),FungalDisease
618,Field SW-00618 (Amanzi),FrostDamage
619,Field NW-00619 (Sokoto),WeedPressure|HeatStress
620,Field SE-00620 (Sokoto),SoilErosion
621,Field C-00621 (Hawassa),FrostDamage
622,Field C-00622 (Amanzi),Drought|NutrientDeficiency
623,Field SW-00623 (Kilimani),WeedPressure|Flood|FungalDisease
624,Field C-00624 (Sokoto),(no issues listed)
625,Field SW-00625 (Hawassa),Drought|FungalDisease|HeatStress
626,Field SE-00626 (Hawassa),Pest|Drought
627,Field SW-00627 (Akatsi),WeedPressure
628,Field C-00628 (Akatsi),NutrientDeficiency|WeedPressure|Pest
629,Field C-00629 (Akatsi),WeedPressure|Drought
630,Field NE-00630 (Amanzi),Pest
631,Field C-00631 (Hawassa),HeatStress|Salinity
632,Field SE-00632 (Hawassa),(no issues listed)
633,Field C-00633 (Amanzi),HeatStress|SoilErosion|Drought
634,Field NE-00634 (Akatsi),FrostDamage|Pest|WeedPressure
635,Field NE-00635 (Kilimani),WeedPressure|FrostDamage
636,Field SE-00636 (Amanzi),Pest|SoilErosion|WeedPressure
637,Field NE-00637 (Akatsi),SoilErosion|NutrientDeficiency|Drought
638,Field NE-00638 (Kilimani),HeatStress|SoilErosion
639,Field SW-00639 (Akatsi),Flood|Drought|HeatStress
640,Field SW-00640 (Amanzi),(no issues listed)
641,Field C-00641 (Sokoto),HeatStress|NutrientDeficiency
642,Field SE-00642 (Sokoto),WeedPressure|HeatStress
643,Field C-00643 (Sokoto),NutrientDeficiency
644,Field C-00644 (Hawassa),NutrientDeficiency|FungalDisease
645,Field NW-00645 (Kilimani),Pest|SoilErosion|Drought
646,Field SW-00646 (Sokoto),FrostDamage|Drought|WeedPressure
647,Field NE-00647 (Kilimani),Flood|Drought
648,Field SW-00648 (Sokoto),HeatStress|Pest
649,Field NW-00649 (Akatsi),HeatStress|Pest
650,Field C-00650 (Sokoto),(no issues listed)
651,Field SE-00651 (Kilimani),FungalDisease|Pest|WeedPressure
652,Field NW-00652 (Akatsi),Drought|FungalDisease|FrostDamage
653,Field SW-00653 (Kilimani),Drought|Flood|FrostDamage
654,Field SE-00654 (Kilimani),FungalDisease|NutrientDeficiency
655,Field SE-00655 (Hawassa),(no issues listed)
656,Field NE-00656 (Amanzi),(no issues listed)
657,Field NW-00657 (Amanzi),Salinity
658,Field SE-00658 (Akatsi),(no issues listed)
659,Field SE-00659 (Hawassa),NutrientDeficiency|Salinity
660,Field NE-00660 (Sokoto),Flood|FungalDisease|HeatStress
661,Field SE-00661 (Akatsi),WeedPressure|Pest|HeatStress
662,Field SE-00662 (Kilimani),Pest|WeedPressure|Salinity
663,Field NW-00663 (Amanzi),FungalDisease|WeedPressure
664,Field NE-00664 (Hawassa),Pest
665,Field SW-00665 (Sokoto),NutrientDeficiency|FungalDisease|Pest
666,Field C-00666 (Kilimani),(no issues listed)
667,Field SE-00667 (Hawassa),Drought
668,Field NW-00668 (Sokoto),Salinity|NutrientDeficiency|Flood
669,Field SE-00669 (Akatsi),Drought
670,Field NE-00670 (Kilimani),Salinity
671,Field C-00671 (Amanzi),Pest|Flood|HeatStress
672,Field SW-00672 (Amanzi),NutrientDeficiency|Pest
673,Field SE-00673 (Amanzi),Pest|Drought
674,Field SE-00674 (Hawassa),WeedPressure
675,Field NE-00675 (Akatsi),HeatStress
676,Field C-00676 (Sokoto),Pest|Flood|FungalDisease
677,Field NW-00677 (Kilimani),Drought|NutrientDeficiency
678,Field C-00678 (Hawassa),Drought
679,Field NE-00679 (Amanzi),Pest
680,Field SW-00680 (Sokoto),NutrientDeficiency|WeedPressure|Drought
681,Field NW-00681 (Akatsi),FungalDisease|Pest|Drought
682,Field NW-00682 (Akatsi),WeedPressure|SoilErosion|Drought
683,Field SE-00683 (Hawassa),Drought|WeedPressure
684,Field SE-00684 (Hawassa),Drought
685,Field C-00685 (Kilimani),FungalDisease|Salinity|Pest
686,Field C-00686 (Amanzi),HeatStress
687,Field C-00687 (Amanzi),(no issues listed)
688,Field NE-00688 (Sokoto),FungalDisease
689,Field SW-00689 (Akatsi),FungalDisease|Drought|SoilErosion
690,Field NW-00690 (Kilimani),Pest
691,Field SW-00691 (Akatsi),(no issues listed)
692,Field NE-00692 (Amanzi),Pest
693,Field SW-00693 (Amanzi),HeatStress|Pest
694,Field SE-00694 (Kilimani),Drought
695,Field C-00695 (Amanzi),Flood|HeatStress|Pest
696,Field NW-00696 (Hawassa),Drought|Flood
697,Field NW-00697 (Hawassa),(no issues listed)
698,Field C-00698 (Sokoto),HeatStress|WeedPressure
699,Field C-00699 (Akatsi),WeedPressure
700,Field C-00700 (Hawassa),WeedPressure|HeatStress
701,Field NE-00701 (Hawassa),(no issues listed)
702,Field NW-00702 (Sokoto),HeatStress|Pest|NutrientDeficiency
703,Field SW-00703 (Hawassa),Pest|FungalDisease|WeedPressure
704,Field SE-00704 (Sokoto),SoilErosion|FungalDisease
705,Field SE-00705 (Akatsi),WeedPressure|Pest
706,Field SW-00706 (Hawassa),NutrientDeficiency|FungalDisease|Pest
707,Field SE-00707 (Akatsi),HeatStress
708,Field NE-00708 (Kilimani),Pest|WeedPressure
709,Field SE-00709 (Sokoto),Pest|Flood
710,Field SW-00710 (Kilimani),NutrientDeficiency|Pest|Flood
711,Field NW-00711 (Sokoto),Pest|NutrientDeficiency
712,Field SW-00712 (Amanzi),NutrientDeficiency|WeedPressure|FungalDisease
713,Field SE-00713 (Akatsi),WeedPressure
714,Field NW-00714 (Kilimani),FrostDamage|NutrientDeficiency|HeatStress
715,Field C-00715 (Akatsi),FungalDisease
716,Field SW-00716 (Sokoto),Pest|Salinity|Drought
717,Field C-00717 (Hawassa),(no issues listed)
718,Field NE-00718 (Hawassa),HeatStress|WeedPressure|Drought
719,Field NW-00719 (Sokoto),Drought|NutrientDeficiency
720,Field C-00720 (Akatsi),(no issues listed)
721,Field SW-00721 (Sokoto),HeatStress
722,Field SE-00722 (Sokoto),Salinity
723,Field C-00723 (Akatsi),NutrientDeficiency|WeedPressure|Pest
724,Field SW-00724 (Akatsi),SoilErosion
725,Field NW-00725 (Akatsi),HeatStress
726,Field SW-00726 (Amanzi),Flood|Pest
727,Field C-00727 (Amanzi),HeatStress|SoilErosion
728,Field NE-00728 (Kilimani),Drought|FungalDisease
729,Field C-00729 (Hawassa),HeatStress
730,Field NE-00730 (Akatsi),Pest
731,Field C-00731 (Hawassa),WeedPressure
732,Field SW-00732 (Sokoto),Pest|FungalDisease
733,Field NW-00733 (Kilimani),Drought|Salinity|HeatStress
734,Field C-00734 (Sokoto),WeedPressure|FrostDamage|NutrientDeficiency
735,Field NE-00735 (Amanzi),Pest|HeatStress|Salinity
736,Field SE-00736 (Hawassa),WeedPressure
737,Field SE-00737 (Amanzi),(no issues listed)
738,Field SE-00738 (Amanzi),Drought
739,Field NW-00739 (Hawassa),(no issues listed)
740,Field C-00740 (Hawassa),Flood|WeedPressure
741,Field SW-00741 (Amanzi),Salinity
742,Field SE-00742 (Akatsi),HeatStress
743,Field NW-00743 (Amanzi),FungalDisease
744,Field SE-00744 (Amanzi),(no issues listed)
745,Field SE-00745 (Amanzi),Pest|Flood|NutrientDeficiency
746,Field NE-00746 (Akatsi),Pest
747,Field SW-00747 (Sokoto),WeedPressure
748,Field SE-00748 (Akatsi),NutrientDeficiency|FungalDisease
749,Field SW-00749 (Kilimani),Salinity
750,Field NW-00750 (Amanzi),Drought|FungalDisease|NutrientDeficiency
751,Field SW-00751 (Akatsi),Pest|FungalDisease
752,Field SW-00752 (Akatsi),HeatStress|FrostDamage|Pest
753,Field SW-00753 (Sokoto),WeedPressure
754,Field NW-00754 (Akatsi),FungalDisease
755,Field SE-00755 (Kilimani),HeatStress
756,Field SW-00756 (Kilimani),Flood
757,Field C-00757 (Sokoto),Pest
758,Field NW-00758 (Hawassa),FungalDisease|Flood
759,Field C-00759 (Akatsi),Drought|NutrientDeficiency
760,Field SW-00760 (Akatsi),(no issues listed)
761,Field C-00761 (Akatsi),FungalDisease|WeedPressure
762,Field C-00762 (Akatsi),WeedPressure|NutrientDeficiency
763,Field NE-00763 (Amanzi),(no issues listed)
764,Field SE-00764 (Sokoto),(no issues listed)
765,Field SW-00765 (Sokoto),NutrientDeficiency|HeatStress|Flood
766,Field SE-00766 (Kilimani),Pest|NutrientDeficiency
767,Field NE-00767 (Hawassa),FrostDamage|Flood|HeatStress
768,Field SW-00768 (Kilimani),NutrientDeficiency|FungalDisease
769,Field SE-00769 (Hawassa),FungalDisease
770,Field SE-00770 (Hawassa),HeatStress|Pest
771,Field C-00771 (Hawassa),Pest|WeedPressure|NutrientDeficiency
772,Field C-00772 (Akatsi),Flood|NutrientDeficiency|Drought
773,Field SW-00773 (Hawassa),Pest|SoilErosion|NutrientDeficiency
774,Field NE-00774 (Sokoto),SoilErosion
775,Field C-00775 (Akatsi),NutrientDeficiency
776,Field SE-00776 (Hawassa),Pest|NutrientDeficiency|SoilErosion
777,Field NW-00777 (Amanzi),(no issues listed)
778,Field SE-00778 (Sokoto),FungalDisease|Flood|Drought
779,Field NE-00779 (Akatsi),(no issues listed)
780,Field NE-00780 (Akatsi),HeatStress|NutrientDeficiency
781,Field NE-00781 (Hawassa),FungalDisease
782,Field C-00782 (Sokoto),WeedPressure|Drought|Pest
783,Field SW-00783 (Kilimani),WeedPressure|NutrientDeficiency
784,Field SW-00784 (Kilimani),NutrientDeficiency|Drought
785,Field NW-00785 (Amanzi),WeedPressure
786,Field NE-00786 (Amanzi),Pest|WeedPressure
787,Field C-00787 (Kilimani),Flood|Salinity|NutrientDeficiency
788,Field C-00788 (Sokoto),Flood|Drought
789,Field SE-00789 (Sokoto),FungalDisease
790,Field SW-00790 (Hawassa),(no issues listed)
791,Field SE-00791 (Sokoto),Flood|WeedPressure|HeatStress
792,Field SE-00792 (Amanzi),Drought|SoilErosion|NutrientDeficiency
793,Field C-00793 (Akatsi),(no issues listed)
794,Field NE-00794 (Hawassa),SoilErosion|Pest
795,Field SE-00795 (Kilimani),Drought|Pest|NutrientDeficiency
796,Field SE-00796 (Sokoto),HeatStress|Pest
797,Field SW-00797 (Amanzi),WeedPressure
798,Field SW-00798 (Kilimani),HeatStress
799,Field NE-00799 (Sokoto),Salinity|HeatStress
800,Field NW-00800 (Akatsi),SoilErosion
801,Field SE-00801 (Kilimani),Flood
802,Field NW-00802 (Kilimani),Flood
803,Field NE-00803 (Sokoto),HeatStress|Drought
804,Field C-00804 (Amanzi),Pest|FrostDamage|Drought
805,Field SE-00805 (Hawassa),HeatStress|Pest
806,Field NE-00806 (Kilimani),(no issues listed)
807,Field NW-00807 (Sokoto),WeedPressure|Drought|NutrientDeficiency
808,Field NE-00808 (Akatsi),SoilErosion
809,Field NW-00809 (Hawassa),Drought|Pest
810,Field SW-00810 (Akatsi),Salinity
811,Field NW-00811 (Hawassa),Pest|NutrientDeficiency
812,Field C-00812 (Kilimani),(no issues listed)
813,Field NE-00813 (Amanzi),Drought
814,Field SE-00814 (Kilimani),NutrientDeficiency|Pest|FungalDisease
815,Field NE-00815 (Hawassa),Flood
816,Field NE-00816 (Kilimani),(no issues listed)
817,Field NE-00817 (Akatsi),Pest|Drought|NutrientDeficiency
818,Field SW-00818 (Hawassa),Pest
819,Field NW-00819 (Akatsi),(no issues listed)
820,Field NW-00820 (Amanzi),NutrientDeficiency|Drought
821,Field NE-00821 (Kilimani),WeedPressure|FrostDamage|Drought
822,Field SE-00822 (Kilimani),(no issues listed)
823,Field SW-00823 (Akatsi),NutrientDeficiency
824,Field NW-00824 (Kilimani),HeatStress
825,Field NW-00825 (Kilimani),FrostDamage|Salinity
826,Field NE-00826 (Akatsi),Drought
827,Field NW-00827 (Sokoto),SoilErosion
828,Field SW-00828 (Hawassa),Drought|Salinity|WeedPressure
829,Field SE-00829 (Amanzi),HeatStress|Drought|NutrientDeficiency
830,Field SW-00830 (Kilimani),HeatStress
831,Field SE-00831 (Akatsi),FrostDamage|Drought
832,Field SE-00832 (Amanzi),Pest|NutrientDeficiency|FungalDisease
833,Field NW-00833 (Kilimani),SoilErosion
834,Field NW-00834 (Hawassa),Pest
835,Field SW-00835 (Sokoto),WeedPressure|Flood
836,Field NE-00836 (Amanzi),Pest|SoilErosion
837,Field NE-00837 (Akatsi),Pest
838,Field NW-00838 (Amanzi),NutrientDeficiency|Drought
839,Field SW-00839 (Akatsi),NutrientDeficiency
840,Field SE-00840 (Amanzi),Pest|SoilErosion
841,Field C-00841 (Kilimani),NutrientDeficiency|WeedPressure
842,Field NE-00842 (Kilimani),Salinity|Pest
843,Field C-00843 (Hawassa),SoilErosion|NutrientDeficiency|WeedPressure
844,Field C-00844 (Sokoto),NutrientDeficiency|Salinity|WeedPressure
845,Field SW-00845 (Sokoto),Pest|Drought
846,Field NW-00846 (Sokoto),Drought|FrostDamage
847,Field NW-00847 (Kilimani),Flood|Drought
848,Field SW-00848 (Sokoto),Drought|WeedPressure
849,Field SE-00849 (Hawassa),FrostDamage
850,Field C-00850 (Amanzi),NutrientDeficiency|WeedPressure
851,Field C-00851 (Kilimani),FrostDamage|WeedPressure|Flood
852,Field SE-00852 (Sokoto),NutrientDeficiency|Drought|SoilErosion
853,Field NW-00853 (Amanzi),SoilErosion|Flood|FungalDisease
854,Field NE-00854 (Hawassa),Pest
855,Field SW-00855 (Sokoto),Drought|Pest
856,Field NW-00856 (Amanzi),(no issues listed)
857,Field NW-00857 (Akatsi),NutrientDeficiency|FungalDisease|Salinity
858,Field SW-00858 (Kilimani),Pest|HeatStress|WeedPressure
859,Field SE-00859 (Kilimani),Drought|FungalDisease
860,Field SE-00860 (Kilimani),Pest|SoilErosion
861,Field NW-00861 (Amanzi),WeedPressure|FrostDamage
862,Field NW-00862 (Kilimani),(no issues listed)
863,Field SE-00863 (Hawassa),SoilErosion
864,Field NE-00864 (Akatsi),FungalDisease|WeedPressure|Drought
865,Field NW-00865 (Amanzi),WeedPressure
866,Field SW-00866 (Akatsi),Pest|HeatStress
867,Field SW-00867 (Amanzi),NutrientDeficiency|WeedPressure|HeatStress
868,Field NW-00868 (Amanzi),WeedPressure
869,Field NE-00869 (Sokoto),FrostDamage
870,Field C-00870 (Kilimani),Pest
871,Field SW-00871 (Akatsi),(no issues listed)
872,Field NW-00872 (Amanzi),HeatStress
873,Field SW-00873 (Hawassa),Drought|Pest
874,Field NW-00874 (Hawassa),Salinity
875,Field SE-00875 (Amanzi),FrostDamage|Pest|WeedPressure
876,Field SE-00876 (Amanzi),SoilErosion|FungalDisease
877,Field NE-00877 (Kilimani),HeatStress
878,Field SE-00878 (Amanzi),Drought|NutrientDeficiency|WeedPressure
879,Field SE-00879 (Sokoto),Pest|Drought|SoilErosion
880,Field C-00880 (Kilimani),(no issues listed)
881,Field C-00881 (Sokoto),NutrientDeficiency
882,Field NW-00882 (Hawassa),(no issues listed)
883,Field NW-00883 (Amanzi),(no issues listed)
884,Field NE-00884 (Hawassa),WeedPressure|FungalDisease
885,Field SE-00885 (Hawassa),FungalDisease|Drought|FrostDamage
886,Field NW-00886 (Hawassa),NutrientDeficiency
887,Field SE-00887 (Sokoto),Flood|WeedPressure
888,Field SE-00888 (Amanzi),Salinity|Flood|Pest
889,Field NW-00889 (Kilimani),SoilErosion|Flood
890,Field SW-00890 (Kilimani),WeedPressure
891,Field C-00891 (Akatsi),Drought
892,Field NW-00892 (Kilimani),Flood|Pest|FrostDamage
893,Field NW-00893 (Sokoto),FungalDisease|SoilErosion|Drought
894,Field SW-00894 (Akatsi),(no issues listed)
895,Field NW-00895 (Amanzi),NutrientDeficiency
896,Field C-00896 (Sokoto),(no issues listed)
897,Field SW-00897 (Kilimani),Pest
898,Field SW-00898 (Akatsi),Salinity|SoilErosion|HeatStress
899,Field C-00899 (Kilimani),(no issues listed)
900,Field NW-00900 (Hawassa),Pest|Salinity|Drought
901,Field SE-00901 (Akatsi),NutrientDeficiency|WeedPressure
902,Field NE-00902 (Kilimani),Pest|NutrientDeficiency
903,Field SW-00903 (Akatsi),(no issues listed)
904,Field NW-00904 (Amanzi),Flood
905,Field NW-00905 (Sokoto),HeatStress
906,Field NE-00906 (Akatsi),Pest|HeatStress
907,Field C-00907 (Amanzi),(no issues listed)
908,Field C-00908 (Sokoto),NutrientDeficiency|FungalDisease|WeedPressure
909,Field NE-00909 (Hawassa),Drought
910,Field C-00910 (Amanzi),WeedPressure|Pest
911,Field NE-00911 (Amanzi),Salinity
912,Field NE-00912 (Sokoto),Drought|FungalDisease
913,Field C-00913 (Sokoto),Salinity|HeatStress
914,Field SW-00914 (Hawassa),Flood|Salinity|HeatStress
915,Field SW-00915 (Akatsi),HeatStress|Flood
916,Field NE-00916 (Amanzi),NutrientDeficiency|WeedPressure
917,Field SE-00917 (Amanzi),NutrientDeficiency|Pest|HeatStress
918,Field NW-00918 (Amanzi),Drought|Flood|NutrientDeficiency
919,Field C-00919 (Hawassa),(no issues listed)
920,Field NE-00920 (Sokoto),Flood
921,Field NE-00921 (Akatsi),Pest|WeedPressure
922,Field NE-00922 (Amanzi),Pest|Drought
923,Field NW-00923 (Sokoto),(no issues listed)
924,Field NE-00924 (Hawassa),Pest|NutrientDeficiency
925,Field NW-00925 (Amanzi),NutrientDeficiency|FungalDisease
926,Field SE-00926 (Akatsi),SoilErosion
927,Field C-00927 (Akatsi),NutrientDeficiency|Flood|FrostDamage
928,Field NW-00928 (Hawassa),Pest
929,Field SE-00929 (Hawassa),HeatStress|Drought|SoilErosion
930,Field C-00930 (Kilimani),FrostDamage
931,Field SW-00931 (Amanzi),WeedPressure|Drought
932,Field SE-00932 (Akatsi),Pest|Drought
933,Field C-00933 (Amanzi),WeedPressure|Pest|FungalDisease
934,Field NW-00934 (Amanzi),FungalDisease|Salinity
935,Field SW-00935 (Kilimani),FrostDamage|FungalDisease|Drought
936,Field NW-00936 (Akatsi),NutrientDeficiency|Drought
937,Field NW-00937 (Hawassa),FungalDisease|Flood
938,Field SW-00938 (Sokoto),SoilErosion
939,Field SW-00939 (Akatsi),FungalDisease|SoilErosion
940,Field SE-00940 (Hawassa),Drought|Salinity
941,Field NE-00941 (Kilimani),WeedPressure
942,Field NW-00942 (Hawassa),(no issues listed)
943,Field C-00943 (Amanzi),NutrientDeficiency|HeatStress|Flood
944,Field SE-00944 (Hawassa),NutrientDeficiency|WeedPressure|Pest
945,Field C-00945 (Hawassa),SoilErosion
946,Field SW-00946 (Kilimani),Flood|NutrientDeficiency|FungalDisease
947,Field NE-00947 (Akatsi),Flood|WeedPressure|Drought
948,Field SW-00948 (Amanzi),(no issues listed)
949,Field SW-00949 (Akatsi),SoilErosion|Flood|WeedPressure
950,Field C-00950 (Kilimani),Pest|NutrientDeficiency|Flood
951,Field C-00951 (Akatsi),Drought|HeatStress|FungalDisease
952,Field NE-00952 (Kilimani),(no issues listed)
953,Field NE-00953 (Kilimani),Pest
954,Field SE-00954 (Sokoto),Drought
955,Field SW-00955 (Kilimani),(no issues listed)
956,Field NE-00956 (Kilimani),Drought
957,Field C-00957 (Hawassa),NutrientDeficiency
958,Field NE-00958 (Akatsi),HeatStress|WeedPressure|Pest
959,Field NW-00959 (Kilimani),FungalDisease
960,Field SW-00960 (Kilimani),Drought
961,Field SW-00961 (Sokoto),WeedPressure|Pest|HeatStress
962,Field NW-00962 (Amanzi),HeatStress|Drought
963,Field NW-00963 (Hawassa),Salinity|Flood|Pest
964,Field NW-00964 (Akatsi),NutrientDeficiency
965,Field SE-00965 (Akatsi),FungalDisease|Pest
966,Field NW-00966 (Akatsi),SoilErosion|Salinity|NutrientDeficiency
967,Field SW-00967 (Amanzi),Flood|Drought
968,Field NE-00968 (Hawassa),Pest|WeedPressure|FungalDisease
969,Field SE-00969 (Sokoto),Flood|WeedPressure|HeatStress
970,Field NE-00970 (Kilimani),Drought
971,Field SW-00971 (Sokoto),(no issues listed)
972,Field NE-00972 (Hawassa),FungalDisease|Salinity|Pest
973,Field NE-00973 (Hawassa),Drought
974,Field SW-00974 (Amanzi),FrostDamage
975,Field SE-00975 (Hawassa),HeatStress|Pest|FungalDisease
976,Field NW-00976 (Amanzi),NutrientDeficiency
977,Field SE-00977 (Kilimani),WeedPressure
978,Field NW-00978 (Sokoto),NutrientDeficiency|Drought
979,Field C-00979 (Sokoto),FungalDisease
980,Field C-00980 (Sokoto),(no issues listed)
981,Field C-00981 (Amanzi),FrostDamage|NutrientDeficiency|Pest
982,Field NE-00982 (Amanzi),Pest|FrostDamage
983,Field C-00983 (Kilimani),Flood|Salinity
984,Field SW-00984 (Kilimani),(no issues listed)
985,Field NW-00985 (Amanzi),(no issues listed)
986,Field NW-00986 (Akatsi),FungalDisease|Flood|SoilErosion
987,Field C-00987 (Akatsi),Drought|WeedPressure
988,Field NW-00988 (Amanzi),HeatStress|NutrientDeficiency
989,Field SW-00989 (Hawassa),(no issues listed)
990,Field SE-00990 (Sokoto),Pest
991,Field C-00991 (Hawassa),Pest|NutrientDeficiency
992,Field NW-00992 (Sokoto),HeatStress|WeedPressure
993,Field C-00993 (Sokoto),(no issues listed)
994,Field SE-00994 (Amanzi),NutrientDeficiency|FungalDisease
995,Field NW-00995 (Sokoto),Pest
996,Field SW-00996 (Sokoto),NutrientDeficiency|WeedPressure
997,Field SW-00997 (Akatsi),FungalDisease|Drought|NutrientDeficiency
998,Field SW-00998 (Amanzi),NutrientDeficiency|Pest|WeedPressure
999,Field NE-00999 (Akatsi),(no issues listed)
1000,Field SW-01000 (Sokoto),Drought|Salinity|FungalDisease
1001,Field NW-01001 (Hawassa),HeatStress
1002,Field NE-01002 (Amanzi),(no issues listed)
1003,Field C-01003 (Sokoto),SoilErosion|NutrientDeficiency|Flood
1004,Field NE-01004 (Amanzi),NutrientDeficiency|Drought|HeatStress
1005,Field NW-01005 (Hawassa),FungalDisease
1006,Field NE-01006 (Hawassa),WeedPressure|SoilErosion|FungalDisease
1007,Field NW-01007 (Amanzi),Flood
1008,Field NW-01008 (Amanzi),Pest|NutrientDeficiency
1009,Field SW-01009 (Kilimani),Flood|Drought
1010,Field C-01010 (Sokoto),Pest
1011,Field SW-01011 (Amanzi),WeedPressure|Pest|Salinity
1012,Field C-01012 (Amanzi),HeatStress|Pest|SoilErosion
1013,Field NW-01013 (Sokoto),Salinity|Flood|Drought
1014,Field SW-01014 (Sokoto),SoilErosion
1015,Field NW-01015 (Sokoto),WeedPressure|Salinity
1016,Field C-01016 (Amanzi),Salinity
1017,Field NE-01017 (Sokoto),Pest|Drought|NutrientDeficiency
1018,Field C-01018 (Amanzi),NutrientDeficiency|Salinity|WeedPressure
1019,Field C-01019 (Amanzi),NutrientDeficiency|SoilErosion
1020,Field NE-01020 (Kilimani),Pest|NutrientDeficiency
1021,Field SE-01021 (Sokoto),(no issues listed)
1022,Field SE-01022 (Amanzi),(no issues listed)
1023,Field SW-01023 (Hawassa),FrostDamage|WeedPressure|Salinity
1024,Field C-01024 (Amanzi),NutrientDeficiency
1025,Field C-01025 (Hawassa),NutrientDeficiency
1026,Field NW-01026 (Amanzi),NutrientDeficiency|Drought|FrostDamage
1027,Field NW-01027 (Akatsi),(no issues listed)
1028,Field NE-01028 (Akatsi),NutrientDeficiency|Pest
1029,Field SE-01029 (Kilimani),FungalDisease|Salinity|Pest
1030,Field SW-01030 (Amanzi),FungalDisease
1031,Field NW-01031 (Kilimani),(no issues listed)
1032,Field C-01032 (Sokoto),Salinity|FungalDisease|Pest
1033,Field NW-01033 (Amanzi),WeedPressure
1034,Field C-01034 (Hawassa),FrostDamage|WeedPressure
1035,Field NE-01035 (Kilimani),WeedPressure|Drought
1036,Field C-01036 (Sokoto),WeedPressure|Drought
1037,Field SW-01037 (Hawassa),HeatStress
1038,Field SE-01038 (Sokoto),SoilErosion
1039,Field SE-01039 (Akatsi),Salinity|Drought
1040,Field SW-01040 (Amanzi),(no issues listed)
1041,Field NW-01041 (Sokoto),NutrientDeficiency|WeedPressure|SoilErosion
1042,Field C-01042 (Hawassa),Drought|Salinity
1043,Field C-01043 (Akatsi),Drought
1044,Field C-01044 (Sokoto),Pest|HeatStress
1045,Field NW-01045 (Akatsi),NutrientDeficiency|Flood
1046,Field SW-01046 (Kilimani),Drought|HeatStress
1047,Field SE-01047 (Hawassa),NutrientDeficiency|SoilErosion
1048,Field SW-01048 (Kilimani),NutrientDeficiency
1049,Field C-01049 (Hawassa),(no issues listed)
1050,Field SW-01050 (Kilimani),NutrientDeficiency
1051,Field C-01051 (Akatsi),Flood
1052,Field NW-01052 (Kilimani),Drought
1053,Field SE-01053 (Hawassa),WeedPressure|Drought|HeatStress
1054,Field NE-01054 (Kilimani),(no issues listed)
1055,Field SW-01055 (Sokoto),Flood
1056,Field NW-01056 (Akatsi),FrostDamage|Pest|NutrientDeficiency
1057,Field NW-01057 (Akatsi),(no issues listed)
1058,Field SE-01058 (Kilimani),FungalDisease
1059,Field NW-01059 (Hawassa),Flood
1060,Field SE-01060 (Amanzi),NutrientDeficiency
1061,Field NW-01061 (Kilimani),SoilErosion|FrostDamage
1062,Field SE-01062 (Amanzi),SoilErosion|Drought
1063,Field NE-01063 (Amanzi),Pest|NutrientDeficiency
1064,Field SW-01064 (Hawassa),Pest|Drought|Salinity
1065,Field NE-01065 (Amanzi),NutrientDeficiency|WeedPressure|Pest
1066,Field NW-01066 (Kilimani),HeatStress
1067,Field NW-01067 (Sokoto),FungalDisease
1068,Field SW-01068 (Amanzi),NutrientDeficiency
1069,Field SW-01069 (Amanzi),(no issues listed)
1070,Field SE-01070 (Amanzi),NutrientDeficiency|HeatStress
1071,Field NW-01071 (Akatsi),Flood|Drought
1072,Field SE-01072 (Amanzi),Drought|Flood|HeatStress
1073,Field NW-01073 (Akatsi),SoilErosion|Pest
1074,Field SE-01074 (Amanzi),HeatStress
1075,Field C-01075 (Amanzi),Pest|WeedPressure|FrostDamage
1076,Field NE-01076 (Sokoto),Drought
1077,Field SE-01077 (Kilimani),(no issues listed)
1078,Field NW-01078 (Kilimani),(no issues listed)
1079,Field SE-01079 (Amanzi),WeedPressure|FrostDamage|NutrientDeficiency
1080,Field C-01080 (Amanzi),Pest|HeatStress|NutrientDeficiency
1081,Field SE-01081 (Amanzi),WeedPressure|Pest
1082,Field NW-01082 (Amanzi),SoilErosion|HeatStress|WeedPressure
1083,Field NW-01083 (Akatsi),Flood|Pest|SoilErosion
1084,Field C-01084 (Sokoto),SoilErosion
1085,Field SW-01085 (Amanzi),WeedPressure|Pest
1086,Field NE-01086 (Sokoto),Pest|WeedPressure|SoilErosion
1087,Field NW-01087 (Amanzi),(no issues listed)
1088,Field SE-01088 (Akatsi),WeedPressure
1089,Field SW-01089 (Amanzi),Pest
1090,Field SE-01090 (Amanzi),SoilErosion|WeedPressure|NutrientDeficiency
1091,Field C-01091 (Sokoto),Flood|HeatStress
1092,Field C-01092 (Amanzi),SoilErosion
1093,Field NE-01093 (Kilimani),FungalDisease|HeatStress
1094,Field SW-01094 (Kilimani),HeatStress|Drought
1095,Field NE-01095 (Amanzi),HeatStress|Flood
1096,Field SE-01096 (Amanzi),Flood|SoilErosion
1097,Field NE-01097 (Amanzi),Pest
1098,Field SE-01098 (Amanzi),Drought|SoilErosion
1099,Field SW-01099 (Kilimani),Salinity
1100,Field NW-01100 (Kilimani),NutrientDeficiency
1101,Field NW-01101 (Amanzi),NutrientDeficiency|Flood|HeatStress
1102,Field SW-01102 (Amanzi),Pest|FrostDamage|Salinity
1103,Field NE-01103 (Sokoto),Drought|Flood|HeatStress
1104,Field NE-01104 (Kilimani),HeatStress|Pest
1105,Field NW-01105 (Amanzi),HeatStress|Pest|Drought
1106,Field C-01106 (Hawassa),FungalDisease
1107,Field NW-01107 (Akatsi),FungalDisease|WeedPressure
1108,Field C-01108 (Akatsi),HeatStress|FungalDisease|Drought
1109,Field SE-01109 (Amanzi),NutrientDeficiency
1110,Field NW-01110 (Akatsi),Salinity|HeatStress|WeedPressure
1111,Field NW-01111 (Sokoto),WeedPressure
1112,Field SW-01112 (Sokoto),Pest
1113,Field NE-01113 (Akatsi),WeedPressure|Drought
1114,Field NW-01114 (Akatsi),Flood|Pest|NutrientDeficiency
1115,Field NW-01115 (Akatsi),Pest|WeedPressure
1116,Field SW-01116 (Sokoto),FungalDisease|Drought
1117,Field NW-01117 (Kilimani),(no issues listed)
1118,Field C-01118 (Hawassa),NutrientDeficiency|SoilErosion
1119,Field C-01119 (Akatsi),(no issues listed)
1120,Field C-01120 (Sokoto),(no issues listed)
1121,Field NE-01121 (Akatsi),Flood
1122,Field NW-01122 (Kilimani),Pest
1123,Field SE-01123 (Sokoto),FrostDamage
1124,Field NW-01124 (Sokoto),Pest
1125,Field SW-01125 (Hawassa),Drought|HeatStress
1126,Field NW-01126 (Kilimani),Drought|Pest
1127,Field NE-01127 (Amanzi),WeedPressure
1128,Field NW-01128 (Akatsi),FrostDamage|HeatStress|SoilErosion
1129,Field NW-01129 (Hawassa),NutrientDeficiency|Pest|FrostDamage
1130,Field SE-01130 (Kilimani),WeedPressure
1131,Field SE-01131 (Hawassa),HeatStress
1132,Field NW-01132 (Sokoto),WeedPressure|Flood|Pest
1133,Field SW-01133 (Akatsi),SoilErosion|Drought|NutrientDeficiency
1134,Field SE-01134 (Sokoto),NutrientDeficiency
1135,Field C-01135 (Akatsi),Pest
1136,Field SW-01136 (Hawassa),Pest|WeedPressure|NutrientDeficiency
1137,Field SE-01137 (Akatsi),Drought|FrostDamage
1138,Field NE-01138 (Akatsi),FrostDamage|FungalDisease|Pest
1139,Field SW-01139 (Sokoto),Flood|FungalDisease|Drought
1140,Field SW-01140 (Sokoto),WeedPressure
1141,Field NE-01141 (Sokoto),WeedPressure|NutrientDeficiency|SoilErosion
1142,Field NW-01142 (Amanzi),Pest|SoilErosion|NutrientDeficiency
1143,Field SE-01143 (Kilimani),(no issues listed)
1144,Field C-01144 (Kilimani),Drought
1145,Field SE-01145 (Hawassa),FungalDisease
1146,Field C-01146 (Akatsi),HeatStress|Flood
1147,Field NW-01147 (Kilimani),(no issues listed)
1148,Field NE-01148 (Sokoto),NutrientDeficiency
1149,Field C-01149 (Sokoto),Flood|WeedPressure|FungalDisease
1150,Field SW-01150 (Akatsi),NutrientDeficiency|WeedPressure
1151,Field NE-01151 (Amanzi),FungalDisease|NutrientDeficiency
1152,Field SW-01152 (Sokoto),Pest|SoilErosion
1153,Field C-01153 (Sokoto),Flood|WeedPressure|Pest
1154,Field NW-01154 (Akatsi),FrostDamage|Pest|WeedPressure
1155,Field NW-01155 (Kilimani),Flood
1156,Field SE-01156 (Kilimani),Pest|FungalDisease
1157,Field C-01157 (Hawassa),HeatStress|Drought
1158,Field NE-01158 (Hawassa),Pest|FungalDisease|Drought
1159,Field SW-01159 (Hawassa),WeedPressure|Pest|Drought
1160,Field C-01160 (Akatsi),WeedPressure
1161,Field NW-01161 (Hawassa),Drought|Pest|WeedPressure
1162,Field SW-01162 (Amanzi),FungalDisease|NutrientDeficiency|FrostDamage
1163,Field NW-01163 (Akatsi),(no issues listed)
1164,Field NE-01164 (Akatsi),FungalDisease|Flood
1165,Field NW-01165 (Kilimani),HeatStress
1166,Field C-01166 (Sokoto),Drought
1167,Field SW-01167 (Hawassa),(no issues listed)
1168,Field SW-01168 (Akatsi),FungalDisease|WeedPressure|HeatStress
1169,Field SW-01169 (Hawassa),NutrientDeficiency|SoilErosion|FungalDisease
1170,Field C-01170 (Sokoto),FrostDamage|FungalDisease|Pest
1171,Field C-01171 (Kilimani),HeatStress|Drought|SoilErosion
1172,Field C-01172 (Hawassa),Salinity
1173,Field C-01173 (Akatsi),Flood|FungalDisease
1174,Field NW-01174 (Sokoto),(no issues listed)
1175,Field NW-01175 (Kilimani),WeedPressure|HeatStress|NutrientDeficiency
1176,Field SE-01176 (Hawassa),SoilErosion|NutrientDeficiency
1177,Field NE-01177 (Hawassa),(no issues listed)
1178,Field SW-01178 (Akatsi),HeatStress|FungalDisease
1179,Field SW-01179 (Sokoto),FrostDamage|FungalDisease|NutrientDeficiency
1180,Field NW-01180 (Amanzi),Pest|WeedPressure|NutrientDeficiency
1181,Field SW-01181 (Kilimani),Pest|FrostDamage|WeedPressure
1182,Field C-01182 (Hawassa),SoilErosion
1183,Field C-01183 (Hawassa),Drought|Flood|NutrientDeficiency
1184,Field SW-01184 (Sokoto),Flood|NutrientDeficiency|FungalDisease
1185,Field NE-01185 (Amanzi),FrostDamage|WeedPressure|Pest
1186,Field SW-01186 (Kilimani),Salinity|FrostDamage|FungalDisease
1187,Field C-01187 (Akatsi),NutrientDeficiency|Flood
1188,Field SE-01188 (Kilimani),FungalDisease
1189,Field NE-01189 (Akatsi),NutrientDeficiency|Salinity
1190,Field C-01190 (Sokoto),HeatStress|Flood
1191,Field C-01191 (Hawassa),FungalDisease|Flood
1192,Field NE-01192 (Sokoto),HeatStress|FrostDamage|Pest
1193,Field SE-01193 (Amanzi),Flood|Pest
1194,Field SE-01194 (Kilimani),WeedPressure
1195,Field SE-01195 (Sokoto),Flood
1196,Field SW-01196 (Sokoto),(no issues listed)
1197,Field NE-01197 (Hawassa),(no issues listed)
1198,Field SW-01198 (Hawassa),NutrientDeficiency
1199,Field C-01199 (Amanzi),FungalDisease
1200,Field SW-01200 (Hawassa),NutrientDeficiency
1201,Field NE-01201 (Akatsi),(no issues listed)
1202,Field NE-01202 (Akatsi),WeedPressure|Drought|Pest
1203,Field C-01203 (Sokoto),(no issues listed)
1204,Field NE-01204 (Kilimani),Flood|NutrientDeficiency
1205,Field SW-01205 (Hawassa),FungalDisease|FrostDamage
1206,Field NE-01206 (Hawassa),NutrientDeficiency|WeedPressure|FungalDisease
1207,Field SE-01207 (Kilimani),SoilErosion|FungalDisease|WeedPressure
1208,Field SE-01208 (Hawassa),Drought|HeatStress|WeedPressure
1209,Field SE-01209 (Amanzi),NutrientDeficiency
1210,Field SE-01210 (Hawassa),SoilErosion
1211,Field SE-01211 (Hawassa),FungalDisease
1212,Field NE-01212 (Hawassa),(no issues listed)
1213,Field NW-01213 (Amanzi),Flood
1214,Field SE-01214 (Kilimani),Drought|FungalDisease|WeedPressure
1215,Field C-01215 (Akatsi),(no issues listed)
1216,Field SE-01216 (Kilimani),WeedPressure|NutrientDeficiency
1217,Field C-01217 (Hawassa),NutrientDeficiency|WeedPressure
1218,Field C-01218 (Kilimani),WeedPressure|Drought
1219,Field SW-01219 (Hawassa),NutrientDeficiency
1220,Field C-01220 (Sokoto),Drought
1221,Field NW-01221 (Sokoto),NutrientDeficiency|Drought|FungalDisease
1222,Field SW-01222 (Amanzi),NutrientDeficiency|FungalDisease|Drought
1223,Field SW-01223 (Akatsi),FungalDisease|Flood
1224,Field C-01224 (Sokoto),NutrientDeficiency|SoilErosion
1225,Field SE-01225 (Sokoto),SoilErosion|Pest|HeatStress
1226,Field NE-01226 (Amanzi),SoilErosion|WeedPressure|Salinity
1227,Field NW-01227 (Amanzi),HeatStress|Pest
1228,Field C-01228 (Amanzi),WeedPressure|NutrientDeficiency|Pest
1229,Field NW-01229 (Sokoto),SoilErosion|Salinity|FrostDamage
1230,Field NE-01230 (Akatsi),Drought|WeedPressure
1231,Field SW-01231 (Amanzi),SoilErosion|FungalDisease
1232,Field NE-01232 (Hawassa),FrostDamage|FungalDisease
1233,Field SE-01233 (Akatsi),Pest|Drought
1234,Field NW-01234 (Kilimani),(no issues listed)
1235,Field NE-01235 (Kilimani),NutrientDeficiency|WeedPressure
1236,Field C-01236 (Sokoto),WeedPressure|FungalDisease
1237,Field C-01237 (Sokoto),FrostDamage
1238,Field NE-01238 (Hawassa),FrostDamage
1239,Field NE-01239 (Hawassa),WeedPressure
1240,Field C-01240 (Amanzi),NutrientDeficiency
1241,Field SE-01241 (Sokoto),WeedPressure|HeatStress|NutrientDeficiency
1242,Field SW-01242 (Sokoto),WeedPressure
1243,Field C-01243 (Hawassa),FungalDisease|Pest
1244,Field SE-01244 (Hawassa),SoilErosion
1245,Field NE-01245 (Hawassa),Drought|NutrientDeficiency
1246,Field NE-01246 (Hawassa),WeedPressure
1247,Field C-01247 (Akatsi),SoilErosion|Pest
1248,Field C-01248 (Amanzi),FungalDisease|Drought
1249,Field NE-01249 (Amanzi),NutrientDeficiency|HeatStress
1250,Field NW-01250 (Hawassa),Pest|NutrientDeficiency|HeatStress
1251,Field NW-01251 (Sokoto),Flood|HeatStress|NutrientDeficiency
1252,Field SW-01252 (Sokoto),NutrientDeficiency|Flood|Drought
1253,Field NW-01253 (Sokoto),Salinity
1254,Field NW-01254 (Akatsi),Drought|Pest
1255,Field SW-01255 (Akatsi),HeatStress|WeedPressure
1256,Field SE-01256 (Amanzi),Pest
1257,Field SE-01257 (Kilimani),FungalDisease
1258,Field NW-01258 (Hawassa),NutrientDeficiency
1259,Field C-01259 (Hawassa),Flood|WeedPressure
1260,Field NW-01260 (Hawassa),WeedPressure|SoilErosion
1261,Field NW-01261 (Hawassa),NutrientDeficiency
1262,Field SE-01262 (Akatsi),(no issues listed)
1263,Field C-01263 (Hawassa),Pest|Drought
1264,Field SW-01264 (Sokoto),Flood|Pest|FrostDamage
1265,Field SE-01265 (Sokoto),FungalDisease
1266,Field SE-01266 (Sokoto),HeatStress|Pest|WeedPressure
1267,Field C-01267 (Hawassa),NutrientDeficiency
1268,Field SW-01268 (Amanzi),SoilErosion|Pest|HeatStress
1269,Field SE-01269 (Sokoto),Salinity|FungalDisease|Pest
1270,Field SE-01270 (Akatsi),(no issues listed)
1271,Field SW-01271 (Amanzi),SoilErosion|Drought
1272,Field NW-01272 (Akatsi),HeatStress|SoilErosion|Drought
1273,Field NW-01273 (Amanzi),Salinity|HeatStress|WeedPressure
1274,Field NE-01274 (Hawassa),NutrientDeficiency|SoilErosion|Pest
1275,Field NW-01275 (Amanzi),Pest|NutrientDeficiency|FungalDisease
1276,Field SE-01276 (Hawassa),Pest|NutrientDeficiency
1277,Field SW-01277 (Amanzi),SoilErosion|Pest
1278,Field NE-01278 (Kilimani),SoilErosion|WeedPressure|Salinity
1279,Field NW-01279 (Amanzi),(no issues listed)
1280,Field SW-01280 (Akatsi),NutrientDeficiency
1281,Field SW-01281 (Sokoto),Flood|NutrientDeficiency
1282,Field SE-01282 (Amanzi),Drought|NutrientDeficiency
1283,Field NE-01283 (Sokoto),SoilErosion|Salinity|NutrientDeficiency
1284,Field C-01284 (Akatsi),FrostDamage|FungalDisease|SoilErosion
1285,Field NE-01285 (Kilimani),Drought|Pest|WeedPressure
1286,Field C-01286 (Akatsi),HeatStress|Flood|SoilErosion
1287,Field SE-01287 (Akatsi),FungalDisease
1288,Field C-01288 (Hawassa),SoilErosion|Pest|WeedPressure
1289,Field NW-01289 (Hawassa),Pest|Salinity
1290,Field SE-01290 (Amanzi),WeedPressure|Pest
1291,Field NW-01291 (Amanzi),WeedPressure|NutrientDeficiency
1292,Field NW-01292 (Kilimani),Drought|Salinity|Pest
1293,Field SE-01293 (Amanzi),NutrientDeficiency|WeedPressure|Salinity
1294,Field C-01294 (Hawassa),WeedPressure|Flood|Drought
1295,Field C-01295 (Hawassa),HeatStress|SoilErosion
1296,Field C-01296 (Hawassa),Salinity
1297,Field NE-01297 (Kilimani),NutrientDeficiency|Flood|Drought
1298,Field NW-01298 (Amanzi),Drought|WeedPressure
1299,Field SE-01299 (Hawassa),NutrientDeficiency|Pest|FungalDisease
1300,Field C-01300 (Akatsi),(no issues listed)
1301,Field SW-01301 (Sokoto),HeatStress|Flood
1302,Field NW-01302 (Sokoto),Drought|HeatStress
1303,Field NE-01303 (Akatsi),(no issues listed)
1304,Field NW-01304 (Hawassa),Pest|HeatStress|NutrientDeficiency
1305,Field SE-01305 (Amanzi),Pest|WeedPressure
1306,Field SW-01306 (Amanzi),Pest|WeedPressure|HeatStress
1307,Field NE-01307 (Akatsi),(no issues listed)
1308,Field SW-01308 (Hawassa),Flood|WeedPressure|FungalDisease
1309,Field SE-01309 (Sokoto),(no issues listed)
1310,Field NW-01310 (Akatsi),WeedPressure|Drought|HeatStress
1311,Field NE-01311 (Akatsi),SoilErosion|HeatStress
1312,Field NW-01312 (Amanzi),Pest
1313,Field C-01313 (Amanzi),NutrientDeficiency|WeedPressure
1314,Field NW-01314 (Kilimani),NutrientDeficiency|Pest|Drought
1315,Field NW-01315 (Amanzi),(no issues listed)
1316,Field NW-01316 (Hawassa),(no issues listed)
1317,Field NE-01317 (Sokoto),(no issues listed)
1318,Field NW-01318 (Hawassa),NutrientDeficiency|Salinity|WeedPressure
1319,Field NW-01319 (Hawassa),Pest|WeedPressure
1320,Field NW-01320 (Akatsi),WeedPressure
1321,Field NE-01321 (Hawassa),FungalDisease
1322,Field NW-01322 (Sokoto),Flood
1323,Field NE-01323 (Hawassa),NutrientDeficiency|Pest|Drought
1324,Field SW-01324 (Amanzi),Salinity
1325,Field NE-01325 (Akatsi),Salinity
1326,Field C-01326 (Kilimani),NutrientDeficiency
1327,Field SE-01327 (Hawassa),Drought|Salinity|Flood
1328,Field C-01328 (Sokoto),FrostDamage|Flood|NutrientDeficiency
1329,Field NW-01329 (Hawassa),NutrientDeficiency
1330,Field NE-01330 (Akatsi),WeedPressure
1331,Field SW-01331 (Sokoto),Drought
1332,Field SW-01332 (Hawassa),FungalDisease
1333,Field NE-01333 (Sokoto),NutrientDeficiency|WeedPressure
1334,Field SE-01334 (Kilimani),(no issues listed)
1335,Field NW-01335 (Hawassa),Drought|HeatStress|Flood
1336,Field NW-01336 (Kilimani),WeedPressure|HeatStress
1337,Field C-01337 (Akatsi),(no issues listed)
1338,Field NE-01338 (Sokoto),HeatStress|SoilErosion
1339,Field SE-01339 (Hawassa),WeedPressure
1340,Field C-01340 (Akatsi),Pest
1341,Field NE-01341 (Akatsi),WeedPressure|Salinity
1342,Field SW-01342 (Hawassa),Drought
1343,Field SE-01343 (Sokoto),HeatStress
1344,Field SW-01344 (Sokoto),NutrientDeficiency
1345,Field NW-01345 (Akatsi),Pest
1346,Field NE-01346 (Amanzi),WeedPressure|SoilErosion
1347,Field SE-01347 (Amanzi),WeedPressure|Drought
1348,Field SW-01348 (Sokoto),Pest
1349,Field C-01349 (Amanzi),SoilErosion|WeedPressure|Pest
1350,Field SW-01350 (Amanzi),FungalDisease|HeatStress
1351,Field SW-01351 (Sokoto),FungalDisease|HeatStress|NutrientDeficiency
1352,Field SE-01352 (Hawassa),Flood|NutrientDeficiency|Pest
1353,Field NW-01353 (Hawassa),(no issues listed)
1354,Field NE-01354 (Amanzi),WeedPressure|Pest|NutrientDeficiency
1355,Field NE-01355 (Hawassa),FrostDamage|Pest|FungalDisease
1356,Field NW-01356 (Hawassa),Salinity
1357,Field SE-01357 (Amanzi),Flood
1358,Field C-01358 (Kilimani),SoilErosion|Flood
1359,Field SE-01359 (Hawassa),Pest|Flood|WeedPressure
1360,Field SW-01360 (Kilimani),FrostDamage
1361,Field SW-01361 (Hawassa),WeedPressure
1362,Field SE-01362 (Sokoto),NutrientDeficiency
1363,Field SE-01363 (Kilimani),WeedPressure
1364,Field NE-01364 (Kilimani),WeedPressure
1365,Field NE-01365 (Sokoto),Pest
1366,Field SW-01366 (Akatsi),(no issues listed)
1367,Field SW-01367 (Amanzi),(no issues listed)
1368,Field NE-01368 (Amanzi),NutrientDeficiency
1369,Field C-01369 (Amanzi),FungalDisease|HeatStress|Flood
1370,Field C-01370 (Amanzi),WeedPressure|SoilErosion|NutrientDeficiency
1371,Field SE-01371 (Amanzi),WeedPressure|Drought|FungalDisease
1372,Field SW-01372 (Hawassa),(no issues listed)
1373,Field NW-01373 (Amanzi),NutrientDeficiency|Flood|WeedPressure
1374,Field NE-01374 (Amanzi),FrostDamage|NutrientDeficiency|Flood
1375,Field C-01375 (Akatsi),Pest|Drought
1376,Field NE-01376 (Kilimani),SoilErosion|WeedPressure|HeatStress
1377,Field C-01377 (Kilimani),Flood|HeatStress|Pest
1378,Field NE-01378 (Kilimani),HeatStress|WeedPressure
1379,Field C-01379 (Amanzi),Drought|Flood|WeedPressure
1380,Field NE-01380 (Sokoto),Pest|Drought|FungalDisease
1381,Field SW-01381 (Amanzi),Flood
1382,Field NE-01382 (Akatsi),Drought
1383,Field SE-01383 (Sokoto),Salinity|Drought
1384,Field SW-01384 (Hawassa),Pest
1385,Field SW-01385 (Amanzi),(no issues listed)
1386,Field NW-01386 (Sokoto),FrostDamage|SoilErosion
1387,Field SE-01387 (Sokoto),(no issues listed)
1388,Field SE-01388 (Sokoto),Drought
1389,Field SW-01389 (Kilimani),Salinity
1390,Field SW-01390 (Amanzi),Pest
1391,Field C-01391 (Amanzi),Pest|NutrientDeficiency
1392,Field NE-01392 (Hawassa),FrostDamage|NutrientDeficiency|Flood
1393,Field SW-01393 (Sokoto),Drought|NutrientDeficiency|WeedPressure
1394,Field C-01394 (Kilimani),Pest|Drought|FungalDisease
1395,Field SW-01395 (Hawassa),Drought
1396,Field NW-01396 (Kilimani),Flood
1397,Field NE-01397 (Amanzi),HeatStress|SoilErosion
1398,Field SW-01398 (Sokoto),HeatStress|Drought
1399,Field NW-01399 (Sokoto),Salinity|Drought
1400,Field NE-01400 (Sokoto),Salinity
1401,Field SE-01401 (Hawassa),SoilErosion|Salinity
1402,Field C-01402 (Akatsi),FungalDisease
1403,Field SE-01403 (Kilimani),Drought|NutrientDeficiency|Pest
1404,Field SW-01404 (Amanzi),SoilErosion|Flood|Drought
1405,Field NE-01405 (Kilimani),SoilErosion|FrostDamage
1406,Field NW-01406 (Sokoto),FrostDamage
1407,Field C-01407 (Kilimani),WeedPressure|Salinity
1408,Field C-01408 (Amanzi),(no issues listed)
1409,Field NE-01409 (Hawassa),Flood|Drought
1410,Field NE-01410 (Hawassa),Flood
1411,Field NE-01411 (Akatsi),Flood
1412,Field C-01412 (Amanzi),Drought
1413,Field NE-01413 (Kilimani),Pest|WeedPressure|FungalDisease
1414,Field NE-01414 (Akatsi),WeedPressure|NutrientDeficiency
1415,Field SW-01415 (Sokoto),NutrientDeficiency
1416,Field SE-01416 (Akatsi),NutrientDeficiency
1417,Field NW-01417 (Sokoto),Salinity|Pest
1418,Field SE-01418 (Sokoto),WeedPressure|NutrientDeficiency
1419,Field SE-01419 (Akatsi),Pest|Drought
1420,Field SW-01420 (Hawassa),SoilErosion
1421,Field SW-01421 (Akatsi),FungalDisease|NutrientDeficiency|Flood
1422,Field SW-01422 (Kilimani),FrostDamage|Drought
1423,Field NW-01423 (Akatsi),Flood
1424,Field NW-01424 (Amanzi),(no issues listed)
1425,Field SW-01425 (Kilimani),WeedPressure|HeatStress
1426,Field SE-01426 (Akatsi),FungalDisease|NutrientDeficiency|SoilErosion
1427,Field NW-01427 (Amanzi),WeedPressure|NutrientDeficiency
1428,Field C-01428 (Hawassa),HeatStress
1429,Field C-01429 (Kilimani),SoilErosion|Pest
1430,Field SE-01430 (Kilimani),(no issues listed)
1431,Field NW-01431 (Sokoto),(no issues listed)
1432,Field C-01432 (Amanzi),Pest|HeatStress|FrostDamage
1433,Field NE-01433 (Hawassa),HeatStress|SoilErosion
1434,Field SE-01434 (Amanzi),SoilErosion
1435,Field SE-01435 (Akatsi),WeedPressure|FungalDisease
1436,Field SE-01436 (Kilimani),WeedPressure
1437,Field SE-01437 (Amanzi),FungalDisease
1438,Field NE-01438 (Sokoto),SoilErosion
1439,Field C-01439 (Hawassa),Drought
1440,Field NW-01440 (Akatsi),NutrientDeficiency|SoilErosion|Flood
1441,Field C-01441 (Hawassa),Salinity|Pest
1442,Field C-01442 (Akatsi),Salinity
1443,Field NE-01443 (Amanzi),NutrientDeficiency|WeedPressure|Pest
1444,Field SE-01444 (Kilimani),NutrientDeficiency|Drought
1445,Field NE-01445 (Akatsi),(no issues listed)
1446,Field SE-01446 (Akatsi),NutrientDeficiency|Flood|Drought
1447,Field C-01447 (Sokoto),Pest|Drought|FrostDamage
1448,Field SW-01448 (Hawassa),WeedPressure
1449,Field SW-01449 (Hawassa),FrostDamage
1450,Field NW-01450 (Kilimani),HeatStress
1451,Field C-01451 (Sokoto),NutrientDeficiency
1452,Field SW-01452 (Hawassa),Drought|HeatStress|FungalDisease
1453,Field NW-01453 (Amanzi),HeatStress
1454,Field C-01454 (Amanzi),NutrientDeficiency|Pest|SoilErosion
1455,Field NW-01455 (Hawassa),NutrientDeficiency|FungalDisease|HeatStress
1456,Field NE-01456 (Amanzi),Flood|Pest
1457,Field NE-01457 (Hawassa),Pest|HeatStress
1458,Field C-01458 (Hawassa),WeedPressure|HeatStress|NutrientDeficiency
1459,Field SW-01459 (Hawassa),Drought
1460,Field NW-01460 (Hawassa),Pest|NutrientDeficiency|Drought
1461,Field NE-01461 (Kilimani),WeedPressure|Flood|NutrientDeficiency
1462,Field SW-01462 (Kilimani),Pest|HeatStress
1463,Field SE-01463 (Amanzi),NutrientDeficiency|Flood
1464,Field NW-01464 (Kilimani),Salinity
1465,Field SE-01465 (Hawassa),WeedPressure|FungalDisease|Pest
1466,Field NW-01466 (Akatsi),FungalDisease|Drought
1467,Field C-01467 (Amanzi),Pest|WeedPressure
1468,Field SE-01468 (Amanzi),HeatStress
1469,Field NE-01469 (Sokoto),Salinity|Drought|HeatStress
1470,Field NE-01470 (Hawassa),Drought|Pest
1471,Field C-01471 (Kilimani),Salinity|SoilErosion
1472,Field NW-01472 (Akatsi),NutrientDeficiency|Salinity
1473,Field NE-01473 (Akatsi),Drought|Pest
1474,Field NW-01474 (Akatsi),Drought
1475,Field SW-01475 (Akatsi),Drought
1476,Field SW-01476 (Akatsi),FungalDisease|Salinity|Drought
1477,Field NE-01477 (Hawassa),FungalDisease
1478,Field C-01478 (Sokoto),FrostDamage
1479,Field NW-01479 (Sokoto),NutrientDeficiency|WeedPressure
1480,Field NW-01480 (Amanzi),FungalDisease
1481,Field SW-01481 (Amanzi),Pest|WeedPressure|FungalDisease
1482,Field NE-01482 (Kilimani),FrostDamage|Pest
1483,Field C-01483 (Hawassa),Pest|FungalDisease|SoilErosion
1484,Field SE-01484 (Akatsi),NutrientDeficiency|Pest
1485,Field SE-01485 (Akatsi),WeedPressure
1486,Field C-01486 (Kilimani),Drought|FungalDisease
1487,Field NW-01487 (Kilimani),FungalDisease|Drought|Flood
1488,Field SE-01488 (Hawassa),HeatStress|NutrientDeficiency
1489,Field SE-01489 (Amanzi),Pest|WeedPressure
1490,Field C-01490 (Sokoto),(no issues listed)
1491,Field SW-01491 (Hawassa),FungalDisease
1492,Field NW-01492 (Amanzi),(no issues listed)
1493,Field C-01493 (Sokoto),Pest|SoilErosion|Flood
1494,Field SW-01494 (Sokoto),(no issues listed)
1495,Field NE-01495 (Akatsi),SoilErosion|WeedPressure|NutrientDeficiency
1496,Field SE-01496 (Amanzi),FungalDisease|SoilErosion|Pest
1497,Field C-01497 (Amanzi),WeedPressure|NutrientDeficiency|SoilErosion
1498,Field NE-01498 (Kilimani),FungalDisease|HeatStress
1499,Field NE-01499 (Hawassa),Flood|FungalDisease|HeatStress
1500,Field NW-01500 (Akatsi),Pest|HeatStress|FrostDamage
1501,Field NE-01501 (Akatsi),(no issues listed)
1502,Field NW-01502 (Amanzi),Flood|Pest
1503,Field C-01503 (Sokoto),Pest|Flood
1504,Field NE-01504 (Akatsi),Salinity|NutrientDeficiency|WeedPressure
1505,Field SE-01505 (Amanzi),(no issues listed)
1506,Field NE-01506 (Amanzi),Salinity|FungalDisease
1507,Field C-01507 (Sokoto),FungalDisease|Pest|Drought
1508,Field SW-01508 (Kilimani),NutrientDeficiency|FungalDisease
1509,Field C-01509 (Akatsi),Pest|Flood|HeatStress
1510,Field NE-01510 (Kilimani),Drought
1511,Field NE-01511 (Amanzi),Pest|HeatStress
1512,Field SW-01512 (Kilimani),WeedPressure
1513,Field SW-01513 (Sokoto),WeedPressure|Drought
1514,Field SE-01514 (Amanzi),HeatStress|SoilErosion
1515,Field SW-01515 (Amanzi),Pest
1516,Field NE-01516 (Amanzi),NutrientDeficiency|Pest
1517,Field SW-01517 (Akatsi),Salinity|Drought|NutrientDeficiency
1518,Field NE-01518 (Akatsi),Pest
1519,Field NE-01519 (Amanzi),(no issues listed)
1520,Field SE-01520 (Amanzi),HeatStress|Salinity
1521,Field SW-01521 (Sokoto),FrostDamage|HeatStress
1522,Field SE-01522 (Hawassa),Pest
1523,Field C-01523 (Akatsi),NutrientDeficiency|Drought|FungalDisease
1524,Field SW-01524 (Kilimani),NutrientDeficiency|FungalDisease
1525,Field C-01525 (Amanzi),NutrientDeficiency|FungalDisease
1526,Field C-01526 (Akatsi),Pest
1527,Field SE-01527 (Sokoto),Flood|Pest|NutrientDeficiency
1528,Field SE-01528 (Akatsi),Flood
1529,Field NW-01529 (Akatsi),Flood|FungalDisease
1530,Field SE-01530 (Sokoto),FungalDisease
1531,Field NE-01531 (Hawassa),FungalDisease|NutrientDeficiency
1532,Field SE-01532 (Kilimani),Flood|Pest
1533,Field C-01533 (Kilimani),SoilErosion|Drought|WeedPressure
1534,Field SE-01534 (Hawassa),WeedPressure|Drought
1535,Field NW-01535 (Akatsi),NutrientDeficiency|WeedPressure|Drought
1536,Field SE-01536 (Kilimani),Flood
1537,Field C-01537 (Sokoto),Pest|SoilErosion
1538,Field C-01538 (Amanzi),Pest|FrostDamage
1539,Field SW-01539 (Akatsi),Pest
1540,Field NE-01540 (Akatsi),WeedPressure
1541,Field SW-01541 (Amanzi),FungalDisease|WeedPressure
1542,Field NW-01542 (Kilimani),Drought|SoilErosion
1543,Field NW-01543 (Hawassa),(no issues listed)
1544,Field NW-01544 (Amanzi),Flood|Drought
1545,Field SE-01545 (Sokoto),NutrientDeficiency
1546,Field NE-01546 (Akatsi),Drought
1547,Field SW-01547 (Amanzi),Drought|SoilErosion
1548,Field SE-01548 (Amanzi),(no issues listed)
1549,Field NE-01549 (Sokoto),Drought|FungalDisease
1550,Field C-01550 (Akatsi),Drought|FungalDisease|NutrientDeficiency
1551,Field SW-01551 (Akatsi),(no issues listed)
1552,Field SW-01552 (Sokoto),HeatStress|Pest
1553,Field NW-01553 (Sokoto),FungalDisease|Pest|Flood
1554,Field C-01554 (Hawassa),Drought|Flood|Pest
1555,Field C-01555 (Kilimani),Drought
1556,Field NW-01556 (Amanzi),NutrientDeficiency|WeedPressure
1557,Field SE-01557 (Hawassa),NutrientDeficiency|Flood|Drought
1558,Field SE-01558 (Akatsi),SoilErosion|Drought|Pest
1559,Field NE-01559 (Akatsi),Drought
1560,Field C-01560 (Hawassa),Salinity|Pest|FungalDisease
1561,Field SE-01561 (Hawassa),Drought|Flood|FrostDamage
1562,Field SW-01562 (Hawassa),(no issues listed)
1563,Field SW-01563 (Kilimani),NutrientDeficiency
1564,Field SW-01564 (Hawassa),WeedPressure
1565,Field SW-01565 (Kilimani),Pest|FungalDisease
1566,Field NW-01566 (Kilimani),(no issues listed)
1567,Field SE-01567 (Akatsi),Flood
1568,Field NE-01568 (Amanzi),HeatStress|WeedPressure|Pest
1569,Field C-01569 (Kilimani),Pest|SoilErosion|Drought
1570,Field C-01570 (Akatsi),FrostDamage|Flood
1571,Field SE-01571 (Kilimani),Drought|Pest
1572,Field NW-01572 (Sokoto),Pest|Drought|FrostDamage
1573,Field NE-01573 (Hawassa),NutrientDeficiency|WeedPressure|Flood
1574,Field SE-01574 (Amanzi),SoilErosion
1575,Field NW-01575 (Akatsi),Pest|FrostDamage|HeatStress
1576,Field C-01576 (Sokoto),Drought|HeatStress
1577,Field C-01577 (Hawassa),SoilErosion|WeedPressure
1578,Field SW-01578 (Kilimani),(no issues listed)
1579,Field SE-01579 (Amanzi),NutrientDeficiency|FrostDamage|FungalDisease
1580,Field NE-01580 (Sokoto),SoilErosion|NutrientDeficiency
1581,Field SW-01581 (Amanzi),(no issues listed)
1582,Field NW-01582 (Akatsi),WeedPressure
1583,Field NW-01583 (Kilimani),Pest
1584,Field C-01584 (Amanzi),HeatStress
1585,Field NW-01585 (Hawassa),SoilErosion|Drought
1586,Field SE-01586 (Akatsi),(no issues listed)
1587,Field NW-01587 (Amanzi),(no issues listed)
1588,Field C-01588 (Sokoto),WeedPressure|NutrientDeficiency
1589,Field NW-01589 (Hawassa),HeatStress|NutrientDeficiency
1590,Field SW-01590 (Kilimani),SoilErosion|Pest|Drought
1591,Field NE-01591 (Hawassa),Pest|Flood
1592,Field C-01592 (Akatsi),(no issues listed)
1593,Field SE-01593 (Akatsi),(no issues listed)
1594,Field SW-01594 (Kilimani),FungalDisease
1595,Field SW-01595 (Akatsi),Flood
1596,Field NW-01596 (Hawassa),(no issues listed)
1597,Field SW-01597 (Hawassa),FungalDisease|Pest|Flood
1598,Field NE-01598 (Kilimani),NutrientDeficiency|Drought|Salinity
1599,Field NW-01599 (Kilimani),Pest
1600,Field NW-01600 (Kilimani),Drought|Salinity
1601,Field SE-01601 (Akatsi),WeedPressure|Salinity
1602,Field SE-01602 (Sokoto),FungalDisease|NutrientDeficiency
1603,Field C-01603 (Sokoto),SoilErosion
1604,Field SE-01604 (Amanzi),SoilErosion|WeedPressure|Flood
1605,Field NW-01605 (Kilimani),FungalDisease
1606,Field NW-01606 (Amanzi),Drought|FungalDisease|FrostDamage
1607,Field SW-01607 (Amanzi),HeatStress|SoilErosion
1608,Field SW-01608 (Amanzi),(no issues listed)
1609,Field SE-01609 (Amanzi),Flood
1610,Field SE-01610 (Kilimani),WeedPressure|Flood|SoilErosion
1611,Field SW-01611 (Amanzi),Flood|SoilErosion|Pest
1612,Field C-01612 (Kilimani),FrostDamage|FungalDisease|Pest
1613,Field C-01613 (Amanzi),FungalDisease
1614,Field NW-01614 (Kilimani),NutrientDeficiency
1615,Field SE-01615 (Akatsi),Flood|Salinity
1616,Field SE-01616 (Amanzi),Salinity|HeatStress|FungalDisease
1617,Field NW-01617 (Akatsi),FungalDisease|NutrientDeficiency
1618,Field C-01618 (Hawassa),WeedPressure|NutrientDeficiency|Flood
1619,Field NW-01619 (Amanzi),WeedPressure|Drought|Pest
1620,Field SW-01620 (Sokoto),Salinity
1621,Field C-01621 (Hawassa),HeatStress|NutrientDeficiency|SoilErosion
1622,Field NW-01622 (Hawassa),(no issues listed)
1623,Field C-01623 (Hawassa),Pest|SoilErosion|WeedPressure
1624,Field SE-01624 (Kilimani),WeedPressure|FungalDisease
1625,Field SE-01625 (Akatsi),NutrientDeficiency|Salinity
1626,Field NW-01626 (Kilimani),Pest
1627,Field C-01627 (Kilimani),Flood
1628,Field SW-01628 (Sokoto),Pest
1629,Field NE-01629 (Hawassa),SoilErosion
1630,Field SE-01630 (Amanzi),WeedPressure|FungalDisease
1631,Field NE-01631 (Amanzi),Drought
1632,Field NW-01632 (Akatsi),FungalDisease
1633,Field SW-01633 (Kilimani),FrostDamage|Salinity
1634,Field SW-01634 (Amanzi),(no issues listed)
1635,Field C-01635 (Hawassa),Drought|NutrientDeficiency|WeedPressure
1636,Field NE-01636 (Amanzi),Pest
1637,Field SW-01637 (Sokoto),WeedPressure
1638,Field NE-01638 (Amanzi),WeedPressure|Salinity
1639,Field SE-01639 (Hawassa),WeedPressure|Pest|Drought
1640,Field SE-01640 (Kilimani),Pest|Flood|WeedPressure
1641,Field NE-01641 (Sokoto),Flood
1642,Field NW-01642 (Kilimani),SoilErosion|FungalDisease
1643,Field SW-01643 (Akatsi),(no issues listed)
1644,Field SW-01644 (Sokoto),NutrientDeficiency|SoilErosion
1645,Field NE-01645 (Akatsi),Pest
1646,Field NE-01646 (Hawassa),FungalDisease|Salinity|Drought
1647,Field NE-01647 (Sokoto),Flood|WeedPressure
1648,Field C-01648 (Hawassa),(no issues listed)
1649,Field NE-01649 (Hawassa),HeatStress|Pest|FungalDisease
1650,Field NW-01650 (Akatsi),WeedPressure|Flood|Salinity
1651,Field SE-01651 (Kilimani),HeatStress
1652,Field SW-01652 (Kilimani),FungalDisease
1653,Field C-01653 (Hawassa),Flood|SoilErosion|Pest
1654,Field SE-01654 (Amanzi),SoilErosion
1655,Field NE-01655 (Sokoto),Pest|NutrientDeficiency|Drought
1656,Field SE-01656 (Akatsi),(no issues listed)
1657,Field NW-01657 (Sokoto),WeedPressure
1658,Field NE-01658 (Sokoto),FungalDisease
1659,Field NW-01659 (Kilimani),Drought
1660,Field SW-01660 (Akatsi),Pest|FrostDamage|FungalDisease
1661,Field NE-01661 (Sokoto),(no issues listed)
1662,Field SW-01662 (Akatsi),Pest|WeedPressure|Drought
1663,Field SE-01663 (Akatsi),Pest|NutrientDeficiency|WeedPressure
1664,Field NE-01664 (Akatsi),Pest|FungalDisease|NutrientDeficiency
1665,Field NE-01665 (Hawassa),(no issues listed)
1666,Field SE-01666 (Sokoto),SoilErosion
1667,Field SE-01667 (Kilimani),Pest|Salinity
1668,Field SW-01668 (Hawassa),WeedPressure
1669,Field C-01669 (Sokoto),Flood
1670,Field NW-01670 (Akatsi),Drought
1671,Field C-01671 (Kilimani),Drought|WeedPressure
1672,Field NW-01672 (Akatsi),Drought|Flood
1673,Field SW-01673 (Sokoto),FrostDamage
1674,Field SW-01674 (Sokoto),(no issues listed)
1675,Field C-01675 (Hawassa),FungalDisease
1676,Field C-01676 (Sokoto),Drought|Flood
1677,Field NE-01677 (Sokoto),Drought|NutrientDeficiency|FungalDisease
1678,Field C-01678 (Sokoto),WeedPressure|Drought|Pest
1679,Field C-01679 (Akatsi),Pest
1680,Field NW-01680 (Kilimani),Pest|NutrientDeficiency|FungalDisease
1681,Field NW-01681 (Amanzi),WeedPressure|Pest|FungalDisease
1682,Field NW-01682 (Sokoto),Pest|NutrientDeficiency
1683,Field NE-01683 (Kilimani),FungalDisease|WeedPressure
1684,Field C-01684 (Amanzi),FungalDisease
1685,Field SW-01685 (Sokoto),Pest|Flood|FrostDamage
1686,Field NW-01686 (Hawassa),(no issues listed)
1687,Field NE-01687 (Akatsi),WeedPressure|NutrientDeficiency|FrostDamage
1688,Field NW-01688 (Sokoto),SoilErosion
1689,Field NW-01689 (Hawassa),HeatStress
1690,Field NE-01690 (Hawassa),(no issues listed)
1691,Field SE-01691 (Sokoto),Drought
1692,Field SW-01692 (Akatsi),(no issues listed)
1693,Field NE-01693 (Amanzi),Pest|FungalDisease
1694,Field NE-01694 (Amanzi),Pest|WeedPressure
1695,Field NE-01695 (Sokoto),WeedPressure|FrostDamage|FungalDisease
1696,Field SW-01696 (Hawassa),Pest|Drought
1697,Field NE-01697 (Akatsi),FrostDamage|FungalDisease
1698,Field SW-01698 (Kilimani),Flood
1699,Field NW-01699 (Hawassa),NutrientDeficiency|Pest
1700,Field SW-01700 (Amanzi),HeatStress|Flood
1701,Field NE-01701 (Akatsi),(no issues listed)
1702,Field SW-01702 (Amanzi),(no issues listed)
1703,Field C-01703 (Kilimani),Drought|SoilErosion|NutrientDeficiency
1704,Field SE-01704 (Sokoto),WeedPressure
1705,Field SW-01705 (Akatsi),HeatStress
1706,Field SW-01706 (Amanzi),(no issues listed)
1707,Field NW-01707 (Kilimani),WeedPressure|Flood
1708,Field NE-01708 (Kilimani),HeatStress|Pest|FungalDisease
1709,Field SW-01709 (Kilimani),Pest
1710,Field NW-01710 (Akatsi),Flood
1711,Field C-01711 (Akatsi),FungalDisease|Pest|WeedPressure
1712,Field C-01712 (Sokoto),Pest
1713,Field C-01713 (Sokoto),Drought|Pest
1714,Field C-01714 (Kilimani),Drought|NutrientDeficiency
1715,Field NE-01715 (Amanzi),SoilErosion|Drought|HeatStress
1716,Field NW-01716 (Sokoto),Flood|FrostDamage
1717,Field SE-01717 (Sokoto),Drought|SoilErosion
1718,Field C-01718 (Hawassa),Pest|FrostDamage
1719,Field SE-01719 (Hawassa),Drought|HeatStress
1720,Field NE-01720 (Akatsi),(no issues listed)
1721,Field SW-01721 (Kilimani),NutrientDeficiency|FungalDisease
1722,Field C-01722 (Sokoto),WeedPressure|NutrientDeficiency|FrostDamage
1723,Field NW-01723 (Akatsi),Flood|WeedPressure|Drought
1724,Field SE-01724 (Hawassa),Drought
1725,Field NW-01725 (Hawassa),(no issues listed)
1726,Field SW-01726 (Amanzi),WeedPressure
1727,Field NW-01727 (Kilimani),FrostDamage
1728,Field SW-01728 (Akatsi),Drought|Pest
1729,Field NW-01729 (Hawassa),Drought|WeedPressure
1730,Field SW-01730 (Kilimani),NutrientDeficiency|WeedPressure|Drought
1731,Field NW-01731 (Kilimani),(no issues listed)
1732,Field SE-01732 (Akatsi),WeedPressure
1733,Field SW-01733 (Amanzi),Drought
1734,Field NW-01734 (Kilimani),Flood|NutrientDeficiency|Pest
1735,Field NW-01735 (Kilimani),(no issues listed)
1736,Field SW-01736 (Amanzi),Pest
1737,Field NW-01737 (Kilimani),WeedPressure
1738,Field SW-01738 (Kilimani),Flood|Pest|SoilErosion
1739,Field SE-01739 (Kilimani),Flood
1740,Field SE-01740 (Kilimani),Flood
1741,Field C-01741 (Kilimani),Salinity|Flood
1742,Field NW-01742 (Kilimani),WeedPressure|HeatStress
1743,Field SE-01743 (Sokoto),Drought
1744,Field C-01744 (Kilimani),WeedPressure|Pest|NutrientDeficiency
1745,Field C-01745 (Amanzi),(no issues listed)
1746,Field NE-01746 (Hawassa),Drought
1747,Field SW-01747 (Amanzi),SoilErosion|WeedPressure|Flood
1748,Field SE-01748 (Hawassa),Pest|Drought|NutrientDeficiency
1749,Field SE-01749 (Akatsi),NutrientDeficiency|Pest
1750,Field SE-01750 (Amanzi),WeedPressure|Pest|HeatStress
1751,Field SW-01751 (Amanzi),Pest
1752,Field NW-01752 (Hawassa),WeedPressure|HeatStress|FungalDisease
1753,Field NE-01753 (Akatsi),FungalDisease
1754,Field NE-01754 (Hawassa),FrostDamage|NutrientDeficiency
1755,Field NW-01755 (Kilimani),FungalDisease|Pest|Drought
1756,Field NE-01756 (Amanzi),WeedPressure|FungalDisease|FrostDamage
1757,Field C-01757 (Amanzi),FungalDisease|Flood|NutrientDeficiency
1758,Field NW-01758 (Sokoto),HeatStress
1759,Field NW-01759 (Sokoto),NutrientDeficiency|WeedPressure|SoilErosion
1760,Field NE-01760 (Akatsi),Drought|WeedPressure
1761,Field NW-01761 (Akatsi),Pest|Flood
1762,Field C-01762 (Amanzi),Pest
1763,Field SW-01763 (Sokoto),NutrientDeficiency|WeedPressure
1764,Field NW-01764 (Amanzi),Pest|WeedPressure|SoilErosion
1765,Field NW-01765 (Sokoto),(no issues listed)
1766,Field C-01766 (Amanzi),Pest|FungalDisease|HeatStress
1767,Field SW-01767 (Akatsi),HeatStress
1768,Field C-01768 (Hawassa),SoilErosion|Pest|WeedPressure
1769,Field SE-01769 (Sokoto),Flood
1770,Field NW-01770 (Sokoto),NutrientDeficiency|Salinity|Pest
1771,Field NE-01771 (Kilimani),SoilErosion
1772,Field SE-01772 (Amanzi),Drought
1773,Field SE-01773 (Kilimani),SoilErosion|FungalDisease
1774,Field SW-01774 (Hawassa),(no issues listed)
1775,Field C-01775 (Akatsi),SoilErosion
1776,Field NE-01776 (Akatsi),SoilErosion
1777,Field NE-01777 (Kilimani),HeatStress
1778,Field C-01778 (Sokoto),Drought|FungalDisease|Pest
1779,Field SE-01779 (Kilimani),Pest
1780,Field SE-01780 (Hawassa),Flood
1781,Field SW-01781 (Akatsi),Pest
1782,Field NW-01782 (Sokoto),WeedPressure
1783,Field NW-01783 (Sokoto),(no issues listed)
1784,Field NW-01784 (Hawassa),Pest
1785,Field NE-01785 (Sokoto),HeatStress|Pest
1786,Field NW-01786 (Hawassa),FungalDisease|Pest|Salinity
1787,Field SW-01787 (Hawassa),Drought
1788,Field NW-01788 (Amanzi),NutrientDeficiency
1789,Field NW-01789 (Kilimani),HeatStress|WeedPressure|Drought
1790,Field SE-01790 (Akatsi),FungalDisease|Pest|HeatStress
1791,Field SE-01791 (Amanzi),Drought
1792,Field NE-01792 (Kilimani),FungalDisease|WeedPressure
1793,Field SE-01793 (Akatsi),Salinity|NutrientDeficiency
1794,Field C-01794 (Sokoto),HeatStress
1795,Field NE-01795 (Amanzi),FungalDisease
1796,Field NE-01796 (Hawassa),SoilErosion|NutrientDeficiency
1797,Field SE-01797 (Kilimani),Drought|NutrientDeficiency|FungalDisease
1798,Field SE-01798 (Kilimani),Drought|SoilErosion
1799,Field SE-01799 (Hawassa),Pest|SoilErosion|FungalDisease
1800,Field C-01800 (Kilimani),(no issues listed)
1801,Field NW-01801 (Kilimani),WeedPressure
1802,Field SW-01802 (Hawassa),WeedPressure|FungalDisease|Drought
1803,Field SW-01803 (Akatsi),Flood|SoilErosion|Pest
1804,Field C-01804 (Kilimani),FungalDisease|SoilErosion
1805,Field C-01805 (Hawassa),(no issues listed)
1806,Field NE-01806 (Amanzi),Drought|WeedPressure|NutrientDeficiency
1807,Field NE-01807 (Hawassa),(no issues listed)
1808,Field NW-01808 (Sokoto),NutrientDeficiency
1809,Field NW-01809 (Akatsi),NutrientDeficiency|Drought|FungalDisease
1810,Field C-01810 (Hawassa),Drought
1811,Field C-01811 (Amanzi),Drought
1812,Field C-01812 (Kilimani),Salinity
1813,Field C-01813 (Sokoto),Drought|Flood
1814,Field SE-01814 (Akatsi),FrostDamage|FungalDisease
1815,Field SE-01815 (Kilimani),Drought|SoilErosion
1816,Field C-01816 (Amanzi),NutrientDeficiency|WeedPressure|FungalDisease
1817,Field SW-01817 (Akatsi),FungalDisease|SoilErosion|WeedPressure
1818,Field SW-01818 (Sokoto),NutrientDeficiency|SoilErosion
1819,Field SW-01819 (Kilimani),HeatStress
1820,Field NE-01820 (Akatsi),Flood|WeedPressure|Drought
1821,Field SW-01821 (Kilimani),HeatStress|WeedPressure
1822,Field SW-01822 (Akatsi),HeatStress|FrostDamage|FungalDisease
1823,Field SW-01823 (Amanzi),SoilErosion|NutrientDeficiency|HeatStress
1824,Field SW-01824 (Amanzi),(no issues listed)
1825,Field NW-01825 (Hawassa),Flood|Drought
1826,Field NE-01826 (Kilimani),Salinity|FungalDisease|Pest
1827,Field SE-01827 (Hawassa),HeatStress|Pest|Salinity
1828,Field SW-01828 (Akatsi),Pest|WeedPressure
1829,Field C-01829 (Akatsi),SoilErosion
1830,Field NE-01830 (Sokoto),WeedPressure
1831,Field SE-01831 (Hawassa),FungalDisease
1832,Field NW-01832 (Sokoto),Pest|WeedPressure|NutrientDeficiency
1833,Field C-01833 (Hawassa),NutrientDeficiency
1834,Field NE-01834 (Hawassa),Drought
1835,Field NW-01835 (Akatsi),NutrientDeficiency|FungalDisease|Pest
1836,Field SW-01836 (Hawassa),HeatStress|Pest
1837,Field NE-01837 (Kilimani),FungalDisease|Drought|SoilErosion
1838,Field NW-01838 (Kilimani),FrostDamage
1839,Field SE-01839 (Sokoto),Flood|SoilErosion|HeatStress
1840,Field C-01840 (Kilimani),Pest
1841,Field NE-01841 (Hawassa),Pest|NutrientDeficiency|WeedPressure
1842,Field NW-01842 (Akatsi),NutrientDeficiency|FungalDisease|Pest
1843,Field SE-01843 (Hawassa),WeedPressure
1844,Field SE-01844 (Hawassa),WeedPressure|Drought|NutrientDeficiency
1845,Field NW-01845 (Sokoto),WeedPressure
1846,Field SW-01846 (Kilimani),FrostDamage|SoilErosion
1847,Field NW-01847 (Amanzi),(no issues listed)
1848,Field SW-01848 (Akatsi),NutrientDeficiency|HeatStress|Salinity
1849,Field SW-01849 (Sokoto),NutrientDeficiency|FungalDisease|Pest
1850,Field NE-01850 (Kilimani),Pest|Flood
1851,Field C-01851 (Sokoto),WeedPressure|HeatStress
1852,Field SW-01852 (Hawassa),Drought|FungalDisease|NutrientDeficiency
1853,Field SW-01853 (Sokoto),(no issues listed)
1854,Field NW-01854 (Kilimani),NutrientDeficiency|Drought|SoilErosion
1855,Field NW-01855 (Sokoto),FungalDisease
1856,Field SW-01856 (Sokoto),Drought
1857,Field NW-01857 (Hawassa),Pest
1858,Field NW-01858 (Akatsi),(no issues listed)
1859,Field NE-01859 (Akatsi),FrostDamage|NutrientDeficiency|FungalDisease
1860,Field SE-01860 (Kilimani),Pest
1861,Field SE-01861 (Amanzi),HeatStress|Flood|NutrientDeficiency
1862,Field SE-01862 (Hawassa),NutrientDeficiency|Salinity
1863,Field C-01863 (Hawassa),SoilErosion|Pest|Drought
1864,Field SE-01864 (Amanzi),Pest
1865,Field C-01865 (Hawassa),Flood|NutrientDeficiency
1866,Field NE-01866 (Amanzi),NutrientDeficiency
1867,Field NE-01867 (Hawassa),(no issues listed)
1868,Field SW-01868 (Kilimani),FungalDisease|WeedPressure|HeatStress
1869,Field SW-01869 (Amanzi),WeedPressure|Flood
1870,Field C-01870 (Sokoto),(no issues listed)
1871,Field C-01871 (Kilimani),HeatStress
1872,Field SW-01872 (Amanzi),Pest|NutrientDeficiency|SoilErosion
1873,Field C-01873 (Amanzi),Drought|Pest
1874,Field C-01874 (Sokoto),Flood|WeedPressure|SoilErosion
1875,Field SW-01875 (Kilimani),(no issues listed)
1876,Field SE-01876 (Hawassa),HeatStress|Pest
1877,Field SE-01877 (Sokoto),WeedPressure|FungalDisease|Drought
1878,Field NW-01878 (Akatsi),Pest|HeatStress|NutrientDeficiency
1879,Field C-01879 (Sokoto),NutrientDeficiency|HeatStress
1880,Field SE-01880 (Kilimani),(no issues listed)
1881,Field NW-01881 (Hawassa),FungalDisease|Drought|Pest
1882,Field C-01882 (Sokoto),SoilErosion|Pest|HeatStress
1883,Field SW-01883 (Amanzi),NutrientDeficiency
1884,Field C-01884 (Sokoto),Flood
1885,Field C-01885 (Akatsi),(no issues listed)
1886,Field NE-01886 (Hawassa),Drought
1887,Field C-01887 (Sokoto),Pest|NutrientDeficiency|FrostDamage
1888,Field SW-01888 (Sokoto),WeedPressure|Salinity|HeatStress
1889,Field NW-01889 (Amanzi),WeedPressure
1890,Field C-01890 (Hawassa),HeatStress
1891,Field NW-01891 (Hawassa),Flood|NutrientDeficiency|SoilErosion
1892,Field SE-01892 (Hawassa),(no issues listed)
1893,Field SE-01893 (Amanzi),Drought|SoilErosion
1894,Field SW-01894 (Sokoto),Pest
1895,Field SE-01895 (Hawassa),Pest|FungalDisease|WeedPressure
1896,Field SW-01896 (Kilimani),(no issues listed)
1897,Field NW-01897 (Amanzi),Pest|Flood
1898,Field SW-01898 (Amanzi),(no issues listed)
1899,Field C-01899 (Sokoto),SoilErosion|NutrientDeficiency|FrostDamage
1900,Field NW-01900 (Hawassa),FungalDisease|Flood|Drought
1901,Field NW-01901 (Hawassa),HeatStress|NutrientDeficiency
1902,Field C-01902 (Akatsi),FungalDisease
1903,Field NE-01903 (Hawassa),(no issues listed)
1904,Field NW-01904 (Kilimani),FungalDisease|NutrientDeficiency
1905,Field SE-01905 (Sokoto),Drought
1906,Field NW-01906 (Amanzi),HeatStress|Pest|FungalDisease
1907,Field SE-01907 (Sokoto),Drought|Salinity|Pest
1908,Field NW-01908 (Amanzi),Drought|FrostDamage|NutrientDeficiency
1909,Field SW-01909 (Hawassa),Salinity|FungalDisease
1910,Field NW-01910 (Kilimani),NutrientDeficiency|WeedPressure
1911,Field NW-01911 (Sokoto),FungalDisease
1912,Field SW-01912 (Kilimani),WeedPressure|Drought
1913,Field NE-01913 (Amanzi),Pest|HeatStress
1914,Field NW-01914 (Sokoto),Drought|FungalDisease|Flood
1915,Field NE-01915 (Akatsi),Drought
1916,Field NE-01916 (Hawassa),FungalDisease
1917,Field C-01917 (Sokoto),FungalDisease
1918,Field NW-01918 (Akatsi),FungalDisease
1919,Field NE-01919 (Sokoto),Salinity
1920,Field NE-01920 (Amanzi),WeedPressure
1921,Field C-01921 (Sokoto),WeedPressure
1922,Field SW-01922 (Akatsi),WeedPressure
1923,Field NW-01923 (Akatsi),Pest|HeatStress|Drought
1924,Field SW-01924 (Hawassa),HeatStress
1925,Field NW-01925 (Sokoto),HeatStress
1926,Field NE-01926 (Kilimani),Salinity
1927,Field NE-01927 (Kilimani),FrostDamage
1928,Field SW-01928 (Sokoto),FrostDamage|Pest
1929,Field SW-01929 (Sokoto),Salinity|SoilErosion|FungalDisease
1930,Field SW-01930 (Akatsi),Pest|NutrientDeficiency
1931,Field SE-01931 (Sokoto),Drought
1932,Field SW-01932 (Hawassa),Drought|NutrientDeficiency|Pest
1933,Field C-01933 (Sokoto),HeatStress
1934,Field C-01934 (Amanzi),HeatStress|NutrientDeficiency|Salinity
1935,Field SW-01935 (Akatsi),WeedPressure
1936,Field C-01936 (Hawassa),WeedPressure|HeatStress
1937,Field NW-01937 (Hawassa),Drought|WeedPressure|HeatStress
1938,Field C-01938 (Amanzi),FungalDisease|HeatStress|WeedPressure
1939,Field C-01939 (Akatsi),FungalDisease|WeedPressure
1940,Field NW-01940 (Hawassa),Drought|SoilErosion
1941,Field NW-01941 (Sokoto),NutrientDeficiency|FrostDamage
1942,Field NW-01942 (Hawassa),(no issues listed)
1943,Field C-01943 (Akatsi),FungalDisease|Flood
1944,Field C-01944 (Sokoto),HeatStress|WeedPressure|Flood
1945,Field NE-01945 (Amanzi),Pest
1946,Field NE-01946 (Kilimani),(no issues listed)
1947,Field SE-01947 (Kilimani),Salinity|HeatStress|FungalDisease
1948,Field NW-01948 (Kilimani),NutrientDeficiency|HeatStress|FungalDisease
1949,Field NW-01949 (Sokoto),Pest|FrostDamage|Salinity
1950,Field NE-01950 (Hawassa),WeedPressure|HeatStress
1951,Field SW-01951 (Amanzi),Flood
1952,Field SE-01952 (Hawassa),(no issues listed)
1953,Field NW-01953 (Kilimani),FrostDamage
1954,Field SE-01954 (Amanzi),SoilErosion
1955,Field NW-01955 (Sokoto),Drought
1956,Field SE-01956 (Hawassa),Pest|WeedPressure
1957,Field C-01957 (Hawassa),HeatStress|Drought|WeedPressure
1958,Field NW-01958 (Kilimani),(no issues listed)
1959,Field C-01959 (Kilimani),Pest|WeedPressure|Flood
1960,Field C-01960 (Amanzi),(no issues listed)
1961,Field NE-01961 (Amanzi),(no issues listed)
1962,Field SW-01962 (Amanzi),HeatStress|FungalDisease
1963,Field SW-01963 (Kilimani),WeedPressure|HeatStress|Salinity
1964,Field SW-01964 (Kilimani),Pest|WeedPressure
1965,Field NW-01965 (Amanzi),NutrientDeficiency|Pest|WeedPressure
1966,Field C-01966 (Akatsi),HeatStress|NutrientDeficiency
1967,Field NE-01967 (Hawassa),Drought
1968,Field NE-01968 (Amanzi),FrostDamage
1969,Field NE-01969 (Hawassa),Pest|HeatStress
1970,Field NW-01970 (Sokoto),Drought
1971,Field C-01971 (Amanzi),(no issues listed)
1972,Field C-01972 (Amanzi),NutrientDeficiency|FungalDisease|Salinity
1973,Field SW-01973 (Hawassa),Pest
1974,Field C-01974 (Hawassa),NutrientDeficiency
1975,Field SE-01975 (Kilimani),Pest|WeedPressure
1976,Field SE-01976 (Sokoto),(no issues listed)
1977,Field C-01977 (Hawassa),Pest|NutrientDeficiency
1978,Field C-01978 (Amanzi),(no issues listed)
1979,Field SW-01979 (Akatsi),WeedPressure|NutrientDeficiency
1980,Field SW-01980 (Amanzi),HeatStress|Pest|WeedPressure
1981,Field SW-01981 (Kilimani),HeatStress|Flood
1982,Field NE-01982 (Hawassa),NutrientDeficiency|Pest
1983,Field SE-01983 (Sokoto),Drought|Pest
1984,Field C-01984 (Sokoto),SoilErosion|Flood
1985,Field SE-01985 (Akatsi),Pest
1986,Field SE-01986 (Sokoto),Drought|Pest|HeatStress
1987,Field NE-01987 (Kilimani),HeatStress|WeedPressure|SoilErosion
1988,Field NW-01988 (Hawassa),(no issues listed)
1989,Field NW-01989 (Amanzi),FungalDisease
1990,Field C-01990 (Amanzi),(no issues listed)
1991,Field C-01991 (Sokoto),HeatStress|WeedPressure
1992,Field NE-01992 (Akatsi),Flood
1993,Field SW-01993 (Amanzi),Pest|Salinity|NutrientDeficiency
1994,Field NW-01994 (Amanzi),Drought
1995,Field SE-01995 (Amanzi),Drought
1996,Field NW-01996 (Akatsi),NutrientDeficiency
1997,Field NW-01997 (Sokoto),WeedPressure
1998,Field SW-01998 (Kilimani),Flood|WeedPressure
1999,Field SE-01999 (Amanzi),FungalDisease
2000,Field NW-02000 (Sokoto),SoilErosion
2001,Field C-02001 (Amanzi),HeatStress|SoilErosion|WeedPressure
2002,Field NW-02002 (Akatsi),FungalDisease
2003,Field SE-02003 (Hawassa),(no issues listed)
2004,Field C-02004 (Akatsi),Pest|HeatStress
2005,Field NW-02005 (Kilimani),WeedPressure|Flood|NutrientDeficiency
2006,Field NW-02006 (Amanzi),(no issues listed)
2007,Field SW-02007 (Amanzi),Flood
2008,Field SW-02008 (Amanzi),Pest|NutrientDeficiency|Drought
2009,Field SE-02009 (Amanzi),(no issues listed)
2010,Field SE-02010 (Amanzi),NutrientDeficiency|Flood|FungalDisease
2011,Field NE-02011 (Sokoto),SoilErosion|NutrientDeficiency
2012,Field SW-02012 (Sokoto),NutrientDeficiency|Pest
2013,Field SE-02013 (Kilimani),FungalDisease
2014,Field SE-02014 (Kilimani),Salinity|NutrientDeficiency|WeedPressure
2015,Field C-02015 (Hawassa),HeatStress|WeedPressure|Flood
2016,Field SE-02016 (Kilimani),WeedPressure|NutrientDeficiency
2017,Field SE-02017 (Akatsi),Pest|FungalDisease|HeatStress
2018,Field NW-02018 (Sokoto),Drought|FrostDamage|NutrientDeficiency
2019,Field C-02019 (Akatsi),FungalDisease|WeedPressure|Pest
2020,Field C-02020 (Akatsi),FungalDisease|HeatStress
2021,Field C-02021 (Amanzi),WeedPressure
2022,Field C-02022 (Hawassa),(no issues listed)
2023,Field SE-02023 (Amanzi),NutrientDeficiency
2024,Field SE-02024 (Kilimani),SoilErosion|NutrientDeficiency
2025,Field C-02025 (Sokoto),Drought
2026,Field SE-02026 (Hawassa),(no issues listed)
2027,Field SE-02027 (Amanzi),(no issues listed)
2028,Field C-02028 (Hawassa),Pest
2029,Field SE-02029 (Hawassa),WeedPressure
2030,Field C-02030 (Akatsi),NutrientDeficiency|SoilErosion|FrostDamage
2031,Field SE-02031 (Sokoto),Pest
2032,Field NE-02032 (Amanzi),WeedPressure|SoilErosion
2033,Field NW-02033 (Akatsi),Pest|Flood
2034,Field SW-02034 (Amanzi),NutrientDeficiency
2035,Field SW-02035 (Hawassa),(no issues listed)
2036,Field SE-02036 (Kilimani),Salinity
2037,Field SW-02037 (Akatsi),NutrientDeficiency|Pest
2038,Field NE-02038 (Akatsi),SoilErosion|WeedPressure
2039,Field NW-02039 (Kilimani),Pest|WeedPressure|Drought
2040,Field SE-02040 (Akatsi),HeatStress|NutrientDeficiency
2041,Field SW-02041 (Akatsi),NutrientDeficiency|Flood|WeedPressure
2042,Field C-02042 (Sokoto),HeatStress|Salinity|Pest
2043,Field SE-02043 (Kilimani),WeedPressure
2044,Field C-02044 (Hawassa),Pest|Flood
2045,Field NW-02045 (Hawassa),SoilErosion|FungalDisease
2046,Field C-02046 (Sokoto),NutrientDeficiency|WeedPressure
2047,Field SE-02047 (Sokoto),Salinity
2048,Field SW-02048 (Hawassa),FungalDisease
2049,Field SW-02049 (Amanzi),HeatStress|NutrientDeficiency
2050,Field NW-02050 (Sokoto),HeatStress|WeedPressure
2051,Field SE-02051 (Kilimani),SoilErosion|FungalDisease|Salinity
2052,Field C-02052 (Akatsi),SoilErosion|Pest|WeedPressure
2053,Field NE-02053 (Amanzi),Salinity|FungalDisease
2054,Field SW-02054 (Amanzi),Flood|NutrientDeficiency
2055,Field C-02055 (Akatsi),FrostDamage|Flood
2056,Field SE-02056 (Amanzi),HeatStress|Drought|NutrientDeficiency
2057,Field NW-02057 (Sokoto),Pest
2058,Field NW-02058 (Sokoto),HeatStress
2059,Field SE-02059 (Amanzi),FungalDisease|Drought|NutrientDeficiency
2060,Field SW-02060 (Akatsi),HeatStress
2061,Field NE-02061 (Akatsi),FrostDamage
2062,Field SE-02062 (Akatsi),Drought
2063,Field SW-02063 (Sokoto),Drought
2064,Field NW-02064 (Akatsi),Pest
2065,Field SW-02065 (Sokoto),HeatStress|NutrientDeficiency|WeedPressure
2066,Field NW-02066 (Akatsi),(no issues listed)
2067,Field NW-02067 (Amanzi),HeatStress
2068,Field SE-02068 (Sokoto),WeedPressure|Flood
2069,Field NE-02069 (Amanzi),Flood
2070,Field NE-02070 (Sokoto),WeedPressure
2071,Field NE-02071 (Hawassa),Pest|Salinity
2072,Field SE-02072 (Akatsi),Pest|Drought|Salinity
2073,Field NE-02073 (Kilimani),NutrientDeficiency
2074,Field C-02074 (Amanzi),Pest|HeatStress
2075,Field SE-02075 (Kilimani),SoilErosion
2076,Field NE-02076 (Kilimani),Flood|Drought|Salinity
2077,Field SW-02077 (Amanzi),Pest|Flood
2078,Field C-02078 (Amanzi),FungalDisease
2079,Field C-02079 (Sokoto),NutrientDeficiency|FungalDisease
2080,Field NW-02080 (Sokoto),(no issues listed)
2081,Field NW-02081 (Akatsi),NutrientDeficiency|HeatStress|FrostDamage
2082,Field SW-02082 (Kilimani),NutrientDeficiency|HeatStress|FungalDisease
2083,Field NE-02083 (Hawassa),WeedPressure|SoilErosion
2084,Field SE-02084 (Amanzi),WeedPressure|Pest|FrostDamage
2085,Field C-02085 (Akatsi),Pest|HeatStress
2086,Field C-02086 (Sokoto),SoilErosion
2087,Field SW-02087 (Sokoto),FungalDisease
2088,Field C-02088 (Akatsi),(no issues listed)
2089,Field SE-02089 (Kilimani),Pest
2090,Field C-02090 (Akatsi),Pest
2091,Field NW-02091 (Sokoto),NutrientDeficiency|HeatStress
2092,Field NW-02092 (Akatsi),WeedPressure|Salinity|HeatStress
2093,Field SW-02093 (Kilimani),(no issues listed)
2094,Field NW-02094 (Sokoto),SoilErosion|FrostDamage|FungalDisease
2095,Field C-02095 (Amanzi),WeedPressure
2096,Field SW-02096 (Akatsi),Flood|NutrientDeficiency|FrostDamage
2097,Field SE-02097 (Amanzi),NutrientDeficiency
2098,Field C-02098 (Amanzi),Pest
2099,Field SW-02099 (Kilimani),WeedPressure
2100,Field SE-02100 (Hawassa),WeedPressure
2101,Field NE-02101 (Hawassa),Drought|FungalDisease
2102,Field SE-02102 (Akatsi),HeatStress|Flood|Pest
2103,Field NE-02103 (Amanzi),FrostDamage|NutrientDeficiency|Drought
2104,Field SE-02104 (Akatsi),Drought|Flood
2105,Field SE-02105 (Amanzi),Pest|HeatStress
2106,Field C-02106 (Amanzi),SoilErosion|Drought
2107,Field SE-02107 (Kilimani),Salinity|FungalDisease|WeedPressure
2108,Field NW-02108 (Akatsi),Pest|HeatStress
2109,Field SE-02109 (Akatsi),Pest|SoilErosion
2110,Field SE-02110 (Akatsi),NutrientDeficiency|HeatStress
2111,Field C-02111 (Kilimani),Drought|FungalDisease
2112,Field C-02112 (Hawassa),FungalDisease|Pest|HeatStress
2113,Field NE-02113 (Amanzi),HeatStress|SoilErosion
2114,Field SW-02114 (Akatsi),Flood
2115,Field SW-02115 (Amanzi),(no issues listed)
2116,Field NW-02116 (Kilimani),WeedPressure
2117,Field C-02117 (Kilimani),Drought|Pest|NutrientDeficiency
2118,Field SW-02118 (Hawassa),Pest|WeedPressure
2119,Field SW-02119 (Kilimani),Drought
2120,Field SW-02120 (Hawassa),Drought
2121,Field SE-02121 (Amanzi),Flood|FungalDisease
2122,Field SE-02122 (Hawassa),FrostDamage
2123,Field NE-02123 (Sokoto),Drought|FrostDamage|FungalDisease
2124,Field SE-02124 (Akatsi),NutrientDeficiency|FungalDisease
2125,Field NW-02125 (Sokoto),FungalDisease
2126,Field NW-02126 (Kilimani),(no issues listed)
2127,Field NW-02127 (Akatsi),(no issues listed)
2128,Field C-02128 (Kilimani),FungalDisease
2129,Field SE-02129 (Amanzi),SoilErosion|Drought|HeatStress
2130,Field NE-02130 (Hawassa),SoilErosion|WeedPressure
2131,Field NW-02131 (Hawassa),FungalDisease|Flood
2132,Field SE-02132 (Hawassa),FungalDisease|Drought|FrostDamage
2133,Field C-02133 (Akatsi),NutrientDeficiency
2134,Field C-02134 (Hawassa),WeedPressure
2135,Field NE-02135 (Hawassa),Pest|NutrientDeficiency
2136,Field SE-02136 (Amanzi),WeedPressure|NutrientDeficiency
2137,Field NW-02137 (Kilimani),Pest
2138,Field NE-02138 (Hawassa),Drought
2139,Field NE-02139 (Sokoto),WeedPressure|FungalDisease
2140,Field NE-02140 (Akatsi),HeatStress|WeedPressure
2141,Field SE-02141 (Hawassa),WeedPressure|Pest
2142,Field C-02142 (Akatsi),(no issues listed)
2143,Field SE-02143 (Hawassa),Drought
2144,Field C-02144 (Amanzi),(no issues listed)
2145,Field SW-02145 (Kilimani),FungalDisease|Pest|NutrientDeficiency
2146,Field NW-02146 (Sokoto),Flood|Salinity
2147,Field C-02147 (Hawassa),Drought|HeatStress|WeedPressure
2148,Field NE-02148 (Sokoto),NutrientDeficiency|Pest|Drought
2149,Field NW-02149 (Kilimani),SoilErosion|HeatStress
2150,Field NE-02150 (Kilimani),WeedPressure|SoilErosion
2151,Field C-02151 (Akatsi),Flood|Drought
2152,Field SW-02152 (Kilimani),Flood|Drought|SoilErosion
2153,Field NE-02153 (Amanzi),FungalDisease|NutrientDeficiency
2154,Field NE-02154 (Kilimani),SoilErosion
2155,Field SE-02155 (Amanzi),WeedPressure
2156,Field NW-02156 (Kilimani),Drought|NutrientDeficiency
2157,Field NW-02157 (Akatsi),WeedPressure|FungalDisease
2158,Field SE-02158 (Kilimani),Salinity|Drought|SoilErosion
2159,Field NW-02159 (Akatsi),NutrientDeficiency
2160,Field NW-02160 (Hawassa),Drought|Pest|FungalDisease
2161,Field C-02161 (Amanzi),Pest|Flood|FungalDisease
2162,Field C-02162 (Kilimani),Pest
2163,Field SE-02163 (Akatsi),Drought|FungalDisease
2164,Field NW-02164 (Amanzi),Pest|NutrientDeficiency
2165,Field NW-02165 (Kilimani),FrostDamage|Pest
2166,Field NW-02166 (Sokoto),WeedPressure
2167,Field NW-02167 (Amanzi),(no issues listed)
2168,Field NE-02168 (Amanzi),Drought|FrostDamage|NutrientDeficiency
2169,Field SW-02169 (Hawassa),FungalDisease|SoilErosion
2170,Field C-02170 (Akatsi),Flood|Salinity
2171,Field NW-02171 (Kilimani),FungalDisease
2172,Field SE-02172 (Sokoto),Pest
2173,Field NE-02173 (Sokoto),SoilErosion|HeatStress
2174,Field NW-02174 (Akatsi),Pest
2175,Field NW-02175 (Hawassa),Salinity|Flood|Pest
2176,Field SW-02176 (Sokoto),HeatStress
2177,Field SW-02177 (Akatsi),Pest
2178,Field NW-02178 (Kilimani),Salinity|SoilErosion
2179,Field NE-02179 (Amanzi),NutrientDeficiency|Pest|SoilErosion
2180,Field NW-02180 (Sokoto),Pest|NutrientDeficiency|FungalDisease
2181,Field SE-02181 (Akatsi),WeedPressure|NutrientDeficiency|Drought
2182,Field SW-02182 (Akatsi),FrostDamage
2183,Field SW-02183 (Kilimani),Pest|Drought
2184,Field NW-02184 (Hawassa),HeatStress|Salinity
2185,Field SW-02185 (Akatsi),Pest|FrostDamage|Flood
2186,Field NE-02186 (Akatsi),Flood|HeatStress|Drought
2187,Field NE-02187 (Kilimani),Salinity|NutrientDeficiency
2188,Field C-02188 (Hawassa),SoilErosion|Flood
2189,Field SW-02189 (Hawassa),Drought
2190,Field SE-02190 (Sokoto),Drought|Pest|SoilErosion
2191,Field SW-02191 (Kilimani),(no issues listed)
2192,Field NW-02192 (Hawassa),Flood
2193,Field SE-02193 (Amanzi),FungalDisease|Pest
2194,Field NW-02194 (Akatsi),NutrientDeficiency|FungalDisease|WeedPressure
2195,Field SW-02195 (Kilimani),NutrientDeficiency|Pest|SoilErosion
2196,Field NW-02196 (Hawassa),FungalDisease|Drought|NutrientDeficiency
2197,Field NE-02197 (Hawassa),HeatStress
2198,Field SE-02198 (Hawassa),(no issues listed)
2199,Field C-02199 (Amanzi),FungalDisease
2200,Field C-02200 (Akatsi),NutrientDeficiency|Pest|Flood
2201,Field SE-02201 (Hawassa),NutrientDeficiency
2202,Field NW-02202 (Hawassa),SoilErosion|WeedPressure
2203,Field SW-02203 (Amanzi),Pest
2204,Field NE-02204 (Kilimani),NutrientDeficiency|Pest|Salinity
2205,Field C-02205 (Hawassa),WeedPressure|SoilErosion|Pest
2206,Field SE-02206 (Amanzi),Drought|NutrientDeficiency|HeatStress
2207,Field NE-02207 (Akatsi),WeedPressure|Drought|NutrientDeficiency
2208,Field SW-02208 (Sokoto),NutrientDeficiency
2209,Field NW-02209 (Kilimani),Flood
2210,Field NE-02210 (Amanzi),WeedPressure
2211,Field SE-02211 (Hawassa),NutrientDeficiency|SoilErosion
2212,Field SE-02212 (Akatsi),Salinity|NutrientDeficiency
2213,Field NE-02213 (Sokoto),FungalDisease
2214,Field NE-02214 (Kilimani),Drought|Pest|Flood
2215,Field SE-02215 (Sokoto),HeatStress
2216,Field NW-02216 (Kilimani),(no issues listed)
2217,Field C-02217 (Hawassa),HeatStress|Flood
2218,Field SE-02218 (Hawassa),Flood|Salinity|NutrientDeficiency
2219,Field NE-02219 (Amanzi),SoilErosion|NutrientDeficiency
2220,Field SW-02220 (Hawassa),Drought|HeatStress
2221,Field SW-02221 (Hawassa),WeedPressure|FungalDisease
2222,Field NE-02222 (Amanzi),(no issues listed)
2223,Field C-02223 (Akatsi),Drought|HeatStress
2224,Field C-02224 (Sokoto),NutrientDeficiency|HeatStress|Pest
2225,Field NE-02225 (Sokoto),(no issues listed)
2226,Field NE-02226 (Sokoto),HeatStress|Pest|WeedPressure
2227,Field NE-02227 (Kilimani),Pest|FrostDamage
2228,Field C-02228 (Sokoto),NutrientDeficiency|Drought
2229,Field NE-02229 (Kilimani),HeatStress
2230,Field SE-02230 (Amanzi),WeedPressure
2231,Field SE-02231 (Amanzi),FungalDisease|Pest|Drought
2232,Field SW-02232 (Akatsi),(no issues listed)
2233,Field C-02233 (Kilimani),Pest
2234,Field SE-02234 (Akatsi),Drought
2235,Field SE-02235 (Hawassa),Drought|NutrientDeficiency
2236,Field C-02236 (Akatsi),NutrientDeficiency
2237,Field NW-02237 (Sokoto),SoilErosion|WeedPressure|Pest
2238,Field SW-02238 (Akatsi),(no issues listed)
2239,Field NE-02239 (Kilimani),(no issues listed)
2240,Field SW-02240 (Kilimani),NutrientDeficiency|FungalDisease
2241,Field NE-02241 (Amanzi),HeatStress|Drought|Pest
2242,Field SE-02242 (Kilimani),Pest|NutrientDeficiency|Drought
2243,Field SW-02243 (Akatsi),Salinity|WeedPressure|Drought
2244,Field SW-02244 (Amanzi),(no issues listed)
2245,Field NW-02245 (Amanzi),Drought
2246,Field SE-02246 (Sokoto),SoilErosion|Flood
2247,Field C-02247 (Hawassa),WeedPressure|Pest|Flood
2248,Field NW-02248 (Akatsi),Flood
2249,Field NW-02249 (Akatsi),Pest
2250,Field SE-02250 (Hawassa),(no issues listed)
2251,Field SW-02251 (Amanzi),WeedPressure|NutrientDeficiency
2252,Field NE-02252 (Kilimani),NutrientDeficiency|WeedPressure|FungalDisease
2253,Field SW-02253 (Akatsi),Pest|Drought|SoilErosion
2254,Field NW-02254 (Kilimani),Flood|Drought
2255,Field SW-02255 (Akatsi),(no issues listed)
2256,Field SE-02256 (Sokoto),FungalDisease
2257,Field C-02257 (Sokoto),Pest|WeedPressure|Drought
2258,Field NE-02258 (Sokoto),NutrientDeficiency|WeedPressure
2259,Field NE-02259 (Kilimani),WeedPressure
2260,Field NE-02260 (Kilimani),SoilErosion|FungalDisease
2261,Field C-02261 (Amanzi),WeedPressure
2262,Field SE-02262 (Akatsi),Pest|FrostDamage
2263,Field SE-02263 (Hawassa),Salinity
2264,Field SW-02264 (Kilimani),(no issues listed)
2265,Field SW-02265 (Kilimani),Drought|FrostDamage|HeatStress
2266,Field NE-02266 (Sokoto),Flood|HeatStress|NutrientDeficiency
2267,Field SW-02267 (Kilimani),FungalDisease|NutrientDeficiency|SoilErosion
2268,Field NW-02268 (Kilimani),SoilErosion|Flood|Salinity
2269,Field SE-02269 (Kilimani),FungalDisease|Salinity|NutrientDeficiency
2270,Field SW-02270 (Akatsi),Flood
2271,Field C-02271 (Kilimani),Pest|Flood
2272,Field C-02272 (Sokoto),WeedPressure
2273,Field NW-02273 (Sokoto),(no issues listed)
2274,Field SW-02274 (Akatsi),Pest
2275,Field SW-02275 (Hawassa),Pest
2276,Field SW-02276 (Akatsi),SoilErosion
2277,Field SE-02277 (Amanzi),Pest|HeatStress|Flood
2278,Field SE-02278 (Hawassa),HeatStress|Pest
2279,Field NW-02279 (Hawassa),(no issues listed)
2280,Field NW-02280 (Hawassa),Drought|HeatStress|FungalDisease
2281,Field SE-02281 (Sokoto),NutrientDeficiency|SoilErosion|HeatStress
2282,Field C-02282 (Akatsi),Drought|Pest
2283,Field C-02283 (Kilimani),HeatStress|Drought
2284,Field NE-02284 (Kilimani),Pest|Salinity|FungalDisease
2285,Field C-02285 (Akatsi),Drought|Flood|SoilErosion
2286,Field C-02286 (Akatsi),Drought|SoilErosion|WeedPressure
2287,Field NW-02287 (Kilimani),WeedPressure|FungalDisease|SoilErosion
2288,Field C-02288 (Sokoto),NutrientDeficiency
2289,Field C-02289 (Kilimani),Flood
2290,Field NW-02290 (Amanzi),WeedPressure|NutrientDeficiency
2291,Field SE-02291 (Kilimani),SoilErosion|FrostDamage|Drought
2292,Field C-02292 (Akatsi),Flood|Drought
2293,Field SW-02293 (Kilimani),(no issues listed)
2294,Field SW-02294 (Amanzi),WeedPressure|FrostDamage|Salinity
2295,Field NW-02295 (Amanzi),Drought|HeatStress|Pest
2296,Field C-02296 (Sokoto),Pest
2297,Field NW-02297 (Hawassa),HeatStress|WeedPressure
2298,Field C-02298 (Kilimani),Pest|FungalDisease|Drought
2299,Field C-02299 (Kilimani),(no issues listed)
2300,Field C-02300 (Sokoto),NutrientDeficiency
2301,Field NW-02301 (Sokoto),(no issues listed)
2302,Field NW-02302 (Amanzi),NutrientDeficiency|Pest
2303,Field C-02303 (Hawassa),NutrientDeficiency
2304,Field SW-02304 (Hawassa),FungalDisease|WeedPressure|Flood
2305,Field SE-02305 (Kilimani),Pest|FungalDisease|FrostDamage
2306,Field C-02306 (Sokoto),FrostDamage|WeedPressure
2307,Field C-02307 (Hawassa),FrostDamage|SoilErosion
2308,Field SE-02308 (Sokoto),Flood|HeatStress|NutrientDeficiency
2309,Field NW-02309 (Hawassa),Drought|SoilErosion|Pest
2310,Field NE-02310 (Kilimani),WeedPressure|NutrientDeficiency
2311,Field C-02311 (Hawassa),(no issues listed)
2312,Field SW-02312 (Kilimani),FungalDisease|Drought|Flood
2313,Field NW-02313 (Akatsi),HeatStress|SoilErosion|NutrientDeficiency
2314,Field NE-02314 (Hawassa),Drought|SoilErosion|NutrientDeficiency
2315,Field SW-02315 (Amanzi),Flood|NutrientDeficiency|HeatStress
2316,Field NW-02316 (Sokoto),Drought|SoilErosion|Flood
2317,Field SW-02317 (Akatsi),Flood
2318,Field C-02318 (Hawassa),FungalDisease|WeedPressure|NutrientDeficiency
2319,Field NW-02319 (Akatsi),Pest|NutrientDeficiency
2320,Field NE-02320 (Hawassa),Drought|HeatStress|FungalDisease
2321,Field SW-02321 (Akatsi),HeatStress|FungalDisease|WeedPressure
2322,Field SE-02322 (Kilimani),HeatStress|FrostDamage|Pest
2323,Field SW-02323 (Amanzi),NutrientDeficiency|HeatStress|Drought
2324,Field NW-02324 (Hawassa),Drought|SoilErosion|FungalDisease
2325,Field C-02325 (Amanzi),Pest|HeatStress
2326,Field NW-02326 (Akatsi),SoilErosion|Drought|WeedPressure
2327,Field SE-02327 (Kilimani),FungalDisease|Pest
2328,Field SE-02328 (Akatsi),Pest|Salinity
2329,Field SW-02329 (Hawassa),FungalDisease
2330,Field SW-02330 (Kilimani),WeedPressure|Pest|HeatStress
2331,Field NW-02331 (Sokoto),HeatStress|Pest|SoilErosion
2332,Field SW-02332 (Akatsi),(no issues listed)
2333,Field SE-02333 (Hawassa),FungalDisease|Salinity|HeatStress
2334,Field SW-02334 (Akatsi),SoilErosion
2335,Field SE-02335 (Kilimani),NutrientDeficiency|FungalDisease
2336,Field C-02336 (Amanzi),(no issues listed)
2337,Field SW-02337 (Akatsi),HeatStress|Drought
2338,Field SW-02338 (Amanzi),HeatStress|SoilErosion
2339,Field SE-02339 (Kilimani),Pest
2340,Field SE-02340 (Sokoto),Pest|WeedPressure
2341,Field SW-02341 (Akatsi),SoilErosion|Drought
2342,Field NW-02342 (Akatsi),(no issues listed)
2343,Field SW-02343 (Sokoto),Drought
2344,Field SE-02344 (Kilimani),HeatStress|Pest|Drought
2345,Field SW-02345 (Amanzi),NutrientDeficiency
2346,Field NW-02346 (Hawassa),WeedPressure|Flood|NutrientDeficiency
2347,Field NW-02347 (Amanzi),(no issues listed)
2348,Field NW-02348 (Sokoto),FungalDisease|Pest|HeatStress
2349,Field C-02349 (Akatsi),Pest|NutrientDeficiency|HeatStress
2350,Field NW-02350 (Hawassa),FungalDisease
2351,Field C-02351 (Akatsi),Flood
2352,Field NE-02352 (Hawassa),Pest|Flood
2353,Field NW-02353 (Sokoto),Pest
2354,Field NE-02354 (Hawassa),FungalDisease|NutrientDeficiency|Drought
2355,Field NE-02355 (Akatsi),FungalDisease
2356,Field SW-02356 (Akatsi),Pest|FrostDamage|Drought
2357,Field NW-02357 (Kilimani),WeedPressure|Pest|Salinity
2358,Field NW-02358 (Sokoto),FrostDamage
2359,Field SW-02359 (Akatsi),HeatStress
2360,Field SE-02360 (Akatsi),(no issues listed)
2361,Field NW-02361 (Akatsi),Drought
2362,Field SW-02362 (Kilimani),Salinity|WeedPressure|Pest
2363,Field NE-02363 (Amanzi),NutrientDeficiency
2364,Field SE-02364 (Amanzi),WeedPressure
2365,Field NE-02365 (Hawassa),HeatStress|FungalDisease
2366,Field SE-02366 (Hawassa),Salinity|Drought|WeedPressure
2367,Field SW-02367 (Amanzi),SoilErosion|Pest|FungalDisease
2368,Field SE-02368 (Kilimani),NutrientDeficiency|Flood|FungalDisease
2369,Field NE-02369 (Hawassa),WeedPressure|Pest
2370,Field C-02370 (Hawassa),Flood|HeatStress
2371,Field SW-02371 (Amanzi),HeatStress|NutrientDeficiency
2372,Field NE-02372 (Kilimani),SoilErosion|HeatStress|WeedPressure
2373,Field SW-02373 (Sokoto),Pest|Flood
2374,Field NE-02374 (Kilimani),SoilErosion|WeedPressure|Drought
2375,Field NE-02375 (Kilimani),NutrientDeficiency|Drought
2376,Field SE-02376 (Kilimani),(no issues listed)
2377,Field SW-02377 (Kilimani),Pest
2378,Field SE-02378 (Kilimani),Drought|Pest|FungalDisease
2379,Field SW-02379 (Kilimani),NutrientDeficiency
2380,Field C-02380 (Kilimani),NutrientDeficiency|WeedPressure|HeatStress
2381,Field SW-02381 (Akatsi),Pest|NutrientDeficiency|Flood
2382,Field SE-02382 (Kilimani),NutrientDeficiency|Drought
2383,Field SW-02383 (Akatsi),Flood
2384,Field SE-02384 (Akatsi),Pest|FungalDisease
2385,Field NW-02385 (Amanzi),HeatStress
2386,Field C-02386 (Akatsi),(no issues listed)
2387,Field C-02387 (Hawassa),WeedPressure|Salinity
2388,Field NW-02388 (Akatsi),NutrientDeficiency
2389,Field SE-02389 (Amanzi),Drought|FrostDamage|WeedPressure
2390,Field NW-02390 (Hawassa),HeatStress|WeedPressure
2391,Field NE-02391 (Sokoto),NutrientDeficiency
2392,Field NW-02392 (Sokoto),SoilErosion
2393,Field NW-02393 (Hawassa),FrostDamage|WeedPressure
2394,Field SE-02394 (Akatsi),FungalDisease
2395,Field NW-02395 (Akatsi),(no issues listed)
2396,Field SW-02396 (Akatsi),Flood|FungalDisease|WeedPressure
2397,Field SW-02397 (Amanzi),Drought|SoilErosion|WeedPressure
2398,Field NW-02398 (Amanzi),FrostDamage|WeedPressure
2399,Field SW-02399 (Akatsi),NutrientDeficiency|Drought|FungalDisease
2400,Field C-02400 (Hawassa),(no issues listed)
2401,Field SE-02401 (Akatsi),HeatStress|WeedPressure
2402,Field NW-02402 (Hawassa),(no issues listed)
2403,Field NW-02403 (Kilimani),Salinity|Drought
2404,Field C-02404 (Amanzi),HeatStress|FrostDamage|Pest
2405,Field SW-02405 (Hawassa),Salinity|Pest
2406,Field NW-02406 (Amanzi),NutrientDeficiency
2407,Field NW-02407 (Akatsi),NutrientDeficiency|FungalDisease|Pest
2408,Field NE-02408 (Amanzi),(no issues listed)
2409,Field NW-02409 (Hawassa),NutrientDeficiency
2410,Field SW-02410 (Sokoto),Flood
2411,Field NE-02411 (Amanzi),NutrientDeficiency|WeedPressure|FungalDisease
2412,Field NE-02412 (Hawassa),WeedPressure|HeatStress|Salinity
2413,Field NE-02413 (Amanzi),FungalDisease|WeedPressure
2414,Field SE-02414 (Amanzi),HeatStress|FungalDisease
2415,Field NE-02415 (Akatsi),FungalDisease|WeedPressure
2416,Field NW-02416 (Kilimani),HeatStress|Salinity|NutrientDeficiency
2417,Field SW-02417 (Sokoto),HeatStress|Flood
2418,Field SE-02418 (Hawassa),HeatStress|Drought
2419,Field NE-02419 (Amanzi),NutrientDeficiency
2420,Field C-02420 (Amanzi),FungalDisease|WeedPressure|SoilErosion
2421,Field NE-02421 (Akatsi),NutrientDeficiency|Drought
2422,Field NW-02422 (Akatsi),Pest|NutrientDeficiency|HeatStress
2423,Field SW-02423 (Amanzi),Drought|Pest
2424,Field SE-02424 (Amanzi),(no issues listed)
2425,Field SE-02425 (Amanzi),NutrientDeficiency|WeedPressure|HeatStress
2426,Field NW-02426 (Sokoto),(no issues listed)
2427,Field SE-02427 (Kilimani),(no issues listed)
2428,Field C-02428 (Kilimani),WeedPressure|Flood|SoilErosion
2429,Field SW-02429 (Amanzi),Drought|NutrientDeficiency
2430,Field NW-02430 (Hawassa),NutrientDeficiency|Flood|Pest
2431,Field NW-02431 (Sokoto),Pest|WeedPressure|FungalDisease
2432,Field SE-02432 (Kilimani),WeedPressure|NutrientDeficiency
2433,Field C-02433 (Sokoto),SoilErosion|Pest
2434,Field SW-02434 (Akatsi),Drought
2435,Field NW-02435 (Kilimani),SoilErosion|HeatStress|NutrientDeficiency
2436,Field SW-02436 (Hawassa),Flood|WeedPressure
2437,Field NW-02437 (Hawassa),Pest|Flood
2438,Field SE-02438 (Akatsi),HeatStress|Flood
2439,Field NW-02439 (Amanzi),Salinity|HeatStress
2440,Field NW-02440 (Amanzi),NutrientDeficiency|Drought|SoilErosion
2441,Field NW-02441 (Kilimani),WeedPressure|FrostDamage
2442,Field NE-02442 (Sokoto),FungalDisease
2443,Field NW-02443 (Hawassa),NutrientDeficiency
2444,Field C-02444 (Amanzi),NutrientDeficiency|WeedPressure
2445,Field C-02445 (Akatsi),(no issues listed)
2446,Field NW-02446 (Hawassa),WeedPressure|Salinity
2447,Field SW-02447 (Amanzi),HeatStress
2448,Field SE-02448 (Amanzi),Drought|Pest|NutrientDeficiency
2449,Field SE-02449 (Akatsi),WeedPressure
2450,Field NE-02450 (Akatsi),SoilErosion|Drought
2451,Field SE-02451 (Kilimani),FrostDamage|FungalDisease
2452,Field SW-02452 (Kilimani),HeatStress|Drought|Pest
2453,Field SW-02453 (Kilimani),(no issues listed)
2454,Field SE-02454 (Kilimani),FungalDisease|Pest|FrostDamage
2455,Field C-02455 (Sokoto),Salinity
2456,Field NW-02456 (Hawassa),HeatStress|WeedPressure
2457,Field SW-02457 (Sokoto),Flood
2458,Field SE-02458 (Kilimani),WeedPressure
2459,Field SW-02459 (Kilimani),Flood|FungalDisease
2460,Field NE-02460 (Kilimani),Drought
2461,Field SE-02461 (Sokoto),WeedPressure|Pest|NutrientDeficiency
2462,Field C-02462 (Hawassa),Drought|WeedPressure
2463,Field SE-02463 (Akatsi),Flood|Drought|Pest
2464,Field SW-02464 (Akatsi),WeedPressure|Drought
2465,Field C-02465 (Akatsi),Pest|Drought|WeedPressure
2466,Field NW-02466 (Hawassa),Flood|Pest
2467,Field NE-02467 (Akatsi),Salinity|HeatStress|SoilErosion
2468,Field SW-02468 (Sokoto),NutrientDeficiency|Drought
2469,Field SW-02469 (Akatsi),HeatStress|NutrientDeficiency|Drought
2470,Field C-02470 (Kilimani),NutrientDeficiency
2471,Field C-02471 (Sokoto),NutrientDeficiency|Flood|FungalDisease
2472,Field SW-02472 (Sokoto),WeedPressure|Drought
2473,Field NW-02473 (Hawassa),HeatStress|Drought
2474,Field NW-02474 (Sokoto),NutrientDeficiency|HeatStress
2475,Field NE-02475 (Akatsi),NutrientDeficiency
2476,Field NW-02476 (Kilimani),HeatStress
2477,Field NE-02477 (Amanzi),Drought|Flood
2478,Field NE-02478 (Akatsi),(no issues listed)
2479,Field SW-02479 (Amanzi),FungalDisease
2480,Field NE-02480 (Hawassa),Drought|Salinity
2481,Field C-02481 (Amanzi),(no issues listed)
2482,Field SW-02482 (Hawassa),(no issues listed)
2483,Field NE-02483 (Kilimani),Salinity|FrostDamage
2484,Field NE-02484 (Kilimani),NutrientDeficiency
2485,Field NW-02485 (Akatsi),HeatStress|NutrientDeficiency|WeedPressure
2486,Field SE-02486 (Akatsi),Pest
2487,Field C-02487 (Amanzi),FrostDamage|Pest
2488,Field SE-02488 (Sokoto),Pest
2489,Field SE-02489 (Kilimani),FrostDamage|WeedPressure|Drought
2490,Field NE-02490 (Sokoto),NutrientDeficiency
2491,Field NE-02491 (Akatsi),Salinity|FungalDisease|NutrientDeficiency
2492,Field SE-02492 (Hawassa),SoilErosion|FungalDisease
2493,Field SE-02493 (Amanzi),HeatStress|Salinity|Drought
2494,Field NE-02494 (Hawassa),WeedPressure
2495,Field SW-02495 (Kilimani),NutrientDeficiency|SoilErosion
2496,Field NE-02496 (Sokoto),WeedPressure
2497,Field NW-02497 (Kilimani),Pest
2498,Field C-02498 (Akatsi),(no issues listed)
2499,Field NE-02499 (Amanzi),Salinity|Pest
2500,Field C-02500 (Hawassa),Pest|Drought|WeedPressure
2501,Field NE-02501 (Amanzi),Drought
2502,Field SE-02502 (Amanzi),FungalDisease|NutrientDeficiency
2503,Field NE-02503 (Sokoto),NutrientDeficiency
2504,Field C-02504 (Akatsi),Flood
2505,Field NW-02505 (Akatsi),Drought|Flood
2506,Field SE-02506 (Sokoto),Pest|Flood
2507,Field C-02507 (Akatsi),NutrientDeficiency|Pest|FungalDisease
2508,Field SW-02508 (Sokoto),HeatStress
2509,Field NW-02509 (Sokoto),FungalDisease|SoilErosion|Drought
2510,Field NW-02510 (Amanzi),(no issues listed)
2511,Field C-02511 (Hawassa),HeatStress|Drought
2512,Field C-02512 (Kilimani),WeedPressure
2513,Field NW-02513 (Kilimani),Pest|SoilErosion|Drought
2514,Field NW-02514 (Akatsi),Flood|Pest|HeatStress
2515,Field NW-02515 (Akatsi),NutrientDeficiency|Drought|WeedPressure
2516,Field C-02516 (Hawassa),(no issues listed)
2517,Field SE-02517 (Hawassa),Drought
2518,Field SW-02518 (Amanzi),Flood|Pest|NutrientDeficiency
2519,Field NW-02519 (Hawassa),SoilErosion|WeedPressure|Drought
2520,Field NW-02520 (Sokoto),WeedPressure|Pest|SoilErosion
2521,Field SE-02521 (Sokoto),SoilErosion
2522,Field SW-02522 (Sokoto),HeatStress
2523,Field NW-02523 (Kilimani),(no issues listed)
2524,Field SE-02524 (Hawassa),Pest|WeedPressure|FungalDisease
2525,Field NE-02525 (Sokoto),Pest|FrostDamage
2526,Field NE-02526 (Akatsi),WeedPressure|Flood|FungalDisease
2527,Field SE-02527 (Hawassa),Drought|HeatStress|SoilErosion
2528,Field SW-02528 (Kilimani),HeatStress|FungalDisease|Pest
2529,Field SE-02529 (Kilimani),NutrientDeficiency|Pest|Drought
2530,Field NE-02530 (Kilimani),NutrientDeficiency
2531,Field C-02531 (Sokoto),Pest|NutrientDeficiency|HeatStress
2532,Field SE-02532 (Hawassa),Flood|Drought
2533,Field C-02533 (Hawassa),Flood|Pest|Drought
2534,Field NE-02534 (Sokoto),Drought|FrostDamage
2535,Field SE-02535 (Sokoto),WeedPressure|SoilErosion|Pest
2536,Field C-02536 (Akatsi),Flood|HeatStress
2537,Field NE-02537 (Amanzi),FungalDisease
2538,Field C-02538 (Kilimani),HeatStress|WeedPressure|Pest
2539,Field SE-02539 (Akatsi),Pest|WeedPressure|HeatStress
2540,Field C-02540 (Sokoto),Pest
2541,Field SE-02541 (Hawassa),NutrientDeficiency|Pest
2542,Field SW-02542 (Amanzi),HeatStress|Flood
2543,Field NW-02543 (Kilimani),NutrientDeficiency
2544,Field SW-02544 (Sokoto),(no issues listed)
2545,Field SE-02545 (Sokoto),NutrientDeficiency|Pest
2546,Field SE-02546 (Akatsi),FungalDisease|NutrientDeficiency|Pest
2547,Field SW-02547 (Kilimani),Pest|FrostDamage|Flood
2548,Field C-02548 (Hawassa),Flood|NutrientDeficiency
2549,Field C-02549 (Kilimani),Pest
2550,Field C-02550 (Hawassa),NutrientDeficiency|Pest|SoilErosion
2551,Field NW-02551 (Akatsi),(no issues listed)
2552,Field NE-02552 (Amanzi),Flood|NutrientDeficiency|Drought
2553,Field C-02553 (Akatsi),Pest|Flood
2554,Field C-02554 (Kilimani),FungalDisease|Pest
2555,Field NE-02555 (Kilimani),FrostDamage|Salinity|HeatStress
2556,Field C-02556 (Hawassa),WeedPressure|Flood|HeatStress
2557,Field C-02557 (Hawassa),FungalDisease
2558,Field NW-02558 (Kilimani),Drought|HeatStress|Flood
2559,Field SW-02559 (Hawassa),NutrientDeficiency|Flood|Salinity
2560,Field SW-02560 (Akatsi),FungalDisease|NutrientDeficiency
2561,Field NW-02561 (Amanzi),Flood|HeatStress
2562,Field NW-02562 (Amanzi),(no issues listed)
2563,Field SW-02563 (Sokoto),NutrientDeficiency|Drought
2564,Field NW-02564 (Sokoto),(no issues listed)
2565,Field SW-02565 (Amanzi),Flood
2566,Field NE-02566 (Kilimani),FungalDisease|WeedPressure
2567,Field NW-02567 (Akatsi),NutrientDeficiency|FungalDisease
2568,Field C-02568 (Akatsi),NutrientDeficiency
2569,Field SE-02569 (Akatsi),HeatStress|FrostDamage
2570,Field SE-02570 (Kilimani),WeedPressure|HeatStress|Pest
2571,Field SE-02571 (Akatsi),Drought
2572,Field SE-02572 (Amanzi),HeatStress|Drought|Pest
2573,Field NE-02573 (Kilimani),Drought|WeedPressure
2574,Field C-02574 (Kilimani),HeatStress
2575,Field SE-02575 (Sokoto),NutrientDeficiency|Drought|FungalDisease
2576,Field NW-02576 (Amanzi),NutrientDeficiency
2577,Field SW-02577 (Hawassa),Salinity|WeedPressure
2578,Field SW-02578 (Hawassa),(no issues listed)
2579,Field C-02579 (Akatsi),WeedPressure|Pest
2580,Field NW-02580 (Amanzi),HeatStress
2581,Field NW-02581 (Akatsi),NutrientDeficiency
2582,Field SW-02582 (Kilimani),NutrientDeficiency|FungalDisease|Drought
2583,Field SE-02583 (Amanzi),(no issues listed)
2584,Field SE-02584 (Kilimani),WeedPressure|FungalDisease|NutrientDeficiency
2585,Field NW-02585 (Hawassa),Pest
2586,Field NE-02586 (Sokoto),Salinity
2587,Field NW-02587 (Sokoto),Drought
2588,Field NE-02588 (Amanzi),SoilErosion
2589,Field SE-02589 (Kilimani),SoilErosion|NutrientDeficiency
2590,Field SW-02590 (Kilimani),NutrientDeficiency
2591,Field NW-02591 (Amanzi),SoilErosion
2592,Field NE-02592 (Akatsi),WeedPressure
2593,Field NW-02593 (Akatsi),(no issues listed)
2594,Field SW-02594 (Hawassa),Salinity|Flood
2595,Field SW-02595 (Amanzi),Flood|HeatStress
2596,Field NW-02596 (Akatsi),Flood|NutrientDeficiency|SoilErosion
2597,Field SE-02597 (Amanzi),FungalDisease|SoilErosion
2598,Field SW-02598 (Amanzi),WeedPressure|Salinity|NutrientDeficiency
2599,Field C-02599 (Kilimani),FungalDisease|Flood|HeatStress
2600,Field C-02600 (Hawassa),WeedPressure|Flood|NutrientDeficiency
2601,Field NW-02601 (Hawassa),Salinity|Pest|Drought
2602,Field C-02602 (Akatsi),Flood|Pest
2603,Field NE-02603 (Sokoto),(no issues listed)
2604,Field SE-02604 (Amanzi),Pest|WeedPressure
2605,Field NE-02605 (Kilimani),Salinity|Pest|FungalDisease
2606,Field NE-02606 (Sokoto),Pest|NutrientDeficiency
2607,Field NE-02607 (Akatsi),HeatStress|NutrientDeficiency
2608,Field C-02608 (Akatsi),Drought|WeedPressure|Flood
2609,Field SW-02609 (Hawassa),FungalDisease|WeedPressure|Pest
2610,Field NW-02610 (Amanzi),Pest
2611,Field SW-02611 (Sokoto),HeatStress|NutrientDeficiency
2612,Field NW-02612 (Kilimani),NutrientDeficiency|Salinity
2613,Field NW-02613 (Sokoto),NutrientDeficiency|Salinity|Drought
2614,Field C-02614 (Amanzi),Flood|Drought
2615,Field SE-02615 (Amanzi),FungalDisease|Pest|Salinity
2616,Field NE-02616 (Akatsi),(no issues listed)
2617,Field NE-02617 (Hawassa),Drought
2618,Field NW-02618 (Amanzi),HeatStress
2619,Field NW-02619 (Amanzi),FungalDisease
2620,Field NW-02620 (Hawassa),Pest
2621,Field C-02621 (Amanzi),Flood|Pest
2622,Field SW-02622 (Kilimani),WeedPressure|Salinity|NutrientDeficiency
2623,Field SE-02623 (Akatsi),Drought
2624,Field C-02624 (Amanzi),NutrientDeficiency|Flood
2625,Field NW-02625 (Akatsi),Pest
2626,Field C-02626 (Kilimani),FungalDisease|WeedPressure|SoilErosion
2627,Field C-02627 (Sokoto),HeatStress|NutrientDeficiency
2628,Field NW-02628 (Amanzi),FungalDisease
2629,Field NE-02629 (Amanzi),Drought
2630,Field NW-02630 (Kilimani),Pest|Drought|HeatStress
2631,Field NW-02631 (Sokoto),Flood|Salinity
2632,Field C-02632 (Amanzi),FungalDisease|SoilErosion
2633,Field SW-02633 (Akatsi),NutrientDeficiency|Flood|Pest
2634,Field NE-02634 (Hawassa),NutrientDeficiency|FungalDisease
2635,Field NE-02635 (Akatsi),SoilErosion
2636,Field NW-02636 (Sokoto),Pest
2637,Field NE-02637 (Kilimani),Pest
2638,Field SW-02638 (Akatsi),WeedPressure|HeatStress
2639,Field NW-02639 (Akatsi),WeedPressure
2640,Field NE-02640 (Hawassa),WeedPressure
2641,Field SE-02641 (Sokoto),HeatStress|Flood
2642,Field SW-02642 (Akatsi),SoilErosion
2643,Field SW-02643 (Akatsi),Drought
2644,Field NW-02644 (Sokoto),NutrientDeficiency
2645,Field NW-02645 (Kilimani),Pest|Flood
2646,Field SW-02646 (Amanzi),Flood|Drought
2647,Field SW-02647 (Amanzi),(no issues listed)
2648,Field SE-02648 (Hawassa),Drought|WeedPressure|Flood
2649,Field SE-02649 (Hawassa),Pest|FungalDisease|WeedPressure
2650,Field NE-02650 (Sokoto),FungalDisease
2651,Field C-02651 (Kilimani),FungalDisease|Flood
2652,Field SW-02652 (Sokoto),FungalDisease|NutrientDeficiency
2653,Field NW-02653 (Amanzi),HeatStress|Drought|Flood
2654,Field NW-02654 (Amanzi),Pest|NutrientDeficiency
2655,Field SE-02655 (Amanzi),SoilErosion
2656,Field SW-02656 (Kilimani),Flood
2657,Field C-02657 (Akatsi),Pest|SoilErosion|FungalDisease
2658,Field SE-02658 (Kilimani),HeatStress|FungalDisease|Flood
2659,Field NW-02659 (Sokoto),Pest|NutrientDeficiency|Flood
2660,Field SW-02660 (Akatsi),(no issues listed)
2661,Field NW-02661 (Kilimani),Pest|FungalDisease|SoilErosion
2662,Field SE-02662 (Amanzi),FungalDisease
2663,Field C-02663 (Kilimani),(no issues listed)
2664,Field C-02664 (Akatsi),Pest|Drought
2665,Field SE-02665 (Hawassa),Salinity|NutrientDeficiency|HeatStress
2666,Field NW-02666 (Amanzi),HeatStress|Salinity
2667,Field NE-02667 (Akatsi),Flood|NutrientDeficiency
2668,Field SE-02668 (Hawassa),Pest|WeedPressure|SoilErosion
2669,Field NW-02669 (Sokoto),Drought|Flood|WeedPressure
2670,Field NW-02670 (Hawassa),NutrientDeficiency
2671,Field NW-02671 (Akatsi),Pest|Salinity|FungalDisease
2672,Field SE-02672 (Hawassa),(no issues listed)
2673,Field C-02673 (Akatsi),(no issues listed)
2674,Field SE-02674 (Hawassa),FungalDisease|Drought
2675,Field SE-02675 (Sokoto),Salinity
2676,Field SW-02676 (Amanzi),NutrientDeficiency|Drought
2677,Field C-02677 (Akatsi),(no issues listed)
2678,Field C-02678 (Hawassa),(no issues listed)
2679,Field NW-02679 (Amanzi),FungalDisease|NutrientDeficiency|WeedPressure
2680,Field NW-02680 (Sokoto),NutrientDeficiency|HeatStress|WeedPressure
2681,Field NE-02681 (Hawassa),Flood|Drought|Pest
2682,Field SW-02682 (Amanzi),SoilErosion
2683,Field SW-02683 (Hawassa),Flood|WeedPressure|HeatStress
2684,Field SE-02684 (Kilimani),NutrientDeficiency|Salinity
2685,Field SE-02685 (Sokoto),FungalDisease
2686,Field SW-02686 (Kilimani),FrostDamage
2687,Field NW-02687 (Akatsi),Pest|Flood
2688,Field NE-02688 (Hawassa),(no issues listed)
2689,Field NE-02689 (Hawassa),NutrientDeficiency|Salinity
2690,Field NW-02690 (Amanzi),Pest|HeatStress|NutrientDeficiency
2691,Field C-02691 (Amanzi),Drought|FungalDisease
2692,Field NW-02692 (Sokoto),Salinity|SoilErosion
2693,Field SE-02693 (Hawassa),FrostDamage
2694,Field C-02694 (Amanzi),Salinity
2695,Field NE-02695 (Akatsi),Pest|Salinity
2696,Field SE-02696 (Hawassa),Pest
2697,Field NW-02697 (Kilimani),Pest
2698,Field C-02698 (Amanzi),Pest|Drought
2699,Field SE-02699 (Akatsi),Pest|Drought
2700,Field C-02700 (Akatsi),HeatStress|Pest|FungalDisease
2701,Field NW-02701 (Hawassa),FungalDisease|WeedPressure
2702,Field NW-02702 (Amanzi),FungalDisease|SoilErosion|Flood
2703,Field NW-02703 (Akatsi),FungalDisease|NutrientDeficiency
2704,Field SE-02704 (Sokoto),FungalDisease
2705,Field SE-02705 (Amanzi),SoilErosion|WeedPressure
2706,Field SE-02706 (Hawassa),Drought|FrostDamage|WeedPressure
2707,Field C-02707 (Hawassa),Drought
2708,Field NW-02708 (Sokoto),HeatStress
2709,Field NW-02709 (Akatsi),FungalDisease
2710,Field SW-02710 (Amanzi),Pest|Salinity|WeedPressure
2711,Field NE-02711 (Sokoto),SoilErosion
2712,Field SE-02712 (Sokoto),WeedPressure
2713,Field NE-02713 (Sokoto),SoilErosion
2714,Field C-02714 (Hawassa),FrostDamage
2715,Field C-02715 (Hawassa),Pest
2716,Field SE-02716 (Hawassa),Flood|Salinity
2717,Field C-02717 (Kilimani),FungalDisease|WeedPressure
2718,Field NW-02718 (Kilimani),(no issues listed)
2719,Field SW-02719 (Sokoto),Salinity|NutrientDeficiency
2720,Field SW-02720 (Kilimani),Pest
2721,Field C-02721 (Sokoto),Pest|NutrientDeficiency|SoilErosion
2722,Field C-02722 (Amanzi),Drought|SoilErosion|WeedPressure
2723,Field NE-02723 (Akatsi),FungalDisease|Drought
2724,Field C-02724 (Hawassa),Pest
2725,Field SE-02725 (Sokoto),Pest|HeatStress
2726,Field SW-02726 (Kilimani),Pest
2727,Field C-02727 (Hawassa),WeedPressure|SoilErosion|Pest
2728,Field NE-02728 (Sokoto),Salinity|Pest
2729,Field SW-02729 (Akatsi),(no issues listed)
2730,Field NE-02730 (Amanzi),(no issues listed)
2731,Field NE-02731 (Akatsi),SoilErosion|Pest
2732,Field SE-02732 (Kilimani),NutrientDeficiency|WeedPressure
2733,Field SE-02733 (Kilimani),Pest
2734,Field NW-02734 (Kilimani),NutrientDeficiency|WeedPressure
2735,Field NW-02735 (Hawassa),FrostDamage
2736,Field SW-02736 (Amanzi),Pest
2737,Field NW-02737 (Hawassa),Pest
2738,Field SW-02738 (Akatsi),NutrientDeficiency
2739,Field SE-02739 (Amanzi),FungalDisease|Drought|FrostDamage
2740,Field SW-02740 (Akatsi),Pest|NutrientDeficiency|HeatStress
2741,Field NW-02741 (Hawassa),Drought|WeedPressure|Flood
2742,Field NE-02742 (Kilimani),HeatStress|FungalDisease
2743,Field SE-02743 (Akatsi),Salinity|Drought
2744,Field SW-02744 (Hawassa),FrostDamage|Flood
2745,Field SW-02745 (Sokoto),NutrientDeficiency
2746,Field C-02746 (Akatsi),NutrientDeficiency|WeedPressure
2747,Field NW-02747 (Akatsi),NutrientDeficiency|WeedPressure
2748,Field SW-02748 (Sokoto),Pest
2749,Field NW-02749 (Akatsi),FungalDisease|Salinity
2750,Field SE-02750 (Sokoto),Drought
2751,Field C-02751 (Kilimani),HeatStress|Drought|NutrientDeficiency
2752,Field NW-02752 (Sokoto),NutrientDeficiency
2753,Field NW-02753 (Kilimani),Drought|HeatStress
2754,Field NW-02754 (Akatsi),Pest
2755,Field C-02755 (Kilimani),Pest|Flood
2756,Field NW-02756 (Sokoto),NutrientDeficiency|Pest|HeatStress
2757,Field C-02757 (Sokoto),Drought|Pest|WeedPressure
2758,Field SE-02758 (Hawassa),HeatStress|NutrientDeficiency|FrostDamage
2759,Field SE-02759 (Akatsi),Drought|Flood|Pest
2760,Field SE-02760 (Amanzi),NutrientDeficiency|Pest|Flood
2761,Field SW-02761 (Sokoto),Salinity|SoilErosion
2762,Field SE-02762 (Kilimani),SoilErosion|HeatStress
2763,Field C-02763 (Kilimani),Pest
2764,Field C-02764 (Akatsi),Salinity|Flood
2765,Field C-02765 (Akatsi),Pest|SoilErosion|NutrientDeficiency
2766,Field SE-02766 (Akatsi),Pest|WeedPressure
2767,Field NW-02767 (Hawassa),(no issues listed)
2768,Field C-02768 (Amanzi),(no issues listed)
2769,Field C-02769 (Hawassa),WeedPressure|Flood
2770,Field SW-02770 (Akatsi),WeedPressure|SoilErosion|NutrientDeficiency
2771,Field NW-02771 (Amanzi),NutrientDeficiency
2772,Field NW-02772 (Amanzi),(no issues listed)
2773,Field NW-02773 (Hawassa),(no issues listed)
2774,Field NW-02774 (Amanzi),FungalDisease
2775,Field SW-02775 (Amanzi),SoilErosion|FungalDisease|Flood
2776,Field SE-02776 (Amanzi),SoilErosion|WeedPressure
2777,Field NE-02777 (Amanzi),WeedPressure|HeatStress
2778,Field SE-02778 (Akatsi),WeedPressure|Drought
2779,Field SE-02779 (Hawassa),SoilErosion
2780,Field C-02780 (Sokoto),Flood|HeatStress
2781,Field NE-02781 (Hawassa),HeatStress
2782,Field NE-02782 (Sokoto),Pest|WeedPressure|NutrientDeficiency
2783,Field SE-02783 (Akatsi),FungalDisease|NutrientDeficiency|Drought
2784,Field SE-02784 (Kilimani),Flood
2785,Field NE-02785 (Hawassa),Flood|HeatStress
2786,Field NW-02786 (Kilimani),WeedPressure
2787,Field NW-02787 (Hawassa),HeatStress|Flood
2788,Field C-02788 (Amanzi),WeedPressure|NutrientDeficiency
2789,Field NE-02789 (Akatsi),Flood|SoilErosion|Salinity
2790,Field C-02790 (Amanzi),FungalDisease|HeatStress
2791,Field C-02791 (Amanzi),FungalDisease|HeatStress
2792,Field NE-02792 (Akatsi),Drought|SoilErosion
2793,Field NE-02793 (Sokoto),Salinity
2794,Field NW-02794 (Hawassa),SoilErosion|HeatStress|Pest
2795,Field C-02795 (Akatsi),Drought
2796,Field NW-02796 (Akatsi),NutrientDeficiency
2797,Field NE-02797 (Sokoto),(no issues listed)
2798,Field C-02798 (Amanzi),HeatStress|Pest|SoilErosion
2799,Field SW-02799 (Kilimani),FungalDisease|WeedPressure
2800,Field NE-02800 (Sokoto),HeatStress|FungalDisease|Pest
2801,Field C-02801 (Amanzi),(no issues listed)
2802,Field C-02802 (Akatsi),Pest|SoilErosion
2803,Field SW-02803 (Hawassa),SoilErosion|WeedPressure
2804,Field SE-02804 (Kilimani),FrostDamage
2805,Field SE-02805 (Kilimani),HeatStress|Drought|Pest
2806,Field SE-02806 (Akatsi),FungalDisease|Salinity
2807,Field SW-02807 (Akatsi),HeatStress|FungalDisease
2808,Field NE-02808 (Hawassa),(no issues listed)
2809,Field SW-02809 (Kilimani),HeatStress|Pest
2810,Field NE-02810 (Sokoto),Drought|FrostDamage
2811,Field NE-02811 (Amanzi),Salinity
2812,Field NE-02812 (Amanzi),FrostDamage
2813,Field NE-02813 (Sokoto),Pest|FungalDisease
2814,Field NE-02814 (Hawassa),Salinity
2815,Field C-02815 (Hawassa),FungalDisease|NutrientDeficiency|HeatStress
2816,Field NE-02816 (Hawassa),WeedPressure|Salinity
2817,Field NW-02817 (Kilimani),(no issues listed)
2818,Field SE-02818 (Hawassa),(no issues listed)
2819,Field C-02819 (Kilimani),FungalDisease|SoilErosion|Drought
2820,Field SE-02820 (Sokoto),(no issues listed)
2821,Field C-02821 (Akatsi),NutrientDeficiency
2822,Field SE-02822 (Kilimani),WeedPressure
2823,Field C-02823 (Akatsi),Drought|NutrientDeficiency|FungalDisease
2824,Field SE-02824 (Kilimani),WeedPressure|Drought
2825,Field NE-02825 (Sokoto),NutrientDeficiency|Drought|WeedPressure
2826,Field NW-02826 (Amanzi),Drought|SoilErosion|Flood
2827,Field NW-02827 (Kilimani),(no issues listed)
2828,Field SW-02828 (Kilimani),Pest|Salinity
2829,Field SE-02829 (Sokoto),Drought|Flood
2830,Field NW-02830 (Kilimani),SoilErosion
2831,Field NW-02831 (Kilimani),Flood
2832,Field SE-02832 (Sokoto),Flood|FrostDamage|HeatStress
2833,Field SE-02833 (Akatsi),Flood|Pest|NutrientDeficiency
2834,Field C-02834 (Kilimani),Pest|FungalDisease|Salinity
2835,Field SW-02835 (Akatsi),Drought|Flood|NutrientDeficiency
2836,Field SW-02836 (Akatsi),Flood|NutrientDeficiency|SoilErosion
2837,Field C-02837 (Sokoto),NutrientDeficiency|FungalDisease|Pest
2838,Field SW-02838 (Sokoto),Drought|FungalDisease|Flood
2839,Field NW-02839 (Kilimani),Pest|HeatStress
2840,Field NW-02840 (Sokoto),WeedPressure|Flood|FungalDisease
2841,Field SE-02841 (Akatsi),Pest|WeedPressure|NutrientDeficiency
2842,Field NE-02842 (Hawassa),SoilErosion|NutrientDeficiency|FungalDisease
2843,Field SW-02843 (Hawassa),NutrientDeficiency
2844,Field NW-02844 (Kilimani),Flood|WeedPressure
2845,Field C-02845 (Akatsi),Pest|Drought
2846,Field NW-02846 (Hawassa),SoilErosion
2847,Field NW-02847 (Sokoto),HeatStress
2848,Field C-02848 (Kilimani),(no issues listed)
2849,Field NE-02849 (Amanzi),Drought
2850,Field C-02850 (Akatsi),NutrientDeficiency
2851,Field SE-02851 (Amanzi),FungalDisease
2852,Field NW-02852 (Hawassa),FungalDisease
2853,Field SE-02853 (Akatsi),Drought|FrostDamage|Pest
2854,Field NW-02854 (Akatsi),NutrientDeficiency|Salinity|Drought
2855,Field SW-02855 (Amanzi),Pest|NutrientDeficiency|FungalDisease
2856,Field NE-02856 (Hawassa),Drought
2857,Field SW-02857 (Kilimani),Pest|NutrientDeficiency|Drought
2858,Field NW-02858 (Amanzi),(no issues listed)
2859,Field NW-02859 (Kilimani),Flood|NutrientDeficiency
2860,Field C-02860 (Sokoto),HeatStress|Pest|Drought
2861,Field NE-02861 (Amanzi),Drought|Flood|FungalDisease
2862,Field SE-02862 (Akatsi),NutrientDeficiency|Drought|SoilErosion
2863,Field NE-02863 (Hawassa),NutrientDeficiency|Drought
2864,Field NE-02864 (Amanzi),FrostDamage
2865,Field NW-02865 (Akatsi),SoilErosion
2866,Field SE-02866 (Kilimani),HeatStress
2867,Field SE-02867 (Akatsi),Pest|Drought
2868,Field SE-02868 (Kilimani),(no issues listed)
2869,Field SE-02869 (Akatsi),Drought
2870,Field NW-02870 (Amanzi),SoilErosion
2871,Field NW-02871 (Amanzi),Drought|NutrientDeficiency|WeedPressure
2872,Field NE-02872 (Sokoto),HeatStress
2873,Field NW-02873 (Kilimani),Salinity|NutrientDeficiency
2874,Field C-02874 (Sokoto),Salinity|FungalDisease|Flood
2875,Field SE-02875 (Akatsi),FrostDamage
2876,Field NW-02876 (Sokoto),NutrientDeficiency|WeedPressure
2877,Field NE-02877 (Akatsi),FungalDisease|HeatStress|Flood
2878,Field C-02878 (Kilimani),HeatStress
2879,Field NW-02879 (Sokoto),HeatStress
2880,Field NE-02880 (Amanzi),FungalDisease|SoilErosion
2881,Field NE-02881 (Sokoto),SoilErosion|FungalDisease|Flood
2882,Field NE-02882 (Amanzi),NutrientDeficiency
2883,Field SE-02883 (Hawassa),Pest|FungalDisease|SoilErosion
2884,Field NE-02884 (Sokoto),NutrientDeficiency
2885,Field NE-02885 (Kilimani),SoilErosion|FungalDisease|Salinity
2886,Field SE-02886 (Sokoto),WeedPressure|HeatStress|Pest
2887,Field SW-02887 (Sokoto),Pest
2888,Field NW-02888 (Amanzi),(no issues listed)
2889,Field SW-02889 (Hawassa),Drought|SoilErosion
2890,Field NW-02890 (Amanzi),FrostDamage
2891,Field SE-02891 (Amanzi),HeatStress|Flood
2892,Field NE-02892 (Sokoto),SoilErosion
2893,Field NW-02893 (Akatsi),(no issues listed)
2894,Field SW-02894 (Hawassa),WeedPressure|FrostDamage
2895,Field NE-02895 (Kilimani),Pest|WeedPressure
2896,Field NE-02896 (Amanzi),Flood|SoilErosion|NutrientDeficiency
2897,Field SW-02897 (Akatsi),SoilErosion|FungalDisease|HeatStress
2898,Field NW-02898 (Amanzi),NutrientDeficiency
2899,Field SW-02899 (Hawassa),Flood|Pest
2900,Field SE-02900 (Akatsi),Flood|Drought|HeatStress
2901,Field SW-02901 (Akatsi),Pest|NutrientDeficiency|SoilErosion
2902,Field C-02902 (Hawassa),FungalDisease
2903,Field NE-02903 (Amanzi),WeedPressure|Pest|SoilErosion
2904,Field SE-02904 (Akatsi),(no issues listed)
2905,Field C-02905 (Akatsi),Drought
2906,Field SW-02906 (Amanzi),Pest
2907,Field NE-02907 (Sokoto),Pest|NutrientDeficiency
2908,Field C-02908 (Akatsi),NutrientDeficiency|Flood|FungalDisease
2909,Field SW-02909 (Kilimani),FungalDisease|Pest
2910,Field SE-02910 (Sokoto),(no issues listed)
2911,Field C-02911 (Hawassa),(no issues listed)
2912,Field SE-02912 (Amanzi),FungalDisease|Pest|FrostDamage
2913,Field NE-02913 (Sokoto),(no issues listed)
2914,Field NW-02914 (Sokoto),(no issues listed)
2915,Field SW-02915 (Akatsi),NutrientDeficiency|Pest
2916,Field NW-02916 (Kilimani),HeatStress|Salinity|SoilErosion
2917,Field C-02917 (Sokoto),(no issues listed)
2918,Field C-02918 (Akatsi),SoilErosion|Pest
2919,Field NE-02919 (Sokoto),Drought|Pest|NutrientDeficiency
2920,Field NE-02920 (Sokoto),WeedPressure|Salinity
2921,Field NE-02921 (Hawassa),SoilErosion|Pest|NutrientDeficiency
2922,Field NE-02922 (Sokoto),FungalDisease|WeedPressure
2923,Field SW-02923 (Hawassa),HeatStress
2924,Field NE-02924 (Kilimani),NutrientDeficiency
2925,Field SW-02925 (Hawassa),Pest
2926,Field SW-02926 (Sokoto),Pest
2927,Field SE-02927 (Akatsi),Pest|WeedPressure|Flood
2928,Field NE-02928 (Hawassa),Salinity|FrostDamage
2929,Field C-02929 (Kilimani),NutrientDeficiency|WeedPressure|Drought
2930,Field NE-02930 (Hawassa),FungalDisease|Flood|Drought
2931,Field NE-02931 (Sokoto),Pest|WeedPressure|NutrientDeficiency
2932,Field SE-02932 (Kilimani),WeedPressure
2933,Field SW-02933 (Hawassa),FungalDisease|Drought
2934,Field C-02934 (Akatsi),Drought
2935,Field SW-02935 (Sokoto),Flood
2936,Field SE-02936 (Akatsi),Drought
2937,Field SW-02937 (Akatsi),NutrientDeficiency|Drought
2938,Field NE-02938 (Sokoto),(no issues listed)
2939,Field SW-02939 (Sokoto),Drought|NutrientDeficiency|SoilErosion
2940,Field NE-02940 (Hawassa),FungalDisease
2941,Field NW-02941 (Akatsi),Pest|SoilErosion
2942,Field NE-02942 (Amanzi),(no issues listed)
2943,Field SW-02943 (Akatsi),Drought|Pest
2944,Field SE-02944 (Hawassa),WeedPressure|FungalDisease
2945,Field C-02945 (Amanzi),Flood
2946,Field SE-02946 (Amanzi),Drought|WeedPressure
2947,Field NE-02947 (Hawassa),Pest|HeatStress
2948,Field SW-02948 (Amanzi),HeatStress|Flood
2949,Field NE-02949 (Sokoto),WeedPressure
2950,Field NE-02950 (Kilimani),FungalDisease|SoilErosion
2951,Field C-02951 (Akatsi),Drought
2952,Field C-02952 (Sokoto),Drought
2953,Field NE-02953 (Hawassa),FungalDisease|NutrientDeficiency|Drought
2954,Field C-02954 (Sokoto),SoilErosion|Salinity|Pest
2955,Field C-02955 (Hawassa),Drought|WeedPressure|Pest
2956,Field SE-02956 (Hawassa),Pest
2957,Field C-02957 (Amanzi),SoilErosion
2958,Field SW-02958 (Kilimani),(no issues listed)
2959,Field NE-02959 (Sokoto),(no issues listed)
2960,Field NE-02960 (Kilimani),Flood|FungalDisease|Pest
2961,Field SW-02961 (Sokoto),HeatStress|NutrientDeficiency
2962,Field NE-02962 (Akatsi),FungalDisease
2963,Field NE-02963 (Sokoto),Flood|NutrientDeficiency|Salinity
2964,Field SE-02964 (Sokoto),(no issues listed)
2965,Field C-02965 (Amanzi),Flood|SoilErosion
2966,Field SE-02966 (Amanzi),WeedPressure|Flood
2967,Field C-02967 (Sokoto),Pest|WeedPressure
2968,Field SW-02968 (Amanzi),(no issues listed)
2969,Field SE-02969 (Hawassa),Pest|WeedPressure|FrostDamage
2970,Field C-02970 (Hawassa),Pest|HeatStress|WeedPressure
2971,Field SE-02971 (Sokoto),WeedPressure|HeatStress
2972,Field NE-02972 (Kilimani),NutrientDeficiency
2973,Field NE-02973 (Amanzi),FungalDisease|Salinity
2974,Field NW-02974 (Hawassa),FungalDisease
2975,Field SE-02975 (Akatsi),FungalDisease|Drought
2976,Field NE-02976 (Sokoto),Drought
2977,Field SW-02977 (Hawassa),Pest|HeatStress
2978,Field NE-02978 (Sokoto),(no issues listed)
2979,Field SW-02979 (Sokoto),(no issues listed)
2980,Field C-02980 (Hawassa),(no issues listed)
2981,Field NW-02981 (Amanzi),NutrientDeficiency|Pest|WeedPressure
2982,Field SE-02982 (Kilimani),HeatStress
2983,Field SW-02983 (Hawassa),HeatStress
2984,Field SW-02984 (Sokoto),Pest|WeedPressure
2985,Field C-02985 (Akatsi),HeatStress|FungalDisease
2986,Field C-02986 (Akatsi),WeedPressure|Salinity
2987,Field SW-02987 (Hawassa),HeatStress
2988,Field C-02988 (Amanzi),(no issues listed)
2989,Field SW-02989 (Sokoto),(no issues listed)
2990,Field NE-02990 (Akatsi),Pest
2991,Field C-02991 (Kilimani),Pest
2992,Field SW-02992 (Kilimani),Drought|FrostDamage|WeedPressure
2993,Field NW-02993 (Kilimani),Drought|FungalDisease|FrostDamage
2994,Field NE-02994 (Kilimani),Flood|HeatStress
2995,Field C-02995 (Sokoto),NutrientDeficiency|FungalDisease|Drought
2996,Field NE-02996 (Kilimani),WeedPressure
2997,Field SE-02997 (Akatsi),NutrientDeficiency
2998,Field SE-02998 (Kilimani),NutrientDeficiency|Drought|HeatStress
2999,Field NE-02999 (Sokoto),Pest|FrostDamage|Drought
3000,Field SW-03000 (Hawassa),FungalDisease|Flood
3001,Field SE-03001 (Akatsi),FungalDisease|SoilErosion
3002,Field SE-03002 (Kilimani),Drought
3003,Field SE-03003 (Akatsi),Flood
3004,Field SE-03004 (Hawassa),WeedPressure|HeatStress
3005,Field SE-03005 (Akatsi),FrostDamage|FungalDisease|Salinity
3006,Field SE-03006 (Akatsi),NutrientDeficiency|WeedPressure|SoilErosion
3007,Field SE-03007 (Amanzi),FungalDisease|HeatStress
3008,Field NW-03008 (Akatsi),Flood|Drought
3009,Field NW-03009 (Akatsi),WeedPressure|FungalDisease
3010,Field C-03010 (Sokoto),Drought|FungalDisease
3011,Field NE-03011 (Hawassa),Salinity
3012,Field SE-03012 (Sokoto),FungalDisease|Flood|Pest
3013,Field SE-03013 (Amanzi),Pest|FungalDisease
3014,Field C-03014 (Akatsi),FrostDamage|Flood|Drought
3015,Field C-03015 (Akatsi),NutrientDeficiency
3016,Field NW-03016 (Amanzi),FungalDisease|HeatStress|NutrientDeficiency
3017,Field NE-03017 (Akatsi),WeedPressure|Pest|NutrientDeficiency
3018,Field NW-03018 (Sokoto),NutrientDeficiency|Drought
3019,Field NW-03019 (Akatsi),Flood|FrostDamage
3020,Field NE-03020 (Hawassa),Flood
3021,Field NE-03021 (Hawassa),WeedPressure
3022,Field NW-03022 (Akatsi),SoilErosion|FungalDisease|Pest
3023,Field C-03023 (Kilimani),Pest
3024,Field NW-03024 (Sokoto),FungalDisease
3025,Field NW-03025 (Hawassa),Pest|SoilErosion
3026,Field NE-03026 (Sokoto),Flood|FungalDisease|WeedPressure
3027,Field SE-03027 (Akatsi),NutrientDeficiency|Flood|Pest
3028,Field SW-03028 (Sokoto),FrostDamage|FungalDisease
3029,Field C-03029 (Hawassa),Drought|FungalDisease
3030,Field NW-03030 (Sokoto),Flood
3031,Field SW-03031 (Akatsi),Pest
3032,Field C-03032 (Kilimani),Salinity
3033,Field SE-03033 (Sokoto),HeatStress|Drought
3034,Field NW-03034 (Hawassa),FrostDamage|WeedPressure
3035,Field SE-03035 (Kilimani),WeedPressure|Pest|Salinity
3036,Field SE-03036 (Sokoto),NutrientDeficiency|Drought
3037,Field C-03037 (Hawassa),Drought
3038,Field SW-03038 (Hawassa),HeatStress|Drought|NutrientDeficiency
3039,Field NE-03039 (Kilimani),Pest|Flood|Drought
3040,Field NW-03040 (Kilimani),WeedPressure|FungalDisease
3041,Field NW-03041 (Akatsi),(no issues listed)
3042,Field NW-03042 (Amanzi),NutrientDeficiency|Drought
3043,Field SE-03043 (Hawassa),Flood|WeedPressure|Pest
3044,Field C-03044 (Amanzi),Pest
3045,Field C-03045 (Sokoto),NutrientDeficiency|FrostDamage|SoilErosion
3046,Field C-03046 (Sokoto),(no issues listed)
3047,Field SE-03047 (Amanzi),Drought|FungalDisease
3048,Field NE-03048 (Kilimani),HeatStress|WeedPressure
3049,Field SW-03049 (Sokoto),Salinity|HeatStress|WeedPressure
3050,Field SW-03050 (Hawassa),Pest
3051,Field NE-03051 (Sokoto),SoilErosion|Flood|FungalDisease
3052,Field SE-03052 (Amanzi),HeatStress|NutrientDeficiency|Drought
3053,Field NE-03053 (Akatsi),WeedPressure|NutrientDeficiency|Flood
3054,Field NW-03054 (Kilimani),NutrientDeficiency
3055,Field SW-03055 (Hawassa),Drought|Pest
3056,Field SE-03056 (Sokoto),(no issues listed)
3057,Field SW-03057 (Sokoto),NutrientDeficiency|WeedPressure
3058,Field NE-03058 (Amanzi),(no issues listed)
3059,Field SW-03059 (Akatsi),NutrientDeficiency|Drought
3060,Field C-03060 (Kilimani),Drought
3061,Field SE-03061 (Hawassa),(no issues listed)
3062,Field NW-03062 (Akatsi),Pest|Drought
3063,Field NE-03063 (Sokoto),SoilErosion|NutrientDeficiency|Drought
3064,Field NE-03064 (Kilimani),Drought|SoilErosion
3065,Field NW-03065 (Amanzi),Pest
3066,Field NE-03066 (Hawassa),Pest|Flood
3067,Field C-03067 (Amanzi),SoilErosion|WeedPressure|Drought
3068,Field NE-03068 (Hawassa),Pest|SoilErosion
3069,Field NW-03069 (Amanzi),HeatStress|SoilErosion|Pest
3070,Field NW-03070 (Kilimani),FrostDamage|Flood
3071,Field SW-03071 (Amanzi),(no issues listed)
3072,Field C-03072 (Amanzi),FungalDisease|NutrientDeficiency|Pest
3073,Field SW-03073 (Kilimani),Salinity|Pest
3074,Field SW-03074 (Akatsi),WeedPressure|Drought|FungalDisease
3075,Field C-03075 (Kilimani),WeedPressure
3076,Field SE-03076 (Amanzi),(no issues listed)
3077,Field SE-03077 (Amanzi),WeedPressure|Pest
3078,Field NE-03078 (Amanzi),NutrientDeficiency|Pest|WeedPressure
3079,Field C-03079 (Amanzi),Drought|NutrientDeficiency
3080,Field NW-03080 (Akatsi),Drought|FrostDamage
3081,Field SW-03081 (Sokoto),FungalDisease
3082,Field NE-03082 (Akatsi),FungalDisease|SoilErosion
3083,Field SW-03083 (Sokoto),HeatStress|Pest|Drought
3084,Field SW-03084 (Amanzi),(no issues listed)
3085,Field NE-03085 (Sokoto),Drought
3086,Field SW-03086 (Kilimani),Drought|SoilErosion|Pest
3087,Field SW-03087 (Akatsi),Drought|HeatStress
3088,Field SW-03088 (Sokoto),WeedPressure|Salinity|Drought
3089,Field C-03089 (Kilimani),FungalDisease|Pest
3090,Field NW-03090 (Sokoto),Flood|NutrientDeficiency|HeatStress
3091,Field NE-03091 (Hawassa),HeatStress
3092,Field SE-03092 (Amanzi),SoilErosion|Pest|HeatStress
3093,Field NW-03093 (Kilimani),Salinity
3094,Field SW-03094 (Sokoto),Pest|Flood
3095,Field SE-03095 (Amanzi),HeatStress
3096,Field C-03096 (Amanzi),Drought|Flood|Pest
3097,Field NE-03097 (Hawassa),Drought
3098,Field C-03098 (Akatsi),Flood|NutrientDeficiency|FungalDisease
3099,Field SE-03099 (Amanzi),FungalDisease
3100,Field SW-03100 (Sokoto),NutrientDeficiency|Drought|FungalDisease
3101,Field NW-03101 (Kilimani),HeatStress
3102,Field SW-03102 (Sokoto),NutrientDeficiency|Pest
3103,Field SE-03103 (Amanzi),SoilErosion|Drought
3104,Field SE-03104 (Sokoto),Drought|WeedPressure
3105,Field SE-03105 (Kilimani),FrostDamage|Flood
3106,Field NW-03106 (Amanzi),HeatStress|NutrientDeficiency
3107,Field NE-03107 (Kilimani),Drought|Salinity|Pest
3108,Field SW-03108 (Akatsi),FungalDisease|Pest
3109,Field SW-03109 (Sokoto),Pest
3110,Field SE-03110 (Kilimani),(no issues listed)
3111,Field C-03111 (Akatsi),FungalDisease|SoilErosion
3112,Field NE-03112 (Kilimani),FungalDisease|Pest|WeedPressure
3113,Field SW-03113 (Amanzi),Pest|WeedPressure|HeatStress
3114,Field NE-03114 (Hawassa),HeatStress|Pest|FungalDisease
3115,Field C-03115 (Sokoto),FungalDisease|SoilErosion|Flood
3116,Field SE-03116 (Amanzi),(no issues listed)
3117,Field NW-03117 (Akatsi),WeedPressure
3118,Field C-03118 (Akatsi),(no issues listed)
3119,Field NE-03119 (Kilimani),Pest|NutrientDeficiency
3120,Field SW-03120 (Akatsi),Salinity|Flood
3121,Field NW-03121 (Akatsi),NutrientDeficiency|Salinity
3122,Field NW-03122 (Amanzi),(no issues listed)
3123,Field NW-03123 (Hawassa),NutrientDeficiency|Flood
3124,Field C-03124 (Akatsi),NutrientDeficiency|FungalDisease
3125,Field C-03125 (Akatsi),Drought|HeatStress|Pest
3126,Field SW-03126 (Kilimani),SoilErosion|FrostDamage|Pest
3127,Field SW-03127 (Kilimani),Drought
3128,Field NW-03128 (Kilimani),WeedPressure|FungalDisease
3129,Field NE-03129 (Hawassa),Drought|WeedPressure|NutrientDeficiency
3130,Field C-03130 (Sokoto),FungalDisease|Pest
3131,Field SE-03131 (Akatsi),Drought|SoilErosion|WeedPressure
3132,Field SE-03132 (Kilimani),Pest|WeedPressure|HeatStress
3133,Field NW-03133 (Amanzi),(no issues listed)
3134,Field SW-03134 (Kilimani),NutrientDeficiency|HeatStress
3135,Field NW-03135 (Hawassa),SoilErosion
3136,Field SE-03136 (Sokoto),Flood
3137,Field SE-03137 (Amanzi),Drought|FungalDisease|NutrientDeficiency
3138,Field NE-03138 (Amanzi),(no issues listed)
3139,Field SE-03139 (Hawassa),WeedPressure|SoilErosion|FrostDamage
3140,Field SE-03140 (Akatsi),NutrientDeficiency|Flood|FungalDisease
3141,Field C-03141 (Sokoto),Pest
3142,Field NW-03142 (Akatsi),NutrientDeficiency|HeatStress
3143,Field SW-03143 (Akatsi),NutrientDeficiency|HeatStress|SoilErosion
3144,Field NE-03144 (Kilimani),SoilErosion|Salinity
3145,Field NE-03145 (Kilimani),NutrientDeficiency|Drought
3146,Field SW-03146 (Sokoto),Drought
3147,Field SW-03147 (Amanzi),(no issues listed)
3148,Field SW-03148 (Hawassa),NutrientDeficiency|HeatStress|Drought
3149,Field NE-03149 (Akatsi),Pest
3150,Field SE-03150 (Amanzi),WeedPressure|FungalDisease
3151,Field SE-03151 (Kilimani),Pest|WeedPressure
3152,Field SW-03152 (Amanzi),SoilErosion|WeedPressure|HeatStress
3153,Field NE-03153 (Sokoto),FrostDamage|SoilErosion
3154,Field NW-03154 (Amanzi),NutrientDeficiency
3155,Field C-03155 (Amanzi),FungalDisease|Flood
3156,Field SE-03156 (Hawassa),HeatStress
3157,Field SE-03157 (Amanzi),Flood|NutrientDeficiency
3158,Field SE-03158 (Akatsi),WeedPressure
3159,Field SE-03159 (Amanzi),(no issues listed)
3160,Field SE-03160 (Sokoto),WeedPressure|NutrientDeficiency|Drought
3161,Field SE-03161 (Amanzi),FungalDisease
3162,Field SW-03162 (Hawassa),Pest
3163,Field C-03163 (Akatsi),SoilErosion|Pest
3164,Field SW-03164 (Amanzi),NutrientDeficiency|HeatStress|SoilErosion
3165,Field SW-03165 (Kilimani),FrostDamage|Pest|FungalDisease
3166,Field C-03166 (Akatsi),SoilErosion|NutrientDeficiency|Drought
3167,Field SW-03167 (Akatsi),HeatStress
3168,Field NE-03168 (Kilimani),Salinity
3169,Field C-03169 (Sokoto),NutrientDeficiency|SoilErosion|Flood
3170,Field C-03170 (Amanzi),SoilErosion|NutrientDeficiency
3171,Field SE-03171 (Sokoto),Flood
3172,Field C-03172 (Amanzi),Salinity|NutrientDeficiency|Pest
3173,Field NW-03173 (Kilimani),SoilErosion|WeedPressure
3174,Field NW-03174 (Kilimani),(no issues listed)
3175,Field NW-03175 (Hawassa),WeedPressure|Flood|Pest
3176,Field NE-03176 (Kilimani),Flood|Drought|WeedPressure
3177,Field C-03177 (Amanzi),WeedPressure|NutrientDeficiency
3178,Field SW-03178 (Akatsi),FungalDisease
3179,Field NE-03179 (Amanzi),Pest|FungalDisease
3180,Field NE-03180 (Sokoto),FungalDisease|SoilErosion
3181,Field SE-03181 (Akatsi),Drought|FrostDamage
3182,Field NW-03182 (Kilimani),FrostDamage|HeatStress
3183,Field SE-03183 (Hawassa),(no issues listed)
3184,Field C-03184 (Amanzi),NutrientDeficiency|Salinity
3185,Field SW-03185 (Hawassa),(no issues listed)
3186,Field NW-03186 (Amanzi),Flood
3187,Field C-03187 (Kilimani),WeedPressure|FrostDamage|Salinity
3188,Field NE-03188 (Amanzi),NutrientDeficiency
3189,Field SW-03189 (Sokoto),WeedPressure|NutrientDeficiency
3190,Field SW-03190 (Kilimani),(no issues listed)
3191,Field SE-03191 (Sokoto),FungalDisease
3192,Field NW-03192 (Sokoto),Pest|WeedPressure|FungalDisease
3193,Field NE-03193 (Amanzi),SoilErosion|Pest
3194,Field SE-03194 (Sokoto),Pest
3195,Field C-03195 (Amanzi),FrostDamage|WeedPressure|Pest
3196,Field NW-03196 (Kilimani),HeatStress|Pest|NutrientDeficiency
3197,Field SE-03197 (Akatsi),NutrientDeficiency|WeedPressure
3198,Field C-03198 (Sokoto),NutrientDeficiency
3199,Field NE-03199 (Akatsi),Drought|Salinity
3200,Field SE-03200 (Amanzi),(no issues listed)
3201,Field SE-03201 (Hawassa),Pest|HeatStress
3202,Field SE-03202 (Amanzi),WeedPressure|Drought|NutrientDeficiency
3203,Field SE-03203 (Sokoto),FungalDisease|Pest|SoilErosion
3204,Field C-03204 (Hawassa),SoilErosion|FrostDamage
3205,Field SW-03205 (Amanzi),Drought|NutrientDeficiency|WeedPressure
3206,Field SW-03206 (Hawassa),HeatStress|WeedPressure|SoilErosion
3207,Field SW-03207 (Akatsi),(no issues listed)
3208,Field SW-03208 (Amanzi),(no issues listed)
3209,Field C-03209 (Amanzi),Flood|NutrientDeficiency
3210,Field SW-03210 (Amanzi),HeatStress|Drought
3211,Field C-03211 (Akatsi),NutrientDeficiency|FungalDisease
3212,Field SW-03212 (Akatsi),Drought|Pest
3213,Field SW-03213 (Amanzi),Drought|Salinity
3214,Field C-03214 (Hawassa),WeedPressure
3215,Field NE-03215 (Akatsi),Drought|WeedPressure
3216,Field NE-03216 (Sokoto),FrostDamage|FungalDisease|SoilErosion
3217,Field C-03217 (Hawassa),FungalDisease|HeatStress
3218,Field SW-03218 (Kilimani),(no issues listed)
3219,Field NE-03219 (Akatsi),Pest
3220,Field NW-03220 (Kilimani),(no issues listed)
3221,Field NW-03221 (Hawassa),SoilErosion
3222,Field NE-03222 (Hawassa),SoilErosion|FrostDamage
3223,Field C-03223 (Kilimani),FungalDisease|Pest
3224,Field NE-03224 (Hawassa),NutrientDeficiency
3225,Field C-03225 (Akatsi),FungalDisease|Drought
3226,Field NW-03226 (Hawassa),Drought
3227,Field NE-03227 (Kilimani),(no issues listed)
3228,Field NW-03228 (Kilimani),Salinity
3229,Field SE-03229 (Kilimani),SoilErosion|Pest
3230,Field SE-03230 (Kilimani),(no issues listed)
3231,Field NE-03231 (Sokoto),NutrientDeficiency|Drought|Flood
3232,Field SE-03232 (Sokoto),NutrientDeficiency|WeedPressure|SoilErosion
3233,Field NW-03233 (Amanzi),Pest|NutrientDeficiency|SoilErosion
3234,Field SE-03234 (Amanzi),HeatStress|Drought|Pest
3235,Field NE-03235 (Kilimani),NutrientDeficiency|Drought
3236,Field C-03236 (Kilimani),HeatStress|Drought
3237,Field NE-03237 (Hawassa),NutrientDeficiency
3238,Field SW-03238 (Kilimani),Flood|NutrientDeficiency
3239,Field C-03239 (Amanzi),HeatStress|Pest|Flood
3240,Field NE-03240 (Hawassa),(no issues listed)
3241,Field SE-03241 (Hawassa),SoilErosion|Flood|Drought
3242,Field SE-03242 (Amanzi),NutrientDeficiency
3243,Field SW-03243 (Hawassa),Salinity|WeedPressure
3244,Field SW-03244 (Akatsi),Pest
3245,Field SW-03245 (Hawassa),Flood|FungalDisease
3246,Field C-03246 (Amanzi),FrostDamage
3247,Field SE-03247 (Akatsi),Flood
3248,Field SE-03248 (Hawassa),Drought|Pest
3249,Field NW-03249 (Sokoto),Drought
3250,Field NW-03250 (Sokoto),SoilErosion|WeedPressure
3251,Field SE-03251 (Hawassa),(no issues listed)
3252,Field NE-03252 (Amanzi),Drought|FungalDisease|Pest
3253,Field SE-03253 (Hawassa),HeatStress|FrostDamage
3254,Field C-03254 (Sokoto),Salinity|FrostDamage|Pest
3255,Field NE-03255 (Akatsi),(no issues listed)
3256,Field NE-03256 (Amanzi),(no issues listed)
3257,Field NE-03257 (Sokoto),WeedPressure|Flood
3258,Field NE-03258 (Hawassa),Salinity|Drought|HeatStress
3259,Field SE-03259 (Hawassa),SoilErosion|Pest|NutrientDeficiency
3260,Field SW-03260 (Akatsi),HeatStress
3261,Field SW-03261 (Kilimani),Drought|FrostDamage|NutrientDeficiency
3262,Field NE-03262 (Amanzi),Pest
3263,Field SW-03263 (Hawassa),FrostDamage|NutrientDeficiency|Pest
3264,Field C-03264 (Kilimani),WeedPressure|Flood
3265,Field NE-03265 (Akatsi),Pest|NutrientDeficiency
3266,Field NE-03266 (Kilimani),SoilErosion
3267,Field SW-03267 (Akatsi),SoilErosion
3268,Field SW-03268 (Akatsi),FungalDisease
3269,Field C-03269 (Kilimani),Pest
3270,Field SE-03270 (Amanzi),NutrientDeficiency|FungalDisease
3271,Field NE-03271 (Amanzi),SoilErosion|WeedPressure
3272,Field SE-03272 (Akatsi),WeedPressure|HeatStress
3273,Field C-03273 (Akatsi),HeatStress
3274,Field C-03274 (Akatsi),(no issues listed)
3275,Field NW-03275 (Akatsi),Salinity|Drought|Pest
3276,Field NW-03276 (Kilimani),NutrientDeficiency
3277,Field SE-03277 (Sokoto),Pest|SoilErosion|HeatStress
3278,Field NW-03278 (Akatsi),Pest|Drought|WeedPressure
3279,Field C-03279 (Kilimani),Pest
3280,Field NE-03280 (Amanzi),HeatStress|FrostDamage
3281,Field SE-03281 (Akatsi),Pest|FungalDisease
3282,Field SE-03282 (Akatsi),(no issues listed)
3283,Field SE-03283 (Akatsi),FungalDisease|Drought|Flood
3284,Field SE-03284 (Hawassa),HeatStress|Pest
3285,Field SW-03285 (Kilimani),Drought|FungalDisease|NutrientDeficiency
3286,Field NW-03286 (Akatsi),(no issues listed)
3287,Field SE-03287 (Sokoto),SoilErosion|Salinity|Flood
3288,Field NE-03288 (Hawassa),FungalDisease|SoilErosion|Drought
3289,Field SE-03289 (Kilimani),Salinity|Drought
3290,Field SE-03290 (Amanzi),SoilErosion|WeedPressure|NutrientDeficiency
3291,Field C-03291 (Amanzi),NutrientDeficiency|HeatStress
3292,Field C-03292 (Hawassa),Drought|Flood
3293,Field SW-03293 (Sokoto),FungalDisease|Pest
3294,Field SE-03294 (Amanzi),Pest|Drought|WeedPressure
3295,Field SE-03295 (Amanzi),FungalDisease|Flood
3296,Field NW-03296 (Sokoto),(no issues listed)
3297,Field SE-03297 (Kilimani),WeedPressure|HeatStress
3298,Field NW-03298 (Hawassa),HeatStress
3299,Field NE-03299 (Hawassa),WeedPressure|Pest
3300,Field SE-03300 (Akatsi),NutrientDeficiency|Pest
3301,Field C-03301 (Hawassa),Pest|HeatStress|FungalDisease
3302,Field C-03302 (Amanzi),(no issues listed)
3303,Field NW-03303 (Sokoto),Drought|Flood|WeedPressure
3304,Field SW-03304 (Sokoto),FungalDisease|Pest
3305,Field NE-03305 (Amanzi),Drought|Salinity|Flood
3306,Field NE-03306 (Kilimani),HeatStress|Pest
3307,Field NW-03307 (Sokoto),SoilErosion|FungalDisease|Flood
3308,Field C-03308 (Kilimani),SoilErosion|FrostDamage
3309,Field C-03309 (Sokoto),(no issues listed)
3310,Field C-03310 (Sokoto),NutrientDeficiency
3311,Field NE-03311 (Kilimani),WeedPressure|Flood
3312,Field C-03312 (Hawassa),Flood|HeatStress|WeedPressure
3313,Field SW-03313 (Sokoto),FungalDisease
3314,Field SE-03314 (Akatsi),NutrientDeficiency|HeatStress|Pest
3315,Field SW-03315 (Sokoto),NutrientDeficiency|Flood
3316,Field SE-03316 (Hawassa),NutrientDeficiency|Salinity
3317,Field NW-03317 (Hawassa),Drought|WeedPressure|Flood
3318,Field C-03318 (Sokoto),Drought|Pest
3319,Field C-03319 (Akatsi),Drought
3320,Field NE-03320 (Hawassa),Salinity|FungalDisease
3321,Field SW-03321 (Kilimani),Pest
3322,Field SE-03322 (Hawassa),WeedPressure
3323,Field C-03323 (Akatsi),(no issues listed)
3324,Field SW-03324 (Sokoto),(no issues listed)
3325,Field NW-03325 (Amanzi),(no issues listed)
3326,Field SE-03326 (Akatsi),(no issues listed)
3327,Field SW-03327 (Kilimani),Pest
3328,Field SE-03328 (Kilimani),NutrientDeficiency|SoilErosion|WeedPressure
3329,Field SE-03329 (Sokoto),FungalDisease
3330,Field NE-03330 (Sokoto),WeedPressure|HeatStress
3331,Field SW-03331 (Amanzi),Flood|Drought
3332,Field SW-03332 (Kilimani),Flood
3333,Field SE-03333 (Akatsi),WeedPressure
3334,Field C-03334 (Akatsi),Drought|WeedPressure|HeatStress
3335,Field SW-03335 (Akatsi),Pest
3336,Field C-03336 (Sokoto),Pest
3337,Field NW-03337 (Kilimani),Pest
3338,Field SE-03338 (Sokoto),Drought|NutrientDeficiency
3339,Field NW-03339 (Amanzi),NutrientDeficiency|FungalDisease
3340,Field NW-03340 (Akatsi),Drought|Flood|FrostDamage
3341,Field SE-03341 (Hawassa),Flood|Pest
3342,Field SE-03342 (Sokoto),Drought|SoilErosion|WeedPressure
3343,Field C-03343 (Kilimani),Drought
3344,Field NE-03344 (Hawassa),NutrientDeficiency|Flood
3345,Field C-03345 (Amanzi),Salinity
3346,Field SE-03346 (Kilimani),(no issues listed)
3347,Field C-03347 (Akatsi),Pest
3348,Field SW-03348 (Sokoto),WeedPressure
3349,Field SE-03349 (Akatsi),Salinity|HeatStress|SoilErosion
3350,Field C-03350 (Amanzi),Flood
3351,Field SE-03351 (Hawassa),(no issues listed)
3352,Field NE-03352 (Hawassa),Pest
3353,Field NE-03353 (Sokoto),WeedPressure|Pest
3354,Field NW-03354 (Kilimani),FungalDisease|Pest|SoilErosion
3355,Field SE-03355 (Sokoto),(no issues listed)
3356,Field C-03356 (Hawassa),Drought|Pest
3357,Field SE-03357 (Kilimani),Drought|FungalDisease|Pest
3358,Field NW-03358 (Hawassa),WeedPressure|SoilErosion|HeatStress
3359,Field SW-03359 (Sokoto),Drought|FungalDisease
3360,Field NW-03360 (Akatsi),FungalDisease|FrostDamage
3361,Field SE-03361 (Akatsi),Drought|WeedPressure|Pest
3362,Field SE-03362 (Hawassa),HeatStress|NutrientDeficiency|Drought
3363,Field C-03363 (Amanzi),(no issues listed)
3364,Field NE-03364 (Akatsi),Flood|SoilErosion
3365,Field SW-03365 (Akatsi),Flood|SoilErosion|Pest
3366,Field NW-03366 (Akatsi),Drought
3367,Field SE-03367 (Sokoto),FungalDisease
3368,Field C-03368 (Kilimani),WeedPressure
3369,Field C-03369 (Hawassa),NutrientDeficiency|HeatStress|Pest
3370,Field C-03370 (Sokoto),Pest|FrostDamage
3371,Field SE-03371 (Sokoto),FungalDisease|Salinity
3372,Field SW-03372 (Amanzi),HeatStress
3373,Field SW-03373 (Akatsi),Salinity|Pest
3374,Field C-03374 (Hawassa),(no issues listed)
3375,Field SE-03375 (Akatsi),FungalDisease
3376,Field NE-03376 (Hawassa),Pest|Flood|WeedPressure
3377,Field NW-03377 (Akatsi),(no issues listed)
3378,Field SE-03378 (Kilimani),WeedPressure
3379,Field C-03379 (Hawassa),FungalDisease|Drought
3380,Field SW-03380 (Amanzi),SoilErosion|Flood|WeedPressure
3381,Field SW-03381 (Kilimani),Pest|FungalDisease|Drought
3382,Field SE-03382 (Hawassa),NutrientDeficiency|Drought
3383,Field C-03383 (Sokoto),(no issues listed)
3384,Field NE-03384 (Sokoto),Drought
3385,Field SW-03385 (Amanzi),FungalDisease|NutrientDeficiency
3386,Field SW-03386 (Sokoto),WeedPressure
3387,Field C-03387 (Sokoto),Flood
3388,Field SW-03388 (Hawassa),(no issues listed)
3389,Field SW-03389 (Hawassa),WeedPressure|Drought|FungalDisease
3390,Field SW-03390 (Sokoto),Drought
3391,Field C-03391 (Akatsi),Flood
3392,Field NW-03392 (Sokoto),FungalDisease|SoilErosion|NutrientDeficiency
3393,Field NW-03393 (Akatsi),NutrientDeficiency
3394,Field SW-03394 (Akatsi),Pest|NutrientDeficiency
3395,Field SW-03395 (Amanzi),WeedPressure|SoilErosion|FungalDisease
3396,Field NW-03396 (Sokoto),FrostDamage|SoilErosion|FungalDisease
3397,Field SW-03397 (Akatsi),(no issues listed)
3398,Field C-03398 (Hawassa),Pest|Drought
3399,Field SW-03399 (Kilimani),NutrientDeficiency
3400,Field NE-03400 (Akatsi),Drought|NutrientDeficiency|Flood
3401,Field SW-03401 (Kilimani),Pest|SoilErosion|HeatStress
3402,Field SW-03402 (Sokoto),WeedPressure|Drought|NutrientDeficiency
3403,Field SE-03403 (Amanzi),Flood|Pest
3404,Field NW-03404 (Akatsi),(no issues listed)
3405,Field C-03405 (Amanzi),(no issues listed)
3406,Field SW-03406 (Sokoto),FungalDisease|Pest
3407,Field NE-03407 (Akatsi),(no issues listed)
3408,Field NW-03408 (Kilimani),Pest
3409,Field NW-03409 (Kilimani),Drought
3410,Field SE-03410 (Sokoto),WeedPressure|NutrientDeficiency
3411,Field SE-03411 (Hawassa),SoilErosion
3412,Field NE-03412 (Hawassa),Pest
3413,Field SW-03413 (Amanzi),Pest
3414,Field C-03414 (Amanzi),Drought|HeatStress
3415,Field NW-03415 (Akatsi),FungalDisease
3416,Field NE-03416 (Kilimani),(no issues listed)
3417,Field SW-03417 (Akatsi),Flood|Pest|HeatStress
3418,Field C-03418 (Sokoto),(no issues listed)
3419,Field SE-03419 (Amanzi),HeatStress
3420,Field NE-03420 (Kilimani),WeedPressure|FungalDisease|Pest
3421,Field NW-03421 (Kilimani),FungalDisease|HeatStress|Drought
3422,Field NW-03422 (Amanzi),FungalDisease|Drought|WeedPressure
3423,Field SE-03423 (Kilimani),Salinity|Pest|SoilErosion
3424,Field NE-03424 (Akatsi),FungalDisease|Pest|Drought
3425,Field NW-03425 (Kilimani),Pest
3426,Field C-03426 (Sokoto),Salinity
3427,Field NE-03427 (Akatsi),WeedPressure|NutrientDeficiency
3428,Field NE-03428 (Sokoto),Pest|Salinity
3429,Field NE-03429 (Amanzi),Flood|HeatStress|NutrientDeficiency
3430,Field NE-03430 (Akatsi),FungalDisease|Pest|HeatStress
3431,Field NE-03431 (Sokoto),FrostDamage|SoilErosion
3432,Field NE-03432 (Hawassa),Flood|FungalDisease|SoilErosion
3433,Field C-03433 (Amanzi),(no issues listed)
3434,Field C-03434 (Akatsi),WeedPressure
3435,Field NE-03435 (Sokoto),Pest|SoilErosion
3436,Field SW-03436 (Amanzi),HeatStress|Pest
3437,Field SW-03437 (Hawassa),SoilErosion
3438,Field SW-03438 (Amanzi),Salinity
3439,Field SW-03439 (Kilimani),WeedPressure|Pest
3440,Field SE-03440 (Sokoto),Flood|WeedPressure|NutrientDeficiency
3441,Field NE-03441 (Amanzi),Flood
3442,Field SW-03442 (Sokoto),FungalDisease
3443,Field SW-03443 (Akatsi),Salinity|NutrientDeficiency
3444,Field SE-03444 (Kilimani),Pest|HeatStress|WeedPressure
3445,Field SE-03445 (Sokoto),NutrientDeficiency|WeedPressure
3446,Field NE-03446 (Kilimani),Drought|Pest
3447,Field NE-03447 (Akatsi),Flood|NutrientDeficiency|HeatStress
3448,Field SE-03448 (Akatsi),Drought|HeatStress
3449,Field SW-03449 (Sokoto),WeedPressure
3450,Field SE-03450 (Sokoto),Pest|NutrientDeficiency|FungalDisease
3451,Field C-03451 (Kilimani),FungalDisease|Drought|FrostDamage
3452,Field NW-03452 (Sokoto),FungalDisease|WeedPressure
3453,Field SE-03453 (Sokoto),Drought|WeedPressure
3454,Field NE-03454 (Hawassa),FungalDisease|Flood
3455,Field NW-03455 (Hawassa),HeatStress|Salinity
3456,Field C-03456 (Kilimani),FungalDisease
3457,Field NE-03457 (Hawassa),SoilErosion|WeedPressure
3458,Field NE-03458 (Kilimani),(no issues listed)
3459,Field SW-03459 (Hawassa),HeatStress|Drought
3460,Field SW-03460 (Akatsi),HeatStress|Drought
3461,Field SW-03461 (Hawassa),FungalDisease
3462,Field SW-03462 (Amanzi),(no issues listed)
3463,Field NE-03463 (Hawassa),FungalDisease|NutrientDeficiency
3464,Field SE-03464 (Hawassa),(no issues listed)
3465,Field C-03465 (Sokoto),Pest|SoilErosion
3466,Field SE-03466 (Hawassa),NutrientDeficiency|Pest
3467,Field SE-03467 (Hawassa),HeatStress|WeedPressure|FungalDisease
3468,Field NW-03468 (Akatsi),Drought
3469,Field NE-03469 (Hawassa),WeedPressure|Pest
3470,Field NW-03470 (Akatsi),SoilErosion|Drought|Pest
3471,Field SW-03471 (Kilimani),(no issues listed)
3472,Field SW-03472 (Kilimani),FrostDamage|Pest|Drought
3473,Field NE-03473 (Akatsi),Pest|NutrientDeficiency
3474,Field NE-03474 (Kilimani),Drought|Flood|WeedPressure
3475,Field SE-03475 (Hawassa),NutrientDeficiency
3476,Field SW-03476 (Hawassa),WeedPressure|Flood
3477,Field SE-03477 (Kilimani),Pest
3478,Field NW-03478 (Akatsi),Pest
3479,Field NW-03479 (Amanzi),Drought|WeedPressure
3480,Field SW-03480 (Sokoto),(no issues listed)
3481,Field SW-03481 (Akatsi),Drought
3482,Field SE-03482 (Kilimani),HeatStress
3483,Field NE-03483 (Amanzi),FungalDisease|NutrientDeficiency
3484,Field NE-03484 (Amanzi),SoilErosion|Pest|Flood
3485,Field SW-03485 (Hawassa),SoilErosion|NutrientDeficiency|FungalDisease
3486,Field SE-03486 (Kilimani),FungalDisease
3487,Field SE-03487 (Hawassa),FrostDamage
3488,Field SW-03488 (Sokoto),Drought
3489,Field SE-03489 (Kilimani),Pest
3490,Field SW-03490 (Amanzi),HeatStress|Drought
3491,Field SE-03491 (Amanzi),WeedPressure
3492,Field SE-03492 (Sokoto),SoilErosion
3493,Field SW-03493 (Amanzi),Flood
3494,Field C-03494 (Kilimani),(no issues listed)
3495,Field NE-03495 (Akatsi),Flood
3496,Field SW-03496 (Amanzi),HeatStress|Pest|NutrientDeficiency
3497,Field SW-03497 (Amanzi),NutrientDeficiency
3498,Field NE-03498 (Akatsi),HeatStress
3499,Field C-03499 (Kilimani),(no issues listed)
3500,Field SE-03500 (Hawassa),Pest|WeedPressure|FungalDisease
3501,Field SW-03501 (Akatsi),SoilErosion
3502,Field SE-03502 (Amanzi),NutrientDeficiency
3503,Field NW-03503 (Kilimani),WeedPressure|Drought|NutrientDeficiency
3504,Field NE-03504 (Hawassa),(no issues listed)
3505,Field C-03505 (Sokoto),(no issues listed)
3506,Field C-03506 (Hawassa),NutrientDeficiency|WeedPressure|Pest
3507,Field NE-03507 (Hawassa),Pest|NutrientDeficiency
3508,Field C-03508 (Sokoto),Salinity|NutrientDeficiency
3509,Field C-03509 (Amanzi),(no issues listed)
3510,Field NW-03510 (Amanzi),SoilErosion
3511,Field C-03511 (Kilimani),(no issues listed)
3512,Field SW-03512 (Sokoto),HeatStress|Drought|FungalDisease
3513,Field C-03513 (Hawassa),SoilErosion|HeatStress
3514,Field SW-03514 (Hawassa),NutrientDeficiency|Pest
3515,Field NW-03515 (Kilimani),HeatStress|SoilErosion
3516,Field NE-03516 (Kilimani),Pest|FungalDisease
3517,Field SW-03517 (Hawassa),NutrientDeficiency|WeedPressure|Pest
3518,Field NW-03518 (Hawassa),Drought
3519,Field NW-03519 (Akatsi),SoilErosion|WeedPressure|Pest
3520,Field SE-03520 (Kilimani),Flood
3521,Field SE-03521 (Sokoto),FungalDisease
3522,Field SE-03522 (Hawassa),Drought|Flood|FrostDamage
3523,Field C-03523 (Kilimani),Pest
3524,Field NE-03524 (Amanzi),Pest
3525,Field SE-03525 (Sokoto),NutrientDeficiency|Salinity
3526,Field C-03526 (Akatsi),FrostDamage|HeatStress
3527,Field C-03527 (Amanzi),NutrientDeficiency|Drought|HeatStress
3528,Field NE-03528 (Kilimani),Pest
3529,Field NW-03529 (Hawassa),FrostDamage|FungalDisease
3530,Field C-03530 (Akatsi),NutrientDeficiency|Flood
3531,Field C-03531 (Sokoto),FungalDisease
3532,Field SE-03532 (Akatsi),Salinity|Pest|WeedPressure
3533,Field SW-03533 (Amanzi),NutrientDeficiency|Pest
3534,Field NW-03534 (Kilimani),WeedPressure|Drought
3535,Field NW-03535 (Sokoto),Pest|Drought
3536,Field C-03536 (Amanzi),Salinity|NutrientDeficiency
3537,Field SE-03537 (Sokoto),Pest|SoilErosion|NutrientDeficiency
3538,Field NE-03538 (Kilimani),SoilErosion
3539,Field C-03539 (Kilimani),SoilErosion|NutrientDeficiency|HeatStress
3540,Field SE-03540 (Sokoto),WeedPressure|Drought|Pest
3541,Field SW-03541 (Amanzi),(no issues listed)
3542,Field SE-03542 (Amanzi),Drought|Flood|NutrientDeficiency
3543,Field SW-03543 (Akatsi),Flood
3544,Field NE-03544 (Kilimani),WeedPressure
3545,Field NW-03545 (Sokoto),SoilErosion
3546,Field C-03546 (Amanzi),Drought|Salinity|Flood
3547,Field C-03547 (Amanzi),Salinity
3548,Field NE-03548 (Amanzi),WeedPressure
3549,Field SW-03549 (Akatsi),HeatStress|WeedPressure
3550,Field SE-03550 (Akatsi),FungalDisease
3551,Field C-03551 (Sokoto),Drought|HeatStress|SoilErosion
3552,Field NE-03552 (Hawassa),Drought
3553,Field NE-03553 (Hawassa),Pest
3554,Field NW-03554 (Kilimani),NutrientDeficiency|HeatStress|Drought
3555,Field NW-03555 (Sokoto),Flood|Drought
3556,Field C-03556 (Sokoto),FrostDamage|NutrientDeficiency|WeedPressure
3557,Field SE-03557 (Sokoto),Flood
3558,Field NW-03558 (Akatsi),NutrientDeficiency|Flood|Salinity
3559,Field NE-03559 (Hawassa),Pest|NutrientDeficiency|SoilErosion
3560,Field C-03560 (Sokoto),Pest|Flood
3561,Field SE-03561 (Sokoto),HeatStress
3562,Field NE-03562 (Hawassa),FungalDisease|HeatStress
3563,Field NW-03563 (Sokoto),Pest
3564,Field C-03564 (Kilimani),FrostDamage|Drought|FungalDisease
3565,Field SW-03565 (Hawassa),HeatStress
3566,Field NW-03566 (Kilimani),HeatStress
3567,Field C-03567 (Amanzi),NutrientDeficiency
3568,Field C-03568 (Sokoto),SoilErosion
3569,Field NE-03569 (Kilimani),FungalDisease|SoilErosion|HeatStress
3570,Field NE-03570 (Kilimani),Salinity|Pest
3571,Field C-03571 (Kilimani),WeedPressure|NutrientDeficiency|HeatStress
3572,Field NE-03572 (Sokoto),SoilErosion|WeedPressure
3573,Field C-03573 (Akatsi),Drought|NutrientDeficiency|Pest
3574,Field SE-03574 (Kilimani),Drought|Pest
3575,Field C-03575 (Sokoto),Drought|WeedPressure
3576,Field SE-03576 (Akatsi),NutrientDeficiency|HeatStress
3577,Field SW-03577 (Kilimani),Flood|WeedPressure
3578,Field NE-03578 (Akatsi),NutrientDeficiency|Pest
3579,Field NE-03579 (Hawassa),HeatStress|Pest|WeedPressure
3580,Field C-03580 (Hawassa),HeatStress|Drought|WeedPressure
3581,Field SE-03581 (Amanzi),SoilErosion
3582,Field SW-03582 (Hawassa),Salinity|FungalDisease
3583,Field NE-03583 (Hawassa),FungalDisease|HeatStress
3584,Field SW-03584 (Akatsi),SoilErosion
3585,Field SW-03585 (Akatsi),(no issues listed)
3586,Field SW-03586 (Akatsi),SoilErosion|FungalDisease|NutrientDeficiency
3587,Field NE-03587 (Kilimani),FrostDamage|WeedPressure
3588,Field NE-03588 (Sokoto),(no issues listed)
3589,Field NE-03589 (Akatsi),Pest|Flood
3590,Field NW-03590 (Amanzi),FungalDisease
3591,Field SE-03591 (Akatsi),Pest|Flood|SoilErosion
3592,Field NW-03592 (Kilimani),(no issues listed)
3593,Field SW-03593 (Hawassa),FrostDamage|Drought|SoilErosion
3594,Field SW-03594 (Sokoto),Salinity
3595,Field SW-03595 (Amanzi),WeedPressure
3596,Field SE-03596 (Sokoto),NutrientDeficiency|HeatStress|FungalDisease
3597,Field NW-03597 (Akatsi),Drought|Pest|HeatStress
3598,Field NE-03598 (Hawassa),Pest
3599,Field C-03599 (Akatsi),Pest|Flood|Salinity
3600,Field C-03600 (Akatsi),FrostDamage
3601,Field C-03601 (Amanzi),Pest|Flood|FungalDisease
3602,Field NW-03602 (Sokoto),HeatStress|Drought|Flood
3603,Field NE-03603 (Sokoto),WeedPressure|NutrientDeficiency
3604,Field NE-03604 (Akatsi),(no issues listed)
3605,Field SE-03605 (Amanzi),FungalDisease
3606,Field SE-03606 (Amanzi),Flood|NutrientDeficiency|Salinity
3607,Field NW-03607 (Akatsi),FrostDamage|Flood
3608,Field NE-03608 (Akatsi),NutrientDeficiency|FungalDisease
3609,Field C-03609 (Hawassa),WeedPressure
3610,Field C-03610 (Akatsi),SoilErosion|Flood
3611,Field SW-03611 (Akatsi),Salinity|Pest
3612,Field SW-03612 (Sokoto),HeatStress|Drought
3613,Field NE-03613 (Amanzi),Flood|Drought|HeatStress
3614,Field NE-03614 (Amanzi),Salinity
3615,Field NE-03615 (Sokoto),WeedPressure|NutrientDeficiency
3616,Field NW-03616 (Amanzi),(no issues listed)
3617,Field SW-03617 (Amanzi),HeatStress
3618,Field NE-03618 (Akatsi),WeedPressure|Pest|FungalDisease
3619,Field NW-03619 (Amanzi),HeatStress|Pest|Drought
3620,Field NW-03620 (Amanzi),NutrientDeficiency|Flood|SoilErosion
3621,Field SW-03621 (Hawassa),HeatStress|FungalDisease|NutrientDeficiency
3622,Field NW-03622 (Sokoto),Drought|Flood|Salinity
3623,Field NW-03623 (Sokoto),WeedPressure
3624,Field C-03624 (Hawassa),SoilErosion
3625,Field NW-03625 (Hawassa),NutrientDeficiency|WeedPressure
3626,Field C-03626 (Akatsi),Salinity|NutrientDeficiency
3627,Field SE-03627 (Sokoto),(no issues listed)
3628,Field NE-03628 (Amanzi),WeedPressure
3629,Field C-03629 (Sokoto),Drought|Pest
3630,Field SE-03630 (Amanzi),NutrientDeficiency|Drought
3631,Field NE-03631 (Kilimani),Pest|WeedPressure
3632,Field NE-03632 (Akatsi),Pest|Flood
3633,Field SW-03633 (Sokoto),Pest
3634,Field SE-03634 (Akatsi),NutrientDeficiency
3635,Field C-03635 (Sokoto),NutrientDeficiency|Flood
3636,Field SW-03636 (Amanzi),WeedPressure|SoilErosion|Flood
3637,Field NW-03637 (Akatsi),(no issues listed)
3638,Field NE-03638 (Akatsi),HeatStress
3639,Field SW-03639 (Akatsi),Drought
3640,Field C-03640 (Akatsi),HeatStress|Salinity
3641,Field NW-03641 (Amanzi),WeedPressure|FungalDisease
3642,Field NE-03642 (Sokoto),WeedPressure|HeatStress|Drought
3643,Field NW-03643 (Hawassa),SoilErosion|FrostDamage
3644,Field SE-03644 (Amanzi),WeedPressure|HeatStress|SoilErosion
3645,Field NW-03645 (Sokoto),FungalDisease|NutrientDeficiency|WeedPressure
3646,Field SW-03646 (Amanzi),(no issues listed)
3647,Field SW-03647 (Hawassa),(no issues listed)
3648,Field C-03648 (Amanzi),FungalDisease|Pest
3649,Field SW-03649 (Kilimani),Drought
3650,Field NW-03650 (Akatsi),NutrientDeficiency|Pest
3651,Field NE-03651 (Kilimani),WeedPressure|NutrientDeficiency
3652,Field NE-03652 (Hawassa),HeatStress|Flood|FungalDisease
3653,Field SW-03653 (Akatsi),NutrientDeficiency
3654,Field SW-03654 (Akatsi),Drought|WeedPressure
3655,Field NW-03655 (Hawassa),Drought
3656,Field C-03656 (Hawassa),(no issues listed)
3657,Field NE-03657 (Amanzi),WeedPressure
3658,Field C-03658 (Kilimani),WeedPressure
3659,Field C-03659 (Sokoto),Drought|FungalDisease
3660,Field SE-03660 (Kilimani),Salinity|Pest|Drought
3661,Field SW-03661 (Kilimani),NutrientDeficiency|Pest
3662,Field SE-03662 (Hawassa),Drought|NutrientDeficiency|FungalDisease
3663,Field SW-03663 (Kilimani),Salinity|Flood
3664,Field NW-03664 (Akatsi),(no issues listed)
3665,Field SW-03665 (Sokoto),(no issues listed)
3666,Field C-03666 (Akatsi),Drought
3667,Field NW-03667 (Sokoto),Pest|Drought|Salinity
3668,Field NW-03668 (Akatsi),(no issues listed)
3669,Field NE-03669 (Sokoto),Flood
3670,Field NE-03670 (Akatsi),Pest|HeatStress|FungalDisease
3671,Field NW-03671 (Hawassa),Drought
3672,Field NW-03672 (Amanzi),Flood|NutrientDeficiency
3673,Field SE-03673 (Hawassa),Drought
3674,Field SE-03674 (Sokoto),Drought|FungalDisease|SoilErosion
3675,Field NE-03675 (Amanzi),FungalDisease|Drought
3676,Field SW-03676 (Sokoto),Salinity|WeedPressure
3677,Field SW-03677 (Kilimani),Pest|FungalDisease|Salinity
3678,Field SE-03678 (Amanzi),NutrientDeficiency|FungalDisease
3679,Field SE-03679 (Hawassa),HeatStress|Pest|FungalDisease
3680,Field NE-03680 (Hawassa),Salinity|Flood
3681,Field C-03681 (Amanzi),SoilErosion|HeatStress|NutrientDeficiency
3682,Field SW-03682 (Hawassa),WeedPressure
3683,Field SW-03683 (Sokoto),NutrientDeficiency
3684,Field SE-03684 (Akatsi),WeedPressure
3685,Field NE-03685 (Kilimani),Flood|HeatStress|FungalDisease
3686,Field SW-03686 (Akatsi),FungalDisease
3687,Field C-03687 (Sokoto),NutrientDeficiency|FungalDisease
3688,Field SW-03688 (Amanzi),NutrientDeficiency|Salinity|Pest
3689,Field NE-03689 (Sokoto),Flood|FungalDisease
3690,Field SW-03690 (Hawassa),(no issues listed)
3691,Field NW-03691 (Amanzi),Drought|Pest
3692,Field SW-03692 (Hawassa),Pest|NutrientDeficiency
3693,Field NE-03693 (Kilimani),Drought
3694,Field SW-03694 (Kilimani),Salinity|WeedPressure|Pest
3695,Field NW-03695 (Amanzi),Pest|WeedPressure
3696,Field C-03696 (Kilimani),Pest|SoilErosion
3697,Field NE-03697 (Kilimani),Pest|WeedPressure|HeatStress
3698,Field NW-03698 (Hawassa),Drought|NutrientDeficiency
3699,Field SW-03699 (Amanzi),NutrientDeficiency|Flood|WeedPressure
3700,Field NE-03700 (Amanzi),NutrientDeficiency|Pest
3701,Field C-03701 (Amanzi),HeatStress|FungalDisease|Drought
3702,Field SE-03702 (Sokoto),NutrientDeficiency|Pest|FungalDisease
3703,Field NE-03703 (Sokoto),SoilErosion|Drought|FrostDamage
3704,Field SE-03704 (Amanzi),Drought|Pest|WeedPressure
3705,Field SW-03705 (Sokoto),Pest|NutrientDeficiency|SoilErosion
3706,Field SE-03706 (Hawassa),Flood|NutrientDeficiency|Drought
3707,Field C-03707 (Kilimani),Flood
3708,Field SE-03708 (Sokoto),NutrientDeficiency|Drought
3709,Field C-03709 (Sokoto),Drought|NutrientDeficiency|Pest
3710,Field C-03710 (Kilimani),FungalDisease
3711,Field NE-03711 (Kilimani),Drought|WeedPressure
3712,Field NW-03712 (Amanzi),Pest|NutrientDeficiency|Drought
3713,Field NW-03713 (Hawassa),Flood|FungalDisease
3714,Field C-03714 (Kilimani),NutrientDeficiency
3715,Field SW-03715 (Hawassa),Pest
3716,Field C-03716 (Kilimani),Pest
3717,Field SW-03717 (Hawassa),WeedPressure|FungalDisease
3718,Field SW-03718 (Kilimani),Drought
3719,Field NW-03719 (Hawassa),FungalDisease|Pest
3720,Field NW-03720 (Sokoto),FrostDamage|Pest|Drought
3721,Field SW-03721 (Akatsi),Flood|Pest|WeedPressure
3722,Field C-03722 (Amanzi),FrostDamage|Drought
3723,Field SW-03723 (Kilimani),Pest|Flood
3724,Field SE-03724 (Kilimani),(no issues listed)
3725,Field SE-03725 (Amanzi),Salinity
3726,Field SW-03726 (Sokoto),Salinity
3727,Field NW-03727 (Hawassa),NutrientDeficiency|FungalDisease
3728,Field C-03728 (Hawassa),Pest
3729,Field SW-03729 (Hawassa),SoilErosion
3730,Field SW-03730 (Akatsi),(no issues listed)
3731,Field SW-03731 (Kilimani),WeedPressure
3732,Field C-03732 (Akatsi),(no issues listed)
3733,Field NW-03733 (Amanzi),SoilErosion|Drought|Pest
3734,Field C-03734 (Kilimani),Flood|Drought|Pest
3735,Field C-03735 (Akatsi),Pest
3736,Field C-03736 (Akatsi),(no issues listed)
3737,Field NW-03737 (Akatsi),HeatStress|NutrientDeficiency|Salinity
3738,Field C-03738 (Sokoto),Drought|HeatStress
3739,Field SW-03739 (Hawassa),HeatStress|Drought
3740,Field NE-03740 (Sokoto),SoilErosion|Pest
3741,Field NW-03741 (Akatsi),SoilErosion|FrostDamage
3742,Field NE-03742 (Hawassa),Salinity
3743,Field SE-03743 (Akatsi),HeatStress|Pest|NutrientDeficiency
3744,Field NE-03744 (Amanzi),Pest|Drought
3745,Field NW-03745 (Amanzi),HeatStress
3746,Field NW-03746 (Kilimani),FungalDisease
3747,Field SW-03747 (Akatsi),Pest
3748,Field NE-03748 (Sokoto),FrostDamage|SoilErosion|HeatStress
3749,Field NE-03749 (Sokoto),Salinity|Pest|WeedPressure
3750,Field C-03750 (Sokoto),(no issues listed)
3751,Field SW-03751 (Kilimani),WeedPressure|HeatStress|Drought
3752,Field SE-03752 (Kilimani),Salinity|HeatStress|FungalDisease
3753,Field NW-03753 (Hawassa),HeatStress|FungalDisease
3754,Field C-03754 (Hawassa),WeedPressure|Flood|HeatStress
3755,Field NE-03755 (Hawassa),NutrientDeficiency|SoilErosion
3756,Field NW-03756 (Kilimani),Pest|WeedPressure
3757,Field C-03757 (Hawassa),(no issues listed)
3758,Field NE-03758 (Akatsi),Drought
3759,Field NW-03759 (Hawassa),NutrientDeficiency|Flood|Drought
3760,Field C-03760 (Hawassa),HeatStress|NutrientDeficiency|SoilErosion
3761,Field SE-03761 (Hawassa),FrostDamage
3762,Field SW-03762 (Amanzi),FrostDamage|SoilErosion|Drought
3763,Field NE-03763 (Hawassa),Pest
3764,Field SE-03764 (Hawassa),WeedPressure
3765,Field NW-03765 (Amanzi),NutrientDeficiency|FungalDisease|Pest
3766,Field C-03766 (Hawassa),Flood|SoilErosion|HeatStress
3767,Field NW-03767 (Kilimani),Pest|WeedPressure|NutrientDeficiency
3768,Field SE-03768 (Amanzi),FrostDamage|NutrientDeficiency|WeedPressure
3769,Field NE-03769 (Amanzi),Flood|WeedPressure|FungalDisease
3770,Field NW-03770 (Akatsi),WeedPressure
3771,Field SE-03771 (Akatsi),HeatStress|NutrientDeficiency|FungalDisease
3772,Field NW-03772 (Hawassa),NutrientDeficiency|SoilErosion
3773,Field NE-03773 (Sokoto),WeedPressure
3774,Field SE-03774 (Sokoto),HeatStress|Drought|Flood
3775,Field SE-03775 (Kilimani),Drought|NutrientDeficiency|WeedPressure
3776,Field SW-03776 (Kilimani),WeedPressure
3777,Field SE-03777 (Sokoto),NutrientDeficiency|Pest
3778,Field NE-03778 (Sokoto),HeatStress
3779,Field SE-03779 (Amanzi),FrostDamage|HeatStress|FungalDisease
3780,Field NW-03780 (Hawassa),(no issues listed)
3781,Field SE-03781 (Kilimani),Pest
3782,Field SW-03782 (Amanzi),WeedPressure|SoilErosion
3783,Field SW-03783 (Kilimani),Flood
3784,Field SW-03784 (Sokoto),WeedPressure
3785,Field NW-03785 (Kilimani),FungalDisease
3786,Field SW-03786 (Kilimani),FungalDisease
3787,Field SW-03787 (Sokoto),WeedPressure|FungalDisease|Salinity
3788,Field C-03788 (Amanzi),(no issues listed)
3789,Field SW-03789 (Hawassa),WeedPressure|Pest
3790,Field C-03790 (Akatsi),Drought|HeatStress|FrostDamage
3791,Field SW-03791 (Kilimani),SoilErosion
3792,Field NW-03792 (Akatsi),(no issues listed)
3793,Field SE-03793 (Sokoto),Pest
3794,Field NE-03794 (Akatsi),(no issues listed)
3795,Field C-03795 (Hawassa),FrostDamage|Drought|WeedPressure
3796,Field SW-03796 (Akatsi),Pest
3797,Field SW-03797 (Kilimani),SoilErosion
3798,Field SE-03798 (Sokoto),HeatStress|Salinity
3799,Field NE-03799 (Kilimani),Flood|Salinity
3800,Field SE-03800 (Hawassa),Pest|Salinity|NutrientDeficiency
3801,Field C-03801 (Amanzi),SoilErosion
3802,Field C-03802 (Akatsi),WeedPressure
3803,Field NW-03803 (Sokoto),Flood|SoilErosion
3804,Field C-03804 (Kilimani),Pest|WeedPressure
3805,Field NW-03805 (Amanzi),Pest|Drought|WeedPressure
3806,Field NE-03806 (Hawassa),(no issues listed)
3807,Field NE-03807 (Hawassa),WeedPressure
3808,Field NW-03808 (Sokoto),FungalDisease|Pest|WeedPressure
3809,Field SW-03809 (Sokoto),HeatStress
3810,Field NW-03810 (Amanzi),(no issues listed)
3811,Field SE-03811 (Akatsi),Pest|NutrientDeficiency
3812,Field SE-03812 (Hawassa),(no issues listed)
3813,Field NE-03813 (Sokoto),Drought
3814,Field SE-03814 (Amanzi),NutrientDeficiency|HeatStress|WeedPressure
3815,Field NW-03815 (Akatsi),Drought
3816,Field NW-03816 (Amanzi),NutrientDeficiency|Pest
3817,Field C-03817 (Hawassa),FungalDisease|Pest
3818,Field NW-03818 (Sokoto),(no issues listed)
3819,Field SW-03819 (Amanzi),(no issues listed)
3820,Field C-03820 (Amanzi),HeatStress
3821,Field SW-03821 (Amanzi),NutrientDeficiency
3822,Field SW-03822 (Hawassa),(no issues listed)
3823,Field SW-03823 (Akatsi),NutrientDeficiency|FungalDisease|Pest
3824,Field NE-03824 (Kilimani),FungalDisease|SoilErosion
3825,Field C-03825 (Kilimani),(no issues listed)
3826,Field NW-03826 (Akatsi),WeedPressure|HeatStress
3827,Field NW-03827 (Amanzi),HeatStress|FungalDisease
3828,Field SW-03828 (Akatsi),Pest
3829,Field SE-03829 (Hawassa),FungalDisease
3830,Field SE-03830 (Amanzi),Flood|Pest|SoilErosion
3831,Field NW-03831 (Sokoto),Drought|Salinity
3832,Field NW-03832 (Akatsi),HeatStress
3833,Field SE-03833 (Amanzi),Drought
3834,Field NW-03834 (Amanzi),Salinity
3835,Field SW-03835 (Hawassa),Salinity
3836,Field NW-03836 (Sokoto),Flood
3837,Field C-03837 (Sokoto),WeedPressure|NutrientDeficiency
3838,Field NW-03838 (Akatsi),(no issues listed)
3839,Field C-03839 (Amanzi),SoilErosion|WeedPressure|Drought
3840,Field NE-03840 (Akatsi),NutrientDeficiency|Flood
3841,Field SE-03841 (Akatsi),Pest
3842,Field NE-03842 (Kilimani),(no issues listed)
3843,Field SW-03843 (Sokoto),WeedPressure|NutrientDeficiency
3844,Field SE-03844 (Amanzi),WeedPressure|FungalDisease
3845,Field SW-03845 (Akatsi),Flood|NutrientDeficiency|Drought
3846,Field NW-03846 (Sokoto),Pest|Flood
3847,Field SW-03847 (Amanzi),HeatStress|NutrientDeficiency|Flood
3848,Field SE-03848 (Kilimani),SoilErosion|HeatStress|Drought
3849,Field SE-03849 (Kilimani),HeatStress
3850,Field NE-03850 (Amanzi),WeedPressure
3851,Field SW-03851 (Sokoto),Pest|FrostDamage
3852,Field C-03852 (Kilimani),Salinity|WeedPressure
3853,Field C-03853 (Akatsi),WeedPressure|Pest|Drought
3854,Field C-03854 (Akatsi),FungalDisease|NutrientDeficiency
3855,Field C-03855 (Kilimani),Flood|Pest
3856,Field C-03856 (Kilimani),FungalDisease|WeedPressure|Pest
3857,Field NE-03857 (Hawassa),Drought|WeedPressure
3858,Field C-03858 (Amanzi),NutrientDeficiency
3859,Field C-03859 (Akatsi),(no issues listed)
3860,Field NW-03860 (Amanzi),SoilErosion
3861,Field SW-03861 (Sokoto),HeatStress|Drought|NutrientDeficiency
3862,Field C-03862 (Hawassa),(no issues listed)
3863,Field NW-03863 (Amanzi),Flood
3864,Field SW-03864 (Hawassa),Pest|NutrientDeficiency
3865,Field C-03865 (Akatsi),Drought|Flood|FungalDisease
3866,Field NE-03866 (Amanzi),(no issues listed)
3867,Field NE-03867 (Hawassa),NutrientDeficiency|Drought
3868,Field C-03868 (Akatsi),SoilErosion
3869,Field NE-03869 (Akatsi),(no issues listed)
3870,Field C-03870 (Amanzi),Pest|NutrientDeficiency
3871,Field NW-03871 (Sokoto),Pest|NutrientDeficiency
3872,Field SW-03872 (Kilimani),SoilErosion
3873,Field SE-03873 (Kilimani),WeedPressure
3874,Field NW-03874 (Akatsi),NutrientDeficiency|SoilErosion
3875,Field NW-03875 (Sokoto),(no issues listed)
3876,Field NE-03876 (Amanzi),NutrientDeficiency|WeedPressure
3877,Field NW-03877 (Sokoto),WeedPressure
3878,Field NE-03878 (Kilimani),Drought|FrostDamage|Pest
3879,Field SE-03879 (Akatsi),FungalDisease
3880,Field C-03880 (Sokoto),Flood|WeedPressure
3881,Field NW-03881 (Akatsi),HeatStress
3882,Field SW-03882 (Akatsi),NutrientDeficiency|WeedPressure
3883,Field SW-03883 (Akatsi),WeedPressure
3884,Field NW-03884 (Akatsi),FungalDisease|FrostDamage|SoilErosion
3885,Field NW-03885 (Akatsi),Salinity|Flood|WeedPressure
3886,Field C-03886 (Kilimani),Salinity|WeedPressure
3887,Field NE-03887 (Amanzi),FungalDisease|FrostDamage|Drought
3888,Field SW-03888 (Sokoto),WeedPressure|FungalDisease
3889,Field NW-03889 (Akatsi),Drought
3890,Field SW-03890 (Hawassa),Drought|NutrientDeficiency
3891,Field SW-03891 (Akatsi),HeatStress
3892,Field NE-03892 (Sokoto),Pest|Drought|NutrientDeficiency
3893,Field SW-03893 (Kilimani),FrostDamage|Pest
3894,Field NE-03894 (Akatsi),(no issues listed)
3895,Field SW-03895 (Akatsi),FungalDisease
3896,Field SE-03896 (Kilimani),WeedPressure|HeatStress
3897,Field SE-03897 (Kilimani),FungalDisease|Flood
3898,Field SW-03898 (Akatsi),Drought
3899,Field NW-03899 (Kilimani),SoilErosion
3900,Field SW-03900 (Akatsi),NutrientDeficiency|SoilErosion|Drought
3901,Field NE-03901 (Amanzi),Flood|HeatStress
3902,Field NW-03902 (Akatsi),Pest
3903,Field SE-03903 (Amanzi),Pest
3904,Field NW-03904 (Akatsi),(no issues listed)
3905,Field SE-03905 (Hawassa),Flood
3906,Field NW-03906 (Sokoto),Flood
3907,Field SE-03907 (Sokoto),Flood
3908,Field C-03908 (Akatsi),Flood|HeatStress|NutrientDeficiency
3909,Field C-03909 (Sokoto),Pest|SoilErosion
3910,Field NW-03910 (Akatsi),WeedPressure
3911,Field C-03911 (Amanzi),NutrientDeficiency|FungalDisease
3912,Field SW-03912 (Hawassa),(no issues listed)
3913,Field SE-03913 (Hawassa),Drought|Pest|Flood
3914,Field NW-03914 (Hawassa),FungalDisease
3915,Field NE-03915 (Sokoto),Flood|Pest|FrostDamage
3916,Field SE-03916 (Akatsi),Salinity|SoilErosion
3917,Field SW-03917 (Amanzi),Flood|FungalDisease|WeedPressure
3918,Field NE-03918 (Amanzi),Salinity|FrostDamage|Drought
3919,Field NW-03919 (Kilimani),(no issues listed)
3920,Field SE-03920 (Amanzi),NutrientDeficiency
3921,Field NW-03921 (Kilimani),WeedPressure|Drought
3922,Field SE-03922 (Akatsi),Drought|WeedPressure|NutrientDeficiency
3923,Field NE-03923 (Amanzi),HeatStress|FungalDisease
3924,Field C-03924 (Kilimani),Drought|Salinity|SoilErosion
3925,Field NE-03925 (Sokoto),FungalDisease|Pest|WeedPressure
3926,Field NE-03926 (Akatsi),(no issues listed)
3927,Field NE-03927 (Sokoto),NutrientDeficiency|HeatStress|Drought
3928,Field NE-03928 (Hawassa),Pest|HeatStress|Drought
3929,Field SE-03929 (Kilimani),Pest|Drought|FungalDisease
3930,Field C-03930 (Kilimani),Drought|Flood|HeatStress
3931,Field SE-03931 (Akatsi),FungalDisease|NutrientDeficiency|Pest
3932,Field C-03932 (Amanzi),Drought|SoilErosion
3933,Field NW-03933 (Sokoto),Pest
3934,Field NE-03934 (Kilimani),HeatStress|Pest|Drought
3935,Field SW-03935 (Akatsi),FrostDamage
3936,Field C-03936 (Amanzi),NutrientDeficiency|HeatStress
3937,Field C-03937 (Sokoto),SoilErosion|HeatStress
3938,Field SW-03938 (Sokoto),(no issues listed)
3939,Field SE-03939 (Kilimani),Pest
3940,Field SW-03940 (Kilimani),SoilErosion|WeedPressure|FrostDamage
3941,Field C-03941 (Hawassa),Drought|Flood
3942,Field SW-03942 (Kilimani),HeatStress
3943,Field C-03943 (Sokoto),SoilErosion|NutrientDeficiency
3944,Field SW-03944 (Amanzi),SoilErosion|HeatStress
3945,Field SE-03945 (Sokoto),SoilErosion|FungalDisease
3946,Field SE-03946 (Hawassa),Drought|HeatStress|NutrientDeficiency
3947,Field C-03947 (Sokoto),WeedPressure|Pest
3948,Field NW-03948 (Akatsi),Drought
3949,Field NW-03949 (Sokoto),WeedPressure|FrostDamage
3950,Field NE-03950 (Hawassa),Salinity|FungalDisease|SoilErosion
3951,Field SW-03951 (Hawassa),Drought|WeedPressure
3952,Field NE-03952 (Amanzi),NutrientDeficiency|Pest
3953,Field SE-03953 (Kilimani),Pest
3954,Field SW-03954 (Sokoto),FungalDisease
3955,Field NW-03955 (Kilimani),NutrientDeficiency|Pest
3956,Field SW-03956 (Sokoto),FungalDisease|NutrientDeficiency|HeatStress
3957,Field SW-03957 (Amanzi),Flood|FungalDisease
3958,Field C-03958 (Amanzi),Salinity|SoilErosion|Drought
3959,Field SW-03959 (Hawassa),NutrientDeficiency|Pest
3960,Field SE-03960 (Amanzi),FungalDisease
3961,Field NE-03961 (Akatsi),NutrientDeficiency|Salinity|FungalDisease
3962,Field SE-03962 (Amanzi),Drought|HeatStress
3963,Field SE-03963 (Amanzi),NutrientDeficiency|Flood
3964,Field SW-03964 (Amanzi),NutrientDeficiency
3965,Field SE-03965 (Akatsi),NutrientDeficiency
3966,Field SE-03966 (Sokoto),Pest|NutrientDeficiency|SoilErosion
3967,Field SE-03967 (Hawassa),HeatStress|NutrientDeficiency|WeedPressure
3968,Field NW-03968 (Sokoto),Drought|NutrientDeficiency
3969,Field NW-03969 (Akatsi),NutrientDeficiency|Flood
3970,Field NW-03970 (Sokoto),NutrientDeficiency|Pest
3971,Field NW-03971 (Hawassa),HeatStress|Drought|Flood
3972,Field SW-03972 (Kilimani),Drought|Pest|NutrientDeficiency
3973,Field NW-03973 (Sokoto),Drought
3974,Field SE-03974 (Kilimani),(no issues listed)
3975,Field NW-03975 (Sokoto),HeatStress
3976,Field C-03976 (Akatsi),Drought|Pest
3977,Field NW-03977 (Amanzi),(no issues listed)
3978,Field NE-03978 (Amanzi),Drought
3979,Field SW-03979 (Sokoto),NutrientDeficiency|Flood
3980,Field SE-03980 (Sokoto),HeatStress|Salinity|WeedPressure
3981,Field SE-03981 (Sokoto),SoilErosion
3982,Field NE-03982 (Akatsi),SoilErosion|Drought
3983,Field SE-03983 (Hawassa),NutrientDeficiency|Pest|HeatStress
3984,Field C-03984 (Akatsi),(no issues listed)
3985,Field SW-03985 (Akatsi),SoilErosion|Pest|HeatStress
3986,Field SE-03986 (Sokoto),Flood|Drought
3987,Field SE-03987 (Amanzi),Pest|SoilErosion|Drought
3988,Field SW-03988 (Sokoto),Pest|NutrientDeficiency
3989,Field NE-03989 (Sokoto),Pest
3990,Field NW-03990 (Kilimani),WeedPressure|HeatStress|Drought
3991,Field C-03991 (Akatsi),Salinity|Flood|NutrientDeficiency
3992,Field NE-03992 (Amanzi),Pest
3993,Field NE-03993 (Amanzi),FrostDamage|SoilErosion|Salinity
3994,Field SW-03994 (Kilimani),HeatStress|FungalDisease
3995,Field NE-03995 (Hawassa),Drought|FrostDamage
3996,Field NW-03996 (Sokoto),Drought|Pest|FrostDamage
3997,Field NW-03997 (Kilimani),WeedPressure|HeatStress|SoilErosion
3998,Field C-03998 (Akatsi),WeedPressure|FungalDisease|Salinity
3999,Field NE-03999 (Kilimani),WeedPressure|Flood|Pest
4000,Field NW-04000 (Kilimani),Drought|NutrientDeficiency|WeedPressure
4001,Field SE-04001 (Hawassa),FungalDisease
4002,Field SW-04002 (Amanzi),Drought|WeedPressure
4003,Field SE-04003 (Amanzi),HeatStress
4004,Field C-04004 (Sokoto),NutrientDeficiency|SoilErosion
4005,Field NE-04005 (Akatsi),NutrientDeficiency|WeedPressure
4006,Field NW-04006 (Kilimani),Drought
4007,Field NW-04007 (Amanzi),HeatStress
4008,Field C-04008 (Akatsi),Salinity
4009,Field NW-04009 (Hawassa),(no issues listed)
4010,Field NW-04010 (Akatsi),FungalDisease
4011,Field SE-04011 (Sokoto),(no issues listed)
4012,Field SW-04012 (Sokoto),Drought|FungalDisease
4013,Field NE-04013 (Kilimani),NutrientDeficiency|HeatStress
4014,Field NW-04014 (Amanzi),WeedPressure|Flood|Salinity
4015,Field NE-04015 (Sokoto),Pest|SoilErosion|NutrientDeficiency
4016,Field SW-04016 (Hawassa),Drought|Pest
4017,Field NW-04017 (Sokoto),HeatStress|Drought
4018,Field NE-04018 (Akatsi),Salinity|Drought
4019,Field NW-04019 (Akatsi),Pest|Drought
4020,Field SE-04020 (Amanzi),HeatStress|NutrientDeficiency|Drought
4021,Field SW-04021 (Akatsi),SoilErosion|WeedPressure|HeatStress
4022,Field NE-04022 (Sokoto),FrostDamage
4023,Field NE-04023 (Akatsi),FrostDamage|WeedPressure|NutrientDeficiency
4024,Field SE-04024 (Hawassa),FungalDisease|Flood
4025,Field SW-04025 (Sokoto),SoilErosion
4026,Field C-04026 (Sokoto),FungalDisease|Salinity
4027,Field NW-04027 (Akatsi),(no issues listed)
4028,Field SE-04028 (Akatsi),Pest|FungalDisease|Drought
4029,Field NE-04029 (Hawassa),HeatStress|Pest
4030,Field SE-04030 (Kilimani),Pest
4031,Field C-04031 (Amanzi),FungalDisease
4032,Field C-04032 (Kilimani),HeatStress
4033,Field SE-04033 (Sokoto),NutrientDeficiency|Salinity|Drought
4034,Field NE-04034 (Akatsi),SoilErosion|FungalDisease
4035,Field SW-04035 (Sokoto),HeatStress|Pest
4036,Field C-04036 (Sokoto),(no issues listed)
4037,Field C-04037 (Hawassa),Pest|Flood|Salinity
4038,Field NW-04038 (Akatsi),HeatStress
4039,Field NE-04039 (Hawassa),Pest|NutrientDeficiency|Flood
4040,Field SW-04040 (Amanzi),HeatStress|WeedPressure
4041,Field SE-04041 (Hawassa),SoilErosion|Pest
4042,Field C-04042 (Kilimani),FrostDamage
4043,Field SW-04043 (Hawassa),Drought
4044,Field SE-04044 (Sokoto),HeatStress|Pest|FungalDisease
4045,Field NE-04045 (Hawassa),Flood|WeedPressure
4046,Field SE-04046 (Kilimani),Flood
4047,Field SE-04047 (Akatsi),Pest
4048,Field SW-04048 (Hawassa),SoilErosion
4049,Field C-04049 (Amanzi),(no issues listed)
4050,Field NE-04050 (Akatsi),SoilErosion|Flood
4051,Field NW-04051 (Amanzi),Salinity|Flood
4052,Field C-04052 (Kilimani),(no issues listed)
4053,Field NW-04053 (Amanzi),(no issues listed)
4054,Field SE-04054 (Hawassa),Drought|WeedPressure|FungalDisease
4055,Field SE-04055 (Amanzi),NutrientDeficiency
4056,Field C-04056 (Akatsi),WeedPressure|Pest|Flood
4057,Field NE-04057 (Sokoto),FungalDisease|Flood|Pest
4058,Field SE-04058 (Sokoto),Pest
4059,Field C-04059 (Kilimani),Flood|HeatStress|Pest
4060,Field NW-04060 (Amanzi),NutrientDeficiency|Drought|Flood
4061,Field NE-04061 (Hawassa),NutrientDeficiency|SoilErosion
4062,Field SW-04062 (Amanzi),FungalDisease|Pest|Drought
4063,Field NW-04063 (Akatsi),NutrientDeficiency|Drought|Flood
4064,Field SW-04064 (Amanzi),Pest
4065,Field NE-04065 (Amanzi),Pest|FrostDamage
4066,Field SW-04066 (Kilimani),WeedPressure|FungalDisease
4067,Field SW-04067 (Kilimani),FungalDisease
4068,Field SE-04068 (Akatsi),NutrientDeficiency
4069,Field NW-04069 (Hawassa),FrostDamage|Pest
4070,Field C-04070 (Amanzi),HeatStress|FungalDisease|Drought
4071,Field NW-04071 (Hawassa),NutrientDeficiency|Pest|Drought
4072,Field NE-04072 (Sokoto),SoilErosion|Flood|NutrientDeficiency
4073,Field SW-04073 (Akatsi),FungalDisease
4074,Field SE-04074 (Amanzi),WeedPressure|Flood
4075,Field SW-04075 (Akatsi),Pest
4076,Field NE-04076 (Kilimani),(no issues listed)
4077,Field SE-04077 (Hawassa),Pest|WeedPressure
4078,Field SE-04078 (Kilimani),SoilErosion
4079,Field C-04079 (Sokoto),HeatStress|Drought
4080,Field SE-04080 (Hawassa),(no issues listed)
4081,Field SE-04081 (Akatsi),FungalDisease|WeedPressure|Salinity
4082,Field NE-04082 (Kilimani),WeedPressure|Drought|NutrientDeficiency
4083,Field NE-04083 (Akatsi),HeatStress|Drought
4084,Field SW-04084 (Akatsi),Pest|Drought
4085,Field SW-04085 (Kilimani),Flood|NutrientDeficiency|SoilErosion
4086,Field NW-04086 (Kilimani),WeedPressure|SoilErosion|Flood
4087,Field NE-04087 (Hawassa),Drought|Pest|NutrientDeficiency
4088,Field C-04088 (Sokoto),Pest
4089,Field NW-04089 (Sokoto),HeatStress|NutrientDeficiency|FungalDisease
4090,Field C-04090 (Hawassa),HeatStress|Pest|NutrientDeficiency
4091,Field SW-04091 (Sokoto),WeedPressure
4092,Field SW-04092 (Amanzi),HeatStress|FungalDisease
4093,Field NE-04093 (Sokoto),(no issues listed)
4094,Field SW-04094 (Hawassa),NutrientDeficiency
4095,Field NW-04095 (Sokoto),NutrientDeficiency|Drought|Pest
4096,Field SE-04096 (Hawassa),Drought
4097,Field SW-04097 (Kilimani),NutrientDeficiency
4098,Field NE-04098 (Kilimani),Pest
4099,Field NW-04099 (Hawassa),SoilErosion|Drought
4100,Field NW-04100 (Hawassa),Drought
4101,Field SE-04101 (Akatsi),WeedPressure|Salinity|HeatStress
4102,Field NE-04102 (Sokoto),Flood|FrostDamage
4103,Field C-04103 (Kilimani),FungalDisease|HeatStress
4104,Field NE-04104 (Kilimani),Flood|WeedPressure|Drought
4105,Field SE-04105 (Hawassa),(no issues listed)
4106,Field C-04106 (Sokoto),(no issues listed)
4107,Field SE-04107 (Hawassa),Pest|FrostDamage|Drought
4108,Field NW-04108 (Hawassa),FungalDisease|Flood|FrostDamage
4109,Field NW-04109 (Kilimani),FungalDisease
4110,Field SE-04110 (Akatsi),FrostDamage|SoilErosion|FungalDisease
4111,Field NE-04111 (Sokoto),Pest
4112,Field NE-04112 (Akatsi),NutrientDeficiency|SoilErosion
4113,Field SE-04113 (Hawassa),NutrientDeficiency|HeatStress
4114,Field NE-04114 (Sokoto),SoilErosion
4115,Field NW-04115 (Akatsi),Drought|WeedPressure
4116,Field NW-04116 (Kilimani),WeedPressure|SoilErosion
4117,Field NE-04117 (Sokoto),FungalDisease
4118,Field SW-04118 (Amanzi),Drought|NutrientDeficiency
4119,Field SW-04119 (Akatsi),Salinity|WeedPressure
4120,Field NE-04120 (Hawassa),Drought
4121,Field NW-04121 (Hawassa),Flood|Pest
4122,Field C-04122 (Akatsi),Pest
4123,Field SE-04123 (Hawassa),Drought
4124,Field C-04124 (Kilimani),Drought
4125,Field C-04125 (Kilimani),Pest|SoilErosion|HeatStress
4126,Field NW-04126 (Sokoto),Pest
4127,Field C-04127 (Akatsi),Pest|Drought|FungalDisease
4128,Field SW-04128 (Akatsi),Salinity|Drought|Pest
4129,Field NE-04129 (Akatsi),WeedPressure|Drought
4130,Field NW-04130 (Amanzi),Drought|HeatStress
4131,Field SE-04131 (Akatsi),NutrientDeficiency|Flood|FrostDamage
4132,Field NE-04132 (Hawassa),FungalDisease
4133,Field C-04133 (Hawassa),Drought
4134,Field C-04134 (Kilimani),FungalDisease
4135,Field NW-04135 (Sokoto),Flood|Drought
4136,Field NE-04136 (Sokoto),NutrientDeficiency
4137,Field C-04137 (Amanzi),(no issues listed)
4138,Field SE-04138 (Amanzi),WeedPressure|Flood
4139,Field SW-04139 (Sokoto),Salinity|Pest
4140,Field NE-04140 (Hawassa),Drought
4141,Field C-04141 (Akatsi),SoilErosion|Pest
4142,Field C-04142 (Hawassa),HeatStress
4143,Field NE-04143 (Kilimani),(no issues listed)
4144,Field NW-04144 (Akatsi),Salinity|NutrientDeficiency
4145,Field SE-04145 (Sokoto),Pest|WeedPressure
4146,Field SE-04146 (Akatsi),HeatStress|NutrientDeficiency
4147,Field C-04147 (Akatsi),HeatStress
4148,Field C-04148 (Kilimani),NutrientDeficiency|Drought
4149,Field SW-04149 (Akatsi),FungalDisease|Flood
4150,Field SW-04150 (Hawassa),SoilErosion
4151,Field NE-04151 (Kilimani),Salinity
4152,Field C-04152 (Akatsi),Drought|FungalDisease|NutrientDeficiency
4153,Field NE-04153 (Akatsi),FungalDisease|WeedPressure
4154,Field SW-04154 (Kilimani),FungalDisease|Salinity
4155,Field NW-04155 (Hawassa),Pest
4156,Field SE-04156 (Hawassa),Pest
4157,Field SE-04157 (Hawassa),Pest|WeedPressure|NutrientDeficiency
4158,Field NE-04158 (Akatsi),FungalDisease
4159,Field NW-04159 (Akatsi),Salinity|Flood|Drought
4160,Field SW-04160 (Hawassa),FungalDisease|Drought
4161,Field NE-04161 (Hawassa),HeatStress|WeedPressure
4162,Field SE-04162 (Sokoto),Pest|Drought|NutrientDeficiency
4163,Field NW-04163 (Akatsi),Pest
4164,Field SW-04164 (Kilimani),WeedPressure
4165,Field SW-04165 (Akatsi),FungalDisease|Salinity
4166,Field NW-04166 (Kilimani),HeatStress
4167,Field C-04167 (Hawassa),Drought
4168,Field NW-04168 (Sokoto),(no issues listed)
4169,Field SE-04169 (Sokoto),HeatStress
4170,Field SW-04170 (Hawassa),Drought|Flood
4171,Field NW-04171 (Sokoto),Pest|NutrientDeficiency|HeatStress
4172,Field NE-04172 (Amanzi),WeedPressure|NutrientDeficiency|SoilErosion
4173,Field NW-04173 (Amanzi),(no issues listed)
4174,Field C-04174 (Akatsi),(no issues listed)
4175,Field C-04175 (Kilimani),(no issues listed)
4176,Field NE-04176 (Sokoto),NutrientDeficiency|Pest
4177,Field NE-04177 (Sokoto),Flood|FrostDamage
4178,Field SE-04178 (Sokoto),Pest
4179,Field SW-04179 (Sokoto),NutrientDeficiency
4180,Field SW-04180 (Akatsi),Pest|SoilErosion|NutrientDeficiency
4181,Field SE-04181 (Akatsi),Drought
4182,Field SW-04182 (Hawassa),WeedPressure
4183,Field SW-04183 (Akatsi),Pest|Drought
4184,Field C-04184 (Kilimani),Flood
4185,Field SW-04185 (Akatsi),Salinity|Flood
4186,Field NW-04186 (Sokoto),Pest
4187,Field NE-04187 (Sokoto),NutrientDeficiency|Drought|Pest
4188,Field C-04188 (Akatsi),NutrientDeficiency|FungalDisease|Drought
4189,Field NW-04189 (Akatsi),Flood|NutrientDeficiency|Salinity
4190,Field SE-04190 (Hawassa),FrostDamage
4191,Field C-04191 (Hawassa),FungalDisease
4192,Field NE-04192 (Sokoto),Drought|HeatStress
4193,Field C-04193 (Hawassa),Salinity|Flood
4194,Field NW-04194 (Amanzi),NutrientDeficiency|Salinity
4195,Field NE-04195 (Akatsi),WeedPressure|NutrientDeficiency|Drought
4196,Field SW-04196 (Amanzi),(no issues listed)
4197,Field C-04197 (Hawassa),SoilErosion|NutrientDeficiency
4198,Field C-04198 (Amanzi),Pest|Drought|HeatStress
4199,Field SE-04199 (Sokoto),FungalDisease
4200,Field NW-04200 (Sokoto),FungalDisease|Salinity|Pest
4201,Field SW-04201 (Sokoto),Drought|Pest|Flood
4202,Field SW-04202 (Hawassa),HeatStress
4203,Field SW-04203 (Sokoto),FrostDamage
4204,Field SW-04204 (Kilimani),WeedPressure
4205,Field NW-04205 (Akatsi),Pest|NutrientDeficiency|FungalDisease
4206,Field SW-04206 (Akatsi),NutrientDeficiency
4207,Field SW-04207 (Akatsi),NutrientDeficiency|Flood
4208,Field NE-04208 (Akatsi),Pest|Salinity
4209,Field SW-04209 (Amanzi),NutrientDeficiency
4210,Field NE-04210 (Kilimani),Pest|NutrientDeficiency|Drought
4211,Field NW-04211 (Sokoto),Salinity
4212,Field C-04212 (Kilimani),HeatStress
4213,Field NE-04213 (Hawassa),(no issues listed)
4214,Field C-04214 (Hawassa),FungalDisease
4215,Field NE-04215 (Akatsi),(no issues listed)
4216,Field NE-04216 (Akatsi),HeatStress
4217,Field C-04217 (Hawassa),Salinity
4218,Field SW-04218 (Kilimani),(no issues listed)
4219,Field C-04219 (Hawassa),Drought|WeedPressure|NutrientDeficiency
4220,Field NE-04220 (Hawassa),NutrientDeficiency|Pest
4221,Field SE-04221 (Akatsi),NutrientDeficiency|Drought|Pest
4222,Field NW-04222 (Hawassa),Pest
4223,Field C-04223 (Amanzi),NutrientDeficiency|FungalDisease
4224,Field NE-04224 (Amanzi),NutrientDeficiency|WeedPressure
4225,Field SW-04225 (Amanzi),FrostDamage
4226,Field SW-04226 (Sokoto),WeedPressure
4227,Field C-04227 (Akatsi),WeedPressure|SoilErosion
4228,Field NE-04228 (Akatsi),WeedPressure|Drought|NutrientDeficiency
4229,Field C-04229 (Sokoto),WeedPressure|FrostDamage
4230,Field NW-04230 (Amanzi),Pest|NutrientDeficiency|FungalDisease
4231,Field NE-04231 (Amanzi),NutrientDeficiency|SoilErosion
4232,Field C-04232 (Amanzi),Flood
4233,Field C-04233 (Amanzi),FrostDamage
4234,Field NW-04234 (Amanzi),Pest
4235,Field C-04235 (Akatsi),Salinity
4236,Field C-04236 (Amanzi),WeedPressure
4237,Field C-04237 (Amanzi),WeedPressure|NutrientDeficiency
4238,Field C-04238 (Hawassa),WeedPressure|HeatStress|Pest
4239,Field NE-04239 (Sokoto),Salinity|HeatStress
4240,Field SE-04240 (Hawassa),Pest|NutrientDeficiency|WeedPressure
4241,Field C-04241 (Sokoto),FungalDisease
4242,Field NE-04242 (Hawassa),HeatStress|FungalDisease|Drought
4243,Field C-04243 (Akatsi),HeatStress|Pest|NutrientDeficiency
4244,Field SW-04244 (Akatsi),FrostDamage|Pest
4245,Field SW-04245 (Kilimani),Drought
4246,Field C-04246 (Hawassa),(no issues listed)
4247,Field SE-04247 (Sokoto),Drought
4248,Field NE-04248 (Akatsi),WeedPressure|NutrientDeficiency
4249,Field SE-04249 (Hawassa),(no issues listed)
4250,Field C-04250 (Akatsi),HeatStress|Drought|WeedPressure
4251,Field NE-04251 (Hawassa),FungalDisease|HeatStress
4252,Field C-04252 (Akatsi),FungalDisease|SoilErosion|HeatStress
4253,Field SE-04253 (Sokoto),Pest|FungalDisease
4254,Field SE-04254 (Akatsi),Salinity
4255,Field NW-04255 (Sokoto),NutrientDeficiency|WeedPressure|FrostDamage
4256,Field NW-04256 (Hawassa),NutrientDeficiency
4257,Field C-04257 (Hawassa),Pest|SoilErosion|NutrientDeficiency
4258,Field C-04258 (Amanzi),(no issues listed)
4259,Field NW-04259 (Sokoto),NutrientDeficiency|Pest|WeedPressure
4260,Field NE-04260 (Akatsi),Flood|Pest|NutrientDeficiency
4261,Field NE-04261 (Kilimani),Pest
4262,Field C-04262 (Kilimani),(no issues listed)
4263,Field SW-04263 (Sokoto),Drought
4264,Field NE-04264 (Sokoto),NutrientDeficiency|Drought|WeedPressure
4265,Field SE-04265 (Amanzi),Salinity
4266,Field SW-04266 (Akatsi),HeatStress
4267,Field SE-04267 (Amanzi),Drought
4268,Field C-04268 (Amanzi),HeatStress|Drought|Pest
4269,Field NE-04269 (Amanzi),WeedPressure|SoilErosion
4270,Field NW-04270 (Kilimani),WeedPressure
4271,Field SW-04271 (Kilimani),Salinity|Pest
4272,Field C-04272 (Kilimani),FrostDamage|Pest|NutrientDeficiency
4273,Field SE-04273 (Amanzi),Drought|FungalDisease|Pest
4274,Field C-04274 (Akatsi),Drought|WeedPressure
4275,Field SE-04275 (Sokoto),Flood|WeedPressure
4276,Field NE-04276 (Sokoto),Flood
4277,Field C-04277 (Akatsi),NutrientDeficiency
4278,Field NW-04278 (Akatsi),FrostDamage|Flood|Drought
4279,Field SE-04279 (Akatsi),WeedPressure
4280,Field SW-04280 (Amanzi),Drought|FungalDisease
4281,Field C-04281 (Kilimani),Drought
4282,Field SE-04282 (Akatsi),Drought
4283,Field SW-04283 (Hawassa),(no issues listed)
4284,Field NE-04284 (Akatsi),Flood|WeedPressure
4285,Field SW-04285 (Sokoto),WeedPressure|FrostDamage|SoilErosion
4286,Field NW-04286 (Hawassa),Drought|WeedPressure
4287,Field NW-04287 (Hawassa),SoilErosion|Drought
4288,Field NW-04288 (Akatsi),NutrientDeficiency|Pest|WeedPressure
4289,Field NW-04289 (Amanzi),Drought|NutrientDeficiency
4290,Field NE-04290 (Amanzi),(no issues listed)
4291,Field NE-04291 (Kilimani),HeatStress
4292,Field NW-04292 (Sokoto),(no issues listed)
4293,Field SW-04293 (Sokoto),(no issues listed)
4294,Field NE-04294 (Sokoto),Pest|HeatStress
4295,Field NE-04295 (Sokoto),Pest|HeatStress
4296,Field SW-04296 (Kilimani),WeedPressure
4297,Field NE-04297 (Kilimani),Flood|WeedPressure|FungalDisease
4298,Field NW-04298 (Amanzi),Flood
4299,Field SE-04299 (Hawassa),SoilErosion
4300,Field SW-04300 (Sokoto),FungalDisease|HeatStress|SoilErosion
4301,Field NE-04301 (Kilimani),Drought
4302,Field NE-04302 (Sokoto),NutrientDeficiency
4303,Field NE-04303 (Amanzi),NutrientDeficiency|WeedPressure|Pest
4304,Field NE-04304 (Akatsi),Pest|FungalDisease
4305,Field SW-04305 (Amanzi),NutrientDeficiency|FungalDisease
4306,Field C-04306 (Sokoto),Pest
4307,Field NE-04307 (Sokoto),WeedPressure
4308,Field SW-04308 (Amanzi),WeedPressure|Drought
4309,Field NE-04309 (Kilimani),SoilErosion|WeedPressure|Pest
4310,Field SE-04310 (Kilimani),Drought|SoilErosion|HeatStress
4311,Field C-04311 (Amanzi),FrostDamage|WeedPressure
4312,Field C-04312 (Hawassa),(no issues listed)
4313,Field SW-04313 (Hawassa),Pest|Flood
4314,Field NW-04314 (Amanzi),Pest|NutrientDeficiency
4315,Field NE-04315 (Sokoto),Salinity|WeedPressure
4316,Field NE-04316 (Kilimani),Drought|SoilErosion
4317,Field C-04317 (Amanzi),NutrientDeficiency
4318,Field NW-04318 (Amanzi),NutrientDeficiency
4319,Field NW-04319 (Amanzi),WeedPressure|Pest
4320,Field SE-04320 (Amanzi),Drought|HeatStress
4321,Field NE-04321 (Sokoto),HeatStress|WeedPressure
4322,Field SW-04322 (Hawassa),WeedPressure
4323,Field NE-04323 (Amanzi),Salinity
4324,Field SE-04324 (Akatsi),HeatStress
4325,Field C-04325 (Akatsi),HeatStress|NutrientDeficiency|SoilErosion
4326,Field NE-04326 (Amanzi),Salinity
4327,Field NE-04327 (Akatsi),NutrientDeficiency|FungalDisease|Pest
4328,Field SW-04328 (Kilimani),Pest|Salinity
4329,Field SW-04329 (Amanzi),Flood
4330,Field SE-04330 (Hawassa),NutrientDeficiency
4331,Field NW-04331 (Amanzi),Drought|SoilErosion|Pest
4332,Field SE-04332 (Sokoto),FungalDisease
4333,Field NE-04333 (Amanzi),SoilErosion
4334,Field SE-04334 (Amanzi),Pest
4335,Field SE-04335 (Amanzi),Salinity|Drought|NutrientDeficiency
4336,Field SE-04336 (Hawassa),NutrientDeficiency
4337,Field SE-04337 (Sokoto),Salinity|FrostDamage|WeedPressure
4338,Field NE-04338 (Hawassa),WeedPressure|Pest|SoilErosion
4339,Field SW-04339 (Hawassa),(no issues listed)
4340,Field SE-04340 (Kilimani),SoilErosion|Drought
4341,Field SE-04341 (Kilimani),SoilErosion|HeatStress
4342,Field NE-04342 (Akatsi),(no issues listed)
4343,Field NE-04343 (Hawassa),SoilErosion|Flood|Pest
4344,Field SW-04344 (Amanzi),(no issues listed)
4345,Field SW-04345 (Hawassa),Salinity|FungalDisease
4346,Field SW-04346 (Hawassa),HeatStress
4347,Field SW-04347 (Hawassa),FrostDamage
4348,Field SW-04348 (Akatsi),FungalDisease|Flood
4349,Field NW-04349 (Kilimani),Pest
4350,Field NW-04350 (Kilimani),FungalDisease|Salinity
4351,Field C-04351 (Hawassa),(no issues listed)
4352,Field SE-04352 (Amanzi),Pest|WeedPressure
4353,Field SE-04353 (Sokoto),Pest
4354,Field SW-04354 (Amanzi),Flood|Drought
4355,Field NW-04355 (Kilimani),Pest
4356,Field SW-04356 (Kilimani),Pest
4357,Field NW-04357 (Sokoto),FungalDisease|WeedPressure|Pest
4358,Field NW-04358 (Kilimani),Pest|Flood
4359,Field SE-04359 (Amanzi),NutrientDeficiency|Pest
4360,Field SE-04360 (Sokoto),Pest|WeedPressure|FrostDamage
4361,Field SE-04361 (Sokoto),(no issues listed)
4362,Field C-04362 (Amanzi),WeedPressure|FungalDisease|Pest
4363,Field C-04363 (Sokoto),Flood|Pest|FungalDisease
4364,Field SE-04364 (Akatsi),HeatStress|Salinity|WeedPressure
4365,Field C-04365 (Kilimani),Pest|NutrientDeficiency
4366,Field NW-04366 (Hawassa),(no issues listed)
4367,Field C-04367 (Kilimani),NutrientDeficiency|Pest|FrostDamage
4368,Field NW-04368 (Amanzi),NutrientDeficiency
4369,Field NE-04369 (Akatsi),SoilErosion|Flood
4370,Field C-04370 (Sokoto),WeedPressure|Pest
4371,Field NE-04371 (Sokoto),HeatStress|SoilErosion|WeedPressure
4372,Field SW-04372 (Kilimani),Flood|Pest|NutrientDeficiency
4373,Field NW-04373 (Sokoto),Pest
4374,Field NE-04374 (Sokoto),(no issues listed)
4375,Field SE-04375 (Akatsi),HeatStress|Salinity|SoilErosion
4376,Field C-04376 (Hawassa),(no issues listed)
4377,Field SE-04377 (Hawassa),FrostDamage
4378,Field SW-04378 (Sokoto),NutrientDeficiency|Drought
4379,Field NW-04379 (Kilimani),SoilErosion|Drought
4380,Field NE-04380 (Amanzi),WeedPressure|Pest
4381,Field C-04381 (Amanzi),Pest|HeatStress|FungalDisease
4382,Field NW-04382 (Amanzi),NutrientDeficiency|Drought|Flood
4383,Field NE-04383 (Kilimani),HeatStress|SoilErosion|FrostDamage
4384,Field NW-04384 (Sokoto),SoilErosion
4385,Field NW-04385 (Sokoto),FungalDisease|HeatStress
4386,Field NW-04386 (Amanzi),Flood|HeatStress|NutrientDeficiency
4387,Field SW-04387 (Hawassa),HeatStress
4388,Field C-04388 (Amanzi),HeatStress|Flood|FungalDisease
4389,Field NE-04389 (Amanzi),Pest|Flood|Drought
4390,Field SE-04390 (Hawassa),NutrientDeficiency
4391,Field C-04391 (Sokoto),SoilErosion|HeatStress|Drought
4392,Field NW-04392 (Amanzi),NutrientDeficiency|WeedPressure
4393,Field C-04393 (Sokoto),FungalDisease|Pest
4394,Field NW-04394 (Sokoto),Drought|FrostDamage
4395,Field C-04395 (Akatsi),Pest|FungalDisease
4396,Field NW-04396 (Akatsi),WeedPressure
4397,Field SW-04397 (Akatsi),Pest|WeedPressure|Flood
4398,Field NW-04398 (Sokoto),WeedPressure|HeatStress|Drought
4399,Field SE-04399 (Sokoto),SoilErosion|WeedPressure
4400,Field NE-04400 (Akatsi),Pest|Flood
4401,Field NW-04401 (Sokoto),Flood|FrostDamage|WeedPressure
4402,Field C-04402 (Hawassa),(no issues listed)
4403,Field NW-04403 (Amanzi),WeedPressure|Salinity
4404,Field C-04404 (Amanzi),SoilErosion
4405,Field SW-04405 (Amanzi),Pest|WeedPressure|FungalDisease
4406,Field NE-04406 (Amanzi),Pest|Flood|FrostDamage
4407,Field NW-04407 (Kilimani),Flood
4408,Field NE-04408 (Sokoto),(no issues listed)
4409,Field SE-04409 (Kilimani),WeedPressure
4410,Field C-04410 (Amanzi),FungalDisease|Pest
4411,Field NW-04411 (Kilimani),WeedPressure
4412,Field SW-04412 (Sokoto),FungalDisease
4413,Field NE-04413 (Kilimani),Flood|HeatStress
4414,Field SW-04414 (Hawassa),NutrientDeficiency|HeatStress|SoilErosion
4415,Field C-04415 (Amanzi),WeedPressure|Pest
4416,Field NE-04416 (Amanzi),WeedPressure|Salinity
4417,Field C-04417 (Sokoto),SoilErosion|Pest|Salinity
4418,Field C-04418 (Akatsi),Pest
4419,Field NW-04419 (Kilimani),Drought|Pest
4420,Field C-04420 (Hawassa),SoilErosion|Drought|Pest
4421,Field NW-04421 (Akatsi),(no issues listed)
4422,Field NE-04422 (Akatsi),Pest
4423,Field SW-04423 (Amanzi),SoilErosion
4424,Field SE-04424 (Amanzi),Flood
4425,Field C-04425 (Amanzi),Flood|HeatStress
4426,Field NE-04426 (Kilimani),(no issues listed)
4427,Field C-04427 (Hawassa),HeatStress|Drought
4428,Field SW-04428 (Sokoto),(no issues listed)
4429,Field SE-04429 (Kilimani),SoilErosion|FungalDisease|HeatStress
4430,Field SE-04430 (Hawassa),FrostDamage
4431,Field SE-04431 (Kilimani),(no issues listed)
4432,Field C-04432 (Kilimani),WeedPressure
4433,Field SW-04433 (Amanzi),FungalDisease|NutrientDeficiency|WeedPressure
4434,Field SW-04434 (Hawassa),Pest
4435,Field SW-04435 (Kilimani),(no issues listed)
4436,Field SW-04436 (Kilimani),NutrientDeficiency|HeatStress
4437,Field NW-04437 (Hawassa),HeatStress|NutrientDeficiency
4438,Field NW-04438 (Hawassa),WeedPressure|Pest|Flood
4439,Field SW-04439 (Amanzi),Drought
4440,Field SE-04440 (Hawassa),FungalDisease
4441,Field NE-04441 (Hawassa),Drought|NutrientDeficiency|SoilErosion
4442,Field SW-04442 (Akatsi),Pest|HeatStress|NutrientDeficiency
4443,Field NW-04443 (Kilimani),FungalDisease
4444,Field SE-04444 (Akatsi),(no issues listed)
4445,Field SW-04445 (Akatsi),Drought|Flood|WeedPressure
4446,Field SE-04446 (Hawassa),Pest|WeedPressure
4447,Field C-04447 (Sokoto),HeatStress
4448,Field SE-04448 (Sokoto),Salinity
4449,Field SW-04449 (Kilimani),SoilErosion|WeedPressure
4450,Field NE-04450 (Hawassa),Pest|WeedPressure|NutrientDeficiency
4451,Field SW-04451 (Hawassa),Drought|FrostDamage
4452,Field SW-04452 (Hawassa),HeatStress
4453,Field C-04453 (Kilimani),HeatStress|Drought|NutrientDeficiency
4454,Field SW-04454 (Hawassa),FungalDisease
4455,Field C-04455 (Sokoto),(no issues listed)
4456,Field SW-04456 (Hawassa),(no issues listed)
4457,Field SE-04457 (Hawassa),Salinity
4458,Field C-04458 (Hawassa),Pest|NutrientDeficiency
4459,Field C-04459 (Hawassa),Flood|HeatStress
4460,Field NW-04460 (Sokoto),FungalDisease|Flood|Pest
4461,Field C-04461 (Akatsi),WeedPressure
4462,Field C-04462 (Amanzi),SoilErosion|Drought|Flood
4463,Field NW-04463 (Amanzi),Drought|NutrientDeficiency|HeatStress
4464,Field SW-04464 (Hawassa),Pest
4465,Field NE-04465 (Kilimani),NutrientDeficiency|Pest|FungalDisease
4466,Field NE-04466 (Kilimani),(no issues listed)
4467,Field NW-04467 (Kilimani),WeedPressure|FrostDamage|Salinity
4468,Field SE-04468 (Hawassa),NutrientDeficiency|Pest|FrostDamage
4469,Field NW-04469 (Sokoto),FungalDisease|NutrientDeficiency
4470,Field C-04470 (Amanzi),Pest
4471,Field SE-04471 (Hawassa),Salinity
4472,Field SW-04472 (Akatsi),SoilErosion|Drought
4473,Field NE-04473 (Sokoto),Salinity
4474,Field SE-04474 (Hawassa),Salinity
4475,Field SE-04475 (Amanzi),NutrientDeficiency
4476,Field C-04476 (Sokoto),Drought|Flood
4477,Field C-04477 (Sokoto),NutrientDeficiency|Flood
4478,Field NW-04478 (Kilimani),Drought|WeedPressure
4479,Field NE-04479 (Amanzi),HeatStress
4480,Field NW-04480 (Sokoto),FrostDamage|SoilErosion|Pest
4481,Field C-04481 (Amanzi),HeatStress|FungalDisease|FrostDamage
4482,Field NW-04482 (Akatsi),(no issues listed)
4483,Field SE-04483 (Hawassa),FrostDamage|WeedPressure
4484,Field C-04484 (Akatsi),HeatStress
4485,Field C-04485 (Amanzi),HeatStress|Pest|Drought
4486,Field C-04486 (Akatsi),Drought
4487,Field NE-04487 (Akatsi),WeedPressure|Pest
4488,Field NE-04488 (Amanzi),HeatStress|Pest|FungalDisease
4489,Field NW-04489 (Hawassa),Pest|WeedPressure
4490,Field NW-04490 (Kilimani),Salinity
4491,Field SE-04491 (Amanzi),NutrientDeficiency|Pest
4492,Field SW-04492 (Amanzi),Pest|FrostDamage
4493,Field C-04493 (Akatsi),Drought|HeatStress
4494,Field NW-04494 (Amanzi),(no issues listed)
4495,Field NW-04495 (Akatsi),Drought
4496,Field C-04496 (Amanzi),Pest|Drought|HeatStress
4497,Field C-04497 (Hawassa),(no issues listed)
4498,Field SE-04498 (Sokoto),NutrientDeficiency|HeatStress
4499,Field NE-04499 (Amanzi),Drought
4500,Field SE-04500 (Kilimani),Pest|NutrientDeficiency
4501,Field NE-04501 (Akatsi),Drought|Flood|NutrientDeficiency
4502,Field NW-04502 (Kilimani),Salinity|Pest|NutrientDeficiency
4503,Field C-04503 (Amanzi),Salinity|WeedPressure|Drought
4504,Field NE-04504 (Hawassa),HeatStress|NutrientDeficiency|Pest
4505,Field SE-04505 (Akatsi),NutrientDeficiency|WeedPressure|FrostDamage
4506,Field C-04506 (Hawassa),NutrientDeficiency
4507,Field NE-04507 (Hawassa),SoilErosion|WeedPressure
4508,Field SE-04508 (Akatsi),(no issues listed)
4509,Field C-04509 (Sokoto),WeedPressure|Drought|NutrientDeficiency
4510,Field NW-04510 (Amanzi),NutrientDeficiency
4511,Field C-04511 (Sokoto),Drought|WeedPressure
4512,Field SE-04512 (Hawassa),WeedPressure|Flood|FrostDamage
4513,Field NE-04513 (Amanzi),(no issues listed)
4514,Field NE-04514 (Amanzi),FrostDamage|Pest|FungalDisease
4515,Field NE-04515 (Akatsi),WeedPressure|HeatStress|FungalDisease
4516,Field NE-04516 (Kilimani),WeedPressure|Drought|HeatStress
4517,Field C-04517 (Sokoto),(no issues listed)
4518,Field SW-04518 (Amanzi),Pest
4519,Field NE-04519 (Kilimani),WeedPressure|Salinity|Pest
4520,Field NW-04520 (Sokoto),WeedPressure|Salinity|Drought
4521,Field SW-04521 (Sokoto),FungalDisease|WeedPressure|Drought
4522,Field C-04522 (Kilimani),WeedPressure
4523,Field C-04523 (Kilimani),WeedPressure
4524,Field NE-04524 (Amanzi),FungalDisease
4525,Field NW-04525 (Kilimani),(no issues listed)
4526,Field SW-04526 (Hawassa),Drought|Pest|Salinity
4527,Field SW-04527 (Amanzi),WeedPressure
4528,Field C-04528 (Kilimani),NutrientDeficiency|Flood|FungalDisease
4529,Field SW-04529 (Kilimani),Pest|Salinity|HeatStress
4530,Field SE-04530 (Amanzi),WeedPressure|FungalDisease
4531,Field NE-04531 (Sokoto),HeatStress|WeedPressure|Flood
4532,Field NW-04532 (Akatsi),FungalDisease
4533,Field SW-04533 (Sokoto),FungalDisease
4534,Field NW-04534 (Amanzi),NutrientDeficiency
4535,Field NE-04535 (Kilimani),WeedPressure|SoilErosion|Drought
4536,Field SW-04536 (Kilimani),(no issues listed)
4537,Field SW-04537 (Akatsi),(no issues listed)
4538,Field C-04538 (Amanzi),(no issues listed)
4539,Field NW-04539 (Sokoto),Pest|NutrientDeficiency|FungalDisease
4540,Field SW-04540 (Amanzi),Salinity|Pest|NutrientDeficiency
4541,Field NW-04541 (Amanzi),NutrientDeficiency|Drought
4542,Field C-04542 (Hawassa),Salinity|Pest
4543,Field SW-04543 (Kilimani),(no issues listed)
4544,Field NW-04544 (Hawassa),Flood|FrostDamage
4545,Field SW-04545 (Hawassa),Drought
4546,Field NW-04546 (Hawassa),HeatStress
4547,Field SW-04547 (Hawassa),Drought|SoilErosion|HeatStress
4548,Field SE-04548 (Akatsi),WeedPressure
4549,Field C-04549 (Sokoto),Salinity
4550,Field SE-04550 (Kilimani),(no issues listed)
4551,Field C-04551 (Amanzi),FrostDamage|FungalDisease
4552,Field NW-04552 (Hawassa),Pest|HeatStress|Salinity
4553,Field NE-04553 (Amanzi),HeatStress|Drought
4554,Field C-04554 (Kilimani),SoilErosion|WeedPressure
4555,Field NW-04555 (Amanzi),Flood|WeedPressure
4556,Field NW-04556 (Sokoto),(no issues listed)
4557,Field C-04557 (Amanzi),Drought|Salinity
4558,Field SW-04558 (Sokoto),Drought
4559,Field NW-04559 (Kilimani),Pest
4560,Field SE-04560 (Kilimani),NutrientDeficiency|SoilErosion
4561,Field SE-04561 (Kilimani),Pest|HeatStress|WeedPressure
4562,Field SE-04562 (Sokoto),FungalDisease|SoilErosion
4563,Field C-04563 (Akatsi),HeatStress
4564,Field SW-04564 (Hawassa),(no issues listed)
4565,Field SW-04565 (Amanzi),FrostDamage|NutrientDeficiency
4566,Field SW-04566 (Kilimani),FrostDamage|Drought|SoilErosion
4567,Field C-04567 (Akatsi),Drought|Salinity|FungalDisease
4568,Field C-04568 (Hawassa),HeatStress
4569,Field NW-04569 (Akatsi),Pest|Drought
4570,Field NE-04570 (Kilimani),HeatStress
4571,Field NW-04571 (Sokoto),HeatStress|SoilErosion|Flood
4572,Field SE-04572 (Kilimani),FrostDamage|SoilErosion
4573,Field NE-04573 (Amanzi),Salinity
4574,Field SW-04574 (Kilimani),SoilErosion
4575,Field NW-04575 (Akatsi),HeatStress|Pest
4576,Field SW-04576 (Amanzi),HeatStress|Drought|FungalDisease
4577,Field C-04577 (Amanzi),Pest
4578,Field NW-04578 (Sokoto),SoilErosion
4579,Field NW-04579 (Kilimani),Salinity
4580,Field SE-04580 (Sokoto),WeedPressure|Drought|NutrientDeficiency
4581,Field C-04581 (Hawassa),Drought|Pest|HeatStress
4582,Field C-04582 (Sokoto),Salinity|WeedPressure
4583,Field SE-04583 (Akatsi),NutrientDeficiency
4584,Field NE-04584 (Sokoto),FungalDisease
4585,Field NE-04585 (Amanzi),Pest|Salinity
4586,Field NW-04586 (Akatsi),Flood
4587,Field C-04587 (Akatsi),Flood
4588,Field NE-04588 (Akatsi),FungalDisease|NutrientDeficiency|Flood
4589,Field C-04589 (Akatsi),Pest
4590,Field SE-04590 (Amanzi),SoilErosion|Salinity|Drought
4591,Field NW-04591 (Sokoto),FungalDisease|WeedPressure
4592,Field C-04592 (Hawassa),Pest|FungalDisease
4593,Field SW-04593 (Hawassa),SoilErosion
4594,Field NW-04594 (Akatsi),NutrientDeficiency
4595,Field NW-04595 (Amanzi),Pest
4596,Field SW-04596 (Kilimani),Drought|WeedPressure|FungalDisease
4597,Field NW-04597 (Akatsi),HeatStress|FungalDisease
4598,Field C-04598 (Akatsi),HeatStress|WeedPressure|Flood
4599,Field NW-04599 (Hawassa),(no issues listed)
4600,Field SW-04600 (Amanzi),NutrientDeficiency|FrostDamage
4601,Field NE-04601 (Sokoto),Pest|Drought
4602,Field SE-04602 (Amanzi),Pest
4603,Field SW-04603 (Kilimani),NutrientDeficiency|HeatStress|SoilErosion
4604,Field NW-04604 (Akatsi),SoilErosion
4605,Field SE-04605 (Amanzi),FrostDamage|Drought|Pest
4606,Field NW-04606 (Kilimani),FrostDamage
4607,Field C-04607 (Kilimani),SoilErosion|NutrientDeficiency|HeatStress
4608,Field NE-04608 (Amanzi),Flood|NutrientDeficiency|WeedPressure
4609,Field SE-04609 (Amanzi),(no issues listed)
4610,Field C-04610 (Hawassa),FrostDamage|Salinity|Drought
4611,Field NW-04611 (Sokoto),(no issues listed)
4612,Field NW-04612 (Akatsi),(no issues listed)
4613,Field C-04613 (Hawassa),Pest
4614,Field NE-04614 (Kilimani),HeatStress|Salinity|Pest
4615,Field C-04615 (Sokoto),(no issues listed)
4616,Field NW-04616 (Hawassa),Salinity|HeatStress
4617,Field C-04617 (Amanzi),Pest|WeedPressure
4618,Field SW-04618 (Amanzi),Salinity
4619,Field C-04619 (Amanzi),(no issues listed)
4620,Field C-04620 (Amanzi),WeedPressure
4621,Field C-04621 (Akatsi),Flood
4622,Field SW-04622 (Kilimani),FrostDamage|NutrientDeficiency
4623,Field NE-04623 (Hawassa),Flood|Pest|Drought
4624,Field SE-04624 (Hawassa),FungalDisease
4625,Field C-04625 (Hawassa),FungalDisease
4626,Field NE-04626 (Hawassa),NutrientDeficiency
4627,Field C-04627 (Amanzi),HeatStress|Drought|Pest
4628,Field C-04628 (Sokoto),Drought|WeedPressure
4629,Field NE-04629 (Hawassa),Drought
4630,Field NE-04630 (Hawassa),SoilErosion|HeatStress|Pest
4631,Field SW-04631 (Hawassa),NutrientDeficiency|WeedPressure
4632,Field SW-04632 (Amanzi),FungalDisease
4633,Field SE-04633 (Akatsi),NutrientDeficiency
4634,Field SW-04634 (Akatsi),HeatStress|SoilErosion|Drought
4635,Field SW-04635 (Sokoto),NutrientDeficiency|Drought
4636,Field NE-04636 (Amanzi),Drought|HeatStress
4637,Field SW-04637 (Sokoto),FungalDisease
4638,Field C-04638 (Sokoto),Pest|HeatStress
4639,Field C-04639 (Akatsi),FungalDisease|Pest
4640,Field NE-04640 (Kilimani),Pest|WeedPressure|FungalDisease
4641,Field SE-04641 (Akatsi),FungalDisease|WeedPressure|Pest
4642,Field NE-04642 (Hawassa),Pest|NutrientDeficiency|Drought
4643,Field C-04643 (Sokoto),WeedPressure|Pest
4644,Field SE-04644 (Hawassa),HeatStress
4645,Field SW-04645 (Sokoto),SoilErosion
4646,Field NE-04646 (Hawassa),WeedPressure|Pest|FungalDisease
4647,Field SW-04647 (Kilimani),SoilErosion|WeedPressure
4648,Field C-04648 (Sokoto),WeedPressure
4649,Field SE-04649 (Hawassa),HeatStress
4650,Field NW-04650 (Sokoto),(no issues listed)
4651,Field NE-04651 (Kilimani),(no issues listed)
4652,Field SW-04652 (Kilimani),Pest
4653,Field NE-04653 (Sokoto),Drought
4654,Field NE-04654 (Amanzi),WeedPressure
4655,Field SW-04655 (Hawassa),(no issues listed)
4656,Field SW-04656 (Amanzi),WeedPressure
4657,Field SE-04657 (Sokoto),FungalDisease|SoilErosion
4658,Field SE-04658 (Akatsi),SoilErosion
4659,Field SW-04659 (Akatsi),Pest
4660,Field SW-04660 (Sokoto),Drought|WeedPressure|HeatStress
4661,Field SE-04661 (Sokoto),Drought
4662,Field NE-04662 (Akatsi),Pest
4663,Field SE-04663 (Hawassa),Drought|WeedPressure|Pest
4664,Field C-04664 (Akatsi),NutrientDeficiency
4665,Field C-04665 (Sokoto),HeatStress|WeedPressure|Pest
4666,Field NE-04666 (Hawassa),FungalDisease|NutrientDeficiency
4667,Field NE-04667 (Hawassa),FungalDisease|NutrientDeficiency|Flood
4668,Field NW-04668 (Akatsi),SoilErosion|NutrientDeficiency|FrostDamage
4669,Field SW-04669 (Kilimani),FungalDisease|NutrientDeficiency
4670,Field NW-04670 (Kilimani),FrostDamage
4671,Field NW-04671 (Amanzi),HeatStress|WeedPressure|Salinity
4672,Field NE-04672 (Akatsi),SoilErosion|Flood
4673,Field NW-04673 (Sokoto),Pest|WeedPressure
4674,Field SE-04674 (Akatsi),Drought
4675,Field NW-04675 (Amanzi),FungalDisease|FrostDamage|Drought
4676,Field SE-04676 (Hawassa),Flood|Drought
4677,Field NE-04677 (Kilimani),Flood|WeedPressure
4678,Field NE-04678 (Kilimani),SoilErosion|WeedPressure
4679,Field NW-04679 (Kilimani),(no issues listed)
4680,Field NE-04680 (Kilimani),FungalDisease|Flood|FrostDamage
4681,Field NW-04681 (Hawassa),Pest|HeatStress|FungalDisease
4682,Field NW-04682 (Hawassa),(no issues listed)
4683,Field NW-04683 (Hawassa),FrostDamage|NutrientDeficiency|Salinity
4684,Field SE-04684 (Hawassa),Flood
4685,Field NW-04685 (Akatsi),WeedPressure
4686,Field NE-04686 (Hawassa),Flood|WeedPressure
4687,Field NE-04687 (Kilimani),Drought|Pest|Flood
4688,Field SW-04688 (Kilimani),HeatStress
4689,Field NE-04689 (Hawassa),WeedPressure|Pest
4690,Field SE-04690 (Kilimani),FungalDisease|WeedPressure|HeatStress
4691,Field NE-04691 (Akatsi),Drought|NutrientDeficiency
4692,Field NE-04692 (Hawassa),NutrientDeficiency|Salinity|HeatStress
4693,Field SW-04693 (Sokoto),Pest
4694,Field C-04694 (Hawassa),FungalDisease
4695,Field SW-04695 (Sokoto),Pest|FrostDamage
4696,Field SW-04696 (Hawassa),Drought
4697,Field SE-04697 (Amanzi),Drought|Pest|WeedPressure
4698,Field SW-04698 (Akatsi),FungalDisease|NutrientDeficiency|Drought
4699,Field C-04699 (Akatsi),Drought
4700,Field NW-04700 (Amanzi),HeatStress
4701,Field NE-04701 (Kilimani),FungalDisease|Flood
4702,Field C-04702 (Sokoto),(no issues listed)
4703,Field NW-04703 (Hawassa),Salinity|WeedPressure|NutrientDeficiency
4704,Field SW-04704 (Amanzi),NutrientDeficiency
4705,Field C-04705 (Hawassa),Pest|WeedPressure
4706,Field NW-04706 (Amanzi),Drought|NutrientDeficiency
4707,Field NE-04707 (Sokoto),Drought|Pest|HeatStress
4708,Field SW-04708 (Hawassa),WeedPressure|NutrientDeficiency
4709,Field SW-04709 (Sokoto),Pest|SoilErosion|Flood
4710,Field NE-04710 (Kilimani),Drought|FungalDisease|Pest
4711,Field SE-04711 (Sokoto),Drought|Pest|WeedPressure
4712,Field C-04712 (Sokoto),HeatStress
4713,Field SW-04713 (Sokoto),(no issues listed)
4714,Field C-04714 (Sokoto),Salinity|Flood|NutrientDeficiency
4715,Field C-04715 (Sokoto),WeedPressure
4716,Field SE-04716 (Kilimani),Pest
4717,Field NW-04717 (Hawassa),(no issues listed)
4718,Field SW-04718 (Hawassa),NutrientDeficiency
4719,Field NE-04719 (Hawassa),NutrientDeficiency|Flood
4720,Field C-04720 (Amanzi),NutrientDeficiency|WeedPressure|HeatStress
4721,Field NW-04721 (Amanzi),Salinity
4722,Field NE-04722 (Akatsi),FungalDisease
4723,Field NE-04723 (Hawassa),Salinity
4724,Field NW-04724 (Akatsi),SoilErosion|Drought|Flood
4725,Field NW-04725 (Kilimani),(no issues listed)
4726,Field SE-04726 (Sokoto),FungalDisease
4727,Field C-04727 (Amanzi),Pest
4728,Field C-04728 (Amanzi),Drought
4729,Field NE-04729 (Akatsi),NutrientDeficiency|Pest|HeatStress
4730,Field NW-04730 (Hawassa),WeedPressure|Pest|Drought
4731,Field SE-04731 (Amanzi),FrostDamage
4732,Field NW-04732 (Sokoto),HeatStress|Flood
4733,Field C-04733 (Kilimani),(no issues listed)
4734,Field SE-04734 (Hawassa),NutrientDeficiency
4735,Field NW-04735 (Akatsi),(no issues listed)
4736,Field NE-04736 (Amanzi),(no issues listed)
4737,Field SE-04737 (Sokoto),Drought
4738,Field NE-04738 (Sokoto),NutrientDeficiency
4739,Field SE-04739 (Akatsi),Pest|NutrientDeficiency
4740,Field SE-04740 (Amanzi),FungalDisease|NutrientDeficiency
4741,Field NW-04741 (Amanzi),Flood|Drought|FrostDamage
4742,Field SW-04742 (Sokoto),FungalDisease
4743,Field SW-04743 (Hawassa),Pest|WeedPressure|SoilErosion
4744,Field SW-04744 (Amanzi),WeedPressure
4745,Field NE-04745 (Kilimani),Pest
4746,Field NE-04746 (Sokoto),WeedPressure|HeatStress|SoilErosion
4747,Field C-04747 (Hawassa),WeedPressure
4748,Field NE-04748 (Amanzi),HeatStress|Pest|FrostDamage
4749,Field NW-04749 (Sokoto),(no issues listed)
4750,Field NE-04750 (Akatsi),Pest|WeedPressure|HeatStress
4751,Field NW-04751 (Akatsi),Pest
4752,Field NW-04752 (Sokoto),(no issues listed)
4753,Field NW-04753 (Hawassa),FrostDamage
4754,Field C-04754 (Hawassa),(no issues listed)
4755,Field SW-04755 (Kilimani),Pest|SoilErosion
4756,Field SW-04756 (Kilimani),Drought
4757,Field NW-04757 (Hawassa),NutrientDeficiency|Drought
4758,Field NW-04758 (Akatsi),FungalDisease|Drought
4759,Field SE-04759 (Hawassa),FrostDamage
4760,Field C-04760 (Kilimani),NutrientDeficiency|SoilErosion
4761,Field NE-04761 (Akatsi),SoilErosion|Pest|WeedPressure
4762,Field C-04762 (Sokoto),Pest|NutrientDeficiency|Flood
4763,Field NE-04763 (Kilimani),Drought
4764,Field NW-04764 (Amanzi),Flood|Pest|WeedPressure
4765,Field NE-04765 (Sokoto),SoilErosion|Salinity
4766,Field C-04766 (Kilimani),SoilErosion|Pest
4767,Field C-04767 (Sokoto),SoilErosion|WeedPressure|FungalDisease
4768,Field SE-04768 (Kilimani),Pest|FungalDisease|HeatStress
4769,Field SW-04769 (Akatsi),FungalDisease|WeedPressure|SoilErosion
4770,Field NW-04770 (Sokoto),Flood|FungalDisease|Pest
4771,Field SE-04771 (Amanzi),HeatStress|NutrientDeficiency|Pest
4772,Field NE-04772 (Amanzi),NutrientDeficiency|Drought
4773,Field C-04773 (Sokoto),HeatStress|Drought
4774,Field SE-04774 (Sokoto),Flood
4775,Field SW-04775 (Kilimani),Pest|NutrientDeficiency|WeedPressure
4776,Field C-04776 (Kilimani),Drought|FungalDisease|Pest
4777,Field SW-04777 (Akatsi),Drought
4778,Field NE-04778 (Kilimani),Pest|FungalDisease|Flood
4779,Field C-04779 (Akatsi),Pest|Flood
4780,Field SE-04780 (Hawassa),Drought
4781,Field SW-04781 (Akatsi),WeedPressure|Salinity
4782,Field C-04782 (Akatsi),(no issues listed)
4783,Field C-04783 (Kilimani),FungalDisease|HeatStress
4784,Field NE-04784 (Kilimani),FrostDamage|NutrientDeficiency
4785,Field NW-04785 (Sokoto),(no issues listed)
4786,Field NW-04786 (Hawassa),Flood|FungalDisease
4787,Field SW-04787 (Akatsi),Pest|Salinity
4788,Field SW-04788 (Akatsi),FungalDisease|WeedPressure|Pest
4789,Field NE-04789 (Hawassa),(no issues listed)
4790,Field SW-04790 (Hawassa),SoilErosion|Pest
4791,Field C-04791 (Akatsi),SoilErosion|FungalDisease|Drought
4792,Field NE-04792 (Sokoto),Salinity|FungalDisease|SoilErosion
4793,Field SW-04793 (Akatsi),FungalDisease|Salinity
4794,Field NE-04794 (Kilimani),(no issues listed)
4795,Field NE-04795 (Sokoto),WeedPressure|NutrientDeficiency|Pest
4796,Field NW-04796 (Kilimani),Pest|WeedPressure
4797,Field C-04797 (Hawassa),HeatStress
4798,Field NE-04798 (Kilimani),Pest|NutrientDeficiency
4799,Field SE-04799 (Hawassa),Pest|SoilErosion
4800,Field SW-04800 (Kilimani),(no issues listed)
4801,Field C-04801 (Amanzi),WeedPressure|SoilErosion|HeatStress
4802,Field SW-04802 (Kilimani),Drought|Flood|FungalDisease
4803,Field NW-04803 (Amanzi),HeatStress
4804,Field NW-04804 (Kilimani),HeatStress
4805,Field C-04805 (Kilimani),FungalDisease|WeedPressure|NutrientDeficiency
4806,Field C-04806 (Hawassa),(no issues listed)
4807,Field NW-04807 (Akatsi),WeedPressure|FungalDisease|Flood
4808,Field NE-04808 (Sokoto),WeedPressure
4809,Field NW-04809 (Kilimani),HeatStress|WeedPressure
4810,Field SE-04810 (Hawassa),Drought|HeatStress|FrostDamage
4811,Field NW-04811 (Hawassa),SoilErosion|FungalDisease
4812,Field SW-04812 (Akatsi),Salinity|Pest|FungalDisease
4813,Field NW-04813 (Amanzi),Drought
4814,Field SE-04814 (Amanzi),HeatStress
4815,Field C-04815 (Sokoto),Pest|Drought
4816,Field SE-04816 (Amanzi),WeedPressure|Drought|HeatStress
4817,Field SW-04817 (Amanzi),NutrientDeficiency|WeedPressure
4818,Field C-04818 (Hawassa),Pest
4819,Field NW-04819 (Kilimani),FrostDamage|Pest|Flood
4820,Field NW-04820 (Hawassa),Flood|HeatStress
4821,Field NW-04821 (Kilimani),WeedPressure|Flood
4822,Field NW-04822 (Hawassa),SoilErosion|Pest
4823,Field C-04823 (Akatsi),Flood|SoilErosion|FrostDamage
4824,Field C-04824 (Kilimani),NutrientDeficiency|Flood
4825,Field C-04825 (Sokoto),Pest|Salinity
4826,Field SW-04826 (Akatsi),Drought|FungalDisease
4827,Field SE-04827 (Hawassa),Pest
4828,Field C-04828 (Sokoto),FrostDamage
4829,Field C-04829 (Amanzi),WeedPressure
4830,Field NE-04830 (Amanzi),SoilErosion|Flood|Pest
4831,Field C-04831 (Kilimani),NutrientDeficiency|Drought
4832,Field SE-04832 (Hawassa),HeatStress|SoilErosion|WeedPressure
4833,Field SE-04833 (Akatsi),Drought|HeatStress
4834,Field SE-04834 (Kilimani),Pest|FungalDisease|Drought
4835,Field SW-04835 (Kilimani),SoilErosion|HeatStress
4836,Field SW-04836 (Sokoto),(no issues listed)
4837,Field NW-04837 (Sokoto),HeatStress
4838,Field SE-04838 (Kilimani),Pest|SoilErosion
4839,Field NW-04839 (Akatsi),(no issues listed)
4840,Field C-04840 (Akatsi),NutrientDeficiency
4841,Field SE-04841 (Sokoto),NutrientDeficiency|FrostDamage|Pest
4842,Field NW-04842 (Kilimani),(no issues listed)
4843,Field C-04843 (Amanzi),Salinity|NutrientDeficiency|HeatStress
4844,Field C-04844 (Amanzi),Flood|Salinity|SoilErosion
4845,Field NW-04845 (Kilimani),WeedPressure|NutrientDeficiency|SoilErosion
4846,Field NW-04846 (Kilimani),FungalDisease|NutrientDeficiency
4847,Field NE-04847 (Hawassa),Pest|SoilErosion|WeedPressure
4848,Field SE-04848 (Akatsi),FungalDisease|WeedPressure
4849,Field NE-04849 (Akatsi),WeedPressure
4850,Field SE-04850 (Kilimani),NutrientDeficiency|Flood
4851,Field SE-04851 (Akatsi),Drought|NutrientDeficiency
4852,Field NE-04852 (Hawassa),(no issues listed)
4853,Field C-04853 (Amanzi),Pest|Drought|Salinity
4854,Field NE-04854 (Hawassa),NutrientDeficiency|FungalDisease
4855,Field NE-04855 (Hawassa),Salinity|Drought
4856,Field SE-04856 (Hawassa),FungalDisease
4857,Field NE-04857 (Amanzi),SoilErosion|FungalDisease
4858,Field SE-04858 (Kilimani),Pest
4859,Field C-04859 (Akatsi),(no issues listed)
4860,Field C-04860 (Sokoto),Pest|NutrientDeficiency|HeatStress
4861,Field C-04861 (Amanzi),FungalDisease|SoilErosion|Drought
4862,Field SW-04862 (Sokoto),NutrientDeficiency
4863,Field NW-04863 (Kilimani),FungalDisease|WeedPressure|NutrientDeficiency
4864,Field NE-04864 (Hawassa),Salinity|FrostDamage|Drought
4865,Field NE-04865 (Hawassa),Flood|WeedPressure|Drought
4866,Field NW-04866 (Kilimani),NutrientDeficiency
4867,Field SE-04867 (Kilimani),Drought|FrostDamage|NutrientDeficiency
4868,Field SW-04868 (Sokoto),Drought|Pest|WeedPressure
4869,Field NW-04869 (Sokoto),WeedPressure|NutrientDeficiency|FungalDisease
4870,Field SE-04870 (Sokoto),Pest|HeatStress|WeedPressure
4871,Field NE-04871 (Amanzi),Drought|WeedPressure|Pest
4872,Field NW-04872 (Amanzi),NutrientDeficiency|FungalDisease
4873,Field SE-04873 (Amanzi),Pest
4874,Field NW-04874 (Sokoto),HeatStress|NutrientDeficiency|FungalDisease
4875,Field NE-04875 (Amanzi),(no issues listed)
4876,Field C-04876 (Kilimani),Flood|HeatStress|FungalDisease
4877,Field NW-04877 (Kilimani),Pest|FrostDamage
4878,Field SW-04878 (Sokoto),SoilErosion|Pest
4879,Field NW-04879 (Akatsi),Drought|Pest|Flood
4880,Field SW-04880 (Sokoto),Drought|WeedPressure
4881,Field SW-04881 (Sokoto),(no issues listed)
4882,Field SW-04882 (Hawassa),SoilErosion|NutrientDeficiency
4883,Field C-04883 (Hawassa),FrostDamage|SoilErosion
4884,Field NE-04884 (Sokoto),Salinity|Drought|Pest
4885,Field C-04885 (Kilimani),Drought
4886,Field C-04886 (Akatsi),(no issues listed)
4887,Field SE-04887 (Sokoto),Drought|WeedPressure|SoilErosion
4888,Field NW-04888 (Kilimani),FungalDisease|Drought|Pest
4889,Field NW-04889 (Amanzi),NutrientDeficiency|Flood|Salinity
4890,Field NE-04890 (Akatsi),FungalDisease|Pest
4891,Field NW-04891 (Kilimani),Drought|NutrientDeficiency
4892,Field NW-04892 (Kilimani),FrostDamage|Pest|WeedPressure
4893,Field C-04893 (Amanzi),Pest|HeatStress
4894,Field NW-04894 (Hawassa),WeedPressure
4895,Field C-04895 (Kilimani),NutrientDeficiency|Flood
4896,Field NW-04896 (Sokoto),FrostDamage|SoilErosion
4897,Field SW-04897 (Hawassa),SoilErosion|FungalDisease|WeedPressure
4898,Field SE-04898 (Sokoto),SoilErosion|FungalDisease|Pest
4899,Field NE-04899 (Sokoto),Salinity|WeedPressure|Drought
4900,Field SE-04900 (Kilimani),(no issues listed)
4901,Field NW-04901 (Hawassa),(no issues listed)
4902,Field SE-04902 (Kilimani),SoilErosion
4903,Field NW-04903 (Sokoto),WeedPressure|FungalDisease|Salinity
4904,Field SE-04904 (Akatsi),Flood|FungalDisease|SoilErosion
4905,Field SW-04905 (Sokoto),HeatStress
4906,Field NE-04906 (Amanzi),Drought|NutrientDeficiency
4907,Field NE-04907 (Sokoto),Pest
4908,Field NE-04908 (Amanzi),Pest
4909,Field NE-04909 (Hawassa),FrostDamage|WeedPressure
4910,Field NE-04910 (Sokoto),(no issues listed)
4911,Field SE-04911 (Kilimani),WeedPressure
4912,Field SW-04912 (Amanzi),NutrientDeficiency
4913,Field NE-04913 (Akatsi),Pest|Drought
4914,Field NW-04914 (Sokoto),Salinity
4915,Field SW-04915 (Akatsi),Salinity|WeedPressure
4916,Field NE-04916 (Sokoto),(no issues listed)
4917,Field NW-04917 (Hawassa),(no issues listed)
4918,Field NW-04918 (Kilimani),Pest|FungalDisease|HeatStress
4919,Field SE-04919 (Amanzi),Drought
4920,Field NE-04920 (Amanzi),Flood|WeedPressure
4921,Field SE-04921 (Amanzi),(no issues listed)
4922,Field SE-04922 (Kilimani),WeedPressure|NutrientDeficiency
4923,Field SW-04923 (Kilimani),Flood|FrostDamage
4924,Field SW-04924 (Akatsi),FungalDisease
4925,Field NW-04925 (Akatsi),(no issues listed)
4926,Field NE-04926 (Hawassa),FrostDamage
4927,Field C-04927 (Amanzi),Drought|WeedPressure
4928,Field SW-04928 (Sokoto),SoilErosion|Pest
4929,Field NW-04929 (Akatsi),FungalDisease
4930,Field C-04930 (Sokoto),Flood|Drought|FrostDamage
4931,Field SE-04931 (Kilimani),Salinity|SoilErosion|FungalDisease
4932,Field SW-04932 (Sokoto),Pest
4933,Field NW-04933 (Amanzi),Pest
4934,Field NE-04934 (Hawassa),WeedPressure|FungalDisease
4935,Field SW-04935 (Amanzi),Pest|Drought|WeedPressure
4936,Field SE-04936 (Akatsi),HeatStress|NutrientDeficiency
4937,Field NW-04937 (Hawassa),NutrientDeficiency|Flood|Pest
4938,Field SE-04938 (Amanzi),Drought|FrostDamage
4939,Field NW-04939 (Kilimani),(no issues listed)
4940,Field NW-04940 (Akatsi),Drought
4941,Field NW-04941 (Amanzi),Pest|Drought|Salinity
4942,Field NW-04942 (Kilimani),Pest
4943,Field NW-04943 (Akatsi),FungalDisease|Salinity|Drought
4944,Field NE-04944 (Hawassa),WeedPressure|HeatStress
4945,Field NE-04945 (Sokoto),Drought
4946,Field NE-04946 (Amanzi),SoilErosion
4947,Field NE-04947 (Sokoto),Pest|Drought
4948,Field NE-04948 (Akatsi),NutrientDeficiency
4949,Field NE-04949 (Hawassa),SoilErosion|WeedPressure
4950,Field SE-04950 (Amanzi),FungalDisease|WeedPressure|Pest
4951,Field SW-04951 (Hawassa),FungalDisease|Pest
4952,Field NW-04952 (Akatsi),NutrientDeficiency|Flood|Pest
4953,Field SE-04953 (Sokoto),Flood|SoilErosion|FrostDamage
4954,Field NE-04954 (Amanzi),Pest
4955,Field NE-04955 (Kilimani),(no issues listed)
4956,Field SE-04956 (Amanzi),NutrientDeficiency
4957,Field NE-04957 (Hawassa),WeedPressure|NutrientDeficiency
4958,Field SW-04958 (Akatsi),WeedPressure|Drought
4959,Field C-04959 (Akatsi),Drought|Flood
4960,Field SE-04960 (Amanzi),Pest
4961,Field SW-04961 (Amanzi),Flood|NutrientDeficiency|FungalDisease
4962,Field NE-04962 (Kilimani),(no issues listed)
4963,Field SW-04963 (Kilimani),WeedPressure|NutrientDeficiency|Salinity
4964,Field NE-04964 (Hawassa),Salinity|WeedPressure|SoilErosion
4965,Field C-04965 (Kilimani),FungalDisease|FrostDamage
4966,Field SE-04966 (Kilimani),Drought
4967,Field SW-04967 (Kilimani),Pest|NutrientDeficiency|HeatStress
4968,Field C-04968 (Amanzi),(no issues listed)
4969,Field NW-04969 (Kilimani),NutrientDeficiency|FungalDisease
4970,Field NE-04970 (Sokoto),Drought|NutrientDeficiency
4971,Field SW-04971 (Sokoto),Salinity|WeedPressure|Flood
4972,Field NE-04972 (Hawassa),Drought|Pest
4973,Field NE-04973 (Akatsi),Pest|WeedPressure
4974,Field C-04974 (Kilimani),WeedPressure
4975,Field NE-04975 (Amanzi),SoilErosion|HeatStress|NutrientDeficiency
4976,Field NW-04976 (Hawassa),Pest|SoilErosion
4977,Field SE-04977 (Amanzi),(no issues listed)
4978,Field SW-04978 (Kilimani),WeedPressure
4979,Field SE-04979 (Kilimani),WeedPressure|FungalDisease
4980,Field SE-04980 (Sokoto),Drought
4981,Field SE-04981 (Kilimani),WeedPressure|Pest|SoilErosion
4982,Field SE-04982 (Sokoto),FungalDisease|SoilErosion|WeedPressure
4983,Field NW-04983 (Amanzi),Drought|FrostDamage
4984,Field NW-04984 (Hawassa),Drought|HeatStress
4985,Field C-04985 (Kilimani),(no issues listed)
4986,Field NE-04986 (Kilimani),WeedPressure|FungalDisease|Flood
4987,Field SE-04987 (Kilimani),Pest|HeatStress|NutrientDeficiency
4988,Field SE-04988 (Hawassa),Salinity|Pest|FungalDisease
4989,Field C-04989 (Sokoto),Drought
4990,Field NW-04990 (Sokoto),Pest|FungalDisease
4991,Field NE-04991 (Amanzi),SoilErosion
4992,Field NW-04992 (Akatsi),Flood|Pest
4993,Field SE-04993 (Sokoto),Pest|Drought
4994,Field C-04994 (Hawassa),HeatStress|Flood
4995,Field SE-04995 (Kilimani),(no issues listed)
4996,Field NE-04996 (Sokoto),Drought
4997,Field C-04997 (Kilimani),FungalDisease|HeatStress
4998,Field SW-04998 (Sokoto),HeatStress|WeedPressure
4999,Field NE-04999 (Sokoto),WeedPressure|Salinity
5000,Field NW-05000 (Kilimani),Pest|Drought
5001,Field C-05001 (Kilimani),Pest|FungalDisease|WeedPressure
5002,Field SE-05002 (Akatsi),HeatStress|Drought
5003,Field NE-05003 (Kilimani),SoilErosion|Salinity|NutrientDeficiency
5004,Field SE-05004 (Hawassa),Salinity|Flood
5005,Field SW-05005 (Akatsi),Drought|Flood|NutrientDeficiency
5006,Field SE-05006 (Akatsi),WeedPressure|Drought|Flood
5007,Field NE-05007 (Akatsi),(no issues listed)
5008,Field C-05008 (Akatsi),WeedPressure
5009,Field NW-05009 (Sokoto),NutrientDeficiency
5010,Field NE-05010 (Sokoto),NutrientDeficiency
5011,Field NE-05011 (Akatsi),Salinity|Pest|SoilErosion
5012,Field NW-05012 (Akatsi),(no issues listed)
5013,Field SE-05013 (Akatsi),NutrientDeficiency|Pest
5014,Field NE-05014 (Kilimani),(no issues listed)
5015,Field SE-05015 (Sokoto),WeedPressure|SoilErosion
5016,Field NE-05016 (Amanzi),HeatStress
5017,Field NW-05017 (Sokoto),Flood|FrostDamage|Pest
5018,Field SW-05018 (Sokoto),(no issues listed)
5019,Field C-05019 (Sokoto),Drought|NutrientDeficiency
5020,Field C-05020 (Amanzi),Salinity
5021,Field C-05021 (Sokoto),WeedPressure
5022,Field SW-05022 (Kilimani),NutrientDeficiency|SoilErosion
5023,Field NE-05023 (Sokoto),HeatStress|Pest|Drought
5024,Field NE-05024 (Sokoto),Pest|WeedPressure
5025,Field NE-05025 (Sokoto),Drought|HeatStress
5026,Field NE-05026 (Kilimani),Pest
5027,Field C-05027 (Akatsi),HeatStress|NutrientDeficiency
5028,Field SE-05028 (Akatsi),(no issues listed)
5029,Field C-05029 (Hawassa),NutrientDeficiency|Salinity|WeedPressure
5030,Field SE-05030 (Akatsi),FrostDamage|Salinity
5031,Field C-05031 (Kilimani),Drought|WeedPressure
5032,Field C-05032 (Akatsi),Drought|FungalDisease
5033,Field NW-05033 (Sokoto),NutrientDeficiency|Drought
5034,Field NE-05034 (Sokoto),Flood
5035,Field SW-05035 (Sokoto),FrostDamage
5036,Field NW-05036 (Akatsi),SoilErosion
5037,Field SW-05037 (Amanzi),NutrientDeficiency|Pest|HeatStress
5038,Field SW-05038 (Kilimani),SoilErosion|Pest|HeatStress
5039,Field NE-05039 (Kilimani),FungalDisease|Drought
5040,Field NW-05040 (Amanzi),FungalDisease|SoilErosion|NutrientDeficiency
5041,Field SW-05041 (Sokoto),(no issues listed)
5042,Field NW-05042 (Hawassa),(no issues listed)
5043,Field NE-05043 (Sokoto),HeatStress|Pest|WeedPressure
5044,Field NW-05044 (Akatsi),Flood|Pest
5045,Field NE-05045 (Kilimani),Salinity
5046,Field NE-05046 (Hawassa),Flood|FungalDisease|NutrientDeficiency
5047,Field SW-05047 (Sokoto),Flood|Salinity|NutrientDeficiency
5048,Field NE-05048 (Sokoto),(no issues listed)
5049,Field SE-05049 (Sokoto),Pest|FrostDamage|WeedPressure
5050,Field C-05050 (Sokoto),Drought|FungalDisease|WeedPressure
5051,Field C-05051 (Kilimani),WeedPressure|NutrientDeficiency
5052,Field NE-05052 (Amanzi),FungalDisease|Drought|HeatStress
5053,Field NW-05053 (Amanzi),Flood
5054,Field SW-05054 (Hawassa),(no issues listed)
5055,Field C-05055 (Sokoto),Flood|HeatStress
5056,Field C-05056 (Hawassa),Pest|WeedPressure
5057,Field SE-05057 (Hawassa),FrostDamage|Pest|HeatStress
5058,Field NE-05058 (Akatsi),FungalDisease|SoilErosion|Drought
5059,Field NW-05059 (Kilimani),WeedPressure|NutrientDeficiency|Pest
5060,Field NE-05060 (Kilimani),Pest|Drought|Flood
5061,Field C-05061 (Amanzi),FungalDisease
5062,Field SE-05062 (Hawassa),Pest|Flood
5063,Field SW-05063 (Akatsi),WeedPressure|FrostDamage
5064,Field SE-05064 (Amanzi),(no issues listed)
5065,Field SW-05065 (Sokoto),WeedPressure
5066,Field NW-05066 (Kilimani),Pest|Flood|FungalDisease
5067,Field C-05067 (Kilimani),Flood|Pest
5068,Field SE-05068 (Sokoto),(no issues listed)
5069,Field SW-05069 (Amanzi),WeedPressure|HeatStress|Pest
5070,Field C-05070 (Akatsi),Salinity|FrostDamage
5071,Field SW-05071 (Sokoto),NutrientDeficiency|WeedPressure|FungalDisease
5072,Field SW-05072 (Hawassa),FungalDisease
5073,Field SE-05073 (Amanzi),(no issues listed)
5074,Field NE-05074 (Sokoto),Drought|NutrientDeficiency
5075,Field SE-05075 (Amanzi),FungalDisease
5076,Field SW-05076 (Sokoto),FungalDisease|Pest|Drought
5077,Field NE-05077 (Hawassa),HeatStress
5078,Field SE-05078 (Sokoto),Flood
5079,Field SW-05079 (Hawassa),FungalDisease|SoilErosion
5080,Field NE-05080 (Sokoto),HeatStress
5081,Field SW-05081 (Amanzi),Flood|HeatStress
5082,Field NE-05082 (Sokoto),SoilErosion|Drought|NutrientDeficiency
5083,Field C-05083 (Kilimani),WeedPressure|HeatStress|SoilErosion
5084,Field SE-05084 (Hawassa),Salinity|SoilErosion
5085,Field NW-05085 (Kilimani),(no issues listed)
5086,Field NW-05086 (Kilimani),FungalDisease|NutrientDeficiency
5087,Field C-05087 (Amanzi),Drought|Salinity
5088,Field NW-05088 (Hawassa),Flood|WeedPressure
5089,Field NE-05089 (Akatsi),NutrientDeficiency
5090,Field NW-05090 (Amanzi),HeatStress
5091,Field NW-05091 (Sokoto),NutrientDeficiency|Drought
5092,Field C-05092 (Akatsi),HeatStress|Pest|FungalDisease
5093,Field NE-05093 (Kilimani),NutrientDeficiency
5094,Field NE-05094 (Akatsi),Pest|WeedPressure
5095,Field SE-05095 (Kilimani),FrostDamage|Flood|WeedPressure
5096,Field NE-05096 (Hawassa),Drought|NutrientDeficiency|Pest
5097,Field NE-05097 (Sokoto),Pest|Flood
5098,Field NW-05098 (Sokoto),Pest
5099,Field C-05099 (Sokoto),Pest|Flood
5100,Field NE-05100 (Amanzi),FungalDisease|Drought
5101,Field C-05101 (Kilimani),Pest|Drought|Flood
5102,Field NE-05102 (Amanzi),(no issues listed)
5103,Field NW-05103 (Sokoto),NutrientDeficiency|Pest
5104,Field C-05104 (Akatsi),WeedPressure|SoilErosion|Drought
5105,Field SW-05105 (Akatsi),SoilErosion
5106,Field SW-05106 (Akatsi),FrostDamage|SoilErosion
5107,Field NW-05107 (Sokoto),Pest
5108,Field SE-05108 (Akatsi),SoilErosion|FungalDisease
5109,Field NW-05109 (Kilimani),HeatStress|FungalDisease|Salinity
5110,Field C-05110 (Hawassa),Pest
5111,Field C-05111 (Kilimani),Drought|Salinity
5112,Field SE-05112 (Akatsi),FungalDisease
5113,Field SE-05113 (Kilimani),Pest|Drought|HeatStress
5114,Field C-05114 (Sokoto),NutrientDeficiency
5115,Field SE-05115 (Akatsi),HeatStress|Flood
5116,Field NW-05116 (Akatsi),Pest
5117,Field C-05117 (Akatsi),WeedPressure|Pest|Salinity
5118,Field SE-05118 (Amanzi),Pest|HeatStress
5119,Field SE-05119 (Sokoto),SoilErosion
5120,Field C-05120 (Kilimani),Drought|HeatStress
5121,Field NE-05121 (Hawassa),NutrientDeficiency|HeatStress|Pest
5122,Field C-05122 (Amanzi),Pest|Flood
5123,Field NW-05123 (Amanzi),Drought|FungalDisease
5124,Field NW-05124 (Amanzi),Flood
5125,Field NW-05125 (Kilimani),FungalDisease|NutrientDeficiency|Drought
5126,Field SW-05126 (Kilimani),Salinity
5127,Field NW-05127 (Kilimani),(no issues listed)
5128,Field NE-05128 (Hawassa),Pest|HeatStress|Drought
5129,Field SW-05129 (Amanzi),HeatStress|SoilErosion|NutrientDeficiency
5130,Field SW-05130 (Amanzi),(no issues listed)
5131,Field SE-05131 (Amanzi),FrostDamage
5132,Field C-05132 (Akatsi),FungalDisease|Pest
5133,Field C-05133 (Hawassa),Salinity
5134,Field NE-05134 (Akatsi),Flood
5135,Field NW-05135 (Kilimani),Pest|Drought|SoilErosion
5136,Field SW-05136 (Sokoto),Drought
5137,Field C-05137 (Amanzi),FungalDisease|HeatStress|SoilErosion
5138,Field NE-05138 (Kilimani),FungalDisease
5139,Field SW-05139 (Sokoto),NutrientDeficiency|HeatStress
5140,Field NE-05140 (Akatsi),HeatStress|Pest
5141,Field C-05141 (Amanzi),FungalDisease
5142,Field NW-05142 (Amanzi),FungalDisease
5143,Field SW-05143 (Akatsi),FrostDamage
5144,Field SW-05144 (Hawassa),(no issues listed)
5145,Field C-05145 (Hawassa),Flood
5146,Field C-05146 (Kilimani),(no issues listed)
5147,Field NW-05147 (Akatsi),Drought|FrostDamage
5148,Field C-05148 (Akatsi),HeatStress|Pest|NutrientDeficiency
5149,Field SW-05149 (Sokoto),HeatStress|WeedPressure|Drought
5150,Field SE-05150 (Amanzi),Flood|Salinity|WeedPressure
5151,Field C-05151 (Sokoto),Pest
5152,Field SW-05152 (Kilimani),Pest
5153,Field SW-05153 (Amanzi),FrostDamage|HeatStress|WeedPressure
5154,Field NE-05154 (Hawassa),Flood|Drought|NutrientDeficiency
5155,Field C-05155 (Kilimani),Drought|Pest
5156,Field NW-05156 (Amanzi),Drought|WeedPressure
5157,Field SE-05157 (Kilimani),Salinity|NutrientDeficiency
5158,Field NE-05158 (Kilimani),Salinity|HeatStress
5159,Field NW-05159 (Sokoto),Drought|FungalDisease|NutrientDeficiency
5160,Field NW-05160 (Hawassa),Flood|FrostDamage
5161,Field NE-05161 (Akatsi),Drought|Pest
5162,Field SW-05162 (Sokoto),FungalDisease|HeatStress
5163,Field SW-05163 (Sokoto),Drought
5164,Field SE-05164 (Akatsi),Pest
5165,Field SE-05165 (Kilimani),SoilErosion|FungalDisease
5166,Field NE-05166 (Sokoto),NutrientDeficiency|Salinity
5167,Field SW-05167 (Amanzi),Drought
5168,Field NE-05168 (Hawassa),(no issues listed)
5169,Field NE-05169 (Hawassa),Pest|Salinity|WeedPressure
5170,Field C-05170 (Amanzi),NutrientDeficiency|WeedPressure|Drought
5171,Field SW-05171 (Hawassa),FungalDisease|Salinity|SoilErosion
5172,Field C-05172 (Sokoto),(no issues listed)
5173,Field NW-05173 (Sokoto),FungalDisease
5174,Field C-05174 (Sokoto),FungalDisease|NutrientDeficiency|Pest
5175,Field SW-05175 (Amanzi),Pest
5176,Field C-05176 (Hawassa),FungalDisease
5177,Field SE-05177 (Sokoto),HeatStress|WeedPressure
5178,Field SE-05178 (Kilimani),(no issues listed)
5179,Field NE-05179 (Sokoto),NutrientDeficiency|SoilErosion
5180,Field SE-05180 (Akatsi),NutrientDeficiency|Pest|SoilErosion
5181,Field C-05181 (Kilimani),(no issues listed)
5182,Field NW-05182 (Amanzi),NutrientDeficiency|Pest|HeatStress
5183,Field SW-05183 (Kilimani),HeatStress|Drought|WeedPressure
5184,Field SE-05184 (Sokoto),Drought|Flood
5185,Field NW-05185 (Sokoto),HeatStress|Drought|NutrientDeficiency
5186,Field SE-05186 (Kilimani),Pest
5187,Field SE-05187 (Amanzi),Drought|SoilErosion
5188,Field NW-05188 (Akatsi),WeedPressure
5189,Field SW-05189 (Kilimani),WeedPressure|Salinity
5190,Field C-05190 (Hawassa),HeatStress|NutrientDeficiency|Flood
5191,Field C-05191 (Hawassa),SoilErosion|FungalDisease
5192,Field SE-05192 (Akatsi),Drought|HeatStress|FungalDisease
5193,Field SW-05193 (Akatsi),Pest|FungalDisease
5194,Field NW-05194 (Kilimani),Pest|Drought|WeedPressure
5195,Field NE-05195 (Amanzi),(no issues listed)
5196,Field SW-05196 (Kilimani),Pest|HeatStress
5197,Field C-05197 (Akatsi),FungalDisease|Pest|Salinity
5198,Field SW-05198 (Amanzi),Pest|NutrientDeficiency|WeedPressure
5199,Field SE-05199 (Akatsi),NutrientDeficiency|FungalDisease
5200,Field NE-05200 (Amanzi),(no issues listed)
5201,Field NE-05201 (Amanzi),Pest|NutrientDeficiency
5202,Field SW-05202 (Akatsi),FungalDisease
5203,Field NE-05203 (Amanzi),NutrientDeficiency
5204,Field C-05204 (Hawassa),Drought|WeedPressure|NutrientDeficiency
5205,Field SE-05205 (Kilimani),Drought|SoilErosion
5206,Field NE-05206 (Sokoto),Pest|FrostDamage|SoilErosion
5207,Field C-05207 (Hawassa),Drought|WeedPressure|Pest
5208,Field C-05208 (Sokoto),Flood
5209,Field C-05209 (Kilimani),Drought|NutrientDeficiency|WeedPressure
5210,Field SW-05210 (Hawassa),NutrientDeficiency|FrostDamage|SoilErosion
5211,Field SE-05211 (Kilimani),Drought|SoilErosion
5212,Field NE-05212 (Hawassa),(no issues listed)
5213,Field NW-05213 (Sokoto),NutrientDeficiency|HeatStress
5214,Field C-05214 (Sokoto),Flood|Pest|WeedPressure
5215,Field SW-05215 (Kilimani),Pest|FrostDamage|HeatStress
5216,Field NE-05216 (Sokoto),Pest|SoilErosion
5217,Field NE-05217 (Hawassa),WeedPressure|Pest
5218,Field NW-05218 (Sokoto),Pest|FungalDisease|HeatStress
5219,Field SW-05219 (Kilimani),SoilErosion|NutrientDeficiency
5220,Field NW-05220 (Hawassa),HeatStress|Pest|Drought
5221,Field NW-05221 (Hawassa),FrostDamage|WeedPressure
5222,Field NE-05222 (Hawassa),NutrientDeficiency|Pest
5223,Field NW-05223 (Sokoto),Pest|HeatStress|FrostDamage
5224,Field SW-05224 (Akatsi),FrostDamage|Flood|FungalDisease
5225,Field SW-05225 (Kilimani),(no issues listed)
5226,Field SE-05226 (Amanzi),WeedPressure|HeatStress
5227,Field SE-05227 (Kilimani),Salinity
5228,Field C-05228 (Hawassa),(no issues listed)
5229,Field C-05229 (Amanzi),SoilErosion|Flood|NutrientDeficiency
5230,Field NE-05230 (Amanzi),(no issues listed)
5231,Field NE-05231 (Sokoto),FrostDamage|Drought
5232,Field SW-05232 (Akatsi),Flood|HeatStress
5233,Field SE-05233 (Akatsi),FrostDamage|WeedPressure|Flood
5234,Field NE-05234 (Hawassa),NutrientDeficiency|FrostDamage|WeedPressure
5235,Field SE-05235 (Kilimani),HeatStress|NutrientDeficiency
5236,Field SW-05236 (Akatsi),WeedPressure|Drought
5237,Field SW-05237 (Hawassa),Flood|Drought
5238,Field NE-05238 (Sokoto),Flood
5239,Field NW-05239 (Kilimani),Flood
5240,Field SW-05240 (Akatsi),FrostDamage|FungalDisease
5241,Field SE-05241 (Akatsi),WeedPressure|Pest
5242,Field NE-05242 (Sokoto),(no issues listed)
5243,Field NE-05243 (Hawassa),FungalDisease|WeedPressure|Pest
5244,Field SE-05244 (Akatsi),Pest|WeedPressure|NutrientDeficiency
5245,Field SE-05245 (Sokoto),FungalDisease
5246,Field C-05246 (Sokoto),(no issues listed)
5247,Field SE-05247 (Kilimani),SoilErosion
5248,Field SW-05248 (Akatsi),Drought
5249,Field NE-05249 (Sokoto),Pest
5250,Field C-05250 (Hawassa),WeedPressure
5251,Field SE-05251 (Sokoto),SoilErosion
5252,Field NW-05252 (Amanzi),NutrientDeficiency|SoilErosion|Drought
5253,Field NW-05253 (Akatsi),(no issues listed)
5254,Field NE-05254 (Akatsi),FungalDisease|Salinity
5255,Field C-05255 (Kilimani),FrostDamage|Flood|NutrientDeficiency
5256,Field C-05256 (Akatsi),WeedPressure|NutrientDeficiency
5257,Field NE-05257 (Hawassa),HeatStress|Drought
5258,Field SE-05258 (Amanzi),WeedPressure|Drought|HeatStress
5259,Field NE-05259 (Amanzi),SoilErosion
5260,Field SW-05260 (Kilimani),Salinity
5261,Field NW-05261 (Sokoto),FungalDisease
5262,Field NE-05262 (Hawassa),SoilErosion
5263,Field C-05263 (Akatsi),Pest|WeedPressure|Drought
5264,Field SE-05264 (Kilimani),NutrientDeficiency
5265,Field SE-05265 (Hawassa),Pest|Flood
5266,Field NE-05266 (Hawassa),Salinity|WeedPressure|Pest
5267,Field SW-05267 (Akatsi),HeatStress
5268,Field SW-05268 (Akatsi),Pest
5269,Field C-05269 (Sokoto),HeatStress
5270,Field C-05270 (Amanzi),Salinity|SoilErosion|Flood
5271,Field SE-05271 (Kilimani),Drought|WeedPressure
5272,Field C-05272 (Amanzi),Flood|Salinity
5273,Field C-05273 (Akatsi),Pest|HeatStress
5274,Field NE-05274 (Kilimani),FungalDisease
5275,Field NE-05275 (Sokoto),HeatStress
5276,Field SW-05276 (Hawassa),(no issues listed)
5277,Field NE-05277 (Hawassa),Drought|SoilErosion|FrostDamage
5278,Field SE-05278 (Akatsi),(no issues listed)
5279,Field NE-05279 (Kilimani),(no issues listed)
5280,Field NE-05280 (Hawassa),Pest|FrostDamage|FungalDisease
5281,Field SE-05281 (Sokoto),WeedPressure|Pest|SoilErosion
5282,Field NE-05282 (Sokoto),SoilErosion
5283,Field C-05283 (Hawassa),HeatStress|FungalDisease|Flood
5284,Field SE-05284 (Hawassa),(no issues listed)
5285,Field NE-05285 (Sokoto),Drought
5286,Field SE-05286 (Amanzi),FungalDisease
5287,Field C-05287 (Sokoto),Pest
5288,Field NW-05288 (Hawassa),NutrientDeficiency
5289,Field SW-05289 (Akatsi),NutrientDeficiency|FungalDisease
5290,Field NW-05290 (Amanzi),HeatStress
5291,Field NE-05291 (Amanzi),WeedPressure|NutrientDeficiency|FungalDisease
5292,Field NW-05292 (Akatsi),WeedPressure|Drought|FungalDisease
5293,Field SE-05293 (Kilimani),(no issues listed)
5294,Field C-05294 (Amanzi),HeatStress
5295,Field C-05295 (Amanzi),Drought|WeedPressure|Pest
5296,Field SW-05296 (Kilimani),Pest|SoilErosion|WeedPressure
5297,Field NE-05297 (Hawassa),HeatStress
5298,Field NE-05298 (Sokoto),Pest|FungalDisease|Flood
5299,Field NE-05299 (Hawassa),SoilErosion|HeatStress|NutrientDeficiency
5300,Field NW-05300 (Hawassa),WeedPressure|SoilErosion
5301,Field NW-05301 (Amanzi),SoilErosion
5302,Field SE-05302 (Sokoto),FungalDisease
5303,Field NW-05303 (Kilimani),FungalDisease
5304,Field SE-05304 (Amanzi),FrostDamage|FungalDisease
5305,Field NE-05305 (Kilimani),Salinity|SoilErosion|WeedPressure
5306,Field SW-05306 (Hawassa),SoilErosion|WeedPressure
5307,Field C-05307 (Akatsi),Drought|FungalDisease
5308,Field NE-05308 (Kilimani),WeedPressure|Pest
5309,Field SE-05309 (Kilimani),FrostDamage|Flood
5310,Field SW-05310 (Akatsi),Pest
5311,Field SW-05311 (Sokoto),Pest
5312,Field NE-05312 (Akatsi),HeatStress|FrostDamage|SoilErosion
5313,Field SW-05313 (Sokoto),HeatStress|Pest
5314,Field SW-05314 (Akatsi),WeedPressure|SoilErosion|Drought
5315,Field SW-05315 (Akatsi),SoilErosion|Flood
5316,Field SE-05316 (Sokoto),(no issues listed)
5317,Field SW-05317 (Kilimani),SoilErosion|Drought|Salinity
5318,Field NE-05318 (Hawassa),NutrientDeficiency|Flood|HeatStress
5319,Field NW-05319 (Akatsi),FrostDamage|HeatStress|Pest
5320,Field NW-05320 (Sokoto),NutrientDeficiency
5321,Field C-05321 (Kilimani),Salinity
5322,Field SW-05322 (Amanzi),Drought|WeedPressure|NutrientDeficiency
5323,Field C-05323 (Amanzi),Drought
5324,Field NE-05324 (Akatsi),Drought
5325,Field SW-05325 (Kilimani),Flood|Drought|WeedPressure
5326,Field SE-05326 (Akatsi),Drought|Flood
5327,Field C-05327 (Sokoto),Flood
5328,Field SE-05328 (Amanzi),(no issues listed)
5329,Field NW-05329 (Kilimani),Pest|NutrientDeficiency
5330,Field SE-05330 (Sokoto),FungalDisease
5331,Field SW-05331 (Hawassa),Pest|WeedPressure
5332,Field C-05332 (Kilimani),(no issues listed)
5333,Field C-05333 (Amanzi),Flood
5334,Field NW-05334 (Amanzi),HeatStress|Salinity
5335,Field SE-05335 (Kilimani),Pest
5336,Field SW-05336 (Sokoto),Flood|HeatStress
5337,Field SW-05337 (Kilimani),SoilErosion
5338,Field NW-05338 (Akatsi),(no issues listed)
5339,Field SW-05339 (Hawassa),NutrientDeficiency|Pest|WeedPressure
5340,Field C-05340 (Akatsi),Salinity
5341,Field C-05341 (Kilimani),(no issues listed)
5342,Field NE-05342 (Akatsi),NutrientDeficiency
5343,Field SE-05343 (Akatsi),Drought|Salinity|Pest
5344,Field NW-05344 (Sokoto),FungalDisease|Flood|WeedPressure
5345,Field C-05345 (Sokoto),FungalDisease|SoilErosion|HeatStress
5346,Field SW-05346 (Hawassa),FungalDisease|Pest
5347,Field NE-05347 (Amanzi),Flood|SoilErosion
5348,Field SW-05348 (Kilimani),Pest|HeatStress|SoilErosion
5349,Field C-05349 (Hawassa),Pest|NutrientDeficiency
5350,Field NW-05350 (Akatsi),HeatStress|Drought
5351,Field SE-05351 (Sokoto),Drought|WeedPressure
5352,Field SW-05352 (Akatsi),NutrientDeficiency
5353,Field SW-05353 (Sokoto),SoilErosion
5354,Field SE-05354 (Akatsi),Pest
5355,Field NW-05355 (Hawassa),NutrientDeficiency|FrostDamage
5356,Field NW-05356 (Hawassa),(no issues listed)
5357,Field NE-05357 (Sokoto),FrostDamage|Pest|NutrientDeficiency
5358,Field SW-05358 (Kilimani),Drought
5359,Field NE-05359 (Hawassa),Salinity|WeedPressure
5360,Field SW-05360 (Sokoto),WeedPressure|Salinity|HeatStress
5361,Field C-05361 (Akatsi),Pest
5362,Field NE-05362 (Kilimani),NutrientDeficiency
5363,Field SE-05363 (Amanzi),FrostDamage|Salinity
5364,Field NW-05364 (Akatsi),(no issues listed)
5365,Field SE-05365 (Sokoto),Drought|SoilErosion|Salinity
5366,Field NW-05366 (Hawassa),WeedPressure|Pest|NutrientDeficiency
5367,Field C-05367 (Kilimani),Salinity|FrostDamage
5368,Field C-05368 (Sokoto),Salinity
5369,Field SW-05369 (Akatsi),SoilErosion|FungalDisease
5370,Field SE-05370 (Amanzi),WeedPressure
5371,Field NE-05371 (Hawassa),Drought
5372,Field NW-05372 (Sokoto),(no issues listed)
5373,Field SW-05373 (Akatsi),SoilErosion|NutrientDeficiency
5374,Field C-05374 (Kilimani),Pest|SoilErosion|WeedPressure
5375,Field NE-05375 (Amanzi),Salinity
5376,Field SE-05376 (Amanzi),(no issues listed)
5377,Field SE-05377 (Kilimani),Pest
5378,Field NE-05378 (Kilimani),FungalDisease|WeedPressure|Drought
5379,Field C-05379 (Akatsi),HeatStress|Drought
5380,Field SE-05380 (Amanzi),Drought|HeatStress|SoilErosion
5381,Field NE-05381 (Sokoto),NutrientDeficiency
5382,Field NW-05382 (Hawassa),FungalDisease|HeatStress
5383,Field NW-05383 (Hawassa),Pest|SoilErosion
5384,Field SW-05384 (Sokoto),Pest
5385,Field NE-05385 (Kilimani),FungalDisease|FrostDamage
5386,Field C-05386 (Kilimani),Drought|FrostDamage|Flood
5387,Field C-05387 (Akatsi),Salinity|NutrientDeficiency
5388,Field NW-05388 (Sokoto),Pest|NutrientDeficiency|HeatStress
5389,Field NE-05389 (Sokoto),FungalDisease
5390,Field NW-05390 (Amanzi),WeedPressure|Salinity
5391,Field C-05391 (Akatsi),NutrientDeficiency
5392,Field SW-05392 (Amanzi),NutrientDeficiency|WeedPressure
5393,Field SE-05393 (Amanzi),Drought
5394,Field NE-05394 (Kilimani),NutrientDeficiency|HeatStress|WeedPressure
5395,Field SE-05395 (Sokoto),(no issues listed)
5396,Field NW-05396 (Kilimani),Pest|SoilErosion
5397,Field SE-05397 (Sokoto),FrostDamage|NutrientDeficiency
5398,Field NE-05398 (Akatsi),Pest
5399,Field SE-05399 (Hawassa),Pest|WeedPressure|NutrientDeficiency
5400,Field NW-05400 (Kilimani),Drought|NutrientDeficiency
5401,Field NE-05401 (Kilimani),NutrientDeficiency|WeedPressure|Pest
5402,Field NW-05402 (Sokoto),HeatStress|Flood|SoilErosion
5403,Field SE-05403 (Kilimani),Pest|Salinity
5404,Field NE-05404 (Hawassa),Drought|Flood|SoilErosion
5405,Field NW-05405 (Amanzi),WeedPressure
5406,Field SE-05406 (Amanzi),FrostDamage|SoilErosion
5407,Field SE-05407 (Kilimani),(no issues listed)
5408,Field NE-05408 (Hawassa),FungalDisease|Pest
5409,Field C-05409 (Akatsi),(no issues listed)
5410,Field SE-05410 (Sokoto),Drought|Pest
5411,Field SW-05411 (Hawassa),Drought|SoilErosion
5412,Field NE-05412 (Akatsi),HeatStress
5413,Field NW-05413 (Amanzi),Salinity|HeatStress|Flood
5414,Field C-05414 (Sokoto),Salinity|SoilErosion|Flood
5415,Field NW-05415 (Kilimani),WeedPressure
5416,Field NE-05416 (Amanzi),FrostDamage|WeedPressure
5417,Field NE-05417 (Hawassa),HeatStress|NutrientDeficiency|Salinity
5418,Field SE-05418 (Hawassa),Drought
5419,Field NW-05419 (Akatsi),FungalDisease
5420,Field C-05420 (Kilimani),(no issues listed)
5421,Field NW-05421 (Amanzi),Pest|FungalDisease|NutrientDeficiency
5422,Field NW-05422 (Hawassa),NutrientDeficiency|Pest
5423,Field SW-05423 (Sokoto),(no issues listed)
5424,Field NW-05424 (Akatsi),HeatStress|Salinity|NutrientDeficiency
5425,Field NW-05425 (Sokoto),WeedPressure|Pest|Drought
5426,Field SE-05426 (Kilimani),NutrientDeficiency|FungalDisease|WeedPressure
5427,Field C-05427 (Akatsi),Pest|Flood
5428,Field NE-05428 (Akatsi),FungalDisease|Drought|NutrientDeficiency
5429,Field C-05429 (Amanzi),Pest|WeedPressure
5430,Field C-05430 (Amanzi),SoilErosion|Drought|HeatStress
5431,Field C-05431 (Kilimani),NutrientDeficiency
5432,Field C-05432 (Amanzi),FungalDisease|NutrientDeficiency
5433,Field SW-05433 (Akatsi),WeedPressure|NutrientDeficiency
5434,Field NW-05434 (Amanzi),NutrientDeficiency|WeedPressure|Drought
5435,Field NE-05435 (Hawassa),Drought
5436,Field SW-05436 (Akatsi),(no issues listed)
5437,Field SE-05437 (Amanzi),(no issues listed)
5438,Field NW-05438 (Akatsi),NutrientDeficiency|HeatStress
5439,Field SE-05439 (Amanzi),Drought
5440,Field NE-05440 (Hawassa),WeedPressure|Salinity|Pest
5441,Field SW-05441 (Amanzi),Flood|Drought
5442,Field NE-05442 (Akatsi),Drought|HeatStress
5443,Field SW-05443 (Sokoto),HeatStress|Drought|FungalDisease
5444,Field NE-05444 (Hawassa),Pest|Drought|WeedPressure
5445,Field NE-05445 (Sokoto),(no issues listed)
5446,Field NW-05446 (Akatsi),Flood
5447,Field C-05447 (Amanzi),Flood
5448,Field SW-05448 (Sokoto),HeatStress|WeedPressure|SoilErosion
5449,Field NW-05449 (Sokoto),SoilErosion|WeedPressure|HeatStress
5450,Field SE-05450 (Sokoto),Drought|NutrientDeficiency
5451,Field NE-05451 (Akatsi),FungalDisease
5452,Field NE-05452 (Akatsi),(no issues listed)
5453,Field NE-05453 (Amanzi),HeatStress
5454,Field SW-05454 (Amanzi),FungalDisease
5455,Field SE-05455 (Hawassa),Flood|Drought|WeedPressure
5456,Field NE-05456 (Sokoto),HeatStress|Pest|Drought
5457,Field C-05457 (Amanzi),Salinity|Pest|Drought
5458,Field SE-05458 (Hawassa),NutrientDeficiency|Pest
5459,Field SE-05459 (Kilimani),WeedPressure
5460,Field NW-05460 (Kilimani),NutrientDeficiency
5461,Field NE-05461 (Kilimani),HeatStress|FrostDamage
5462,Field NW-05462 (Sokoto),(no issues listed)
5463,Field NE-05463 (Kilimani),WeedPressure|FungalDisease
5464,Field NE-05464 (Akatsi),(no issues listed)
5465,Field NE-05465 (Hawassa),HeatStress
5466,Field NE-05466 (Amanzi),WeedPressure|Pest
5467,Field NE-05467 (Sokoto),WeedPressure|FungalDisease|NutrientDeficiency
5468,Field C-05468 (Akatsi),FungalDisease|SoilErosion|Pest
5469,Field SW-05469 (Amanzi),Drought
5470,Field C-05470 (Kilimani),(no issues listed)
5471,Field NE-05471 (Amanzi),Pest|FrostDamage|NutrientDeficiency
5472,Field NE-05472 (Amanzi),Drought
5473,Field SE-05473 (Hawassa),SoilErosion
5474,Field NE-05474 (Hawassa),FungalDisease|Drought|Pest
5475,Field NE-05475 (Hawassa),(no issues listed)
5476,Field SE-05476 (Akatsi),Pest|NutrientDeficiency|Salinity
5477,Field C-05477 (Sokoto),(no issues listed)
5478,Field SW-05478 (Akatsi),Drought|HeatStress|Pest
5479,Field NW-05479 (Amanzi),Pest|HeatStress|Drought
5480,Field NW-05480 (Kilimani),(no issues listed)
5481,Field NE-05481 (Kilimani),NutrientDeficiency|SoilErosion
5482,Field SW-05482 (Amanzi),Flood|HeatStress|Drought
5483,Field SE-05483 (Sokoto),Pest|Salinity|WeedPressure
5484,Field NW-05484 (Amanzi),NutrientDeficiency
5485,Field NE-05485 (Kilimani),WeedPressure|Drought
5486,Field SE-05486 (Sokoto),FungalDisease|SoilErosion|Flood
5487,Field NW-05487 (Amanzi),WeedPressure
5488,Field SW-05488 (Akatsi),HeatStress|SoilErosion
5489,Field NE-05489 (Sokoto),WeedPressure|NutrientDeficiency
5490,Field SW-05490 (Amanzi),(no issues listed)
5491,Field NW-05491 (Kilimani),FungalDisease|Drought|Flood
5492,Field SE-05492 (Akatsi),Flood
5493,Field SE-05493 (Kilimani),Drought|HeatStress|Pest
5494,Field C-05494 (Sokoto),FungalDisease|HeatStress
5495,Field SE-05495 (Kilimani),SoilErosion
5496,Field NE-05496 (Kilimani),NutrientDeficiency
5497,Field C-05497 (Akatsi),Salinity|HeatStress
5498,Field C-05498 (Akatsi),NutrientDeficiency
5499,Field NE-05499 (Sokoto),SoilErosion|NutrientDeficiency
5500,Field NW-05500 (Hawassa),FungalDisease|Pest|WeedPressure
5501,Field NW-05501 (Amanzi),Drought|Pest|NutrientDeficiency
5502,Field NE-05502 (Akatsi),SoilErosion
5503,Field NW-05503 (Hawassa),Flood|Pest
5504,Field C-05504 (Sokoto),Salinity
5505,Field SE-05505 (Sokoto),FrostDamage
5506,Field NW-05506 (Hawassa),Pest
5507,Field C-05507 (Hawassa),Salinity|HeatStress|WeedPressure
5508,Field NE-05508 (Akatsi),Pest|WeedPressure|SoilErosion
5509,Field SE-05509 (Sokoto),HeatStress
5510,Field SW-05510 (Amanzi),(no issues listed)
5511,Field SE-05511 (Sokoto),(no issues listed)
5512,Field C-05512 (Sokoto),Pest|SoilErosion
5513,Field C-05513 (Amanzi),NutrientDeficiency|FrostDamage|WeedPressure
5514,Field SE-05514 (Akatsi),SoilErosion|Pest|NutrientDeficiency
5515,Field NE-05515 (Akatsi),Drought
5516,Field C-05516 (Sokoto),WeedPressure
5517,Field SW-05517 (Amanzi),NutrientDeficiency
5518,Field SE-05518 (Hawassa),Pest
5519,Field NW-05519 (Kilimani),WeedPressure|HeatStress|Drought
5520,Field NE-05520 (Hawassa),FungalDisease|Pest|Salinity
5521,Field NE-05521 (Amanzi),WeedPressure|HeatStress
5522,Field NW-05522 (Kilimani),FungalDisease|NutrientDeficiency
5523,Field NE-05523 (Akatsi),Pest|NutrientDeficiency
5524,Field NE-05524 (Akatsi),NutrientDeficiency|HeatStress
5525,Field NW-05525 (Akatsi),Pest
5526,Field SW-05526 (Sokoto),Pest|WeedPressure
5527,Field NW-05527 (Amanzi),(no issues listed)
5528,Field NE-05528 (Hawassa),WeedPressure
5529,Field SE-05529 (Hawassa),Drought|Pest
5530,Field NW-05530 (Amanzi),SoilErosion|FungalDisease
5531,Field SW-05531 (Kilimani),NutrientDeficiency
5532,Field NE-05532 (Akatsi),HeatStress|Flood
5533,Field NE-05533 (Amanzi),(no issues listed)
5534,Field NE-05534 (Akatsi),Pest|HeatStress|WeedPressure
5535,Field C-05535 (Amanzi),Pest|NutrientDeficiency
5536,Field SE-05536 (Sokoto),Flood
5537,Field SE-05537 (Akatsi),Pest
5538,Field SW-05538 (Sokoto),HeatStress|Pest
5539,Field C-05539 (Amanzi),SoilErosion|WeedPressure|Drought
5540,Field C-05540 (Sokoto),Drought|Pest
5541,Field SW-05541 (Hawassa),Salinity|FungalDisease
5542,Field NE-05542 (Sokoto),Flood|NutrientDeficiency
5543,Field SW-05543 (Akatsi),(no issues listed)
5544,Field SE-05544 (Sokoto),Drought|NutrientDeficiency
5545,Field SW-05545 (Akatsi),(no issues listed)
5546,Field SW-05546 (Kilimani),WeedPressure|HeatStress
5547,Field SW-05547 (Akatsi),(no issues listed)
5548,Field C-05548 (Amanzi),SoilErosion
5549,Field SW-05549 (Amanzi),WeedPressure|Pest
5550,Field NW-05550 (Kilimani),WeedPressure
5551,Field SE-05551 (Sokoto),NutrientDeficiency|Flood|WeedPressure
5552,Field NW-05552 (Sokoto),FungalDisease|SoilErosion|Pest
5553,Field SW-05553 (Sokoto),(no issues listed)
5554,Field NW-05554 (Sokoto),Salinity|FungalDisease|Drought
5555,Field C-05555 (Hawassa),NutrientDeficiency|Pest
5556,Field SE-05556 (Kilimani),Pest|NutrientDeficiency
5557,Field SE-05557 (Hawassa),SoilErosion|Pest|FungalDisease
5558,Field NE-05558 (Kilimani),Drought|FrostDamage|NutrientDeficiency
5559,Field NW-05559 (Akatsi),FrostDamage|Flood|SoilErosion
5560,Field NE-05560 (Kilimani),NutrientDeficiency|HeatStress
5561,Field SE-05561 (Hawassa),Flood|Pest
5562,Field NW-05562 (Hawassa),(no issues listed)
5563,Field C-05563 (Amanzi),Pest|HeatStress|SoilErosion
5564,Field C-05564 (Hawassa),Flood|WeedPressure|Salinity
5565,Field NE-05565 (Sokoto),WeedPressure|Drought|SoilErosion
5566,Field SE-05566 (Kilimani),WeedPressure|NutrientDeficiency|Pest
5567,Field NE-05567 (Amanzi),NutrientDeficiency
5568,Field SE-05568 (Amanzi),Pest|WeedPressure|NutrientDeficiency
5569,Field NW-05569 (Akatsi),WeedPressure|Drought|Pest
5570,Field NE-05570 (Amanzi),NutrientDeficiency
5571,Field SW-05571 (Kilimani),WeedPressure|FungalDisease
5572,Field C-05572 (Kilimani),Pest|SoilErosion|HeatStress
5573,Field NW-05573 (Akatsi),HeatStress
5574,Field NW-05574 (Akatsi),NutrientDeficiency|FungalDisease
5575,Field NW-05575 (Hawassa),NutrientDeficiency|Drought|SoilErosion
5576,Field SE-05576 (Akatsi),FungalDisease|WeedPressure|Salinity
5577,Field SW-05577 (Amanzi),NutrientDeficiency|Pest|WeedPressure
5578,Field C-05578 (Akatsi),Pest|Drought|HeatStress
5579,Field SE-05579 (Akatsi),FungalDisease
5580,Field SE-05580 (Amanzi),Salinity
5581,Field SE-05581 (Hawassa),HeatStress
5582,Field SE-05582 (Kilimani),Drought
5583,Field NW-05583 (Sokoto),WeedPressure
5584,Field SE-05584 (Hawassa),HeatStress|SoilErosion|Drought
5585,Field SW-05585 (Akatsi),Pest|FungalDisease
5586,Field SW-05586 (Kilimani),HeatStress
5587,Field SE-05587 (Hawassa),Drought|Flood
5588,Field SE-05588 (Amanzi),Drought|WeedPressure
5589,Field SE-05589 (Hawassa),WeedPressure|Pest|Drought
5590,Field SW-05590 (Kilimani),Pest|HeatStress|FungalDisease
5591,Field NE-05591 (Hawassa),Pest
5592,Field SE-05592 (Sokoto),WeedPressure|NutrientDeficiency
5593,Field NW-05593 (Sokoto),Drought|FungalDisease|Pest
5594,Field NE-05594 (Hawassa),FrostDamage
5595,Field NE-05595 (Kilimani),FrostDamage|Pest
5596,Field NW-05596 (Akatsi),NutrientDeficiency|FungalDisease|Pest
5597,Field SW-05597 (Amanzi),WeedPressure
5598,Field NE-05598 (Kilimani),Drought
5599,Field SE-05599 (Akatsi),SoilErosion
5600,Field SW-05600 (Akatsi),FungalDisease|Salinity|WeedPressure
5601,Field SW-05601 (Amanzi),WeedPressure
5602,Field SE-05602 (Amanzi),(no issues listed)
5603,Field SW-05603 (Akatsi),Pest|WeedPressure
5604,Field NW-05604 (Kilimani),WeedPressure
5605,Field NE-05605 (Amanzi),SoilErosion|Flood|Pest
5606,Field SW-05606 (Kilimani),FungalDisease|Pest|HeatStress
5607,Field NE-05607 (Amanzi),WeedPressure
5608,Field SE-05608 (Kilimani),HeatStress
5609,Field NE-05609 (Sokoto),SoilErosion|HeatStress|FungalDisease
5610,Field SW-05610 (Sokoto),FrostDamage|Pest|NutrientDeficiency
5611,Field NE-05611 (Hawassa),WeedPressure|Flood
5612,Field SE-05612 (Sokoto),(no issues listed)
5613,Field C-05613 (Kilimani),FungalDisease|Pest
5614,Field NW-05614 (Kilimani),(no issues listed)
5615,Field SE-05615 (Akatsi),NutrientDeficiency|Flood|HeatStress
5616,Field SE-05616 (Amanzi),Pest|NutrientDeficiency|Drought
5617,Field SE-05617 (Sokoto),Salinity|Flood
5618,Field SW-05618 (Sokoto),FungalDisease|Pest
5619,Field NE-05619 (Kilimani),SoilErosion
5620,Field SW-05620 (Hawassa),Pest
5621,Field SE-05621 (Akatsi),HeatStress|WeedPressure
5622,Field SW-05622 (Sokoto),FrostDamage|FungalDisease
5623,Field NE-05623 (Sokoto),Flood|WeedPressure
5624,Field C-05624 (Hawassa),Drought|Pest|FungalDisease
5625,Field SE-05625 (Sokoto),Salinity|FungalDisease
5626,Field SW-05626 (Hawassa),WeedPressure|Flood
5627,Field SE-05627 (Amanzi),FrostDamage|SoilErosion
5628,Field NW-05628 (Hawassa),WeedPressure|Pest
5629,Field NW-05629 (Amanzi),HeatStress|Flood
5630,Field SE-05630 (Amanzi),Pest|SoilErosion|NutrientDeficiency
5631,Field SE-05631 (Amanzi),(no issues listed)
5632,Field NW-05632 (Hawassa),HeatStress
5633,Field C-05633 (Sokoto),NutrientDeficiency
5634,Field NW-05634 (Kilimani),WeedPressure
5635,Field NW-05635 (Akatsi),FrostDamage
5636,Field SW-05636 (Akatsi),SoilErosion
5637,Field NW-05637 (Kilimani),Pest|WeedPressure|FungalDisease
5638,Field NE-05638 (Kilimani),Pest|Salinity|Drought
5639,Field SE-05639 (Hawassa),Drought|HeatStress
5640,Field NE-05640 (Akatsi),(no issues listed)
5641,Field C-05641 (Amanzi),HeatStress|SoilErosion
5642,Field NE-05642 (Amanzi),Salinity|Flood|FungalDisease
5643,Field C-05643 (Kilimani),NutrientDeficiency|Salinity
5644,Field C-05644 (Amanzi),(no issues listed)
5645,Field C-05645 (Sokoto),WeedPressure
5646,Field C-05646 (Akatsi),HeatStress|NutrientDeficiency
5647,Field NE-05647 (Hawassa),HeatStress|NutrientDeficiency
5648,Field SE-05648 (Sokoto),Salinity
5649,Field C-05649 (Sokoto),(no issues listed)
5650,Field NW-05650 (Sokoto),HeatStress|FungalDisease
5651,Field NW-05651 (Akatsi),FungalDisease|Salinity
5652,Field NW-05652 (Kilimani),WeedPressure|SoilErosion
5653,Field C-05653 (Hawassa),(no issues listed)
5654,Field NE-05654 (Amanzi),WeedPressure
5655,Field SE-05655 (Akatsi),(no issues listed)
5656,Field SE-05656 (Kilimani),Drought|WeedPressure
5657,Field C-05657 (Kilimani),SoilErosion|HeatStress|Flood
5658,Field NE-05658 (Sokoto),WeedPressure
5659,Field SE-05659 (Sokoto),SoilErosion|Pest|WeedPressure
5660,Field SE-05660 (Amanzi),SoilErosion|NutrientDeficiency
5661,Field C-05661 (Sokoto),SoilErosion
5662,Field NW-05662 (Hawassa),Pest|Flood|Drought
5663,Field SE-05663 (Amanzi),Pest|Flood
5664,Field NE-05664 (Sokoto),Pest|Salinity
5665,Field C-05665 (Amanzi),FungalDisease|WeedPressure|Drought
5666,Field C-05666 (Sokoto),NutrientDeficiency
5667,Field SE-05667 (Hawassa),Flood|Drought|WeedPressure
5668,Field NW-05668 (Amanzi),FungalDisease
5669,Field SE-05669 (Sokoto),Pest
5670,Field SE-05670 (Amanzi),NutrientDeficiency
5671,Field C-05671 (Hawassa),HeatStress|Pest|NutrientDeficiency
5672,Field NE-05672 (Akatsi),Flood
5673,Field NE-05673 (Amanzi),HeatStress|NutrientDeficiency|Pest
5674,Field SE-05674 (Kilimani),FungalDisease|WeedPressure
5675,Field SE-05675 (Amanzi),Drought
5676,Field NW-05676 (Kilimani),WeedPressure|FungalDisease
5677,Field NW-05677 (Sokoto),SoilErosion|NutrientDeficiency
5678,Field NW-05678 (Hawassa),NutrientDeficiency
5679,Field SE-05679 (Hawassa),NutrientDeficiency
5680,Field SW-05680 (Sokoto),Drought|NutrientDeficiency|WeedPressure
5681,Field NE-05681 (Akatsi),Drought|WeedPressure|SoilErosion
5682,Field SW-05682 (Akatsi),Pest|HeatStress|NutrientDeficiency
5683,Field SE-05683 (Amanzi),SoilErosion
5684,Field SW-05684 (Kilimani),NutrientDeficiency|FungalDisease|Drought
5685,Field SE-05685 (Kilimani),(no issues listed)
5686,Field NE-05686 (Akatsi),(no issues listed)
5687,Field NW-05687 (Amanzi),HeatStress
5688,Field NE-05688 (Amanzi),Salinity|Pest
5689,Field SE-05689 (Kilimani),Pest|Salinity
5690,Field SE-05690 (Sokoto),(no issues listed)
5691,Field SE-05691 (Akatsi),NutrientDeficiency|Flood
5692,Field SE-05692 (Sokoto),WeedPressure
5693,Field NE-05693 (Kilimani),Flood|Pest|HeatStress
5694,Field NE-05694 (Amanzi),WeedPressure|Salinity|SoilErosion
5695,Field SW-05695 (Amanzi),HeatStress|Pest
5696,Field C-05696 (Kilimani),FungalDisease|SoilErosion|Drought
5697,Field C-05697 (Sokoto),Flood
5698,Field SE-05698 (Kilimani),FungalDisease
5699,Field NE-05699 (Kilimani),WeedPressure|FrostDamage|Drought
5700,Field C-05700 (Kilimani),HeatStress
5701,Field C-05701 (Sokoto),NutrientDeficiency|Drought
5702,Field SE-05702 (Sokoto),Drought|NutrientDeficiency
5703,Field C-05703 (Sokoto),Salinity
5704,Field NE-05704 (Amanzi),Drought
5705,Field NE-05705 (Amanzi),SoilErosion|Drought|HeatStress
5706,Field NW-05706 (Akatsi),WeedPressure
5707,Field SW-05707 (Amanzi),SoilErosion|Pest|FungalDisease
5708,Field NE-05708 (Hawassa),Flood|Pest
5709,Field SW-05709 (Kilimani),NutrientDeficiency
5710,Field SW-05710 (Amanzi),(no issues listed)
5711,Field NW-05711 (Hawassa),FrostDamage|NutrientDeficiency
5712,Field SE-05712 (Akatsi),Drought|Flood
5713,Field NW-05713 (Sokoto),WeedPressure|NutrientDeficiency|Pest
5714,Field SE-05714 (Amanzi),Drought|SoilErosion|Flood
5715,Field SW-05715 (Sokoto),HeatStress|FrostDamage
5716,Field NE-05716 (Akatsi),NutrientDeficiency|FungalDisease
5717,Field SE-05717 (Amanzi),NutrientDeficiency
5718,Field SW-05718 (Sokoto),SoilErosion
5719,Field SE-05719 (Kilimani),FungalDisease
5720,Field NE-05720 (Hawassa),Pest
5721,Field NE-05721 (Sokoto),WeedPressure
5722,Field SW-05722 (Kilimani),Flood|Drought
5723,Field SW-05723 (Amanzi),FungalDisease|FrostDamage|Flood
5724,Field SE-05724 (Kilimani),SoilErosion|Salinity|Pest
5725,Field NW-05725 (Hawassa),Pest|Drought
5726,Field NE-05726 (Sokoto),Drought|WeedPressure|Flood
5727,Field C-05727 (Hawassa),HeatStress|FungalDisease|WeedPressure
5728,Field NE-05728 (Hawassa),Drought
5729,Field NW-05729 (Hawassa),Drought|Pest
5730,Field SE-05730 (Amanzi),FungalDisease|FrostDamage|Salinity
5731,Field NE-05731 (Amanzi),Pest|WeedPressure
5732,Field SW-05732 (Amanzi),NutrientDeficiency|Flood
5733,Field SW-05733 (Hawassa),(no issues listed)
5734,Field NE-05734 (Amanzi),SoilErosion|NutrientDeficiency|Drought
5735,Field SE-05735 (Hawassa),WeedPressure|NutrientDeficiency
5736,Field NE-05736 (Amanzi),Drought|HeatStress|FungalDisease
5737,Field NW-05737 (Akatsi),(no issues listed)
5738,Field NE-05738 (Kilimani),Salinity|FungalDisease|Pest
5739,Field NW-05739 (Hawassa),NutrientDeficiency
5740,Field SW-05740 (Sokoto),Drought|NutrientDeficiency|Pest
5741,Field SW-05741 (Sokoto),WeedPressure
5742,Field NW-05742 (Amanzi),SoilErosion|Salinity|NutrientDeficiency
5743,Field SW-05743 (Akatsi),WeedPressure|FungalDisease|HeatStress
5744,Field SE-05744 (Hawassa),WeedPressure|SoilErosion
5745,Field NE-05745 (Kilimani),HeatStress
5746,Field NE-05746 (Kilimani),Flood|Drought
5747,Field SE-05747 (Kilimani),Drought|FrostDamage
5748,Field C-05748 (Amanzi),WeedPressure|FungalDisease|Drought
5749,Field SE-05749 (Hawassa),(no issues listed)
5750,Field SW-05750 (Hawassa),Salinity|SoilErosion|NutrientDeficiency
5751,Field C-05751 (Kilimani),NutrientDeficiency|Pest
5752,Field SW-05752 (Hawassa),WeedPressure
5753,Field C-05753 (Hawassa),(no issues listed)
5754,Field SW-05754 (Kilimani),(no issues listed)
5755,Field SW-05755 (Kilimani),Drought|Pest
5756,Field SW-05756 (Sokoto),NutrientDeficiency|WeedPressure
5757,Field SE-05757 (Sokoto),Drought
5758,Field SW-05758 (Hawassa),SoilErosion|Drought|FrostDamage
5759,Field SW-05759 (Hawassa),WeedPressure
5760,Field NE-05760 (Sokoto),WeedPressure
5761,Field SW-05761 (Amanzi),(no issues listed)
5762,Field NE-05762 (Sokoto),Pest
5763,Field NE-05763 (Sokoto),(no issues listed)
5764,Field SE-05764 (Kilimani),Pest|HeatStress|NutrientDeficiency
5765,Field NW-05765 (Sokoto),HeatStress|Pest
5766,Field C-05766 (Sokoto),Pest|Drought
5767,Field NW-05767 (Kilimani),FungalDisease|Flood
5768,Field NE-05768 (Sokoto),Drought|NutrientDeficiency|SoilErosion
5769,Field NW-05769 (Hawassa),FungalDisease|Pest
5770,Field C-05770 (Hawassa),FungalDisease
5771,Field SE-05771 (Kilimani),Pest|WeedPressure
5772,Field SE-05772 (Hawassa),(no issues listed)
5773,Field NE-05773 (Amanzi),SoilErosion
5774,Field SW-05774 (Sokoto),Pest|HeatStress|WeedPressure
5775,Field SW-05775 (Hawassa),(no issues listed)
5776,Field SE-05776 (Akatsi),NutrientDeficiency
5777,Field C-05777 (Akatsi),Flood
5778,Field NW-05778 (Sokoto),Drought|FrostDamage
5779,Field NE-05779 (Amanzi),SoilErosion|Salinity
5780,Field SW-05780 (Amanzi),Pest|Drought|NutrientDeficiency
5781,Field NW-05781 (Amanzi),HeatStress|WeedPressure|Drought
5782,Field SE-05782 (Hawassa),Flood|SoilErosion|FrostDamage
5783,Field NW-05783 (Hawassa),Flood
5784,Field C-05784 (Hawassa),SoilErosion
5785,Field NW-05785 (Sokoto),Pest|Drought|WeedPressure
5786,Field SE-05786 (Sokoto),Pest|Drought|WeedPressure
5787,Field NW-05787 (Hawassa),NutrientDeficiency
5788,Field NE-05788 (Amanzi),HeatStress|Pest|FungalDisease
5789,Field C-05789 (Amanzi),Drought|WeedPressure|Flood
5790,Field NW-05790 (Amanzi),Drought
5791,Field SE-05791 (Sokoto),(no issues listed)
5792,Field NW-05792 (Akatsi),Drought|FungalDisease
5793,Field SW-05793 (Amanzi),Salinity
5794,Field SE-05794 (Amanzi),(no issues listed)
5795,Field NE-05795 (Sokoto),(no issues listed)
5796,Field C-05796 (Akatsi),HeatStress
5797,Field NE-05797 (Kilimani),Flood|FrostDamage|WeedPressure
5798,Field SW-05798 (Hawassa),Pest|FungalDisease|FrostDamage
5799,Field SW-05799 (Akatsi),Flood|WeedPressure|Pest
5800,Field SW-05800 (Hawassa),NutrientDeficiency
5801,Field SW-05801 (Amanzi),(no issues listed)
5802,Field SE-05802 (Kilimani),NutrientDeficiency|SoilErosion|WeedPressure
5803,Field SW-05803 (Hawassa),WeedPressure|SoilErosion
5804,Field NW-05804 (Akatsi),NutrientDeficiency
5805,Field NW-05805 (Kilimani),Flood
5806,Field NW-05806 (Akatsi),(no issues listed)
5807,Field C-05807 (Sokoto),(no issues listed)
5808,Field SW-05808 (Kilimani),HeatStress|Flood
5809,Field NW-05809 (Sokoto),Flood|NutrientDeficiency
5810,Field SE-05810 (Amanzi),Drought|FungalDisease|HeatStress
5811,Field SE-05811 (Akatsi),NutrientDeficiency|FungalDisease|FrostDamage
5812,Field SE-05812 (Kilimani),(no issues listed)
5813,Field SW-05813 (Sokoto),NutrientDeficiency|Pest|Flood
5814,Field NE-05814 (Hawassa),NutrientDeficiency|FungalDisease
5815,Field SW-05815 (Amanzi),Salinity|Drought
5816,Field C-05816 (Akatsi),WeedPressure|FungalDisease
5817,Field NW-05817 (Kilimani),Salinity|HeatStress
5818,Field SE-05818 (Hawassa),Salinity
5819,Field C-05819 (Amanzi),FungalDisease|SoilErosion|WeedPressure
5820,Field NW-05820 (Kilimani),SoilErosion|HeatStress
5821,Field SW-05821 (Hawassa),FungalDisease|HeatStress
5822,Field NE-05822 (Hawassa),HeatStress|Drought|FrostDamage
5823,Field NE-05823 (Sokoto),Drought|HeatStress
5824,Field NW-05824 (Hawassa),Flood|HeatStress
5825,Field SW-05825 (Hawassa),NutrientDeficiency|HeatStress|Pest
5826,Field NE-05826 (Sokoto),NutrientDeficiency
5827,Field C-05827 (Sokoto),WeedPressure|Drought|HeatStress
5828,Field SW-05828 (Hawassa),NutrientDeficiency
5829,Field SE-05829 (Hawassa),FrostDamage
5830,Field SE-05830 (Hawassa),HeatStress|Pest|Flood
5831,Field NE-05831 (Akatsi),NutrientDeficiency|FrostDamage
5832,Field NW-05832 (Kilimani),HeatStress
5833,Field NW-05833 (Kilimani),WeedPressure
5834,Field SW-05834 (Akatsi),(no issues listed)
5835,Field SW-05835 (Sokoto),FungalDisease|HeatStress|SoilErosion
5836,Field SE-05836 (Kilimani),SoilErosion|WeedPressure
5837,Field SE-05837 (Kilimani),SoilErosion|Drought
5838,Field NE-05838 (Hawassa),WeedPressure
5839,Field NW-05839 (Kilimani),FungalDisease|Pest
5840,Field NE-05840 (Hawassa),WeedPressure
5841,Field NE-05841 (Amanzi),Drought|WeedPressure
5842,Field SW-05842 (Amanzi),NutrientDeficiency|FrostDamage|Salinity
5843,Field C-05843 (Hawassa),Flood|FungalDisease
5844,Field SE-05844 (Sokoto),WeedPressure|Flood|NutrientDeficiency
5845,Field C-05845 (Akatsi),WeedPressure|NutrientDeficiency
5846,Field SE-05846 (Kilimani),Pest
5847,Field NW-05847 (Hawassa),SoilErosion
5848,Field NW-05848 (Hawassa),Drought|Salinity|NutrientDeficiency
5849,Field SE-05849 (Kilimani),SoilErosion
5850,Field C-05850 (Kilimani),HeatStress
5851,Field SE-05851 (Amanzi),WeedPressure|Pest
5852,Field NW-05852 (Amanzi),FungalDisease|Pest
5853,Field C-05853 (Hawassa),Drought
5854,Field SW-05854 (Hawassa),NutrientDeficiency|Drought|FungalDisease
5855,Field C-05855 (Sokoto),Drought|SoilErosion|Pest
5856,Field SE-05856 (Kilimani),WeedPressure|Flood|SoilErosion
5857,Field SE-05857 (Sokoto),NutrientDeficiency
5858,Field NE-05858 (Akatsi),Drought|FrostDamage
5859,Field SW-05859 (Sokoto),Salinity
5860,Field SW-05860 (Sokoto),Pest|FungalDisease
5861,Field SE-05861 (Sokoto),FungalDisease|NutrientDeficiency
5862,Field NE-05862 (Amanzi),Pest
5863,Field C-05863 (Hawassa),Flood|Pest|HeatStress
5864,Field SE-05864 (Kilimani),Drought|Pest|WeedPressure
5865,Field SW-05865 (Kilimani),SoilErosion|WeedPressure
5866,Field NW-05866 (Amanzi),SoilErosion
5867,Field SW-05867 (Amanzi),NutrientDeficiency|FungalDisease
5868,Field NE-05868 (Hawassa),Salinity
5869,Field NE-05869 (Amanzi),SoilErosion|FungalDisease
5870,Field SW-05870 (Hawassa),WeedPressure|Pest
5871,Field NW-05871 (Amanzi),FungalDisease
5872,Field NE-05872 (Amanzi),Flood
5873,Field NE-05873 (Hawassa),Drought|Pest|NutrientDeficiency
5874,Field SE-05874 (Sokoto),Drought|WeedPressure|Pest
5875,Field C-05875 (Kilimani),(no issues listed)
5876,Field C-05876 (Akatsi),Flood
5877,Field SW-05877 (Akatsi),WeedPressure|FungalDisease
5878,Field SW-05878 (Sokoto),Salinity|WeedPressure
5879,Field NE-05879 (Sokoto),Pest|WeedPressure|Drought
5880,Field SE-05880 (Sokoto),HeatStress|Pest|FrostDamage
5881,Field NE-05881 (Kilimani),WeedPressure|Drought
5882,Field C-05882 (Akatsi),SoilErosion|WeedPressure|NutrientDeficiency
5883,Field NE-05883 (Hawassa),Flood
5884,Field NW-05884 (Amanzi),NutrientDeficiency|Drought|FungalDisease
5885,Field NW-05885 (Sokoto),Pest
5886,Field NE-05886 (Amanzi),Salinity|Pest|FungalDisease
5887,Field SW-05887 (Hawassa),Drought|WeedPressure
5888,Field SE-05888 (Hawassa),NutrientDeficiency|FungalDisease
5889,Field NE-05889 (Sokoto),Drought|WeedPressure
5890,Field SE-05890 (Kilimani),WeedPressure|NutrientDeficiency|SoilErosion
5891,Field NW-05891 (Kilimani),NutrientDeficiency
5892,Field NE-05892 (Amanzi),Drought|NutrientDeficiency
5893,Field NE-05893 (Amanzi),(no issues listed)
5894,Field SW-05894 (Sokoto),(no issues listed)
5895,Field NW-05895 (Akatsi),Salinity
5896,Field C-05896 (Sokoto),Flood|FungalDisease|Pest
5897,Field NE-05897 (Kilimani),NutrientDeficiency|Drought
5898,Field NW-05898 (Sokoto),Pest|Salinity
5899,Field SW-05899 (Amanzi),NutrientDeficiency|FungalDisease|Salinity
5900,Field SW-05900 (Amanzi),FungalDisease
5901,Field SE-05901 (Amanzi),Salinity
5902,Field C-05902 (Amanzi),WeedPressure|SoilErosion
5903,Field SE-05903 (Sokoto),HeatStress
5904,Field NE-05904 (Hawassa),SoilErosion|FrostDamage
5905,Field SE-05905 (Amanzi),(no issues listed)
5906,Field SE-05906 (Amanzi),HeatStress
5907,Field NW-05907 (Akatsi),Pest|FungalDisease
5908,Field SW-05908 (Akatsi),HeatStress|NutrientDeficiency|WeedPressure
5909,Field NW-05909 (Sokoto),Salinity|Pest
5910,Field NE-05910 (Amanzi),SoilErosion
5911,Field SE-05911 (Hawassa),Pest
5912,Field C-05912 (Akatsi),FungalDisease
5913,Field SE-05913 (Hawassa),HeatStress|Drought|Pest
5914,Field C-05914 (Akatsi),Salinity
5915,Field SW-05915 (Sokoto),(no issues listed)
5916,Field NE-05916 (Kilimani),Pest|FungalDisease|Salinity
5917,Field SE-05917 (Akatsi),SoilErosion|FrostDamage
5918,Field NW-05918 (Akatsi),FungalDisease|Drought|Pest
5919,Field NW-05919 (Amanzi),(no issues listed)
5920,Field NW-05920 (Akatsi),FrostDamage
5921,Field SE-05921 (Amanzi),Drought|Flood
5922,Field C-05922 (Hawassa),Pest|NutrientDeficiency
5923,Field NE-05923 (Sokoto),WeedPressure
5924,Field SW-05924 (Hawassa),(no issues listed)
5925,Field C-05925 (Hawassa),Pest|FrostDamage|WeedPressure
5926,Field SE-05926 (Hawassa),(no issues listed)
5927,Field SE-05927 (Hawassa),NutrientDeficiency
5928,Field SE-05928 (Kilimani),Flood|WeedPressure|NutrientDeficiency
5929,Field SW-05929 (Akatsi),(no issues listed)
5930,Field NW-05930 (Kilimani),WeedPressure
5931,Field SE-05931 (Hawassa),Drought|Flood|WeedPressure
5932,Field NW-05932 (Hawassa),NutrientDeficiency|WeedPressure|Pest
5933,Field NW-05933 (Kilimani),SoilErosion|Drought|Pest
5934,Field SW-05934 (Kilimani),NutrientDeficiency|SoilErosion|FrostDamage
5935,Field NW-05935 (Kilimani),FungalDisease|Salinity
5936,Field NE-05936 (Sokoto),Drought|Pest
5937,Field NW-05937 (Akatsi),Flood|Pest
5938,Field C-05938 (Hawassa),Flood
5939,Field C-05939 (Amanzi),(no issues listed)
5940,Field NE-05940 (Kilimani),WeedPressure|NutrientDeficiency|Flood
5941,Field NW-05941 (Kilimani),NutrientDeficiency
5942,Field SE-05942 (Hawassa),HeatStress|NutrientDeficiency
5943,Field SE-05943 (Sokoto),Flood|NutrientDeficiency|Salinity
5944,Field C-05944 (Akatsi),FrostDamage|NutrientDeficiency|SoilErosion
5945,Field NW-05945 (Akatsi),NutrientDeficiency|Pest|FungalDisease
5946,Field NE-05946 (Kilimani),SoilErosion
5947,Field SW-05947 (Hawassa),(no issues listed)
5948,Field SE-05948 (Hawassa),(no issues listed)
5949,Field SW-05949 (Sokoto),FungalDisease|SoilErosion
5950,Field C-05950 (Sokoto),FungalDisease|Drought
5951,Field C-05951 (Sokoto),Flood|HeatStress
5952,Field C-05952 (Sokoto),FungalDisease|HeatStress|NutrientDeficiency
5953,Field SE-05953 (Kilimani),(no issues listed)
5954,Field NE-05954 (Sokoto),WeedPressure|Flood|FungalDisease
5955,Field SE-05955 (Amanzi),NutrientDeficiency
5956,Field NW-05956 (Amanzi),HeatStress|FungalDisease
5957,Field NE-05957 (Hawassa),Pest|NutrientDeficiency|WeedPressure
5958,Field SE-05958 (Hawassa),NutrientDeficiency|Pest
5959,Field SE-05959 (Kilimani),Pest|Flood|NutrientDeficiency
5960,Field NW-05960 (Amanzi),Drought|NutrientDeficiency
5961,Field SW-05961 (Hawassa),SoilErosion
5962,Field NE-05962 (Kilimani),FrostDamage|SoilErosion|Drought
5963,Field SW-05963 (Kilimani),NutrientDeficiency|Salinity
5964,Field SW-05964 (Amanzi),NutrientDeficiency|Flood|WeedPressure
5965,Field SE-05965 (Amanzi),HeatStress|Drought
5966,Field SW-05966 (Akatsi),Salinity|Drought
5967,Field C-05967 (Amanzi),Salinity|WeedPressure
5968,Field SW-05968 (Kilimani),(no issues listed)
5969,Field NW-05969 (Kilimani),Pest|WeedPressure
5970,Field SE-05970 (Sokoto),Drought|NutrientDeficiency
5971,Field SE-05971 (Hawassa),FungalDisease
5972,Field NE-05972 (Kilimani),NutrientDeficiency|Flood
5973,Field SW-05973 (Sokoto),Pest
5974,Field SE-05974 (Kilimani),NutrientDeficiency|Drought|HeatStress
5975,Field SE-05975 (Akatsi),FungalDisease
5976,Field NW-05976 (Amanzi),FungalDisease|Pest
5977,Field C-05977 (Akatsi),FungalDisease|Drought
5978,Field C-05978 (Kilimani),Pest|FungalDisease
5979,Field NE-05979 (Sokoto),SoilErosion
5980,Field NW-05980 (Kilimani),NutrientDeficiency
5981,Field NE-05981 (Kilimani),NutrientDeficiency|Pest|Salinity
5982,Field NW-05982 (Akatsi),FrostDamage
5983,Field SE-05983 (Sokoto),NutrientDeficiency|Flood
5984,Field SW-05984 (Kilimani),Pest
5985,Field NW-05985 (Hawassa),Drought
5986,Field SE-05986 (Hawassa),HeatStress|NutrientDeficiency
5987,Field NE-05987 (Akatsi),Flood|Salinity|SoilErosion
5988,Field NW-05988 (Amanzi),Flood|SoilErosion|Pest
5989,Field NW-05989 (Kilimani),(no issues listed)
5990,Field C-05990 (Sokoto),(no issues listed)
5991,Field SW-05991 (Amanzi),Flood
5992,Field NE-05992 (Kilimani),Pest
5993,Field NE-05993 (Amanzi),SoilErosion
5994,Field NE-05994 (Hawassa),Flood|Drought|NutrientDeficiency
5995,Field SW-05995 (Hawassa),(no issues listed)
5996,Field NW-05996 (Kilimani),Drought|HeatStress|Salinity
5997,Field SW-05997 (Kilimani),Salinity
5998,Field SE-05998 (Akatsi),FungalDisease
5999,Field NW-05999 (Akatsi),HeatStress|Pest|NutrientDeficiency
6000,Field NE-06000 (Akatsi),FungalDisease|WeedPressure
6001,Field NW-06001 (Kilimani),Flood
6002,Field NE-06002 (Amanzi),Pest
6003,Field SE-06003 (Akatsi),(no issues listed)
6004,Field SW-06004 (Sokoto),NutrientDeficiency|Drought
6005,Field SE-06005 (Hawassa),SoilErosion|NutrientDeficiency|Pest
6006,Field NE-06006 (Sokoto),WeedPressure|Drought
6007,Field SW-06007 (Amanzi),HeatStress|FungalDisease|Salinity
6008,Field NW-06008 (Amanzi),Salinity|FrostDamage|Pest
6009,Field NE-06009 (Kilimani),(no issues listed)
6010,Field C-06010 (Hawassa),Flood|NutrientDeficiency|Drought
6011,Field SW-06011 (Kilimani),NutrientDeficiency
6012,Field SW-06012 (Kilimani),Drought
6013,Field C-06013 (Kilimani),Flood|Salinity|NutrientDeficiency
6014,Field SE-06014 (Kilimani),(no issues listed)
6015,Field SE-06015 (Kilimani),FungalDisease
6016,Field C-06016 (Kilimani),Pest
6017,Field NE-06017 (Hawassa),HeatStress|Salinity|Pest
6018,Field SW-06018 (Hawassa),Pest|Drought|SoilErosion
6019,Field SW-06019 (Kilimani),Salinity
6020,Field NE-06020 (Amanzi),FrostDamage|Pest
6021,Field NE-06021 (Sokoto),Drought
6022,Field NW-06022 (Sokoto),Pest|FungalDisease|Flood
6023,Field NE-06023 (Sokoto),SoilErosion
6024,Field NW-06024 (Akatsi),Pest|Flood|NutrientDeficiency
6025,Field NE-06025 (Akatsi),NutrientDeficiency
6026,Field NE-06026 (Amanzi),FungalDisease|Pest
6027,Field NE-06027 (Amanzi),FrostDamage
6028,Field SE-06028 (Hawassa),HeatStress|SoilErosion
6029,Field NW-06029 (Hawassa),Salinity|Pest|WeedPressure
6030,Field NW-06030 (Sokoto),NutrientDeficiency|Flood|Salinity
6031,Field NW-06031 (Akatsi),WeedPressure|Drought
6032,Field SE-06032 (Amanzi),NutrientDeficiency|WeedPressure
6033,Field NW-06033 (Kilimani),NutrientDeficiency|SoilErosion
6034,Field C-06034 (Sokoto),FungalDisease|Pest|WeedPressure
6035,Field SW-06035 (Kilimani),WeedPressure|Drought
6036,Field SW-06036 (Akatsi),Drought
6037,Field SW-06037 (Kilimani),Pest
6038,Field NW-06038 (Sokoto),WeedPressure|FungalDisease
6039,Field NW-06039 (Amanzi),Flood
6040,Field NW-06040 (Hawassa),FungalDisease
6041,Field SE-06041 (Sokoto),HeatStress|SoilErosion
6042,Field NW-06042 (Kilimani),FungalDisease
6043,Field NW-06043 (Hawassa),(no issues listed)
6044,Field NE-06044 (Amanzi),HeatStress|Pest
6045,Field C-06045 (Akatsi),(no issues listed)
6046,Field NW-06046 (Sokoto),WeedPressure|Pest|NutrientDeficiency
6047,Field SE-06047 (Kilimani),FungalDisease
6048,Field C-06048 (Sokoto),NutrientDeficiency|Pest
6049,Field NE-06049 (Amanzi),SoilErosion
6050,Field SW-06050 (Kilimani),WeedPressure|Pest|Drought
6051,Field C-06051 (Sokoto),(no issues listed)
6052,Field NW-06052 (Amanzi),HeatStress|Salinity
6053,Field SE-06053 (Kilimani),(no issues listed)
6054,Field NW-06054 (Hawassa),FungalDisease|Drought|Salinity
6055,Field SE-06055 (Akatsi),WeedPressure
6056,Field SW-06056 (Amanzi),Pest
6057,Field C-06057 (Sokoto),Drought
6058,Field SE-06058 (Sokoto),Pest
6059,Field SE-06059 (Amanzi),HeatStress
6060,Field C-06060 (Akatsi),HeatStress|Pest|FungalDisease
6061,Field C-06061 (Kilimani),NutrientDeficiency|Salinity|Drought
6062,Field SE-06062 (Hawassa),FrostDamage|FungalDisease
6063,Field NW-06063 (Hawassa),Drought|FrostDamage|Salinity
6064,Field SE-06064 (Akatsi),FungalDisease|NutrientDeficiency|Flood
6065,Field NW-06065 (Sokoto),Drought
6066,Field C-06066 (Kilimani),HeatStress|Drought|Flood
6067,Field SE-06067 (Sokoto),Pest
6068,Field SW-06068 (Sokoto),Drought|Salinity|SoilErosion
6069,Field C-06069 (Akatsi),WeedPressure|SoilErosion
6070,Field SW-06070 (Kilimani),Pest|HeatStress|WeedPressure
6071,Field NE-06071 (Akatsi),Flood|SoilErosion
6072,Field SE-06072 (Hawassa),WeedPressure
6073,Field NW-06073 (Akatsi),WeedPressure|SoilErosion|Pest
6074,Field C-06074 (Akatsi),Flood|NutrientDeficiency|FungalDisease
6075,Field NW-06075 (Hawassa),WeedPressure|Flood
6076,Field NE-06076 (Hawassa),Pest|Flood
6077,Field SE-06077 (Kilimani),Salinity|WeedPressure|Pest
6078,Field C-06078 (Hawassa),SoilErosion|Pest
6079,Field C-06079 (Amanzi),WeedPressure
6080,Field NW-06080 (Amanzi),NutrientDeficiency|Drought|Pest
6081,Field SW-06081 (Hawassa),Drought|FrostDamage
6082,Field NE-06082 (Amanzi),Flood|SoilErosion
6083,Field SE-06083 (Amanzi),Flood|Pest|NutrientDeficiency
6084,Field SE-06084 (Hawassa),HeatStress|Pest
6085,Field NE-06085 (Sokoto),WeedPressure|FungalDisease|Drought
6086,Field C-06086 (Akatsi),NutrientDeficiency|WeedPressure
6087,Field C-06087 (Sokoto),Pest
6088,Field SW-06088 (Akatsi),SoilErosion|Drought
6089,Field NW-06089 (Hawassa),NutrientDeficiency|Flood
6090,Field C-06090 (Kilimani),FungalDisease
6091,Field NE-06091 (Hawassa),SoilErosion|WeedPressure
6092,Field SE-06092 (Amanzi),(no issues listed)
6093,Field SW-06093 (Amanzi),(no issues listed)
6094,Field SE-06094 (Kilimani),FungalDisease|NutrientDeficiency
6095,Field SE-06095 (Kilimani),Drought|Pest|Salinity
6096,Field NE-06096 (Hawassa),WeedPressure|Pest
6097,Field NE-06097 (Amanzi),WeedPressure|Drought
6098,Field SW-06098 (Kilimani),FungalDisease|Drought
6099,Field SE-06099 (Amanzi),SoilErosion|FrostDamage|Drought
6100,Field NW-06100 (Akatsi),(no issues listed)
6101,Field NW-06101 (Hawassa),WeedPressure|Drought
6102,Field NE-06102 (Akatsi),HeatStress|WeedPressure|Flood
6103,Field SE-06103 (Hawassa),SoilErosion|WeedPressure|NutrientDeficiency
6104,Field SE-06104 (Kilimani),FrostDamage|Drought|Pest
6105,Field SW-06105 (Amanzi),Drought|HeatStress
6106,Field SE-06106 (Sokoto),Drought|SoilErosion|Flood
6107,Field SW-06107 (Hawassa),Drought
6108,Field C-06108 (Kilimani),Drought
6109,Field NE-06109 (Kilimani),NutrientDeficiency
6110,Field C-06110 (Hawassa),Pest|Flood
6111,Field NE-06111 (Hawassa),Pest
6112,Field C-06112 (Hawassa),(no issues listed)
6113,Field C-06113 (Akatsi),NutrientDeficiency|Flood|WeedPressure
6114,Field SW-06114 (Kilimani),Drought|Pest
6115,Field NE-06115 (Akatsi),FungalDisease|SoilErosion
6116,Field NE-06116 (Amanzi),(no issues listed)
6117,Field C-06117 (Amanzi),Flood|Pest
6118,Field SE-06118 (Hawassa),SoilErosion
6119,Field NE-06119 (Akatsi),SoilErosion
6120,Field SE-06120 (Sokoto),Flood
6121,Field NW-06121 (Akatsi),Salinity
6122,Field C-06122 (Kilimani),(no issues listed)
6123,Field NW-06123 (Kilimani),Drought|FungalDisease|Pest
6124,Field NW-06124 (Amanzi),Pest
6125,Field SW-06125 (Hawassa),Drought
6126,Field C-06126 (Hawassa),WeedPressure
6127,Field NW-06127 (Sokoto),Flood|Salinity
6128,Field SW-06128 (Akatsi),(no issues listed)
6129,Field NW-06129 (Hawassa),WeedPressure
6130,Field NE-06130 (Kilimani),FrostDamage|WeedPressure
6131,Field NW-06131 (Amanzi),Pest|NutrientDeficiency|WeedPressure
6132,Field NW-06132 (Hawassa),FungalDisease|NutrientDeficiency
6133,Field NW-06133 (Hawassa),(no issues listed)
6134,Field NW-06134 (Akatsi),Drought
6135,Field C-06135 (Akatsi),Drought|SoilErosion|Flood
6136,Field NE-06136 (Amanzi),WeedPressure|SoilErosion
6137,Field NW-06137 (Akatsi),Pest|Drought
6138,Field C-06138 (Hawassa),FrostDamage|Pest
6139,Field SE-06139 (Hawassa),WeedPressure
6140,Field NW-06140 (Kilimani),SoilErosion|NutrientDeficiency
6141,Field SE-06141 (Amanzi),(no issues listed)
6142,Field NW-06142 (Sokoto),WeedPressure|SoilErosion
6143,Field NW-06143 (Akatsi),Salinity
6144,Field SE-06144 (Akatsi),NutrientDeficiency|Flood|HeatStress
6145,Field NE-06145 (Kilimani),Salinity|Pest
6146,Field SE-06146 (Kilimani),NutrientDeficiency
6147,Field NW-06147 (Sokoto),Drought|WeedPressure
6148,Field NW-06148 (Akatsi),WeedPressure
6149,Field NE-06149 (Sokoto),WeedPressure|Drought
6150,Field C-06150 (Amanzi),NutrientDeficiency|HeatStress|Pest
6151,Field C-06151 (Kilimani),Pest|FrostDamage
6152,Field C-06152 (Amanzi),WeedPressure|Drought|SoilErosion
6153,Field SW-06153 (Kilimani),SoilErosion|NutrientDeficiency
6154,Field SE-06154 (Kilimani),NutrientDeficiency
6155,Field SW-06155 (Amanzi),HeatStress|NutrientDeficiency
6156,Field NW-06156 (Sokoto),NutrientDeficiency|FungalDisease
6157,Field NE-06157 (Akatsi),Drought|FungalDisease|WeedPressure
6158,Field NW-06158 (Sokoto),HeatStress|SoilErosion|Salinity
6159,Field C-06159 (Akatsi),Drought|Pest|NutrientDeficiency
6160,Field NE-06160 (Hawassa),Drought|NutrientDeficiency
6161,Field NE-06161 (Kilimani),(no issues listed)
6162,Field SW-06162 (Sokoto),FungalDisease|Pest
6163,Field NW-06163 (Hawassa),NutrientDeficiency|Pest|FungalDisease
6164,Field NE-06164 (Amanzi),NutrientDeficiency|Drought
6165,Field NE-06165 (Sokoto),Flood|WeedPressure|Pest
6166,Field NE-06166 (Kilimani),Pest|WeedPressure|SoilErosion
6167,Field SW-06167 (Hawassa),HeatStress|Drought|Pest
6168,Field NW-06168 (Kilimani),Flood|FungalDisease
6169,Field NW-06169 (Kilimani),WeedPressure|FungalDisease
6170,Field NW-06170 (Amanzi),(no issues listed)
6171,Field C-06171 (Kilimani),Flood|WeedPressure
6172,Field NW-06172 (Sokoto),(no issues listed)
6173,Field C-06173 (Hawassa),Pest|Salinity|FungalDisease
6174,Field C-06174 (Amanzi),Drought|HeatStress
6175,Field NE-06175 (Hawassa),NutrientDeficiency|Flood
6176,Field SW-06176 (Hawassa),NutrientDeficiency
6177,Field NW-06177 (Sokoto),NutrientDeficiency|Drought|Salinity
6178,Field NW-06178 (Hawassa),NutrientDeficiency|Pest|WeedPressure
6179,Field SW-06179 (Akatsi),(no issues listed)
6180,Field SE-06180 (Sokoto),Pest|Salinity
6181,Field NE-06181 (Kilimani),HeatStress|WeedPressure|FungalDisease
6182,Field SW-06182 (Kilimani),(no issues listed)
6183,Field NE-06183 (Hawassa),Pest
6184,Field SW-06184 (Kilimani),Pest|FrostDamage
6185,Field SW-06185 (Sokoto),WeedPressure|FungalDisease|Drought
6186,Field C-06186 (Kilimani),Drought
6187,Field SW-06187 (Kilimani),FungalDisease|Salinity|NutrientDeficiency
6188,Field NE-06188 (Hawassa),HeatStress|SoilErosion|NutrientDeficiency
6189,Field C-06189 (Sokoto),Flood
6190,Field C-06190 (Hawassa),Drought
6191,Field NE-06191 (Hawassa),Drought|Pest
6192,Field SE-06192 (Amanzi),Flood
6193,Field NW-06193 (Sokoto),Pest|SoilErosion
6194,Field NE-06194 (Hawassa),SoilErosion|Pest|FungalDisease
6195,Field NW-06195 (Kilimani),(no issues listed)
6196,Field SE-06196 (Akatsi),Pest|Drought
6197,Field SE-06197 (Akatsi),WeedPressure|Flood|Drought
6198,Field NE-06198 (Hawassa),(no issues listed)
6199,Field SW-06199 (Amanzi),WeedPressure
6200,Field NW-06200 (Akatsi),HeatStress|Salinity
6201,Field C-06201 (Amanzi),Drought
6202,Field SW-06202 (Hawassa),SoilErosion|FrostDamage
6203,Field NW-06203 (Hawassa),Flood
6204,Field SW-06204 (Sokoto),FrostDamage
6205,Field NE-06205 (Hawassa),NutrientDeficiency|Pest|Drought
6206,Field SE-06206 (Kilimani),NutrientDeficiency
6207,Field NW-06207 (Kilimani),WeedPressure
6208,Field NE-06208 (Amanzi),Drought|NutrientDeficiency|SoilErosion
6209,Field NW-06209 (Amanzi),Drought|HeatStress
6210,Field NW-06210 (Akatsi),FungalDisease|NutrientDeficiency
6211,Field SE-06211 (Akatsi),(no issues listed)
6212,Field SW-06212 (Amanzi),NutrientDeficiency|Drought|Pest
6213,Field SE-06213 (Amanzi),Salinity|Drought
6214,Field SW-06214 (Akatsi),Pest|Drought|WeedPressure
6215,Field NE-06215 (Sokoto),Drought|FungalDisease
6216,Field NW-06216 (Amanzi),Drought|Pest|SoilErosion
6217,Field NW-06217 (Akatsi),NutrientDeficiency|Pest
6218,Field NE-06218 (Akatsi),Drought
6219,Field NE-06219 (Akatsi),FungalDisease|FrostDamage|SoilErosion
6220,Field C-06220 (Hawassa),(no issues listed)
6221,Field SW-06221 (Amanzi),Pest|WeedPressure|HeatStress
6222,Field SW-06222 (Amanzi),SoilErosion
6223,Field C-06223 (Kilimani),(no issues listed)
6224,Field C-06224 (Hawassa),FungalDisease|Drought
6225,Field SW-06225 (Hawassa),HeatStress|NutrientDeficiency
6226,Field SE-06226 (Amanzi),Flood|Pest
6227,Field C-06227 (Hawassa),Drought|Flood
6228,Field C-06228 (Hawassa),FrostDamage
6229,Field C-06229 (Amanzi),NutrientDeficiency
6230,Field NW-06230 (Amanzi),Pest|SoilErosion
6231,Field SW-06231 (Hawassa),Salinity
6232,Field NW-06232 (Sokoto),NutrientDeficiency
6233,Field NW-06233 (Amanzi),(no issues listed)
6234,Field SW-06234 (Akatsi),Pest|NutrientDeficiency|Drought
6235,Field SW-06235 (Akatsi),FrostDamage|Drought
6236,Field NW-06236 (Kilimani),HeatStress|NutrientDeficiency
6237,Field SE-06237 (Sokoto),Drought|HeatStress
6238,Field NE-06238 (Akatsi),FungalDisease|Pest
6239,Field NE-06239 (Akatsi),SoilErosion|FungalDisease|NutrientDeficiency
6240,Field NE-06240 (Hawassa),NutrientDeficiency
6241,Field NW-06241 (Kilimani),FungalDisease|WeedPressure|Pest
6242,Field SW-06242 (Akatsi),FrostDamage
6243,Field SE-06243 (Sokoto),NutrientDeficiency|FungalDisease|Flood
6244,Field NE-06244 (Akatsi),Drought|Flood
6245,Field NW-06245 (Amanzi),SoilErosion|Drought|WeedPressure
6246,Field NW-06246 (Sokoto),NutrientDeficiency|Pest|SoilErosion
6247,Field NW-06247 (Amanzi),Salinity
6248,Field NW-06248 (Akatsi),NutrientDeficiency|Drought
6249,Field NE-06249 (Hawassa),NutrientDeficiency|Pest|FungalDisease
6250,Field C-06250 (Sokoto),SoilErosion|FungalDisease|NutrientDeficiency
6251,Field C-06251 (Kilimani),HeatStress|Drought|SoilErosion
6252,Field SW-06252 (Amanzi),NutrientDeficiency
6253,Field SW-06253 (Kilimani),HeatStress|SoilErosion|NutrientDeficiency
6254,Field SW-06254 (Amanzi),WeedPressure|Flood
6255,Field NE-06255 (Kilimani),SoilErosion|NutrientDeficiency|WeedPressure
6256,Field NW-06256 (Amanzi),FungalDisease|Drought|FrostDamage
6257,Field SE-06257 (Amanzi),FrostDamage|Drought
6258,Field SE-06258 (Sokoto),Drought
6259,Field NE-06259 (Akatsi),SoilErosion|NutrientDeficiency|FungalDisease
6260,Field C-06260 (Amanzi),FungalDisease|WeedPressure
6261,Field C-06261 (Akatsi),(no issues listed)
6262,Field SW-06262 (Amanzi),WeedPressure
6263,Field SW-06263 (Sokoto),SoilErosion|Pest|FrostDamage
6264,Field SW-06264 (Hawassa),Pest|SoilErosion|NutrientDeficiency
6265,Field NW-06265 (Sokoto),WeedPressure|Flood
6266,Field C-06266 (Akatsi),SoilErosion
6267,Field SW-06267 (Hawassa),(no issues listed)
6268,Field NE-06268 (Sokoto),HeatStress|Flood|Pest
6269,Field SE-06269 (Hawassa),Drought|WeedPressure
6270,Field C-06270 (Hawassa),(no issues listed)
6271,Field C-06271 (Sokoto),WeedPressure|NutrientDeficiency|Flood
6272,Field SE-06272 (Akatsi),WeedPressure|Pest
6273,Field NE-06273 (Amanzi),NutrientDeficiency|Salinity
6274,Field NE-06274 (Amanzi),Pest|Drought
6275,Field C-06275 (Kilimani),SoilErosion|Pest
6276,Field NE-06276 (Amanzi),(no issues listed)
6277,Field SE-06277 (Sokoto),Drought|Pest
6278,Field SE-06278 (Akatsi),NutrientDeficiency
6279,Field SE-06279 (Akatsi),WeedPressure
6280,Field SW-06280 (Kilimani),Pest|SoilErosion
6281,Field NW-06281 (Sokoto),(no issues listed)
6282,Field SE-06282 (Akatsi),Drought
6283,Field SE-06283 (Amanzi),SoilErosion|HeatStress
6284,Field SE-06284 (Kilimani),FungalDisease|Flood
6285,Field C-06285 (Akatsi),(no issues listed)
6286,Field C-06286 (Hawassa),(no issues listed)
6287,Field SE-06287 (Hawassa),Drought|FungalDisease
6288,Field NW-06288 (Kilimani),WeedPressure
6289,Field NE-06289 (Hawassa),SoilErosion|Pest|HeatStress
6290,Field NE-06290 (Amanzi),(no issues listed)
6291,Field NW-06291 (Amanzi),Drought|WeedPressure|Flood
6292,Field C-06292 (Kilimani),Flood|FungalDisease
6293,Field SW-06293 (Amanzi),Drought
6294,Field NW-06294 (Kilimani),(no issues listed)
6295,Field SE-06295 (Hawassa),WeedPressure|HeatStress
6296,Field SW-06296 (Amanzi),Pest|FungalDisease
6297,Field C-06297 (Sokoto),Drought|Flood
6298,Field NE-06298 (Amanzi),WeedPressure
6299,Field C-06299 (Amanzi),(no issues listed)
6300,Field C-06300 (Kilimani),NutrientDeficiency|Pest
6301,Field NE-06301 (Amanzi),(no issues listed)
6302,Field NW-06302 (Akatsi),FrostDamage|SoilErosion|NutrientDeficiency
6303,Field C-06303 (Kilimani),SoilErosion
6304,Field NE-06304 (Akatsi),HeatStress|NutrientDeficiency|FungalDisease
6305,Field NW-06305 (Sokoto),(no issues listed)
6306,Field SW-06306 (Amanzi),NutrientDeficiency|Pest
6307,Field NE-06307 (Kilimani),NutrientDeficiency|Pest
6308,Field SW-06308 (Amanzi),Flood|HeatStress
6309,Field C-06309 (Amanzi),(no issues listed)
6310,Field NW-06310 (Amanzi),WeedPressure
6311,Field C-06311 (Kilimani),Flood|HeatStress
6312,Field SE-06312 (Amanzi),(no issues listed)
6313,Field SE-06313 (Akatsi),NutrientDeficiency|SoilErosion
6314,Field SW-06314 (Sokoto),NutrientDeficiency
6315,Field SE-06315 (Akatsi),SoilErosion|FrostDamage|Drought
6316,Field NE-06316 (Akatsi),(no issues listed)
6317,Field SW-06317 (Amanzi),HeatStress
6318,Field NE-06318 (Hawassa),NutrientDeficiency|Pest|Salinity
6319,Field NW-06319 (Amanzi),WeedPressure
6320,Field NE-06320 (Hawassa),WeedPressure
6321,Field C-06321 (Sokoto),Drought
6322,Field NE-06322 (Sokoto),WeedPressure
6323,Field SW-06323 (Kilimani),Drought|WeedPressure|Pest
6324,Field SW-06324 (Akatsi),HeatStress|NutrientDeficiency
6325,Field NW-06325 (Sokoto),NutrientDeficiency
6326,Field NW-06326 (Sokoto),(no issues listed)
6327,Field NW-06327 (Hawassa),(no issues listed)
6328,Field C-06328 (Kilimani),(no issues listed)
6329,Field NE-06329 (Sokoto),Drought|HeatStress
6330,Field NW-06330 (Kilimani),WeedPressure
6331,Field NE-06331 (Kilimani),(no issues listed)
6332,Field NW-06332 (Akatsi),HeatStress|Flood|Drought
6333,Field SW-06333 (Sokoto),Drought|WeedPressure
6334,Field SE-06334 (Kilimani),FungalDisease|Salinity
6335,Field SE-06335 (Akatsi),FungalDisease|Drought|Pest
6336,Field SE-06336 (Sokoto),Pest|HeatStress
6337,Field SW-06337 (Hawassa),FungalDisease|WeedPressure
6338,Field C-06338 (Akatsi),Pest|Flood
6339,Field NW-06339 (Sokoto),NutrientDeficiency|Pest|SoilErosion
6340,Field SW-06340 (Sokoto),Drought|FungalDisease
6341,Field NW-06341 (Akatsi),Pest
6342,Field NE-06342 (Kilimani),(no issues listed)
6343,Field C-06343 (Akatsi),FungalDisease|Pest|WeedPressure
6344,Field C-06344 (Kilimani),SoilErosion|WeedPressure
6345,Field SE-06345 (Akatsi),(no issues listed)
6346,Field C-06346 (Akatsi),FrostDamage|Drought
6347,Field SE-06347 (Hawassa),SoilErosion
6348,Field SW-06348 (Amanzi),SoilErosion|Drought
6349,Field NE-06349 (Sokoto),(no issues listed)
6350,Field NE-06350 (Amanzi),Pest|Drought|FungalDisease
6351,Field NE-06351 (Sokoto),Flood|WeedPressure|Salinity
6352,Field NW-06352 (Akatsi),FrostDamage|FungalDisease|Drought
6353,Field NW-06353 (Hawassa),NutrientDeficiency|WeedPressure
6354,Field SW-06354 (Akatsi),WeedPressure
6355,Field C-06355 (Sokoto),Pest|NutrientDeficiency|WeedPressure
6356,Field SW-06356 (Amanzi),NutrientDeficiency
6357,Field C-06357 (Hawassa),FungalDisease|WeedPressure
6358,Field C-06358 (Hawassa),Drought|WeedPressure|FungalDisease
6359,Field C-06359 (Amanzi),Pest|Drought
6360,Field NW-06360 (Amanzi),HeatStress|Pest
6361,Field SW-06361 (Kilimani),(no issues listed)
6362,Field C-06362 (Sokoto),FungalDisease
6363,Field C-06363 (Kilimani),Pest|SoilErosion|WeedPressure
6364,Field C-06364 (Sokoto),Drought
6365,Field SW-06365 (Akatsi),Pest|Drought|WeedPressure
6366,Field SW-06366 (Kilimani),WeedPressure|SoilErosion
6367,Field NW-06367 (Hawassa),(no issues listed)
6368,Field SW-06368 (Sokoto),WeedPressure|NutrientDeficiency|Drought
6369,Field SE-06369 (Kilimani),NutrientDeficiency
6370,Field SE-06370 (Kilimani),(no issues listed)
6371,Field SW-06371 (Sokoto),WeedPressure|Pest|Salinity
6372,Field SE-06372 (Kilimani),Drought|WeedPressure|Flood
6373,Field C-06373 (Sokoto),SoilErosion
6374,Field C-06374 (Amanzi),Flood
6375,Field SE-06375 (Kilimani),Drought
6376,Field SE-06376 (Kilimani),Pest|SoilErosion|HeatStress
6377,Field NE-06377 (Kilimani),NutrientDeficiency|Pest|FrostDamage
6378,Field C-06378 (Hawassa),Pest|FrostDamage
6379,Field C-06379 (Kilimani),NutrientDeficiency|Drought|WeedPressure
6380,Field C-06380 (Hawassa),Drought|NutrientDeficiency|Salinity
6381,Field SW-06381 (Hawassa),(no issues listed)
6382,Field NE-06382 (Hawassa),Salinity|Pest
6383,Field NW-06383 (Akatsi),Drought|Flood|Pest
6384,Field NE-06384 (Sokoto),Drought
6385,Field C-06385 (Amanzi),WeedPressure|FrostDamage
6386,Field SW-06386 (Amanzi),(no issues listed)
6387,Field SW-06387 (Sokoto),Pest|FungalDisease
6388,Field NW-06388 (Akatsi),SoilErosion|Salinity|Pest
6389,Field NW-06389 (Sokoto),WeedPressure|Pest|FrostDamage
6390,Field NE-06390 (Kilimani),Drought
6391,Field SW-06391 (Akatsi),NutrientDeficiency|WeedPressure|FungalDisease
6392,Field C-06392 (Amanzi),Flood|NutrientDeficiency
6393,Field C-06393 (Sokoto),Drought
6394,Field SW-06394 (Akatsi),FrostDamage|NutrientDeficiency|Pest
6395,Field SE-06395 (Hawassa),NutrientDeficiency|HeatStress
6396,Field NE-06396 (Akatsi),SoilErosion|Drought
6397,Field NW-06397 (Hawassa),WeedPressure|HeatStress|Pest
6398,Field NE-06398 (Hawassa),SoilErosion
6399,Field SW-06399 (Kilimani),WeedPressure|Pest|Flood
6400,Field C-06400 (Kilimani),Drought|WeedPressure
6401,Field SE-06401 (Amanzi),HeatStress|Pest|Flood
6402,Field SE-06402 (Sokoto),SoilErosion|HeatStress
6403,Field SE-06403 (Hawassa),Flood|NutrientDeficiency
6404,Field SW-06404 (Sokoto),Pest|NutrientDeficiency
6405,Field C-06405 (Akatsi),HeatStress|NutrientDeficiency
6406,Field NE-06406 (Kilimani),FungalDisease|Pest|NutrientDeficiency
6407,Field NE-06407 (Hawassa),FungalDisease|Pest|NutrientDeficiency
6408,Field SW-06408 (Kilimani),FungalDisease|NutrientDeficiency
6409,Field NW-06409 (Akatsi),SoilErosion|Pest
6410,Field C-06410 (Amanzi),HeatStress|SoilErosion
6411,Field C-06411 (Amanzi),NutrientDeficiency
6412,Field SW-06412 (Akatsi),Drought|WeedPressure
6413,Field SW-06413 (Akatsi),Drought
6414,Field C-06414 (Kilimani),FungalDisease|WeedPressure
6415,Field NE-06415 (Sokoto),(no issues listed)
6416,Field NW-06416 (Kilimani),WeedPressure|Salinity
6417,Field NW-06417 (Akatsi),HeatStress
6418,Field C-06418 (Hawassa),WeedPressure|Pest
6419,Field NE-06419 (Hawassa),NutrientDeficiency|Pest|Salinity
6420,Field NW-06420 (Amanzi),(no issues listed)
6421,Field NE-06421 (Akatsi),Pest|Flood
6422,Field SW-06422 (Kilimani),HeatStress
6423,Field C-06423 (Hawassa),WeedPressure
6424,Field NW-06424 (Kilimani),Pest
6425,Field NW-06425 (Amanzi),HeatStress|WeedPressure|NutrientDeficiency
6426,Field SE-06426 (Akatsi),Drought|FungalDisease|Flood
6427,Field NW-06427 (Amanzi),HeatStress|Drought|Flood
6428,Field NE-06428 (Amanzi),(no issues listed)
6429,Field NE-06429 (Sokoto),(no issues listed)
6430,Field SW-06430 (Kilimani),WeedPressure|FungalDisease|HeatStress
6431,Field NE-06431 (Akatsi),Pest
6432,Field NE-06432 (Kilimani),FungalDisease
6433,Field NE-06433 (Sokoto),WeedPressure|HeatStress|Pest
6434,Field SE-06434 (Akatsi),Drought|Pest|FungalDisease
6435,Field NE-06435 (Sokoto),Salinity|HeatStress|Drought
6436,Field C-06436 (Hawassa),Flood|Drought
6437,Field SE-06437 (Amanzi),FrostDamage
6438,Field SE-06438 (Hawassa),WeedPressure|Pest
6439,Field SE-06439 (Sokoto),FrostDamage|Pest
6440,Field NE-06440 (Amanzi),Drought|Flood
6441,Field SE-06441 (Kilimani),FrostDamage|HeatStress|WeedPressure
6442,Field SW-06442 (Kilimani),Pest
6443,Field SW-06443 (Hawassa),FungalDisease|SoilErosion
6444,Field C-06444 (Hawassa),(no issues listed)
6445,Field NE-06445 (Sokoto),WeedPressure|HeatStress|Pest
6446,Field SW-06446 (Hawassa),HeatStress|SoilErosion|Drought
6447,Field C-06447 (Hawassa),Drought|SoilErosion
6448,Field SE-06448 (Sokoto),Drought|Flood|Salinity
6449,Field C-06449 (Akatsi),WeedPressure
6450,Field SE-06450 (Kilimani),NutrientDeficiency|FungalDisease
6451,Field C-06451 (Kilimani),SoilErosion|Drought|FungalDisease
6452,Field C-06452 (Kilimani),FungalDisease|SoilErosion
6453,Field NW-06453 (Hawassa),NutrientDeficiency|WeedPressure
6454,Field SE-06454 (Hawassa),FungalDisease|SoilErosion
6455,Field SW-06455 (Hawassa),FungalDisease|WeedPressure
6456,Field C-06456 (Sokoto),WeedPressure
6457,Field SE-06457 (Sokoto),FrostDamage|SoilErosion|HeatStress
6458,Field SE-06458 (Kilimani),WeedPressure
6459,Field C-06459 (Akatsi),NutrientDeficiency
6460,Field C-06460 (Amanzi),Flood|Drought
6461,Field SW-06461 (Akatsi),HeatStress|SoilErosion
6462,Field NW-06462 (Amanzi),(no issues listed)
6463,Field SE-06463 (Hawassa),Pest|Drought|WeedPressure
6464,Field NW-06464 (Hawassa),Pest
6465,Field NE-06465 (Sokoto),HeatStress|NutrientDeficiency
6466,Field SW-06466 (Kilimani),(no issues listed)
6467,Field NW-06467 (Kilimani),Salinity|NutrientDeficiency|Flood
6468,Field SE-06468 (Kilimani),Pest
6469,Field NW-06469 (Amanzi),HeatStress|WeedPressure
6470,Field C-06470 (Sokoto),(no issues listed)
6471,Field SW-06471 (Kilimani),WeedPressure|HeatStress
6472,Field NW-06472 (Kilimani),(no issues listed)
6473,Field NE-06473 (Kilimani),Pest|Salinity|SoilErosion
6474,Field NE-06474 (Akatsi),SoilErosion
6475,Field C-06475 (Akatsi),NutrientDeficiency|Pest|Flood
6476,Field SW-06476 (Akatsi),WeedPressure|Pest
6477,Field NW-06477 (Akatsi),Salinity
6478,Field SE-06478 (Kilimani),NutrientDeficiency|Pest
6479,Field C-06479 (Sokoto),Drought
6480,Field SW-06480 (Amanzi),WeedPressure|Drought|Pest
6481,Field NW-06481 (Akatsi),Drought
6482,Field C-06482 (Kilimani),Salinity|WeedPressure|FrostDamage
6483,Field SW-06483 (Hawassa),NutrientDeficiency
6484,Field SE-06484 (Kilimani),Salinity|SoilErosion|Flood
6485,Field SE-06485 (Sokoto),(no issues listed)
6486,Field C-06486 (Sokoto),Flood|Salinity
6487,Field NW-06487 (Amanzi),WeedPressure
6488,Field SE-06488 (Akatsi),WeedPressure|Pest
6489,Field SE-06489 (Kilimani),Drought|Pest|Flood
6490,Field SE-06490 (Sokoto),SoilErosion|WeedPressure
6491,Field C-06491 (Kilimani),SoilErosion
6492,Field NW-06492 (Hawassa),(no issues listed)
6493,Field SW-06493 (Amanzi),(no issues listed)
6494,Field SE-06494 (Hawassa),Flood|FungalDisease|WeedPressure
6495,Field NE-06495 (Akatsi),NutrientDeficiency|Salinity|Pest
6496,Field SE-06496 (Sokoto),(no issues listed)
6497,Field C-06497 (Akatsi),Salinity|HeatStress|NutrientDeficiency
6498,Field SW-06498 (Sokoto),NutrientDeficiency|FungalDisease|FrostDamage
6499,Field C-06499 (Kilimani),FungalDisease|Salinity
6500,Field NW-06500 (Kilimani),SoilErosion|Flood
6501,Field NE-06501 (Akatsi),Pest
6502,Field SE-06502 (Amanzi),Flood|Pest
6503,Field SE-06503 (Kilimani),NutrientDeficiency|Pest
6504,Field NW-06504 (Hawassa),FungalDisease|Pest
6505,Field SW-06505 (Akatsi),Drought
6506,Field SW-06506 (Kilimani),Pest|FungalDisease|Flood
6507,Field NW-06507 (Akatsi),Salinity|WeedPressure|NutrientDeficiency
6508,Field NE-06508 (Sokoto),FrostDamage|WeedPressure
6509,Field C-06509 (Sokoto),SoilErosion|NutrientDeficiency|FungalDisease
6510,Field NE-06510 (Akatsi),HeatStress
6511,Field C-06511 (Sokoto),Pest|FungalDisease|NutrientDeficiency
6512,Field NW-06512 (Hawassa),HeatStress
6513,Field SW-06513 (Sokoto),Pest|WeedPressure
6514,Field NW-06514 (Kilimani),HeatStress
6515,Field NE-06515 (Amanzi),(no issues listed)
6516,Field C-06516 (Akatsi),HeatStress|Flood
6517,Field SE-06517 (Kilimani),FrostDamage
6518,Field SE-06518 (Amanzi),HeatStress
6519,Field NE-06519 (Kilimani),Pest|Drought
6520,Field NE-06520 (Kilimani),(no issues listed)
6521,Field SE-06521 (Hawassa),Pest|NutrientDeficiency|Flood
6522,Field SW-06522 (Kilimani),NutrientDeficiency|SoilErosion
6523,Field SW-06523 (Sokoto),WeedPressure|Pest
6524,Field C-06524 (Hawassa),Drought
6525,Field NE-06525 (Kilimani),NutrientDeficiency|HeatStress
6526,Field SW-06526 (Sokoto),SoilErosion
6527,Field NE-06527 (Amanzi),SoilErosion
6528,Field SW-06528 (Akatsi),FrostDamage|Salinity|WeedPressure
6529,Field SW-06529 (Hawassa),HeatStress|NutrientDeficiency|Pest
6530,Field SE-06530 (Amanzi),SoilErosion|HeatStress
6531,Field C-06531 (Kilimani),HeatStress
6532,Field SE-06532 (Amanzi),WeedPressure
6533,Field NE-06533 (Kilimani),Drought|NutrientDeficiency
6534,Field NE-06534 (Kilimani),Pest
6535,Field C-06535 (Kilimani),Drought|HeatStress
6536,Field SE-06536 (Kilimani),Drought|NutrientDeficiency|SoilErosion
6537,Field NW-06537 (Amanzi),(no issues listed)
6538,Field NW-06538 (Sokoto),Salinity
6539,Field SW-06539 (Amanzi),NutrientDeficiency|FungalDisease
6540,Field NE-06540 (Sokoto),Pest|Drought
6541,Field NE-06541 (Amanzi),HeatStress
6542,Field NE-06542 (Amanzi),Flood
6543,Field NW-06543 (Hawassa),SoilErosion|Drought|Flood
6544,Field SE-06544 (Kilimani),Drought|HeatStress|Flood
6545,Field SW-06545 (Kilimani),Drought|NutrientDeficiency|FungalDisease
6546,Field NE-06546 (Amanzi),NutrientDeficiency|FungalDisease
6547,Field NW-06547 (Amanzi),Pest|HeatStress
6548,Field SE-06548 (Amanzi),Flood
6549,Field NW-06549 (Sokoto),Salinity
6550,Field NW-06550 (Kilimani),Pest|SoilErosion|HeatStress
6551,Field SW-06551 (Amanzi),NutrientDeficiency
6552,Field NW-06552 (Amanzi),Pest|WeedPressure
6553,Field NE-06553 (Kilimani),SoilErosion|HeatStress
6554,Field SE-06554 (Akatsi),(no issues listed)
6555,Field C-06555 (Amanzi),Drought|FrostDamage|SoilErosion
6556,Field NW-06556 (Hawassa),FungalDisease|Pest|WeedPressure
6557,Field NW-06557 (Akatsi),Pest
6558,Field SW-06558 (Hawassa),HeatStress|FungalDisease|Drought
6559,Field SE-06559 (Kilimani),Flood|FungalDisease
6560,Field SE-06560 (Kilimani),Flood|WeedPressure|SoilErosion
6561,Field NE-06561 (Akatsi),NutrientDeficiency|Drought
6562,Field C-06562 (Sokoto),(no issues listed)
6563,Field SE-06563 (Sokoto),Pest|FungalDisease
6564,Field C-06564 (Akatsi),SoilErosion
6565,Field NE-06565 (Hawassa),Pest|Drought
6566,Field C-06566 (Hawassa),Pest|FungalDisease
6567,Field C-06567 (Hawassa),Drought
6568,Field NW-06568 (Sokoto),HeatStress
6569,Field NW-06569 (Amanzi),Salinity|Drought
6570,Field SW-06570 (Hawassa),WeedPressure
6571,Field SE-06571 (Kilimani),FungalDisease
6572,Field NW-06572 (Amanzi),Drought|FungalDisease
6573,Field NW-06573 (Amanzi),Flood
6574,Field SW-06574 (Hawassa),(no issues listed)
6575,Field NE-06575 (Akatsi),Pest|SoilErosion
6576,Field NW-06576 (Akatsi),HeatStress|Flood|Pest
6577,Field NE-06577 (Amanzi),Salinity
6578,Field SE-06578 (Kilimani),(no issues listed)
6579,Field C-06579 (Hawassa),WeedPressure|NutrientDeficiency|Pest
6580,Field C-06580 (Akatsi),FungalDisease|Drought|Pest
6581,Field NW-06581 (Sokoto),Flood|SoilErosion|HeatStress
6582,Field C-06582 (Akatsi),WeedPressure
6583,Field NW-06583 (Hawassa),Drought
6584,Field NE-06584 (Akatsi),HeatStress|FrostDamage
6585,Field SW-06585 (Akatsi),Drought|Pest
6586,Field NE-06586 (Amanzi),Drought|WeedPressure|Pest
6587,Field SW-06587 (Hawassa),NutrientDeficiency
6588,Field C-06588 (Kilimani),WeedPressure|Pest
6589,Field NW-06589 (Amanzi),Salinity|WeedPressure|Pest
6590,Field NW-06590 (Kilimani),Pest|FungalDisease
6591,Field NE-06591 (Amanzi),HeatStress|Flood
6592,Field SW-06592 (Amanzi),Salinity|Drought
6593,Field NE-06593 (Hawassa),Flood
6594,Field SE-06594 (Hawassa),Salinity|Pest|WeedPressure
6595,Field NE-06595 (Amanzi),Flood|WeedPressure|Salinity
6596,Field SW-06596 (Sokoto),Drought|WeedPressure|NutrientDeficiency
6597,Field SE-06597 (Kilimani),WeedPressure
6598,Field NE-06598 (Hawassa),(no issues listed)
6599,Field NE-06599 (Sokoto),Drought
6600,Field C-06600 (Hawassa),NutrientDeficiency
6601,Field SW-06601 (Sokoto),FrostDamage|NutrientDeficiency|Pest
6602,Field SE-06602 (Akatsi),Pest|Flood|HeatStress
6603,Field C-06603 (Kilimani),Drought|Pest|NutrientDeficiency
6604,Field C-06604 (Kilimani),(no issues listed)
6605,Field SE-06605 (Hawassa),NutrientDeficiency|Pest
6606,Field C-06606 (Amanzi),NutrientDeficiency
6607,Field NE-06607 (Hawassa),NutrientDeficiency|WeedPressure
6608,Field C-06608 (Sokoto),Drought|SoilErosion|NutrientDeficiency
6609,Field SW-06609 (Amanzi),Pest
6610,Field NE-06610 (Amanzi),Pest|Flood
6611,Field C-06611 (Amanzi),SoilErosion
6612,Field SW-06612 (Hawassa),NutrientDeficiency
6613,Field NE-06613 (Sokoto),Pest|WeedPressure
6614,Field SE-06614 (Hawassa),Drought|NutrientDeficiency
6615,Field SE-06615 (Akatsi),Pest|Salinity
6616,Field SE-06616 (Sokoto),SoilErosion
6617,Field NW-06617 (Kilimani),HeatStress|Salinity|NutrientDeficiency
6618,Field NW-06618 (Akatsi),NutrientDeficiency|Flood
6619,Field SW-06619 (Kilimani),Pest
6620,Field C-06620 (Hawassa),FungalDisease|Pest|WeedPressure
6621,Field NE-06621 (Kilimani),SoilErosion
6622,Field SE-06622 (Hawassa),Pest
6623,Field SW-06623 (Hawassa),NutrientDeficiency|WeedPressure
6624,Field NW-06624 (Kilimani),Drought|NutrientDeficiency
6625,Field NE-06625 (Akatsi),NutrientDeficiency
6626,Field SE-06626 (Akatsi),Flood
6627,Field C-06627 (Amanzi),HeatStress
6628,Field SW-06628 (Kilimani),WeedPressure|SoilErosion|Drought
6629,Field NW-06629 (Akatsi),FungalDisease|Pest|WeedPressure
6630,Field NW-06630 (Akatsi),NutrientDeficiency|SoilErosion
6631,Field C-06631 (Sokoto),SoilErosion
6632,Field NE-06632 (Hawassa),HeatStress
6633,Field C-06633 (Amanzi),(no issues listed)
6634,Field SW-06634 (Akatsi),WeedPressure|Pest|NutrientDeficiency
6635,Field SE-06635 (Hawassa),FrostDamage|NutrientDeficiency|Flood
6636,Field C-06636 (Hawassa),WeedPressure
6637,Field SW-06637 (Kilimani),Pest|Flood|FrostDamage
6638,Field SE-06638 (Akatsi),WeedPressure|Pest|Flood
6639,Field NW-06639 (Amanzi),Salinity|Flood
6640,Field NW-06640 (Hawassa),HeatStress
6641,Field NE-06641 (Hawassa),(no issues listed)
6642,Field SW-06642 (Amanzi),Pest|Drought
6643,Field C-06643 (Hawassa),NutrientDeficiency|Drought
6644,Field SE-06644 (Amanzi),Pest|SoilErosion|WeedPressure
6645,Field NW-06645 (Kilimani),Flood|SoilErosion
6646,Field C-06646 (Sokoto),Pest|Salinity|Drought
6647,Field NE-06647 (Hawassa),FungalDisease
6648,Field NW-06648 (Kilimani),WeedPressure|Flood
6649,Field SE-06649 (Sokoto),Pest|WeedPressure|FungalDisease
6650,Field NE-06650 (Sokoto),FrostDamage|Flood
6651,Field NW-06651 (Akatsi),NutrientDeficiency|Drought
6652,Field C-06652 (Kilimani),HeatStress|SoilErosion|WeedPressure
6653,Field NW-06653 (Akatsi),Drought|NutrientDeficiency
6654,Field SW-06654 (Kilimani),Drought
6655,Field C-06655 (Amanzi),Drought
6656,Field SE-06656 (Amanzi),Flood
6657,Field SW-06657 (Hawassa),Drought|WeedPressure|SoilErosion
6658,Field NE-06658 (Akatsi),WeedPressure|FungalDisease|Drought
6659,Field C-06659 (Akatsi),SoilErosion|Drought
6660,Field NE-06660 (Hawassa),HeatStress|WeedPressure
6661,Field C-06661 (Hawassa),Pest
6662,Field NE-06662 (Hawassa),Pest
6663,Field NE-06663 (Amanzi),FungalDisease|NutrientDeficiency
6664,Field NW-06664 (Amanzi),(no issues listed)
6665,Field NW-06665 (Sokoto),(no issues listed)
6666,Field SE-06666 (Sokoto),Drought|Pest|SoilErosion
6667,Field NE-06667 (Hawassa),(no issues listed)
6668,Field C-06668 (Kilimani),FrostDamage|WeedPressure|Salinity
6669,Field NE-06669 (Amanzi),Pest|WeedPressure
6670,Field SW-06670 (Kilimani),WeedPressure
6671,Field C-06671 (Sokoto),NutrientDeficiency|Pest|SoilErosion
6672,Field SE-06672 (Kilimani),Drought
6673,Field SW-06673 (Kilimani),Pest
6674,Field SW-06674 (Kilimani),NutrientDeficiency
6675,Field SE-06675 (Hawassa),Flood|WeedPressure|HeatStress
6676,Field SE-06676 (Kilimani),WeedPressure|NutrientDeficiency
6677,Field C-06677 (Sokoto),Salinity|Pest|NutrientDeficiency
6678,Field NW-06678 (Amanzi),Pest|Salinity
6679,Field SW-06679 (Hawassa),WeedPressure
6680,Field C-06680 (Sokoto),(no issues listed)
6681,Field NW-06681 (Amanzi),SoilErosion
6682,Field NW-06682 (Amanzi),NutrientDeficiency
6683,Field NE-06683 (Kilimani),Pest|Salinity
6684,Field SE-06684 (Amanzi),NutrientDeficiency|FungalDisease
6685,Field C-06685 (Kilimani),Flood|NutrientDeficiency
6686,Field NE-06686 (Sokoto),Drought|HeatStress|Flood
6687,Field NE-06687 (Sokoto),NutrientDeficiency
6688,Field NW-06688 (Sokoto),FungalDisease
6689,Field C-06689 (Kilimani),(no issues listed)
6690,Field C-06690 (Amanzi),Pest|FrostDamage|Drought
6691,Field NW-06691 (Akatsi),NutrientDeficiency|HeatStress|SoilErosion
6692,Field SE-06692 (Amanzi),Drought|Pest
6693,Field SE-06693 (Kilimani),(no issues listed)
6694,Field SW-06694 (Hawassa),HeatStress|FungalDisease
6695,Field C-06695 (Akatsi),HeatStress
6696,Field NE-06696 (Hawassa),Pest|Flood
6697,Field SE-06697 (Kilimani),Drought|NutrientDeficiency
6698,Field SE-06698 (Akatsi),FrostDamage
6699,Field NE-06699 (Sokoto),Drought|FrostDamage|HeatStress
6700,Field C-06700 (Hawassa),HeatStress|NutrientDeficiency|Flood
6701,Field C-06701 (Hawassa),SoilErosion|NutrientDeficiency|HeatStress
6702,Field SW-06702 (Hawassa),Salinity|WeedPressure
6703,Field SW-06703 (Kilimani),Drought|NutrientDeficiency|HeatStress
6704,Field SW-06704 (Kilimani),Salinity|FungalDisease|NutrientDeficiency
6705,Field SE-06705 (Amanzi),NutrientDeficiency
6706,Field NE-06706 (Amanzi),Pest
6707,Field SE-06707 (Sokoto),Salinity
6708,Field NW-06708 (Sokoto),WeedPressure|FungalDisease
6709,Field SW-06709 (Hawassa),Pest
6710,Field C-06710 (Akatsi),Pest|WeedPressure
6711,Field SW-06711 (Sokoto),Drought|Pest|SoilErosion
6712,Field NE-06712 (Hawassa),(no issues listed)
6713,Field C-06713 (Kilimani),Salinity
6714,Field NE-06714 (Amanzi),FrostDamage
6715,Field NE-06715 (Akatsi),Drought|FungalDisease
6716,Field NW-06716 (Sokoto),Pest|NutrientDeficiency
6717,Field C-06717 (Hawassa),Pest|Drought
6718,Field C-06718 (Amanzi),WeedPressure|Pest|Drought
6719,Field C-06719 (Sokoto),FungalDisease|HeatStress|Drought
6720,Field NW-06720 (Akatsi),NutrientDeficiency
6721,Field C-06721 (Akatsi),(no issues listed)
6722,Field SE-06722 (Amanzi),Pest|FungalDisease|WeedPressure
6723,Field NE-06723 (Sokoto),(no issues listed)
6724,Field C-06724 (Akatsi),Pest|WeedPressure|FungalDisease
6725,Field C-06725 (Kilimani),(no issues listed)
6726,Field NW-06726 (Amanzi),Pest
6727,Field NW-06727 (Sokoto),WeedPressure|Flood|Pest
6728,Field NE-06728 (Sokoto),WeedPressure
6729,Field C-06729 (Kilimani),HeatStress|Pest|Salinity
6730,Field SW-06730 (Akatsi),FrostDamage|Flood|Pest
6731,Field C-06731 (Akatsi),Drought|SoilErosion|FungalDisease
6732,Field NW-06732 (Akatsi),NutrientDeficiency|Salinity|Drought
6733,Field SW-06733 (Sokoto),(no issues listed)
6734,Field NE-06734 (Akatsi),Drought|FungalDisease
6735,Field SE-06735 (Sokoto),FungalDisease
6736,Field NE-06736 (Amanzi),Pest
6737,Field SE-06737 (Sokoto),SoilErosion
6738,Field NW-06738 (Sokoto),Salinity
6739,Field SW-06739 (Hawassa),Pest
6740,Field SE-06740 (Amanzi),WeedPressure|Flood|SoilErosion
6741,Field C-06741 (Sokoto),HeatStress|FungalDisease|Flood
6742,Field C-06742 (Sokoto),Pest|WeedPressure
6743,Field C-06743 (Amanzi),(no issues listed)
6744,Field SE-06744 (Sokoto),Flood|FungalDisease
6745,Field C-06745 (Kilimani),Pest
6746,Field NE-06746 (Sokoto),HeatStress|Salinity
6747,Field SW-06747 (Akatsi),HeatStress|Drought|NutrientDeficiency
6748,Field C-06748 (Amanzi),(no issues listed)
6749,Field SW-06749 (Amanzi),FungalDisease|Flood|NutrientDeficiency
6750,Field NE-06750 (Kilimani),(no issues listed)
6751,Field SE-06751 (Kilimani),FungalDisease|Pest|Drought
6752,Field NW-06752 (Kilimani),SoilErosion|Drought
6753,Field SW-06753 (Hawassa),FrostDamage
6754,Field SE-06754 (Akatsi),FrostDamage|FungalDisease
6755,Field C-06755 (Hawassa),HeatStress|Drought
6756,Field NE-06756 (Amanzi),SoilErosion|HeatStress|Pest
6757,Field C-06757 (Akatsi),WeedPressure
6758,Field NE-06758 (Amanzi),Drought
6759,Field SE-06759 (Amanzi),(no issues listed)
6760,Field NW-06760 (Amanzi),SoilErosion|FungalDisease|Drought
6761,Field SW-06761 (Hawassa),(no issues listed)
6762,Field C-06762 (Sokoto),WeedPressure|HeatStress|NutrientDeficiency
6763,Field C-06763 (Sokoto),(no issues listed)
6764,Field NW-06764 (Hawassa),Pest
6765,Field NW-06765 (Kilimani),(no issues listed)
6766,Field SW-06766 (Amanzi),FrostDamage|HeatStress|NutrientDeficiency
6767,Field SE-06767 (Amanzi),SoilErosion|Flood|Drought
6768,Field SW-06768 (Amanzi),HeatStress|Pest|Drought
6769,Field SW-06769 (Akatsi),Pest
6770,Field C-06770 (Akatsi),FungalDisease|WeedPressure
6771,Field NE-06771 (Hawassa),Pest|NutrientDeficiency|Drought
6772,Field NE-06772 (Hawassa),Pest
6773,Field NE-06773 (Sokoto),Drought|WeedPressure
6774,Field NE-06774 (Kilimani),Pest|WeedPressure|SoilErosion
6775,Field C-06775 (Amanzi),(no issues listed)
6776,Field C-06776 (Akatsi),(no issues listed)
6777,Field NE-06777 (Sokoto),FungalDisease|Pest|NutrientDeficiency
6778,Field SW-06778 (Akatsi),Pest|SoilErosion
6779,Field SE-06779 (Amanzi),(no issues listed)
6780,Field NE-06780 (Sokoto),SoilErosion
6781,Field NE-06781 (Kilimani),Pest
6782,Field SE-06782 (Kilimani),HeatStress|SoilErosion|FrostDamage
6783,Field SW-06783 (Kilimani),NutrientDeficiency|WeedPressure
6784,Field SE-06784 (Akatsi),FungalDisease|NutrientDeficiency
6785,Field SW-06785 (Kilimani),SoilErosion
6786,Field NE-06786 (Amanzi),(no issues listed)
6787,Field SW-06787 (Hawassa),(no issues listed)
6788,Field C-06788 (Sokoto),WeedPressure|HeatStress
6789,Field NW-06789 (Amanzi),Salinity|Drought|Pest
6790,Field SE-06790 (Hawassa),Pest|WeedPressure|Drought
6791,Field NW-06791 (Amanzi),NutrientDeficiency
6792,Field NW-06792 (Kilimani),Pest|WeedPressure
6793,Field NE-06793 (Hawassa),Flood|Drought|FungalDisease
6794,Field C-06794 (Kilimani),SoilErosion|Pest
6795,Field NE-06795 (Akatsi),Flood
6796,Field NW-06796 (Akatsi),NutrientDeficiency|FungalDisease
6797,Field NE-06797 (Akatsi),Drought
6798,Field NE-06798 (Sokoto),Pest|Drought
6799,Field NE-06799 (Sokoto),(no issues listed)
6800,Field NE-06800 (Sokoto),NutrientDeficiency|FungalDisease|Pest
6801,Field SE-06801 (Sokoto),NutrientDeficiency|WeedPressure
6802,Field C-06802 (Hawassa),(no issues listed)
6803,Field SE-06803 (Kilimani),Pest|FungalDisease|Flood
6804,Field NE-06804 (Sokoto),WeedPressure|SoilErosion|Salinity
6805,Field C-06805 (Kilimani),Drought|FrostDamage|NutrientDeficiency
6806,Field NE-06806 (Akatsi),Pest|NutrientDeficiency|Drought
6807,Field NW-06807 (Kilimani),HeatStress
6808,Field SW-06808 (Sokoto),NutrientDeficiency|Salinity
6809,Field SW-06809 (Akatsi),FungalDisease|FrostDamage
6810,Field SW-06810 (Hawassa),SoilErosion|Drought
6811,Field NE-06811 (Hawassa),NutrientDeficiency
6812,Field NW-06812 (Sokoto),SoilErosion
6813,Field SE-06813 (Hawassa),Drought
6814,Field NW-06814 (Amanzi),HeatStress|Flood
6815,Field SW-06815 (Amanzi),SoilErosion|Pest|FungalDisease
6816,Field SE-06816 (Amanzi),HeatStress|WeedPressure
6817,Field NW-06817 (Amanzi),WeedPressure|Drought
6818,Field SW-06818 (Amanzi),SoilErosion
6819,Field SW-06819 (Kilimani),Flood|Salinity|NutrientDeficiency
6820,Field SW-06820 (Hawassa),Drought
6821,Field NW-06821 (Sokoto),Flood|Pest
6822,Field SE-06822 (Sokoto),FungalDisease
6823,Field NW-06823 (Amanzi),Drought|SoilErosion
6824,Field NE-06824 (Sokoto),NutrientDeficiency|FrostDamage
6825,Field C-06825 (Kilimani),Pest|WeedPressure|Drought
6826,Field NW-06826 (Amanzi),Drought|NutrientDeficiency|Flood
6827,Field C-06827 (Akatsi),WeedPressure|FrostDamage
6828,Field NE-06828 (Sokoto),NutrientDeficiency|WeedPressure
6829,Field SE-06829 (Amanzi),Drought|HeatStress
6830,Field NW-06830 (Amanzi),WeedPressure
6831,Field C-06831 (Sokoto),(no issues listed)
6832,Field SE-06832 (Akatsi),WeedPressure|Drought|Pest
6833,Field C-06833 (Sokoto),Flood
6834,Field SE-06834 (Akatsi),NutrientDeficiency|WeedPressure
6835,Field C-06835 (Sokoto),WeedPressure|FungalDisease
6836,Field SW-06836 (Hawassa),Drought|WeedPressure
6837,Field SW-06837 (Hawassa),NutrientDeficiency|Pest
6838,Field C-06838 (Hawassa),WeedPressure
6839,Field SW-06839 (Sokoto),SoilErosion|FungalDisease|Pest
6840,Field SE-06840 (Kilimani),Pest
6841,Field C-06841 (Sokoto),Drought
6842,Field NW-06842 (Akatsi),Flood|WeedPressure
6843,Field C-06843 (Hawassa),Drought|HeatStress|Pest
6844,Field NE-06844 (Hawassa),HeatStress|Pest|SoilErosion
6845,Field SE-06845 (Sokoto),(no issues listed)
6846,Field SW-06846 (Sokoto),HeatStress
6847,Field NE-06847 (Kilimani),NutrientDeficiency
6848,Field SE-06848 (Sokoto),(no issues listed)
6849,Field NE-06849 (Amanzi),FungalDisease
6850,Field NW-06850 (Hawassa),FrostDamage|FungalDisease
6851,Field NW-06851 (Kilimani),NutrientDeficiency
6852,Field SE-06852 (Sokoto),WeedPressure|Flood|Salinity
6853,Field SE-06853 (Hawassa),(no issues listed)
6854,Field NE-06854 (Sokoto),FrostDamage
6855,Field SE-06855 (Hawassa),NutrientDeficiency
6856,Field NE-06856 (Hawassa),NutrientDeficiency
6857,Field NW-06857 (Kilimani),Flood|Drought
6858,Field SW-06858 (Amanzi),NutrientDeficiency|FungalDisease|FrostDamage
6859,Field SW-06859 (Akatsi),SoilErosion|FungalDisease
6860,Field SW-06860 (Hawassa),SoilErosion|Pest|Drought
6861,Field NW-06861 (Hawassa),Drought|WeedPressure|FungalDisease
6862,Field SW-06862 (Amanzi),NutrientDeficiency
6863,Field C-06863 (Sokoto),SoilErosion|WeedPressure
6864,Field SE-06864 (Hawassa),HeatStress
6865,Field SW-06865 (Sokoto),(no issues listed)
6866,Field SE-06866 (Amanzi),SoilErosion|Drought
6867,Field C-06867 (Sokoto),SoilErosion|Flood|Drought
6868,Field NW-06868 (Sokoto),SoilErosion|NutrientDeficiency|Pest
6869,Field NW-06869 (Sokoto),FungalDisease
6870,Field NE-06870 (Kilimani),NutrientDeficiency|HeatStress
6871,Field NE-06871 (Hawassa),Pest|WeedPressure|HeatStress
6872,Field SW-06872 (Hawassa),HeatStress|Flood
6873,Field NW-06873 (Amanzi),(no issues listed)
6874,Field NW-06874 (Akatsi),HeatStress|FungalDisease|Drought
6875,Field SW-06875 (Hawassa),Drought|NutrientDeficiency|SoilErosion
6876,Field SW-06876 (Kilimani),Pest|Salinity|WeedPressure
6877,Field SE-06877 (Kilimani),Flood|Drought|WeedPressure
6878,Field NW-06878 (Kilimani),Pest|WeedPressure|Drought
6879,Field NE-06879 (Kilimani),FungalDisease|Drought|Flood
6880,Field NE-06880 (Kilimani),Drought
6881,Field SW-06881 (Amanzi),WeedPressure
6882,Field SW-06882 (Sokoto),Flood|WeedPressure|SoilErosion
6883,Field C-06883 (Sokoto),Drought|HeatStress|Pest
6884,Field NW-06884 (Akatsi),FungalDisease|HeatStress
6885,Field SE-06885 (Kilimani),Flood|Drought|Pest
6886,Field SE-06886 (Akatsi),FungalDisease
6887,Field NE-06887 (Sokoto),NutrientDeficiency
6888,Field NW-06888 (Amanzi),SoilErosion
6889,Field NE-06889 (Hawassa),FungalDisease|Drought|Pest
6890,Field NW-06890 (Hawassa),Flood
6891,Field SW-06891 (Kilimani),NutrientDeficiency|SoilErosion
6892,Field SE-06892 (Akatsi),FungalDisease|HeatStress|FrostDamage
6893,Field NW-06893 (Sokoto),FungalDisease|Pest|NutrientDeficiency
6894,Field NW-06894 (Kilimani),Flood|WeedPressure
6895,Field SE-06895 (Akatsi),NutrientDeficiency|SoilErosion|Flood
6896,Field SE-06896 (Amanzi),Flood
6897,Field SE-06897 (Kilimani),Pest
6898,Field SW-06898 (Kilimani),Flood
6899,Field SW-06899 (Akatsi),WeedPressure|NutrientDeficiency|FrostDamage
6900,Field SW-06900 (Sokoto),FungalDisease
6901,Field SW-06901 (Sokoto),HeatStress|SoilErosion
6902,Field NW-06902 (Hawassa),NutrientDeficiency|Drought|Pest
6903,Field SW-06903 (Kilimani),Pest
6904,Field SE-06904 (Akatsi),Drought|NutrientDeficiency|Pest
6905,Field NW-06905 (Hawassa),Flood|FungalDisease|Pest
6906,Field SE-06906 (Sokoto),FungalDisease|HeatStress|NutrientDeficiency
6907,Field NW-06907 (Akatsi),FrostDamage|HeatStress|FungalDisease
6908,Field NW-06908 (Hawassa),Salinity|Pest|WeedPressure
6909,Field SW-06909 (Amanzi),Flood|HeatStress|Pest
6910,Field NW-06910 (Sokoto),Drought|Pest|NutrientDeficiency
6911,Field SW-06911 (Kilimani),HeatStress|NutrientDeficiency|Drought
6912,Field SW-06912 (Sokoto),Flood|NutrientDeficiency|WeedPressure
6913,Field C-06913 (Amanzi),Pest|Drought|SoilErosion
6914,Field SW-06914 (Akatsi),Pest|Flood
6915,Field NE-06915 (Hawassa),WeedPressure|Flood
6916,Field SW-06916 (Kilimani),HeatStress|Flood|Pest
6917,Field C-06917 (Sokoto),Flood|Drought
6918,Field C-06918 (Hawassa),HeatStress|Flood|FungalDisease
6919,Field NW-06919 (Sokoto),NutrientDeficiency
6920,Field NE-06920 (Hawassa),NutrientDeficiency|Pest|SoilErosion
6921,Field NE-06921 (Kilimani),Drought
6922,Field SW-06922 (Kilimani),WeedPressure
6923,Field SE-06923 (Akatsi),WeedPressure|Pest|NutrientDeficiency
6924,Field NE-06924 (Sokoto),FungalDisease|HeatStress
6925,Field SE-06925 (Hawassa),FrostDamage
6926,Field SW-06926 (Kilimani),Drought|Salinity|Flood
6927,Field SE-06927 (Amanzi),(no issues listed)
6928,Field NE-06928 (Kilimani),FungalDisease|Drought|Pest
6929,Field NE-06929 (Akatsi),FungalDisease|NutrientDeficiency
6930,Field NE-06930 (Amanzi),SoilErosion
6931,Field NE-06931 (Sokoto),HeatStress|SoilErosion
6932,Field C-06932 (Hawassa),(no issues listed)
6933,Field NW-06933 (Sokoto),SoilErosion
6934,Field NW-06934 (Hawassa),Flood|NutrientDeficiency
6935,Field NE-06935 (Kilimani),NutrientDeficiency|WeedPressure|HeatStress
6936,Field SE-06936 (Akatsi),Drought
6937,Field NE-06937 (Sokoto),Salinity|FungalDisease|NutrientDeficiency
6938,Field SW-06938 (Amanzi),Pest|WeedPressure|Flood
6939,Field NE-06939 (Akatsi),(no issues listed)
6940,Field NE-06940 (Amanzi),HeatStress
6941,Field C-06941 (Sokoto),Drought|FungalDisease|NutrientDeficiency
6942,Field NW-06942 (Hawassa),Flood
6943,Field SW-06943 (Kilimani),Flood
6944,Field SW-06944 (Akatsi),WeedPressure|FrostDamage
6945,Field C-06945 (Akatsi),NutrientDeficiency
6946,Field SE-06946 (Kilimani),Pest
6947,Field NE-06947 (Amanzi),WeedPressure|Pest
6948,Field NW-06948 (Sokoto),WeedPressure|FungalDisease
6949,Field SE-06949 (Sokoto),Drought|FungalDisease
6950,Field SW-06950 (Amanzi),WeedPressure
6951,Field SE-06951 (Sokoto),WeedPressure
6952,Field C-06952 (Sokoto),Flood
6953,Field NW-06953 (Akatsi),Pest
6954,Field SE-06954 (Amanzi),FungalDisease|Pest|NutrientDeficiency
6955,Field SE-06955 (Hawassa),Pest|SoilErosion
6956,Field NW-06956 (Akatsi),WeedPressure
6957,Field NE-06957 (Hawassa),Flood|HeatStress|Pest
6958,Field SW-06958 (Amanzi),WeedPressure|SoilErosion|HeatStress
6959,Field NE-06959 (Kilimani),WeedPressure|Drought|FungalDisease
6960,Field NE-06960 (Kilimani),WeedPressure|HeatStress|Drought
6961,Field NW-06961 (Hawassa),Pest
6962,Field C-06962 (Sokoto),Salinity
6963,Field C-06963 (Amanzi),FungalDisease|WeedPressure|SoilErosion
6964,Field C-06964 (Amanzi),WeedPressure|NutrientDeficiency|Pest
6965,Field SW-06965 (Kilimani),Pest|FungalDisease
6966,Field SW-06966 (Kilimani),FungalDisease|WeedPressure|HeatStress
6967,Field C-06967 (Kilimani),WeedPressure|FungalDisease|HeatStress
6968,Field NE-06968 (Kilimani),WeedPressure|NutrientDeficiency
6969,Field C-06969 (Amanzi),FungalDisease|HeatStress|WeedPressure
6970,Field NE-06970 (Sokoto),FungalDisease|SoilErosion
6971,Field NE-06971 (Akatsi),NutrientDeficiency|FungalDisease
6972,Field C-06972 (Kilimani),Salinity|Pest|SoilErosion
6973,Field SW-06973 (Amanzi),FungalDisease|Drought|Pest
6974,Field NE-06974 (Amanzi),WeedPressure|Salinity|Drought
6975,Field NW-06975 (Hawassa),FrostDamage|NutrientDeficiency
6976,Field SW-06976 (Kilimani),Pest|FungalDisease|Salinity
6977,Field SE-06977 (Kilimani),Salinity|WeedPressure
6978,Field SE-06978 (Sokoto),FungalDisease|SoilErosion|WeedPressure
6979,Field SE-06979 (Amanzi),FrostDamage
6980,Field SW-06980 (Hawassa),Pest|WeedPressure
6981,Field SW-06981 (Kilimani),SoilErosion|WeedPressure|FrostDamage
6982,Field NE-06982 (Kilimani),Pest|FungalDisease|FrostDamage
6983,Field NE-06983 (Sokoto),Drought
6984,Field C-06984 (Sokoto),Salinity
6985,Field SE-06985 (Hawassa),(no issues listed)
6986,Field C-06986 (Akatsi),NutrientDeficiency
6987,Field NE-06987 (Amanzi),(no issues listed)
6988,Field NE-06988 (Sokoto),NutrientDeficiency
6989,Field SE-06989 (Kilimani),Salinity
6990,Field NE-06990 (Hawassa),(no issues listed)
6991,Field C-06991 (Akatsi),Pest|WeedPressure|NutrientDeficiency
6992,Field SE-06992 (Hawassa),FungalDisease
6993,Field C-06993 (Amanzi),Pest|Drought
6994,Field SW-06994 (Sokoto),Flood|FungalDisease|Salinity
6995,Field C-06995 (Sokoto),(no issues listed)
6996,Field NW-06996 (Akatsi),Pest|Flood
6997,Field NW-06997 (Kilimani),Salinity
6998,Field SW-06998 (Kilimani),NutrientDeficiency|Pest|Drought
6999,Field NW-06999 (Akatsi),SoilErosion|Drought
7000,Field C-07000 (Akatsi),Pest|Drought|FrostDamage
7001,Field NE-07001 (Kilimani),Drought|HeatStress|FungalDisease
7002,Field NW-07002 (Amanzi),(no issues listed)
7003,Field C-07003 (Hawassa),HeatStress
7004,Field NE-07004 (Akatsi),Pest
7005,Field C-07005 (Sokoto),Pest|NutrientDeficiency|FungalDisease
7006,Field SW-07006 (Akatsi),FrostDamage
7007,Field NW-07007 (Amanzi),HeatStress|Pest
7008,Field SW-07008 (Hawassa),Pest|Drought
7009,Field SE-07009 (Sokoto),Flood|FungalDisease
7010,Field SE-07010 (Akatsi),HeatStress
7011,Field NW-07011 (Kilimani),Pest|Flood|FungalDisease
7012,Field C-07012 (Akatsi),SoilErosion|FungalDisease
7013,Field SE-07013 (Akatsi),FrostDamage|HeatStress|SoilErosion
7014,Field NW-07014 (Amanzi),Flood|Pest
7015,Field NW-07015 (Hawassa),WeedPressure|FrostDamage|Pest
7016,Field C-07016 (Kilimani),NutrientDeficiency|Pest|Drought
7017,Field NE-07017 (Kilimani),Drought
7018,Field NE-07018 (Akatsi),Drought|FungalDisease|Flood
7019,Field SW-07019 (Kilimani),Pest|NutrientDeficiency|FungalDisease
7020,Field SE-07020 (Akatsi),HeatStress|FungalDisease|Drought
7021,Field NE-07021 (Sokoto),Pest
7022,Field SE-07022 (Kilimani),Flood|Pest
7023,Field SE-07023 (Sokoto),Pest|FungalDisease
7024,Field NW-07024 (Akatsi),Flood|WeedPressure|FrostDamage
7025,Field SE-07025 (Kilimani),HeatStress|SoilErosion
7026,Field SW-07026 (Hawassa),Drought|WeedPressure|NutrientDeficiency
7027,Field SW-07027 (Sokoto),(no issues listed)
7028,Field NW-07028 (Amanzi),(no issues listed)
7029,Field SE-07029 (Kilimani),Pest
7030,Field SE-07030 (Amanzi),(no issues listed)
7031,Field SW-07031 (Kilimani),NutrientDeficiency
7032,Field SW-07032 (Hawassa),HeatStress|NutrientDeficiency|Pest
7033,Field SE-07033 (Amanzi),Flood|SoilErosion
7034,Field SW-07034 (Kilimani),NutrientDeficiency
7035,Field NW-07035 (Akatsi),Salinity|WeedPressure|Pest
7036,Field NE-07036 (Kilimani),FungalDisease|NutrientDeficiency|HeatStress
7037,Field C-07037 (Amanzi),(no issues listed)
7038,Field SE-07038 (Sokoto),Pest
7039,Field SW-07039 (Sokoto),NutrientDeficiency
7040,Field C-07040 (Akatsi),NutrientDeficiency|SoilErosion
7041,Field SE-07041 (Sokoto),Drought|FungalDisease|Pest
7042,Field NW-07042 (Amanzi),FrostDamage|Salinity|SoilErosion
7043,Field NW-07043 (Akatsi),HeatStress|Salinity
7044,Field SE-07044 (Amanzi),FungalDisease
7045,Field NE-07045 (Hawassa),Drought|WeedPressure
7046,Field SE-07046 (Kilimani),Drought|Salinity|Flood
7047,Field SE-07047 (Hawassa),WeedPressure|NutrientDeficiency|Drought
7048,Field NE-07048 (Akatsi),(no issues listed)
7049,Field SE-07049 (Amanzi),Drought
7050,Field NE-07050 (Amanzi),WeedPressure|HeatStress
7051,Field SW-07051 (Kilimani),FungalDisease|Flood
7052,Field NE-07052 (Amanzi),(no issues listed)
7053,Field C-07053 (Kilimani),(no issues listed)
7054,Field SE-07054 (Akatsi),Flood
7055,Field NW-07055 (Amanzi),SoilErosion
7056,Field NE-07056 (Sokoto),Flood|FungalDisease
7057,Field NW-07057 (Amanzi),HeatStress|FungalDisease
7058,Field NW-07058 (Amanzi),Pest|NutrientDeficiency|HeatStress
7059,Field C-07059 (Kilimani),Pest
7060,Field C-07060 (Amanzi),Pest|Flood
7061,Field NW-07061 (Amanzi),WeedPressure|FungalDisease|SoilErosion
7062,Field NE-07062 (Hawassa),Drought
7063,Field C-07063 (Amanzi),(no issues listed)
7064,Field NE-07064 (Sokoto),WeedPressure
7065,Field SE-07065 (Hawassa),(no issues listed)
7066,Field SE-07066 (Amanzi),NutrientDeficiency|SoilErosion
7067,Field NW-07067 (Akatsi),Pest|SoilErosion
7068,Field SW-07068 (Sokoto),Drought
7069,Field NW-07069 (Amanzi),WeedPressure
7070,Field SW-07070 (Hawassa),NutrientDeficiency|Drought
7071,Field SW-07071 (Akatsi),Salinity
7072,Field C-07072 (Hawassa),SoilErosion|Salinity|Flood
7073,Field NE-07073 (Akatsi),NutrientDeficiency
7074,Field NE-07074 (Sokoto),Drought|Salinity
7075,Field NW-07075 (Amanzi),WeedPressure
7076,Field SW-07076 (Sokoto),NutrientDeficiency|Salinity
7077,Field C-07077 (Hawassa),FungalDisease|Flood
7078,Field SW-07078 (Sokoto),Flood
7079,Field C-07079 (Akatsi),Drought
7080,Field SE-07080 (Hawassa),FungalDisease|Flood
7081,Field SW-07081 (Kilimani),Pest|HeatStress
7082,Field SW-07082 (Amanzi),Pest|HeatStress
7083,Field NE-07083 (Hawassa),(no issues listed)
7084,Field SE-07084 (Amanzi),SoilErosion|Pest
7085,Field C-07085 (Kilimani),(no issues listed)
7086,Field SW-07086 (Amanzi),Salinity|Drought|NutrientDeficiency
7087,Field NE-07087 (Kilimani),(no issues listed)
7088,Field SW-07088 (Hawassa),(no issues listed)
7089,Field NE-07089 (Sokoto),Pest
7090,Field C-07090 (Sokoto),WeedPressure|Drought|Pest
7091,Field SW-07091 (Akatsi),(no issues listed)
7092,Field NW-07092 (Amanzi),FungalDisease|Pest|WeedPressure
7093,Field C-07093 (Sokoto),Pest|HeatStress
7094,Field SW-07094 (Amanzi),FungalDisease|Flood|WeedPressure
7095,Field C-07095 (Sokoto),Salinity|Drought
7096,Field SE-07096 (Amanzi),Drought|FungalDisease
7097,Field C-07097 (Amanzi),NutrientDeficiency|Drought|Pest
7098,Field C-07098 (Sokoto),Pest|SoilErosion|NutrientDeficiency
7099,Field NW-07099 (Hawassa),(no issues listed)
7100,Field SE-07100 (Kilimani),Pest|WeedPressure
7101,Field NW-07101 (Sokoto),Drought|NutrientDeficiency
7102,Field C-07102 (Amanzi),Pest|NutrientDeficiency|Flood
7103,Field SW-07103 (Sokoto),Pest|WeedPressure|FrostDamage
7104,Field SE-07104 (Amanzi),Pest|HeatStress
7105,Field SE-07105 (Amanzi),Pest|SoilErosion
7106,Field SE-07106 (Akatsi),NutrientDeficiency|Pest
7107,Field NW-07107 (Akatsi),WeedPressure
7108,Field NW-07108 (Akatsi),NutrientDeficiency
7109,Field NE-07109 (Akatsi),SoilErosion
7110,Field NE-07110 (Amanzi),NutrientDeficiency|SoilErosion|WeedPressure
7111,Field SE-07111 (Kilimani),NutrientDeficiency
7112,Field SW-07112 (Akatsi),FrostDamage|HeatStress
7113,Field SE-07113 (Sokoto),FungalDisease|NutrientDeficiency
7114,Field SW-07114 (Hawassa),Drought|Flood
7115,Field C-07115 (Hawassa),FungalDisease|Pest
7116,Field NW-07116 (Amanzi),(no issues listed)
7117,Field SW-07117 (Akatsi),Salinity
7118,Field SW-07118 (Amanzi),FungalDisease|Pest|NutrientDeficiency
7119,Field SE-07119 (Akatsi),Drought|SoilErosion|HeatStress
7120,Field NW-07120 (Hawassa),FrostDamage|FungalDisease
7121,Field SW-07121 (Sokoto),Salinity|FungalDisease
7122,Field SE-07122 (Sokoto),HeatStress|Pest
7123,Field NW-07123 (Amanzi),NutrientDeficiency
7124,Field SE-07124 (Sokoto),FungalDisease
7125,Field SW-07125 (Amanzi),SoilErosion
7126,Field C-07126 (Akatsi),Drought|FrostDamage
7127,Field SW-07127 (Kilimani),NutrientDeficiency|WeedPressure|Drought
7128,Field SW-07128 (Amanzi),(no issues listed)
7129,Field SE-07129 (Sokoto),Pest|Drought
7130,Field NE-07130 (Akatsi),Flood|Drought|NutrientDeficiency
7131,Field SE-07131 (Hawassa),FungalDisease
7132,Field SE-07132 (Amanzi),Pest
7133,Field C-07133 (Hawassa),WeedPressure|Flood|FungalDisease
7134,Field SE-07134 (Kilimani),Pest|Salinity|WeedPressure
7135,Field NW-07135 (Hawassa),NutrientDeficiency|HeatStress
7136,Field SE-07136 (Sokoto),WeedPressure|HeatStress|FungalDisease
7137,Field SE-07137 (Kilimani),Salinity|Drought
7138,Field C-07138 (Hawassa),HeatStress|SoilErosion|FrostDamage
7139,Field NE-07139 (Kilimani),Pest
7140,Field C-07140 (Sokoto),SoilErosion|Flood
7141,Field SW-07141 (Hawassa),FungalDisease|Pest
7142,Field NW-07142 (Hawassa),Drought|NutrientDeficiency|WeedPressure
7143,Field NE-07143 (Kilimani),HeatStress
7144,Field SE-07144 (Hawassa),Drought|WeedPressure|Salinity
7145,Field SE-07145 (Hawassa),Drought|WeedPressure|NutrientDeficiency
7146,Field NW-07146 (Hawassa),FrostDamage|FungalDisease
7147,Field NE-07147 (Akatsi),WeedPressure
7148,Field SE-07148 (Sokoto),SoilErosion|NutrientDeficiency|FrostDamage
7149,Field C-07149 (Amanzi),FrostDamage|Flood
7150,Field SE-07150 (Sokoto),Pest
7151,Field NW-07151 (Sokoto),HeatStress|Drought
7152,Field C-07152 (Akatsi),WeedPressure|Drought
7153,Field SE-07153 (Akatsi),HeatStress|NutrientDeficiency|Pest
7154,Field NW-07154 (Hawassa),WeedPressure|HeatStress
7155,Field NE-07155 (Amanzi),Pest|WeedPressure|HeatStress
7156,Field NE-07156 (Hawassa),HeatStress|Drought
7157,Field NE-07157 (Amanzi),NutrientDeficiency|HeatStress|Drought
7158,Field C-07158 (Kilimani),Drought|NutrientDeficiency
7159,Field NW-07159 (Sokoto),FungalDisease
7160,Field SW-07160 (Hawassa),Drought
7161,Field NW-07161 (Kilimani),WeedPressure
7162,Field SW-07162 (Amanzi),Salinity|Pest
7163,Field SE-07163 (Amanzi),Flood
7164,Field SW-07164 (Kilimani),WeedPressure
7165,Field NE-07165 (Kilimani),Pest|Drought
7166,Field NW-07166 (Akatsi),Pest|WeedPressure|FungalDisease
7167,Field NE-07167 (Akatsi),NutrientDeficiency|Pest
7168,Field C-07168 (Sokoto),Pest
7169,Field SE-07169 (Sokoto),FrostDamage|FungalDisease|Drought
7170,Field C-07170 (Amanzi),Flood|HeatStress|NutrientDeficiency
7171,Field NE-07171 (Amanzi),FungalDisease
7172,Field NW-07172 (Sokoto),Drought
7173,Field SW-07173 (Akatsi),Drought
7174,Field SW-07174 (Akatsi),NutrientDeficiency|FrostDamage|Flood
7175,Field SW-07175 (Hawassa),HeatStress
7176,Field NW-07176 (Sokoto),Drought|Pest
7177,Field SE-07177 (Amanzi),FungalDisease|Pest
7178,Field SE-07178 (Akatsi),HeatStress|WeedPressure|FrostDamage
7179,Field NE-07179 (Akatsi),HeatStress|Drought
7180,Field NE-07180 (Sokoto),Flood|HeatStress|Drought
7181,Field SW-07181 (Hawassa),SoilErosion|Salinity|HeatStress
7182,Field SE-07182 (Sokoto),WeedPressure|NutrientDeficiency|Pest
7183,Field SE-07183 (Hawassa),FrostDamage
7184,Field NW-07184 (Akatsi),FungalDisease
7185,Field SE-07185 (Amanzi),Drought
7186,Field C-07186 (Hawassa),Flood
7187,Field SE-07187 (Hawassa),Drought|NutrientDeficiency
7188,Field NE-07188 (Akatsi),Drought
7189,Field NE-07189 (Kilimani),Pest|SoilErosion
7190,Field SE-07190 (Amanzi),Salinity
7191,Field NW-07191 (Akatsi),WeedPressure|Pest|NutrientDeficiency
7192,Field NE-07192 (Amanzi),Flood|Drought|FungalDisease
7193,Field SE-07193 (Kilimani),Pest
7194,Field NE-07194 (Akatsi),Drought
7195,Field NW-07195 (Akatsi),(no issues listed)
7196,Field NW-07196 (Kilimani),Pest|Salinity|NutrientDeficiency
7197,Field SW-07197 (Akatsi),(no issues listed)
7198,Field NW-07198 (Amanzi),Drought|HeatStress
7199,Field NW-07199 (Sokoto),(no issues listed)
7200,Field NW-07200 (Kilimani),Pest|Salinity
7201,Field C-07201 (Akatsi),FungalDisease|NutrientDeficiency
7202,Field NW-07202 (Amanzi),(no issues listed)
7203,Field SW-07203 (Sokoto),SoilErosion
7204,Field SW-07204 (Kilimani),HeatStress|Salinity|Drought
7205,Field SE-07205 (Akatsi),WeedPressure
7206,Field NW-07206 (Akatsi),NutrientDeficiency|Drought
7207,Field SW-07207 (Kilimani),Flood|NutrientDeficiency
7208,Field SW-07208 (Sokoto),(no issues listed)
7209,Field SW-07209 (Akatsi),NutrientDeficiency
7210,Field C-07210 (Kilimani),SoilErosion|Salinity
7211,Field NE-07211 (Amanzi),Drought
7212,Field C-07212 (Sokoto),WeedPressure|FrostDamage|FungalDisease
7213,Field SW-07213 (Sokoto),NutrientDeficiency
7214,Field SE-07214 (Hawassa),WeedPressure|SoilErosion
7215,Field SE-07215 (Hawassa),Pest|SoilErosion
7216,Field NE-07216 (Sokoto),(no issues listed)
7217,Field NE-07217 (Sokoto),FungalDisease|Pest|SoilErosion
7218,Field C-07218 (Akatsi),WeedPressure|NutrientDeficiency
7219,Field NW-07219 (Hawassa),NutrientDeficiency|Pest
7220,Field NE-07220 (Sokoto),SoilErosion|NutrientDeficiency
7221,Field NE-07221 (Akatsi),Pest|Salinity|Flood
7222,Field SE-07222 (Sokoto),NutrientDeficiency
7223,Field C-07223 (Hawassa),SoilErosion
7224,Field SE-07224 (Hawassa),SoilErosion|WeedPressure|Flood
7225,Field C-07225 (Amanzi),(no issues listed)
7226,Field C-07226 (Kilimani),Pest|Salinity
7227,Field SE-07227 (Hawassa),Pest|WeedPressure
7228,Field NW-07228 (Kilimani),Pest|FungalDisease|WeedPressure
7229,Field SW-07229 (Kilimani),(no issues listed)
7230,Field NE-07230 (Hawassa),FungalDisease|Pest
7231,Field NE-07231 (Amanzi),HeatStress
7232,Field NE-07232 (Hawassa),Drought|Salinity|NutrientDeficiency
7233,Field NE-07233 (Kilimani),Salinity
7234,Field SW-07234 (Kilimani),NutrientDeficiency|Flood
7235,Field NE-07235 (Sokoto),HeatStress
7236,Field NW-07236 (Akatsi),Drought|NutrientDeficiency|FrostDamage
7237,Field C-07237 (Hawassa),NutrientDeficiency|Drought|FungalDisease
7238,Field NE-07238 (Kilimani),Pest|Flood|WeedPressure
7239,Field NE-07239 (Kilimani),FungalDisease|NutrientDeficiency
7240,Field C-07240 (Sokoto),WeedPressure|Flood|Pest
7241,Field SW-07241 (Hawassa),(no issues listed)
7242,Field NW-07242 (Kilimani),Pest
7243,Field C-07243 (Hawassa),Flood|FrostDamage|Pest
7244,Field NE-07244 (Hawassa),WeedPressure
7245,Field NW-07245 (Akatsi),NutrientDeficiency|Flood|WeedPressure
7246,Field SE-07246 (Hawassa),FungalDisease
7247,Field SW-07247 (Akatsi),Pest|HeatStress|Drought
7248,Field C-07248 (Amanzi),FrostDamage|Drought|NutrientDeficiency
7249,Field SE-07249 (Sokoto),SoilErosion
7250,Field C-07250 (Hawassa),Flood|Drought
7251,Field SE-07251 (Kilimani),FungalDisease
7252,Field SE-07252 (Sokoto),FrostDamage
7253,Field NE-07253 (Sokoto),Drought|Pest|NutrientDeficiency
7254,Field SE-07254 (Amanzi),NutrientDeficiency|Pest
7255,Field C-07255 (Akatsi),HeatStress|NutrientDeficiency
7256,Field NE-07256 (Hawassa),(no issues listed)
7257,Field NW-07257 (Kilimani),Drought
7258,Field NW-07258 (Sokoto),Pest|FungalDisease
7259,Field SE-07259 (Akatsi),(no issues listed)
7260,Field NE-07260 (Kilimani),SoilErosion
7261,Field SW-07261 (Hawassa),NutrientDeficiency
7262,Field NW-07262 (Sokoto),NutrientDeficiency|Pest
7263,Field NW-07263 (Akatsi),NutrientDeficiency|Pest
7264,Field SE-07264 (Hawassa),SoilErosion|HeatStress
7265,Field SE-07265 (Hawassa),(no issues listed)
7266,Field NW-07266 (Hawassa),NutrientDeficiency|FrostDamage
7267,Field NE-07267 (Akatsi),NutrientDeficiency|Pest
7268,Field SE-07268 (Kilimani),Drought
7269,Field SW-07269 (Akatsi),Drought|NutrientDeficiency|Pest
7270,Field SW-07270 (Sokoto),Salinity|NutrientDeficiency
7271,Field C-07271 (Sokoto),Pest|WeedPressure|NutrientDeficiency
7272,Field SE-07272 (Akatsi),SoilErosion|Drought
7273,Field SE-07273 (Hawassa),Pest|SoilErosion|HeatStress
7274,Field C-07274 (Akatsi),(no issues listed)
7275,Field NW-07275 (Kilimani),Pest
7276,Field C-07276 (Amanzi),Pest|Drought|FungalDisease
7277,Field SW-07277 (Kilimani),(no issues listed)
7278,Field NE-07278 (Amanzi),WeedPressure|FungalDisease
7279,Field SE-07279 (Kilimani),Flood
7280,Field C-07280 (Sokoto),Pest|SoilErosion|WeedPressure
7281,Field SE-07281 (Amanzi),FrostDamage|Drought|SoilErosion
7282,Field C-07282 (Akatsi),Flood|Pest
7283,Field SW-07283 (Hawassa),Drought
7284,Field NE-07284 (Amanzi),NutrientDeficiency|HeatStress|SoilErosion
7285,Field C-07285 (Amanzi),FungalDisease
7286,Field SW-07286 (Amanzi),SoilErosion
7287,Field SE-07287 (Kilimani),SoilErosion|Drought|NutrientDeficiency
7288,Field SE-07288 (Akatsi),NutrientDeficiency
7289,Field SW-07289 (Akatsi),(no issues listed)
7290,Field C-07290 (Akatsi),Salinity|WeedPressure|Drought
7291,Field C-07291 (Hawassa),Pest|NutrientDeficiency
7292,Field NE-07292 (Akatsi),WeedPressure|SoilErosion
7293,Field SW-07293 (Sokoto),HeatStress|Salinity|WeedPressure
7294,Field NE-07294 (Amanzi),(no issues listed)
7295,Field NW-07295 (Akatsi),Drought|FungalDisease
7296,Field NE-07296 (Hawassa),NutrientDeficiency|FungalDisease
7297,Field SW-07297 (Akatsi),Flood|Salinity|WeedPressure
7298,Field C-07298 (Kilimani),Drought
7299,Field NW-07299 (Kilimani),FungalDisease
7300,Field SE-07300 (Akatsi),(no issues listed)
7301,Field SE-07301 (Kilimani),Salinity
7302,Field NW-07302 (Kilimani),Pest|Flood
7303,Field NW-07303 (Kilimani),NutrientDeficiency|Flood
7304,Field NW-07304 (Sokoto),WeedPressure
7305,Field C-07305 (Kilimani),(no issues listed)
7306,Field NE-07306 (Kilimani),Drought|WeedPressure|Flood
7307,Field NE-07307 (Akatsi),(no issues listed)
7308,Field C-07308 (Kilimani),Drought
7309,Field NW-07309 (Amanzi),HeatStress|Flood
7310,Field NE-07310 (Kilimani),Flood|SoilErosion|WeedPressure
7311,Field SE-07311 (Amanzi),WeedPressure
7312,Field SW-07312 (Hawassa),FungalDisease|Pest
7313,Field SW-07313 (Hawassa),NutrientDeficiency
7314,Field C-07314 (Sokoto),HeatStress|Drought
7315,Field NW-07315 (Sokoto),Drought
7316,Field NE-07316 (Amanzi),Salinity
7317,Field NE-07317 (Hawassa),Flood
7318,Field NE-07318 (Akatsi),Drought|HeatStress
7319,Field NE-07319 (Akatsi),NutrientDeficiency|SoilErosion|HeatStress
7320,Field SE-07320 (Akatsi),NutrientDeficiency|Pest|HeatStress
7321,Field SW-07321 (Amanzi),Pest|Drought|NutrientDeficiency
7322,Field NW-07322 (Kilimani),NutrientDeficiency|FungalDisease|Pest
7323,Field SE-07323 (Sokoto),WeedPressure|Pest
7324,Field C-07324 (Akatsi),(no issues listed)
7325,Field NE-07325 (Kilimani),FungalDisease|WeedPressure|NutrientDeficiency
7326,Field C-07326 (Akatsi),SoilErosion
7327,Field NE-07327 (Hawassa),HeatStress|Flood
7328,Field NW-07328 (Hawassa),Drought|Flood
7329,Field NW-07329 (Amanzi),Flood
7330,Field SW-07330 (Kilimani),NutrientDeficiency
7331,Field NE-07331 (Hawassa),Pest|HeatStress|SoilErosion
7332,Field SE-07332 (Akatsi),Drought|FrostDamage
7333,Field NW-07333 (Amanzi),NutrientDeficiency|SoilErosion
7334,Field C-07334 (Amanzi),Drought|WeedPressure
7335,Field NW-07335 (Hawassa),(no issues listed)
7336,Field NW-07336 (Akatsi),Drought
7337,Field C-07337 (Akatsi),FungalDisease|WeedPressure
7338,Field NW-07338 (Amanzi),FungalDisease
7339,Field SE-07339 (Akatsi),Drought|SoilErosion|WeedPressure
7340,Field NW-07340 (Amanzi),SoilErosion
7341,Field NW-07341 (Akatsi),Pest|Flood|NutrientDeficiency
7342,Field NE-07342 (Akatsi),Drought
7343,Field SW-07343 (Hawassa),FungalDisease|Drought
7344,Field C-07344 (Hawassa),Drought|SoilErosion|Salinity
7345,Field NE-07345 (Kilimani),NutrientDeficiency
7346,Field NE-07346 (Amanzi),Flood|Salinity|Pest
7347,Field SE-07347 (Akatsi),Flood|Drought
7348,Field NW-07348 (Hawassa),HeatStress|NutrientDeficiency|Salinity
7349,Field SW-07349 (Sokoto),(no issues listed)
7350,Field SW-07350 (Hawassa),(no issues listed)
7351,Field NE-07351 (Kilimani),Drought|NutrientDeficiency|FungalDisease
7352,Field SW-07352 (Akatsi),NutrientDeficiency|Flood|Drought
7353,Field C-07353 (Kilimani),WeedPressure|Salinity
7354,Field SW-07354 (Sokoto),FungalDisease
7355,Field SE-07355 (Kilimani),Flood
7356,Field SW-07356 (Hawassa),WeedPressure|NutrientDeficiency|Pest
7357,Field SW-07357 (Hawassa),Salinity
7358,Field SE-07358 (Sokoto),Drought
7359,Field C-07359 (Kilimani),SoilErosion|Drought|Pest
7360,Field NW-07360 (Hawassa),HeatStress|Pest|Flood
7361,Field NE-07361 (Kilimani),HeatStress|WeedPressure|Flood
7362,Field NE-07362 (Akatsi),(no issues listed)
7363,Field SE-07363 (Akatsi),Drought|Pest
7364,Field SW-07364 (Kilimani),NutrientDeficiency|FungalDisease|Drought
7365,Field NW-07365 (Akatsi),WeedPressure|FungalDisease|HeatStress
7366,Field C-07366 (Amanzi),Flood
7367,Field C-07367 (Sokoto),Drought
7368,Field NW-07368 (Kilimani),WeedPressure|NutrientDeficiency|Flood
7369,Field NW-07369 (Amanzi),WeedPressure|Pest
7370,Field NW-07370 (Kilimani),NutrientDeficiency|Pest
7371,Field NE-07371 (Kilimani),FrostDamage|Flood
7372,Field NW-07372 (Kilimani),Drought|Flood|SoilErosion
7373,Field C-07373 (Amanzi),(no issues listed)
7374,Field NE-07374 (Sokoto),(no issues listed)
7375,Field NW-07375 (Sokoto),Pest|Drought|SoilErosion
7376,Field SW-07376 (Amanzi),Drought|HeatStress
7377,Field SW-07377 (Kilimani),WeedPressure|Drought
7378,Field C-07378 (Akatsi),Drought
7379,Field NE-07379 (Amanzi),SoilErosion
7380,Field NW-07380 (Amanzi),FungalDisease|HeatStress|NutrientDeficiency
7381,Field C-07381 (Akatsi),Drought|WeedPressure
7382,Field SE-07382 (Akatsi),Flood
7383,Field SW-07383 (Kilimani),HeatStress|Drought
7384,Field C-07384 (Sokoto),HeatStress
7385,Field SW-07385 (Amanzi),(no issues listed)
7386,Field NW-07386 (Sokoto),Pest|Salinity
7387,Field NE-07387 (Kilimani),NutrientDeficiency|HeatStress
7388,Field NW-07388 (Sokoto),Drought|FungalDisease|Pest
7389,Field NE-07389 (Akatsi),Flood|Pest
7390,Field C-07390 (Kilimani),Drought|FungalDisease|WeedPressure
7391,Field NE-07391 (Amanzi),HeatStress
7392,Field SE-07392 (Akatsi),Drought|Salinity
7393,Field NE-07393 (Akatsi),Salinity|NutrientDeficiency
7394,Field SE-07394 (Kilimani),FungalDisease|NutrientDeficiency|Drought
7395,Field SE-07395 (Kilimani),NutrientDeficiency|Flood
7396,Field SE-07396 (Kilimani),HeatStress|WeedPressure|SoilErosion
7397,Field C-07397 (Amanzi),Pest|HeatStress
7398,Field SW-07398 (Sokoto),WeedPressure|NutrientDeficiency|Pest
7399,Field NE-07399 (Hawassa),WeedPressure
7400,Field C-07400 (Amanzi),NutrientDeficiency|WeedPressure
7401,Field SW-07401 (Kilimani),Salinity|Drought|Flood
7402,Field SW-07402 (Akatsi),NutrientDeficiency|WeedPressure|Drought
7403,Field C-07403 (Hawassa),Salinity|WeedPressure
7404,Field SW-07404 (Kilimani),SoilErosion
7405,Field SE-07405 (Kilimani),Flood|Drought
7406,Field C-07406 (Hawassa),NutrientDeficiency
7407,Field C-07407 (Amanzi),FungalDisease|Flood|FrostDamage
7408,Field SW-07408 (Sokoto),NutrientDeficiency|WeedPressure|Drought
7409,Field SW-07409 (Kilimani),Salinity|HeatStress|Drought
7410,Field NW-07410 (Hawassa),Salinity|NutrientDeficiency|SoilErosion
7411,Field SE-07411 (Kilimani),FungalDisease
7412,Field C-07412 (Akatsi),Drought
7413,Field C-07413 (Hawassa),Drought|SoilErosion|HeatStress
7414,Field SE-07414 (Kilimani),Salinity
7415,Field C-07415 (Akatsi),NutrientDeficiency|FrostDamage
7416,Field C-07416 (Sokoto),Pest
7417,Field NE-07417 (Sokoto),Drought|Pest
7418,Field NE-07418 (Sokoto),SoilErosion
7419,Field NW-07419 (Akatsi),(no issues listed)
7420,Field C-07420 (Hawassa),(no issues listed)
7421,Field NW-07421 (Akatsi),Pest|FrostDamage
7422,Field SE-07422 (Hawassa),Pest|HeatStress|WeedPressure
7423,Field NE-07423 (Hawassa),FrostDamage|Flood|Pest
7424,Field C-07424 (Hawassa),SoilErosion|HeatStress
7425,Field SW-07425 (Kilimani),Pest
7426,Field SW-07426 (Sokoto),HeatStress|Flood
7427,Field SW-07427 (Akatsi),Flood
7428,Field NW-07428 (Hawassa),Drought|HeatStress|WeedPressure
7429,Field NW-07429 (Amanzi),Salinity|Drought
7430,Field SW-07430 (Sokoto),Drought|Flood
7431,Field SW-07431 (Kilimani),Flood
7432,Field NW-07432 (Akatsi),(no issues listed)
7433,Field C-07433 (Amanzi),Salinity
7434,Field NW-07434 (Sokoto),Drought|HeatStress|NutrientDeficiency
7435,Field SE-07435 (Hawassa),FungalDisease
7436,Field C-07436 (Kilimani),(no issues listed)
7437,Field NW-07437 (Amanzi),FungalDisease|HeatStress|SoilErosion
7438,Field NE-07438 (Akatsi),WeedPressure
7439,Field SW-07439 (Akatsi),Flood
7440,Field NW-07440 (Amanzi),WeedPressure|Flood
7441,Field SE-07441 (Amanzi),Pest
7442,Field NW-07442 (Hawassa),(no issues listed)
7443,Field NW-07443 (Hawassa),FungalDisease|FrostDamage
7444,Field NW-07444 (Akatsi),NutrientDeficiency|HeatStress
7445,Field SW-07445 (Kilimani),NutrientDeficiency|HeatStress
7446,Field SE-07446 (Sokoto),Drought
7447,Field NE-07447 (Kilimani),FungalDisease
7448,Field NW-07448 (Amanzi),HeatStress|WeedPressure
7449,Field NW-07449 (Hawassa),FrostDamage|HeatStress
7450,Field NE-07450 (Hawassa),(no issues listed)
7451,Field C-07451 (Akatsi),HeatStress
7452,Field SE-07452 (Hawassa),WeedPressure|Drought
7453,Field NE-07453 (Hawassa),(no issues listed)
7454,Field NW-07454 (Kilimani),WeedPressure|Salinity
7455,Field NW-07455 (Hawassa),Pest|Salinity|Drought
7456,Field NE-07456 (Akatsi),HeatStress
7457,Field SW-07457 (Sokoto),WeedPressure|FungalDisease|Pest
7458,Field NE-07458 (Akatsi),NutrientDeficiency|HeatStress|WeedPressure
7459,Field NW-07459 (Hawassa),NutrientDeficiency
7460,Field NW-07460 (Akatsi),(no issues listed)
7461,Field SE-07461 (Hawassa),Pest|SoilErosion|Flood
7462,Field NE-07462 (Sokoto),SoilErosion|HeatStress
7463,Field SW-07463 (Amanzi),HeatStress|Flood|WeedPressure
7464,Field SW-07464 (Kilimani),Pest|HeatStress|FrostDamage
7465,Field NW-07465 (Akatsi),(no issues listed)
7466,Field NW-07466 (Kilimani),Flood
7467,Field SW-07467 (Sokoto),FungalDisease
7468,Field C-07468 (Amanzi),Flood|Pest|Drought
7469,Field SE-07469 (Sokoto),FungalDisease|NutrientDeficiency
7470,Field NE-07470 (Amanzi),NutrientDeficiency|HeatStress
7471,Field C-07471 (Kilimani),Salinity
7472,Field SW-07472 (Hawassa),Flood|Drought
7473,Field SE-07473 (Akatsi),Flood
7474,Field NE-07474 (Amanzi),WeedPressure|Pest|Drought
7475,Field NW-07475 (Hawassa),Drought|WeedPressure
7476,Field SE-07476 (Hawassa),FungalDisease
7477,Field NE-07477 (Hawassa),Drought
7478,Field NE-07478 (Hawassa),HeatStress|Drought
7479,Field C-07479 (Amanzi),(no issues listed)
7480,Field NE-07480 (Akatsi),Drought
7481,Field NW-07481 (Kilimani),Drought
7482,Field SE-07482 (Amanzi),Salinity
7483,Field SE-07483 (Kilimani),(no issues listed)
7484,Field SE-07484 (Kilimani),SoilErosion
7485,Field NW-07485 (Sokoto),Flood|FungalDisease|Pest
7486,Field NE-07486 (Amanzi),Pest
7487,Field SE-07487 (Sokoto),NutrientDeficiency|SoilErosion|Drought
7488,Field SW-07488 (Kilimani),NutrientDeficiency|Pest
7489,Field NE-07489 (Sokoto),NutrientDeficiency|Pest|HeatStress
7490,Field C-07490 (Kilimani),(no issues listed)
7491,Field NE-07491 (Kilimani),Pest
7492,Field NE-07492 (Amanzi),NutrientDeficiency|Drought
7493,Field NE-07493 (Akatsi),Flood|Pest|SoilErosion
7494,Field C-07494 (Hawassa),FungalDisease|Drought|NutrientDeficiency
7495,Field C-07495 (Hawassa),SoilErosion
7496,Field NW-07496 (Sokoto),FungalDisease|SoilErosion
7497,Field NW-07497 (Kilimani),WeedPressure
7498,Field C-07498 (Kilimani),Pest|Flood|Salinity
7499,Field SE-07499 (Hawassa),Pest|FungalDisease
7500,Field NE-07500 (Sokoto),Salinity|Drought
7501,Field NE-07501 (Kilimani),Drought|NutrientDeficiency
7502,Field NW-07502 (Hawassa),SoilErosion
7503,Field SE-07503 (Akatsi),FrostDamage|Pest
7504,Field NW-07504 (Hawassa),WeedPressure|SoilErosion|HeatStress
7505,Field SW-07505 (Akatsi),FrostDamage|HeatStress
7506,Field C-07506 (Sokoto),Salinity|HeatStress|NutrientDeficiency
7507,Field C-07507 (Amanzi),Pest|WeedPressure|FrostDamage
7508,Field NW-07508 (Akatsi),HeatStress|Pest|FrostDamage
7509,Field C-07509 (Sokoto),(no issues listed)
7510,Field NW-07510 (Kilimani),Drought
7511,Field SE-07511 (Amanzi),FrostDamage|SoilErosion|Drought
7512,Field NE-07512 (Akatsi),Pest
7513,Field NE-07513 (Akatsi),WeedPressure|Salinity
7514,Field SE-07514 (Kilimani),NutrientDeficiency|Flood
7515,Field C-07515 (Hawassa),(no issues listed)
7516,Field SE-07516 (Hawassa),NutrientDeficiency
7517,Field NE-07517 (Sokoto),Flood|SoilErosion
7518,Field C-07518 (Sokoto),(no issues listed)
7519,Field SE-07519 (Kilimani),(no issues listed)
7520,Field SE-07520 (Sokoto),(no issues listed)
7521,Field SE-07521 (Amanzi),Pest|FungalDisease
7522,Field NE-07522 (Kilimani),Pest
7523,Field C-07523 (Akatsi),(no issues listed)
7524,Field SW-07524 (Hawassa),HeatStress|NutrientDeficiency|FrostDamage
7525,Field SE-07525 (Akatsi),(no issues listed)
7526,Field NW-07526 (Sokoto),SoilErosion|HeatStress
7527,Field C-07527 (Akatsi),NutrientDeficiency|FrostDamage
7528,Field NW-07528 (Sokoto),Drought|SoilErosion|Pest
7529,Field NE-07529 (Sokoto),(no issues listed)
7530,Field NE-07530 (Akatsi),Drought
7531,Field SE-07531 (Sokoto),FungalDisease|Drought|NutrientDeficiency
7532,Field C-07532 (Hawassa),Drought|FungalDisease|Pest
7533,Field NE-07533 (Akatsi),Flood|WeedPressure|NutrientDeficiency
7534,Field SE-07534 (Amanzi),HeatStress|NutrientDeficiency
7535,Field SE-07535 (Sokoto),HeatStress|NutrientDeficiency|Salinity
7536,Field C-07536 (Kilimani),WeedPressure|SoilErosion|Drought
7537,Field NW-07537 (Amanzi),(no issues listed)
7538,Field SE-07538 (Akatsi),WeedPressure
7539,Field C-07539 (Sokoto),WeedPressure
7540,Field C-07540 (Sokoto),HeatStress
7541,Field SE-07541 (Akatsi),FungalDisease|Drought|FrostDamage
7542,Field NE-07542 (Sokoto),Pest|SoilErosion|FungalDisease
7543,Field SE-07543 (Amanzi),FungalDisease|WeedPressure
7544,Field SW-07544 (Kilimani),Drought|WeedPressure
7545,Field NW-07545 (Amanzi),NutrientDeficiency|HeatStress|SoilErosion
7546,Field SW-07546 (Akatsi),HeatStress|NutrientDeficiency
7547,Field NW-07547 (Hawassa),NutrientDeficiency
7548,Field NW-07548 (Hawassa),WeedPressure
7549,Field SE-07549 (Amanzi),Drought|HeatStress|SoilErosion
7550,Field C-07550 (Kilimani),HeatStress|Flood|WeedPressure
7551,Field C-07551 (Amanzi),(no issues listed)
7552,Field SE-07552 (Hawassa),WeedPressure|Pest
7553,Field SE-07553 (Hawassa),FrostDamage
7554,Field SE-07554 (Sokoto),FungalDisease
7555,Field SE-07555 (Hawassa),FungalDisease|WeedPressure|NutrientDeficiency
7556,Field NW-07556 (Akatsi),(no issues listed)
7557,Field NE-07557 (Hawassa),WeedPressure|Drought
7558,Field C-07558 (Amanzi),Flood|NutrientDeficiency
7559,Field NW-07559 (Hawassa),NutrientDeficiency|Pest
7560,Field NW-07560 (Akatsi),Flood
7561,Field C-07561 (Amanzi),Pest
7562,Field NW-07562 (Hawassa),Pest|SoilErosion|Drought
7563,Field SW-07563 (Kilimani),Pest|Drought
7564,Field SW-07564 (Kilimani),WeedPressure|Drought|Salinity
7565,Field SE-07565 (Kilimani),(no issues listed)
7566,Field NE-07566 (Hawassa),(no issues listed)
7567,Field SE-07567 (Hawassa),HeatStress
7568,Field C-07568 (Sokoto),FungalDisease|FrostDamage|Flood
7569,Field NW-07569 (Amanzi),FungalDisease|Drought
7570,Field NE-07570 (Amanzi),(no issues listed)
7571,Field NE-07571 (Amanzi),(no issues listed)
7572,Field SW-07572 (Kilimani),FungalDisease|SoilErosion
7573,Field C-07573 (Kilimani),Pest
7574,Field NW-07574 (Amanzi),Drought
7575,Field C-07575 (Amanzi),WeedPressure|Salinity
7576,Field C-07576 (Amanzi),(no issues listed)
7577,Field SW-07577 (Hawassa),SoilErosion|Pest|Salinity
7578,Field C-07578 (Sokoto),FungalDisease|SoilErosion
7579,Field C-07579 (Sokoto),FungalDisease
7580,Field NE-07580 (Kilimani),(no issues listed)
7581,Field NW-07581 (Sokoto),WeedPressure|FungalDisease|Pest
7582,Field NE-07582 (Akatsi),Pest
7583,Field NW-07583 (Akatsi),Flood|Drought|FungalDisease
7584,Field NE-07584 (Hawassa),WeedPressure|Drought
7585,Field C-07585 (Akatsi),HeatStress
7586,Field NW-07586 (Sokoto),FungalDisease|FrostDamage|Pest
7587,Field SE-07587 (Amanzi),HeatStress|Pest
7588,Field C-07588 (Kilimani),FungalDisease
7589,Field C-07589 (Kilimani),FungalDisease|Drought
7590,Field SW-07590 (Hawassa),WeedPressure|Pest|FungalDisease
7591,Field NE-07591 (Akatsi),WeedPressure|Drought
7592,Field NE-07592 (Hawassa),WeedPressure|Pest
7593,Field SE-07593 (Akatsi),SoilErosion|FrostDamage|Salinity
7594,Field NE-07594 (Sokoto),Pest|NutrientDeficiency|WeedPressure
7595,Field NW-07595 (Amanzi),Flood|Salinity|SoilErosion
7596,Field SW-07596 (Akatsi),NutrientDeficiency
7597,Field SE-07597 (Sokoto),Flood
7598,Field NE-07598 (Hawassa),Drought|WeedPressure
7599,Field SW-07599 (Amanzi),FungalDisease|Flood|HeatStress
7600,Field SW-07600 (Hawassa),Pest
7601,Field C-07601 (Amanzi),(no issues listed)
7602,Field NE-07602 (Amanzi),Flood|WeedPressure
7603,Field C-07603 (Akatsi),Flood|WeedPressure
7604,Field SW-07604 (Kilimani),(no issues listed)
7605,Field SW-07605 (Sokoto),NutrientDeficiency|HeatStress
7606,Field NE-07606 (Akatsi),SoilErosion
7607,Field C-07607 (Sokoto),WeedPressure|SoilErosion|FungalDisease
7608,Field SW-07608 (Sokoto),HeatStress|WeedPressure
7609,Field SE-07609 (Hawassa),Flood
7610,Field SE-07610 (Akatsi),HeatStress|Pest
7611,Field NE-07611 (Kilimani),Salinity|Pest
7612,Field NE-07612 (Akatsi),Flood|Pest|Salinity
7613,Field C-07613 (Kilimani),Drought|Pest
7614,Field NE-07614 (Hawassa),WeedPressure|Flood|Pest
7615,Field C-07615 (Kilimani),WeedPressure|FungalDisease|FrostDamage
7616,Field NW-07616 (Kilimani),Drought
7617,Field C-07617 (Amanzi),HeatStress|WeedPressure
7618,Field SW-07618 (Kilimani),HeatStress|Pest
7619,Field C-07619 (Kilimani),FrostDamage|Drought|HeatStress
7620,Field C-07620 (Hawassa),Pest|Drought|SoilErosion
7621,Field SW-07621 (Kilimani),(no issues listed)
7622,Field C-07622 (Hawassa),Pest|WeedPressure|Drought
7623,Field C-07623 (Amanzi),Pest|SoilErosion
7624,Field NE-07624 (Amanzi),(no issues listed)
7625,Field NW-07625 (Hawassa),(no issues listed)
7626,Field NE-07626 (Kilimani),(no issues listed)
7627,Field SE-07627 (Hawassa),(no issues listed)
7628,Field SW-07628 (Amanzi),(no issues listed)
7629,Field SW-07629 (Hawassa),(no issues listed)
7630,Field SE-07630 (Hawassa),FungalDisease
7631,Field SW-07631 (Sokoto),HeatStress|Drought
7632,Field C-07632 (Amanzi),(no issues listed)
7633,Field SW-07633 (Akatsi),Pest|HeatStress|SoilErosion
7634,Field C-07634 (Amanzi),NutrientDeficiency|SoilErosion
7635,Field NW-07635 (Hawassa),Drought
7636,Field SE-07636 (Akatsi),(no issues listed)
7637,Field C-07637 (Amanzi),Salinity
7638,Field NW-07638 (Akatsi),Flood
7639,Field SE-07639 (Akatsi),FrostDamage|Pest|NutrientDeficiency
7640,Field SW-07640 (Sokoto),Pest|SoilErosion
7641,Field NE-07641 (Amanzi),Flood
7642,Field NW-07642 (Akatsi),(no issues listed)
7643,Field SW-07643 (Kilimani),HeatStress|SoilErosion|Drought
7644,Field NW-07644 (Kilimani),Drought|WeedPressure
7645,Field SW-07645 (Hawassa),Drought
7646,Field NE-07646 (Kilimani),WeedPressure|HeatStress
7647,Field NW-07647 (Amanzi),HeatStress|FungalDisease
7648,Field C-07648 (Kilimani),(no issues listed)
7649,Field C-07649 (Hawassa),FungalDisease|WeedPressure
7650,Field NW-07650 (Hawassa),Drought|FrostDamage
7651,Field NE-07651 (Hawassa),SoilErosion|FungalDisease|NutrientDeficiency
7652,Field SW-07652 (Akatsi),NutrientDeficiency|Pest|FungalDisease
7653,Field NW-07653 (Sokoto),Drought|Pest
7654,Field SW-07654 (Amanzi),HeatStress|SoilErosion|WeedPressure
7655,Field NW-07655 (Kilimani),Drought
7656,Field C-07656 (Kilimani),NutrientDeficiency
7657,Field NW-07657 (Akatsi),Drought
7658,Field NE-07658 (Kilimani),(no issues listed)
7659,Field NW-07659 (Kilimani),Drought|Flood|Salinity
7660,Field NE-07660 (Sokoto),SoilErosion
7661,Field NE-07661 (Sokoto),HeatStress|Drought|FrostDamage
7662,Field NE-07662 (Amanzi),FrostDamage
7663,Field SW-07663 (Sokoto),Drought|Pest|NutrientDeficiency
7664,Field SE-07664 (Amanzi),Drought
7665,Field SE-07665 (Kilimani),FrostDamage|Pest|NutrientDeficiency
7666,Field NW-07666 (Akatsi),(no issues listed)
7667,Field NW-07667 (Hawassa),NutrientDeficiency|FungalDisease
7668,Field SW-07668 (Amanzi),SoilErosion
7669,Field SW-07669 (Kilimani),NutrientDeficiency|Flood
7670,Field NE-07670 (Sokoto),Drought|Pest|Flood
7671,Field NE-07671 (Sokoto),(no issues listed)
7672,Field NW-07672 (Hawassa),WeedPressure|Flood|SoilErosion
7673,Field C-07673 (Kilimani),Salinity|Drought
7674,Field SW-07674 (Akatsi),NutrientDeficiency
7675,Field C-07675 (Kilimani),Pest|SoilErosion|WeedPressure
7676,Field SW-07676 (Sokoto),NutrientDeficiency|FrostDamage
7677,Field SE-07677 (Sokoto),Flood|NutrientDeficiency|FungalDisease
7678,Field NW-07678 (Sokoto),FungalDisease|WeedPressure|Drought
7679,Field C-07679 (Amanzi),Drought|FungalDisease
7680,Field NE-07680 (Kilimani),WeedPressure|NutrientDeficiency
7681,Field SW-07681 (Kilimani),Pest|Flood|SoilErosion
7682,Field C-07682 (Hawassa),FrostDamage
7683,Field SE-07683 (Amanzi),NutrientDeficiency|WeedPressure|HeatStress
7684,Field C-07684 (Akatsi),FungalDisease|SoilErosion|NutrientDeficiency
7685,Field C-07685 (Kilimani),WeedPressure
7686,Field NW-07686 (Sokoto),Pest
7687,Field C-07687 (Sokoto),Flood|WeedPressure|Pest
7688,Field SW-07688 (Sokoto),Flood|Salinity|Pest
7689,Field C-07689 (Sokoto),WeedPressure|Drought|HeatStress
7690,Field SE-07690 (Kilimani),WeedPressure|Pest|NutrientDeficiency
7691,Field NW-07691 (Kilimani),WeedPressure|Flood|NutrientDeficiency
7692,Field SE-07692 (Amanzi),Salinity
7693,Field C-07693 (Akatsi),Pest
7694,Field C-07694 (Hawassa),HeatStress|NutrientDeficiency
7695,Field SE-07695 (Hawassa),(no issues listed)
7696,Field SE-07696 (Kilimani),NutrientDeficiency|Drought|WeedPressure
7697,Field SE-07697 (Akatsi),Pest
7698,Field NW-07698 (Hawassa),Flood|FungalDisease
7699,Field NE-07699 (Hawassa),SoilErosion|WeedPressure
7700,Field SW-07700 (Kilimani),SoilErosion|Flood
7701,Field SW-07701 (Kilimani),Salinity|FungalDisease|Flood
7702,Field SE-07702 (Kilimani),SoilErosion|Flood
7703,Field SW-07703 (Sokoto),Salinity|Drought
7704,Field SW-07704 (Amanzi),Flood
7705,Field SW-07705 (Amanzi),(no issues listed)
7706,Field SE-07706 (Hawassa),(no issues listed)
7707,Field NW-07707 (Amanzi),Drought|NutrientDeficiency
7708,Field SW-07708 (Akatsi),NutrientDeficiency|FungalDisease
7709,Field NW-07709 (Hawassa),WeedPressure|SoilErosion|Flood
7710,Field C-07710 (Sokoto),WeedPressure|Drought|FungalDisease
7711,Field NE-07711 (Kilimani),Pest
7712,Field NE-07712 (Amanzi),Flood
7713,Field SE-07713 (Sokoto),NutrientDeficiency|Drought
7714,Field NE-07714 (Hawassa),(no issues listed)
7715,Field C-07715 (Sokoto),Flood|SoilErosion
7716,Field SE-07716 (Amanzi),(no issues listed)
7717,Field NE-07717 (Sokoto),Pest
7718,Field NW-07718 (Akatsi),WeedPressure|Drought|SoilErosion
7719,Field C-07719 (Hawassa),WeedPressure
7720,Field NE-07720 (Hawassa),Pest|SoilErosion|NutrientDeficiency
7721,Field C-07721 (Hawassa),Drought|NutrientDeficiency
7722,Field SE-07722 (Hawassa),Drought|FungalDisease
7723,Field SW-07723 (Hawassa),WeedPressure
7724,Field SE-07724 (Sokoto),Flood|Pest|NutrientDeficiency
7725,Field SE-07725 (Hawassa),Pest|Flood|WeedPressure
7726,Field C-07726 (Sokoto),FungalDisease|WeedPressure
7727,Field SW-07727 (Amanzi),Pest|Drought|FungalDisease
7728,Field C-07728 (Amanzi),WeedPressure
7729,Field C-07729 (Kilimani),Salinity|Drought
7730,Field SE-07730 (Kilimani),Drought
7731,Field C-07731 (Akatsi),Pest|HeatStress
7732,Field C-07732 (Sokoto),FungalDisease|HeatStress
7733,Field C-07733 (Hawassa),Pest
7734,Field NW-07734 (Hawassa),FungalDisease|Drought|Flood
7735,Field NW-07735 (Sokoto),NutrientDeficiency|HeatStress|SoilErosion
7736,Field NW-07736 (Hawassa),(no issues listed)
7737,Field SE-07737 (Amanzi),WeedPressure|HeatStress
7738,Field SE-07738 (Akatsi),Flood|Drought|FrostDamage
7739,Field SE-07739 (Kilimani),Pest|FungalDisease
7740,Field SW-07740 (Amanzi),FungalDisease|Salinity|Pest
7741,Field C-07741 (Kilimani),FrostDamage|Drought
7742,Field NE-07742 (Akatsi),FungalDisease|Pest|WeedPressure
7743,Field SE-07743 (Hawassa),NutrientDeficiency|Drought
7744,Field NW-07744 (Amanzi),WeedPressure
7745,Field NW-07745 (Amanzi),WeedPressure|FungalDisease|Pest
7746,Field C-07746 (Sokoto),(no issues listed)
7747,Field NE-07747 (Amanzi),HeatStress
7748,Field C-07748 (Amanzi),(no issues listed)
7749,Field SE-07749 (Akatsi),(no issues listed)
7750,Field C-07750 (Kilimani),HeatStress|NutrientDeficiency
7751,Field NE-07751 (Hawassa),Flood|FungalDisease|FrostDamage
7752,Field SE-07752 (Amanzi),NutrientDeficiency|WeedPressure|HeatStress
7753,Field C-07753 (Akatsi),SoilErosion|Pest
7754,Field SE-07754 (Hawassa),FungalDisease|Salinity|SoilErosion
7755,Field C-07755 (Kilimani),SoilErosion
7756,Field SE-07756 (Akatsi),WeedPressure|Pest
7757,Field NE-07757 (Sokoto),FrostDamage|Drought|FungalDisease
7758,Field SW-07758 (Sokoto),HeatStress
7759,Field SE-07759 (Sokoto),HeatStress|SoilErosion
7760,Field NW-07760 (Amanzi),HeatStress|Flood
7761,Field SW-07761 (Kilimani),FungalDisease|HeatStress|WeedPressure
7762,Field NW-07762 (Akatsi),HeatStress|NutrientDeficiency|WeedPressure
7763,Field SE-07763 (Kilimani),FrostDamage|WeedPressure|FungalDisease
7764,Field C-07764 (Amanzi),HeatStress|Pest
7765,Field SE-07765 (Hawassa),Flood
7766,Field NE-07766 (Hawassa),Pest|Drought|FungalDisease
7767,Field SE-07767 (Kilimani),FrostDamage
7768,Field SE-07768 (Akatsi),WeedPressure|Flood
7769,Field NW-07769 (Kilimani),HeatStress
7770,Field SE-07770 (Sokoto),Drought|Pest
7771,Field NE-07771 (Sokoto),(no issues listed)
7772,Field NE-07772 (Akatsi),Pest|WeedPressure|NutrientDeficiency
7773,Field SE-07773 (Akatsi),FrostDamage|HeatStress
7774,Field NE-07774 (Akatsi),Salinity|Drought
7775,Field SW-07775 (Akatsi),NutrientDeficiency|WeedPressure
7776,Field NE-07776 (Akatsi),WeedPressure|Salinity|SoilErosion
7777,Field SW-07777 (Sokoto),Pest|Salinity
7778,Field C-07778 (Hawassa),Pest|Drought
7779,Field NE-07779 (Hawassa),Drought|Pest
7780,Field NE-07780 (Amanzi),NutrientDeficiency
7781,Field SE-07781 (Hawassa),FungalDisease
7782,Field NW-07782 (Hawassa),(no issues listed)
7783,Field SW-07783 (Hawassa),WeedPressure|Pest
7784,Field SE-07784 (Sokoto),(no issues listed)
7785,Field NE-07785 (Kilimani),Drought|SoilErosion
7786,Field SE-07786 (Hawassa),HeatStress|Pest
7787,Field NW-07787 (Hawassa),WeedPressure|Salinity|Pest
7788,Field SE-07788 (Kilimani),SoilErosion|Flood|FungalDisease
7789,Field SE-07789 (Akatsi),HeatStress|NutrientDeficiency
7790,Field NW-07790 (Akatsi),SoilErosion|Drought
7791,Field C-07791 (Amanzi),FungalDisease
7792,Field NW-07792 (Akatsi),WeedPressure|Drought|NutrientDeficiency
7793,Field NW-07793 (Amanzi),NutrientDeficiency|FungalDisease
7794,Field NE-07794 (Hawassa),Pest|NutrientDeficiency
7795,Field SE-07795 (Akatsi),Drought|NutrientDeficiency|Pest
7796,Field NW-07796 (Amanzi),FungalDisease|Drought
7797,Field C-07797 (Akatsi),(no issues listed)
7798,Field NE-07798 (Kilimani),(no issues listed)
7799,Field C-07799 (Hawassa),HeatStress|WeedPressure|Flood
7800,Field SW-07800 (Hawassa),HeatStress
7801,Field C-07801 (Sokoto),(no issues listed)
7802,Field SW-07802 (Kilimani),Pest
7803,Field NE-07803 (Hawassa),Pest
7804,Field NW-07804 (Amanzi),NutrientDeficiency|Pest
7805,Field NE-07805 (Kilimani),Pest|FungalDisease
7806,Field NE-07806 (Sokoto),Salinity|FungalDisease|NutrientDeficiency
7807,Field C-07807 (Amanzi),Drought|HeatStress|FungalDisease
7808,Field SE-07808 (Kilimani),HeatStress|WeedPressure
7809,Field SE-07809 (Kilimani),FrostDamage|WeedPressure
7810,Field SW-07810 (Hawassa),Pest|Salinity
7811,Field NW-07811 (Akatsi),HeatStress|NutrientDeficiency|Pest
7812,Field NW-07812 (Akatsi),NutrientDeficiency
7813,Field NW-07813 (Akatsi),FungalDisease|FrostDamage|SoilErosion
7814,Field NW-07814 (Sokoto),FungalDisease|SoilErosion|FrostDamage
7815,Field NE-07815 (Hawassa),Drought|Pest|NutrientDeficiency
7816,Field SW-07816 (Sokoto),SoilErosion|FungalDisease|HeatStress
7817,Field C-07817 (Sokoto),Pest|NutrientDeficiency
7818,Field C-07818 (Sokoto),Pest
7819,Field SW-07819 (Sokoto),WeedPressure|NutrientDeficiency
7820,Field SE-07820 (Akatsi),(no issues listed)
7821,Field NW-07821 (Kilimani),Drought|SoilErosion|WeedPressure
7822,Field C-07822 (Sokoto),NutrientDeficiency
7823,Field C-07823 (Kilimani),Drought|Pest
7824,Field C-07824 (Akatsi),NutrientDeficiency|SoilErosion
7825,Field SW-07825 (Hawassa),WeedPressure
7826,Field NE-07826 (Kilimani),(no issues listed)
7827,Field NE-07827 (Akatsi),Pest
7828,Field SE-07828 (Kilimani),Pest|Salinity
7829,Field C-07829 (Amanzi),NutrientDeficiency|Salinity|HeatStress
7830,Field NW-07830 (Akatsi),(no issues listed)
7831,Field C-07831 (Sokoto),Pest
7832,Field C-07832 (Hawassa),HeatStress|SoilErosion
7833,Field NE-07833 (Hawassa),FungalDisease|HeatStress
7834,Field SW-07834 (Hawassa),Flood|WeedPressure
7835,Field SW-07835 (Kilimani),FungalDisease|NutrientDeficiency
7836,Field NW-07836 (Akatsi),(no issues listed)
7837,Field NW-07837 (Akatsi),Pest|Salinity|FrostDamage
7838,Field SE-07838 (Kilimani),Drought|HeatStress|WeedPressure
7839,Field C-07839 (Hawassa),WeedPressure
7840,Field SW-07840 (Sokoto),Pest
7841,Field NE-07841 (Sokoto),HeatStress
7842,Field NE-07842 (Sokoto),HeatStress|WeedPressure
7843,Field SE-07843 (Kilimani),Flood|FungalDisease
7844,Field NE-07844 (Hawassa),Drought|NutrientDeficiency
7845,Field SW-07845 (Akatsi),Drought|WeedPressure|Flood
7846,Field SE-07846 (Sokoto),NutrientDeficiency|SoilErosion|HeatStress
7847,Field SE-07847 (Hawassa),NutrientDeficiency|Flood|FungalDisease
7848,Field C-07848 (Hawassa),(no issues listed)
7849,Field NW-07849 (Akatsi),Flood|FrostDamage|SoilErosion
7850,Field C-07850 (Amanzi),Flood|NutrientDeficiency|Drought
7851,Field NW-07851 (Hawassa),WeedPressure|SoilErosion
7852,Field C-07852 (Amanzi),Flood|Drought|Pest
7853,Field C-07853 (Hawassa),Flood
7854,Field SW-07854 (Amanzi),Pest
7855,Field C-07855 (Hawassa),HeatStress
7856,Field NW-07856 (Hawassa),HeatStress|NutrientDeficiency|FrostDamage
7857,Field SW-07857 (Kilimani),WeedPressure
7858,Field NW-07858 (Akatsi),Drought|WeedPressure|HeatStress
7859,Field NW-07859 (Amanzi),Pest|NutrientDeficiency|HeatStress
7860,Field NW-07860 (Akatsi),Drought|SoilErosion|FungalDisease
7861,Field SW-07861 (Kilimani),(no issues listed)
7862,Field SW-07862 (Amanzi),HeatStress
7863,Field SW-07863 (Akatsi),(no issues listed)
7864,Field SW-07864 (Amanzi),Pest|Flood|NutrientDeficiency
7865,Field NW-07865 (Kilimani),(no issues listed)
7866,Field NW-07866 (Kilimani),Flood|HeatStress|Pest
7867,Field NE-07867 (Akatsi),Salinity
7868,Field C-07868 (Amanzi),Salinity
7869,Field NW-07869 (Akatsi),Drought|FungalDisease|SoilErosion
7870,Field C-07870 (Akatsi),HeatStress
7871,Field C-07871 (Akatsi),FrostDamage
7872,Field NW-07872 (Amanzi),Salinity|Pest
7873,Field NW-07873 (Amanzi),HeatStress
7874,Field C-07874 (Sokoto),Pest|FungalDisease
7875,Field SW-07875 (Amanzi),Pest|WeedPressure|Drought
7876,Field NW-07876 (Kilimani),HeatStress|WeedPressure|NutrientDeficiency
7877,Field SE-07877 (Kilimani),Pest|WeedPressure|Salinity
7878,Field NE-07878 (Amanzi),FungalDisease|NutrientDeficiency
7879,Field C-07879 (Kilimani),Flood|Drought
7880,Field NW-07880 (Amanzi),(no issues listed)
7881,Field C-07881 (Akatsi),Flood|WeedPressure|SoilErosion
7882,Field SW-07882 (Amanzi),Pest|Flood
7883,Field NW-07883 (Amanzi),WeedPressure|NutrientDeficiency
7884,Field SE-07884 (Hawassa),FrostDamage
7885,Field C-07885 (Akatsi),NutrientDeficiency|Drought|Salinity
7886,Field SE-07886 (Kilimani),(no issues listed)
7887,Field SW-07887 (Akatsi),Pest
7888,Field NE-07888 (Kilimani),NutrientDeficiency|SoilErosion
7889,Field SE-07889 (Sokoto),Drought
7890,Field SW-07890 (Amanzi),NutrientDeficiency
7891,Field C-07891 (Akatsi),HeatStress|FungalDisease|Drought
7892,Field C-07892 (Hawassa),Drought|Flood
7893,Field C-07893 (Akatsi),Pest|NutrientDeficiency
7894,Field SW-07894 (Kilimani),NutrientDeficiency
7895,Field C-07895 (Kilimani),SoilErosion|Pest
7896,Field SE-07896 (Akatsi),Pest|Drought
7897,Field SE-07897 (Kilimani),Pest|Flood
7898,Field SE-07898 (Hawassa),Flood|Pest|SoilErosion
7899,Field C-07899 (Kilimani),Salinity|Pest
7900,Field SW-07900 (Amanzi),WeedPressure
7901,Field C-07901 (Amanzi),SoilErosion|Drought|Flood
7902,Field NW-07902 (Hawassa),NutrientDeficiency|HeatStress|FrostDamage
7903,Field NE-07903 (Akatsi),(no issues listed)
7904,Field C-07904 (Kilimani),WeedPressure|Drought
7905,Field SE-07905 (Hawassa),(no issues listed)
7906,Field NW-07906 (Kilimani),WeedPressure|SoilErosion|NutrientDeficiency
7907,Field NW-07907 (Akatsi),(no issues listed)
7908,Field SW-07908 (Kilimani),FrostDamage
7909,Field SE-07909 (Amanzi),NutrientDeficiency
7910,Field SW-07910 (Amanzi),(no issues listed)
7911,Field NE-07911 (Hawassa),HeatStress|FungalDisease|NutrientDeficiency
7912,Field SE-07912 (Amanzi),WeedPressure
7913,Field NE-07913 (Hawassa),Flood
7914,Field SW-07914 (Sokoto),HeatStress|Pest|WeedPressure
7915,Field NW-07915 (Hawassa),WeedPressure|FungalDisease|NutrientDeficiency
7916,Field SE-07916 (Sokoto),(no issues listed)
7917,Field SW-07917 (Akatsi),WeedPressure
7918,Field NE-07918 (Amanzi),SoilErosion|FungalDisease|Drought
7919,Field SE-07919 (Amanzi),Drought
7920,Field SE-07920 (Amanzi),FungalDisease|WeedPressure|HeatStress
7921,Field SW-07921 (Akatsi),HeatStress|Drought
7922,Field C-07922 (Amanzi),NutrientDeficiency|SoilErosion
7923,Field NW-07923 (Hawassa),Flood|Drought|HeatStress
7924,Field SW-07924 (Amanzi),(no issues listed)
7925,Field NW-07925 (Kilimani),FrostDamage
7926,Field NW-07926 (Amanzi),FungalDisease
7927,Field SW-07927 (Amanzi),NutrientDeficiency|SoilErosion
7928,Field NW-07928 (Sokoto),FungalDisease|NutrientDeficiency
7929,Field C-07929 (Akatsi),Drought|Pest
7930,Field NE-07930 (Akatsi),FungalDisease|Pest|Salinity
7931,Field NW-07931 (Kilimani),(no issues listed)
7932,Field SW-07932 (Akatsi),Salinity|Pest|HeatStress
7933,Field NE-07933 (Akatsi),Drought|Pest|FrostDamage
7934,Field NW-07934 (Sokoto),Pest|WeedPressure|NutrientDeficiency
7935,Field NE-07935 (Akatsi),Drought|FungalDisease|SoilErosion
7936,Field C-07936 (Sokoto),Salinity
7937,Field C-07937 (Akatsi),(no issues listed)
7938,Field NW-07938 (Kilimani),Drought
7939,Field C-07939 (Akatsi),Drought|Pest|Flood
7940,Field NW-07940 (Kilimani),Flood|Salinity|SoilErosion
7941,Field SE-07941 (Sokoto),FrostDamage|WeedPressure
7942,Field SW-07942 (Kilimani),Salinity|Drought
7943,Field NW-07943 (Kilimani),(no issues listed)
7944,Field NE-07944 (Kilimani),HeatStress
7945,Field C-07945 (Akatsi),Drought|Pest
7946,Field SE-07946 (Sokoto),Pest|NutrientDeficiency|FrostDamage
7947,Field NW-07947 (Hawassa),Pest|NutrientDeficiency|SoilErosion
7948,Field C-07948 (Sokoto),Drought|Pest
7949,Field SE-07949 (Akatsi),Drought|WeedPressure
7950,Field SW-07950 (Kilimani),HeatStress
7951,Field NE-07951 (Amanzi),SoilErosion|Salinity
7952,Field NE-07952 (Hawassa),SoilErosion|Drought
7953,Field SE-07953 (Hawassa),Salinity|Drought
7954,Field NE-07954 (Akatsi),HeatStress
7955,Field SW-07955 (Hawassa),NutrientDeficiency|Pest
7956,Field NE-07956 (Hawassa),Pest
7957,Field SW-07957 (Amanzi),NutrientDeficiency|Pest
7958,Field NE-07958 (Hawassa),FrostDamage|HeatStress|Pest
7959,Field C-07959 (Amanzi),NutrientDeficiency
7960,Field NW-07960 (Amanzi),Flood|FungalDisease
7961,Field NE-07961 (Sokoto),(no issues listed)
7962,Field C-07962 (Akatsi),HeatStress|Drought|FungalDisease
7963,Field SW-07963 (Sokoto),(no issues listed)
7964,Field C-07964 (Sokoto),WeedPressure
7965,Field C-07965 (Amanzi),SoilErosion|WeedPressure
7966,Field SW-07966 (Hawassa),FungalDisease
7967,Field SE-07967 (Hawassa),SoilErosion
7968,Field C-07968 (Akatsi),FrostDamage|SoilErosion|Pest
7969,Field NW-07969 (Kilimani),Salinity
7970,Field SE-07970 (Sokoto),FungalDisease
7971,Field SE-07971 (Kilimani),WeedPressure
7972,Field C-07972 (Hawassa),(no issues listed)
7973,Field SW-07973 (Kilimani),HeatStress|Drought
7974,Field C-07974 (Amanzi),HeatStress|SoilErosion|FrostDamage
7975,Field C-07975 (Amanzi),HeatStress
7976,Field SE-07976 (Hawassa),HeatStress|FungalDisease|NutrientDeficiency
7977,Field SE-07977 (Kilimani),NutrientDeficiency
7978,Field NE-07978 (Akatsi),WeedPressure|NutrientDeficiency
7979,Field C-07979 (Akatsi),HeatStress|Drought|FungalDisease
7980,Field NE-07980 (Akatsi),HeatStress|SoilErosion
7981,Field NE-07981 (Hawassa),NutrientDeficiency|Flood|FungalDisease
7982,Field NW-07982 (Akatsi),(no issues listed)
7983,Field NE-07983 (Kilimani),Drought|WeedPressure|FrostDamage
7984,Field SE-07984 (Kilimani),(no issues listed)
7985,Field SE-07985 (Amanzi),Pest|SoilErosion
7986,Field C-07986 (Kilimani),Drought
7987,Field SE-07987 (Akatsi),WeedPressure|Flood|HeatStress
7988,Field NE-07988 (Hawassa),WeedPressure|FungalDisease
7989,Field SW-07989 (Kilimani),FungalDisease|Pest|Drought
7990,Field C-07990 (Akatsi),Pest|FungalDisease
7991,Field NE-07991 (Sokoto),Pest
7992,Field C-07992 (Kilimani),(no issues listed)
7993,Field SE-07993 (Hawassa),Flood|Pest
7994,Field NW-07994 (Sokoto),(no issues listed)
7995,Field C-07995 (Kilimani),Pest|FungalDisease|SoilErosion
7996,Field NE-07996 (Amanzi),WeedPressure|Drought|Flood
7997,Field NW-07997 (Sokoto),Drought|WeedPressure|FungalDisease
7998,Field C-07998 (Kilimani),NutrientDeficiency
7999,Field NE-07999 (Kilimani),(no issues listed)
8000,Field NW-08000 (Hawassa),NutrientDeficiency|FungalDisease
8001,Field SW-08001 (Akatsi),SoilErosion
8002,Field C-08002 (Akatsi),Drought|SoilErosion
8003,Field NE-08003 (Sokoto),HeatStress
8004,Field SW-08004 (Akatsi),NutrientDeficiency|WeedPressure
8005,Field C-08005 (Amanzi),HeatStress|Pest
8006,Field SE-08006 (Kilimani),FungalDisease
8007,Field NW-08007 (Sokoto),FrostDamage|Pest|WeedPressure
8008,Field C-08008 (Hawassa),Pest|Drought
8009,Field C-08009 (Kilimani),(no issues listed)
8010,Field SW-08010 (Hawassa),(no issues listed)
8011,Field SW-08011 (Amanzi),NutrientDeficiency|Pest|WeedPressure
8012,Field NW-08012 (Sokoto),HeatStress
8013,Field SW-08013 (Akatsi),Pest|WeedPressure|Flood
8014,Field NW-08014 (Amanzi),NutrientDeficiency
8015,Field SW-08015 (Akatsi),NutrientDeficiency
8016,Field SW-08016 (Kilimani),Pest|NutrientDeficiency
8017,Field NE-08017 (Sokoto),Flood|SoilErosion
8018,Field SW-08018 (Kilimani),Drought|SoilErosion
8019,Field NW-08019 (Amanzi),NutrientDeficiency|FungalDisease
8020,Field SW-08020 (Akatsi),(no issues listed)
8021,Field SE-08021 (Amanzi),(no issues listed)
8022,Field SE-08022 (Sokoto),FungalDisease|Flood|NutrientDeficiency
8023,Field SW-08023 (Sokoto),WeedPressure
8024,Field C-08024 (Amanzi),Drought|WeedPressure|SoilErosion
8025,Field SW-08025 (Kilimani),NutrientDeficiency
8026,Field C-08026 (Kilimani),SoilErosion|Pest|NutrientDeficiency
8027,Field SW-08027 (Akatsi),Flood|FungalDisease|Drought
8028,Field SW-08028 (Kilimani),FungalDisease|Flood
8029,Field SW-08029 (Akatsi),Drought|Pest|FungalDisease
8030,Field NW-08030 (Kilimani),WeedPressure
8031,Field SE-08031 (Sokoto),SoilErosion|FungalDisease
8032,Field NW-08032 (Hawassa),Drought|SoilErosion|Flood
8033,Field NW-08033 (Sokoto),NutrientDeficiency
8034,Field SE-08034 (Amanzi),HeatStress|Pest|FungalDisease
8035,Field SW-08035 (Kilimani),FungalDisease
8036,Field NE-08036 (Sokoto),SoilErosion|FrostDamage|WeedPressure
8037,Field NW-08037 (Akatsi),Pest|HeatStress
8038,Field NE-08038 (Hawassa),SoilErosion
8039,Field SW-08039 (Kilimani),WeedPressure|Salinity
8040,Field NW-08040 (Akatsi),FungalDisease|Pest|WeedPressure
8041,Field SW-08041 (Hawassa),HeatStress
8042,Field C-08042 (Hawassa),NutrientDeficiency
8043,Field SE-08043 (Amanzi),FungalDisease|NutrientDeficiency|Pest
8044,Field NE-08044 (Amanzi),WeedPressure|FrostDamage|FungalDisease
8045,Field NE-08045 (Sokoto),(no issues listed)
8046,Field SW-08046 (Amanzi),SoilErosion|Flood
8047,Field NE-08047 (Amanzi),FrostDamage
8048,Field SE-08048 (Sokoto),WeedPressure|Drought|FrostDamage
8049,Field SW-08049 (Sokoto),Pest
8050,Field C-08050 (Akatsi),Pest|WeedPressure
8051,Field SE-08051 (Akatsi),HeatStress|Salinity
8052,Field SE-08052 (Sokoto),Flood|HeatStress|Drought
8053,Field NE-08053 (Akatsi),Flood|Pest|WeedPressure
8054,Field SE-08054 (Hawassa),WeedPressure
8055,Field C-08055 (Amanzi),WeedPressure|Pest
8056,Field SW-08056 (Sokoto),SoilErosion|WeedPressure|Drought
8057,Field C-08057 (Akatsi),SoilErosion|Pest|FungalDisease
8058,Field SW-08058 (Kilimani),HeatStress|NutrientDeficiency
8059,Field NW-08059 (Kilimani),Drought|HeatStress
8060,Field SE-08060 (Amanzi),Pest|Flood
8061,Field C-08061 (Sokoto),Salinity|Pest|FungalDisease
8062,Field SW-08062 (Amanzi),HeatStress|Salinity|Pest
8063,Field SW-08063 (Akatsi),NutrientDeficiency
8064,Field NE-08064 (Hawassa),WeedPressure
8065,Field NW-08065 (Kilimani),WeedPressure|Drought
8066,Field SE-08066 (Kilimani),(no issues listed)
8067,Field C-08067 (Sokoto),HeatStress|Drought
8068,Field SW-08068 (Hawassa),Pest|Flood|HeatStress
8069,Field NE-08069 (Sokoto),HeatStress
8070,Field SW-08070 (Hawassa),NutrientDeficiency|HeatStress|Flood
8071,Field C-08071 (Amanzi),(no issues listed)
8072,Field SW-08072 (Amanzi),NutrientDeficiency|Drought
8073,Field C-08073 (Kilimani),Flood
8074,Field C-08074 (Hawassa),Drought|Pest
8075,Field NE-08075 (Amanzi),FungalDisease|WeedPressure|SoilErosion
8076,Field C-08076 (Hawassa),NutrientDeficiency|Drought
8077,Field SW-08077 (Kilimani),Drought|NutrientDeficiency|SoilErosion
8078,Field NW-08078 (Hawassa),(no issues listed)
8079,Field C-08079 (Sokoto),(no issues listed)
8080,Field C-08080 (Amanzi),Pest
8081,Field SE-08081 (Akatsi),(no issues listed)
8082,Field SE-08082 (Amanzi),Salinity|Drought|NutrientDeficiency
8083,Field C-08083 (Kilimani),NutrientDeficiency|Flood|WeedPressure
8084,Field NW-08084 (Sokoto),WeedPressure
8085,Field SE-08085 (Amanzi),Flood
8086,Field NW-08086 (Hawassa),Pest|NutrientDeficiency|Drought
8087,Field SE-08087 (Kilimani),FrostDamage|Drought
8088,Field NW-08088 (Hawassa),Pest|SoilErosion|Salinity
8089,Field C-08089 (Amanzi),NutrientDeficiency
8090,Field C-08090 (Amanzi),(no issues listed)
8091,Field C-08091 (Hawassa),NutrientDeficiency|Pest
8092,Field NW-08092 (Kilimani),Pest|FungalDisease|Flood
8093,Field NE-08093 (Kilimani),SoilErosion|Drought|FungalDisease
8094,Field SE-08094 (Hawassa),Pest
8095,Field NW-08095 (Hawassa),NutrientDeficiency|FungalDisease|Drought
8096,Field NE-08096 (Kilimani),Pest
8097,Field NW-08097 (Akatsi),Salinity|HeatStress|Drought
8098,Field C-08098 (Amanzi),Pest|Salinity
8099,Field SW-08099 (Amanzi),WeedPressure
8100,Field SE-08100 (Akatsi),(no issues listed)
8101,Field NW-08101 (Akatsi),Salinity|FungalDisease|Pest
8102,Field NE-08102 (Hawassa),Flood
8103,Field NE-08103 (Sokoto),Pest
8104,Field SE-08104 (Akatsi),(no issues listed)
8105,Field C-08105 (Hawassa),(no issues listed)
8106,Field C-08106 (Kilimani),Drought|HeatStress
8107,Field SW-08107 (Kilimani),Pest
8108,Field NW-08108 (Amanzi),Drought
8109,Field SE-08109 (Hawassa),FungalDisease|Drought|NutrientDeficiency
8110,Field C-08110 (Kilimani),NutrientDeficiency|FungalDisease
8111,Field NW-08111 (Hawassa),WeedPressure|SoilErosion|Pest
8112,Field SW-08112 (Akatsi),SoilErosion
8113,Field SE-08113 (Sokoto),NutrientDeficiency|FungalDisease
8114,Field SW-08114 (Akatsi),HeatStress
8115,Field NE-08115 (Akatsi),(no issues listed)
8116,Field NE-08116 (Sokoto),Drought|Pest
8117,Field NW-08117 (Hawassa),Drought|FungalDisease|Pest
8118,Field NE-08118 (Kilimani),(no issues listed)
8119,Field SW-08119 (Hawassa),Flood
8120,Field NW-08120 (Sokoto),Pest|Drought
8121,Field SW-08121 (Kilimani),Drought
8122,Field C-08122 (Akatsi),Drought|Salinity|FungalDisease
8123,Field SW-08123 (Hawassa),Pest|FungalDisease|Drought
8124,Field NW-08124 (Hawassa),WeedPressure
8125,Field C-08125 (Akatsi),HeatStress
8126,Field SW-08126 (Akatsi),FungalDisease|FrostDamage
8127,Field C-08127 (Akatsi),Pest
8128,Field NW-08128 (Hawassa),WeedPressure
8129,Field SW-08129 (Akatsi),HeatStress|WeedPressure
8130,Field SE-08130 (Hawassa),(no issues listed)
8131,Field C-08131 (Kilimani),WeedPressure
8132,Field SW-08132 (Amanzi),SoilErosion
8133,Field NE-08133 (Hawassa),Flood|Drought|FrostDamage
8134,Field SE-08134 (Hawassa),HeatStress|SoilErosion|NutrientDeficiency
8135,Field SE-08135 (Amanzi),HeatStress
8136,Field NW-08136 (Akatsi),Drought
8137,Field NE-08137 (Kilimani),(no issues listed)
8138,Field NE-08138 (Akatsi),Pest
8139,Field SE-08139 (Amanzi),NutrientDeficiency|FungalDisease|SoilErosion
8140,Field NW-08140 (Sokoto),WeedPressure
8141,Field NE-08141 (Akatsi),NutrientDeficiency|Salinity
8142,Field NE-08142 (Hawassa),SoilErosion|Salinity
8143,Field SE-08143 (Sokoto),SoilErosion|Drought
8144,Field SW-08144 (Kilimani),NutrientDeficiency|Pest|SoilErosion
8145,Field NE-08145 (Hawassa),Flood
8146,Field NW-08146 (Amanzi),FungalDisease|Pest
8147,Field SW-08147 (Hawassa),Drought|Salinity
8148,Field C-08148 (Sokoto),FrostDamage|Drought
8149,Field NE-08149 (Akatsi),FungalDisease
8150,Field SE-08150 (Amanzi),WeedPressure|Pest|SoilErosion
8151,Field SW-08151 (Akatsi),(no issues listed)
8152,Field SW-08152 (Akatsi),NutrientDeficiency|Flood|WeedPressure
8153,Field SW-08153 (Hawassa),FungalDisease|NutrientDeficiency
8154,Field SW-08154 (Sokoto),WeedPressure|Flood|FungalDisease
8155,Field SE-08155 (Sokoto),(no issues listed)
8156,Field NE-08156 (Amanzi),(no issues listed)
8157,Field SE-08157 (Sokoto),(no issues listed)
8158,Field SW-08158 (Amanzi),NutrientDeficiency|Flood
8159,Field SW-08159 (Kilimani),Pest|Flood
8160,Field SW-08160 (Amanzi),Pest|FrostDamage
8161,Field C-08161 (Akatsi),WeedPressure|Pest
8162,Field NE-08162 (Akatsi),NutrientDeficiency
8163,Field SE-08163 (Sokoto),FungalDisease|SoilErosion|WeedPressure
8164,Field NE-08164 (Akatsi),(no issues listed)
8165,Field NW-08165 (Amanzi),WeedPressure|Drought
8166,Field SW-08166 (Akatsi),SoilErosion|HeatStress|Pest
8167,Field C-08167 (Amanzi),WeedPressure
8168,Field NW-08168 (Sokoto),(no issues listed)
8169,Field SW-08169 (Akatsi),Pest
8170,Field SW-08170 (Akatsi),WeedPressure|NutrientDeficiency|Pest
8171,Field NW-08171 (Sokoto),Pest|NutrientDeficiency|HeatStress
8172,Field SE-08172 (Amanzi),FungalDisease
8173,Field NE-08173 (Hawassa),FungalDisease
8174,Field SE-08174 (Sokoto),WeedPressure
8175,Field SE-08175 (Sokoto),HeatStress
8176,Field NE-08176 (Hawassa),Salinity|HeatStress
8177,Field SE-08177 (Akatsi),Pest|Drought
8178,Field NW-08178 (Akatsi),Flood|Salinity
8179,Field NW-08179 (Akatsi),FungalDisease|Flood|Salinity
8180,Field NE-08180 (Sokoto),HeatStress|FrostDamage|Pest
8181,Field NE-08181 (Akatsi),Drought|HeatStress
8182,Field NE-08182 (Kilimani),NutrientDeficiency|SoilErosion
8183,Field C-08183 (Kilimani),HeatStress|Drought|Salinity
8184,Field C-08184 (Hawassa),Pest|NutrientDeficiency
8185,Field SE-08185 (Akatsi),Flood|FungalDisease
8186,Field SW-08186 (Akatsi),Salinity|SoilErosion|FungalDisease
8187,Field SE-08187 (Hawassa),Pest|WeedPressure
8188,Field SE-08188 (Akatsi),(no issues listed)
8189,Field SE-08189 (Sokoto),NutrientDeficiency|Pest
8190,Field NE-08190 (Kilimani),WeedPressure
8191,Field SE-08191 (Sokoto),Salinity|WeedPressure
8192,Field SW-08192 (Amanzi),NutrientDeficiency|Drought
8193,Field SE-08193 (Sokoto),FungalDisease|NutrientDeficiency|Flood
8194,Field SW-08194 (Hawassa),Pest|HeatStress|NutrientDeficiency
8195,Field NW-08195 (Sokoto),Salinity
8196,Field NW-08196 (Akatsi),NutrientDeficiency
8197,Field C-08197 (Sokoto),FungalDisease|Flood|Pest
8198,Field NE-08198 (Akatsi),FungalDisease|WeedPressure
8199,Field SW-08199 (Hawassa),(no issues listed)
8200,Field NE-08200 (Amanzi),FungalDisease
8201,Field C-08201 (Amanzi),Pest|WeedPressure
8202,Field SE-08202 (Akatsi),(no issues listed)
8203,Field C-08203 (Akatsi),Flood|FrostDamage
8204,Field NE-08204 (Sokoto),WeedPressure|Pest|Drought
8205,Field C-08205 (Hawassa),Pest|WeedPressure
8206,Field NE-08206 (Amanzi),(no issues listed)
8207,Field NE-08207 (Akatsi),WeedPressure
8208,Field SE-08208 (Amanzi),HeatStress|FungalDisease|NutrientDeficiency
8209,Field NW-08209 (Akatsi),Pest|FungalDisease|FrostDamage
8210,Field SE-08210 (Kilimani),FungalDisease|Flood|WeedPressure
8211,Field SW-08211 (Hawassa),FrostDamage|Pest
8212,Field NE-08212 (Amanzi),FungalDisease|WeedPressure
8213,Field SW-08213 (Hawassa),NutrientDeficiency
8214,Field NW-08214 (Amanzi),Salinity|FungalDisease|Drought
8215,Field SE-08215 (Akatsi),Pest|Drought|HeatStress
8216,Field C-08216 (Kilimani),SoilErosion|HeatStress|FungalDisease
8217,Field NE-08217 (Kilimani),Drought|NutrientDeficiency
8218,Field SW-08218 (Hawassa),WeedPressure|FungalDisease
8219,Field SW-08219 (Akatsi),FungalDisease|Pest
8220,Field NE-08220 (Kilimani),FungalDisease|Salinity|NutrientDeficiency
8221,Field SW-08221 (Amanzi),(no issues listed)
8222,Field C-08222 (Akatsi),WeedPressure|Salinity
8223,Field SW-08223 (Kilimani),FungalDisease|SoilErosion
8224,Field NE-08224 (Sokoto),HeatStress
8225,Field NE-08225 (Sokoto),Drought|HeatStress
8226,Field SE-08226 (Hawassa),FungalDisease
8227,Field SW-08227 (Amanzi),Drought
8228,Field NW-08228 (Sokoto),WeedPressure|Salinity|NutrientDeficiency
8229,Field C-08229 (Sokoto),(no issues listed)
8230,Field C-08230 (Sokoto),Drought
8231,Field SE-08231 (Kilimani),WeedPressure
8232,Field SE-08232 (Sokoto),WeedPressure
8233,Field NE-08233 (Amanzi),Drought|FungalDisease
8234,Field NW-08234 (Hawassa),Flood
8235,Field SW-08235 (Amanzi),FungalDisease|NutrientDeficiency|FrostDamage
8236,Field NE-08236 (Amanzi),Flood|Pest|NutrientDeficiency
8237,Field SW-08237 (Amanzi),HeatStress|Flood
8238,Field NW-08238 (Hawassa),Pest
8239,Field SE-08239 (Sokoto),(no issues listed)
8240,Field C-08240 (Kilimani),HeatStress|Drought
8241,Field C-08241 (Amanzi),Salinity|Drought
8242,Field SW-08242 (Akatsi),HeatStress
8243,Field NW-08243 (Sokoto),NutrientDeficiency
8244,Field C-08244 (Kilimani),FungalDisease
8245,Field NE-08245 (Sokoto),SoilErosion|WeedPressure|NutrientDeficiency
8246,Field NW-08246 (Amanzi),Drought
8247,Field C-08247 (Amanzi),WeedPressure|Pest
8248,Field NE-08248 (Kilimani),SoilErosion
8249,Field NW-08249 (Hawassa),WeedPressure|Drought|HeatStress
8250,Field NE-08250 (Hawassa),Drought
8251,Field NW-08251 (Akatsi),WeedPressure|SoilErosion
8252,Field NW-08252 (Kilimani),Salinity
8253,Field NW-08253 (Amanzi),WeedPressure|NutrientDeficiency|HeatStress
8254,Field NW-08254 (Sokoto),Drought|Pest|NutrientDeficiency
8255,Field NW-08255 (Amanzi),Pest|FungalDisease
8256,Field C-08256 (Amanzi),WeedPressure
8257,Field NE-08257 (Akatsi),Pest
8258,Field SE-08258 (Kilimani),WeedPressure|HeatStress|FungalDisease
8259,Field SW-08259 (Amanzi),NutrientDeficiency|Drought|Pest
8260,Field C-08260 (Kilimani),NutrientDeficiency
8261,Field NW-08261 (Sokoto),WeedPressure|FungalDisease
8262,Field C-08262 (Kilimani),FungalDisease
8263,Field SE-08263 (Hawassa),Pest
8264,Field SE-08264 (Sokoto),WeedPressure|Flood
8265,Field NE-08265 (Kilimani),Drought|WeedPressure
8266,Field SE-08266 (Hawassa),Salinity|Pest
8267,Field NW-08267 (Hawassa),Drought|NutrientDeficiency|SoilErosion
8268,Field SE-08268 (Amanzi),WeedPressure|FungalDisease|Pest
8269,Field SW-08269 (Hawassa),Drought|Pest
8270,Field NE-08270 (Sokoto),Pest
8271,Field SE-08271 (Amanzi),Salinity|FrostDamage
8272,Field NW-08272 (Kilimani),Pest|NutrientDeficiency|SoilErosion
8273,Field SE-08273 (Kilimani),NutrientDeficiency|SoilErosion|WeedPressure
8274,Field SE-08274 (Sokoto),(no issues listed)
8275,Field SW-08275 (Kilimani),WeedPressure
8276,Field SE-08276 (Kilimani),Flood
8277,Field NE-08277 (Akatsi),Pest|HeatStress|WeedPressure
8278,Field NE-08278 (Amanzi),WeedPressure|Drought
8279,Field NE-08279 (Sokoto),Pest|Flood|FrostDamage
8280,Field NE-08280 (Kilimani),WeedPressure|FungalDisease|FrostDamage
8281,Field NE-08281 (Hawassa),Drought|Pest
8282,Field SW-08282 (Hawassa),Flood|Salinity|NutrientDeficiency
8283,Field SE-08283 (Sokoto),Drought|Salinity
8284,Field NW-08284 (Kilimani),Flood|Drought|HeatStress
8285,Field SW-08285 (Kilimani),HeatStress
8286,Field NW-08286 (Hawassa),HeatStress
8287,Field SE-08287 (Hawassa),NutrientDeficiency|SoilErosion
8288,Field C-08288 (Amanzi),NutrientDeficiency|Drought|Salinity
8289,Field SE-08289 (Akatsi),FungalDisease|WeedPressure|HeatStress
8290,Field C-08290 (Hawassa),Flood
8291,Field C-08291 (Hawassa),Flood|NutrientDeficiency|Drought
8292,Field SW-08292 (Akatsi),FrostDamage|Drought|Pest
8293,Field C-08293 (Kilimani),SoilErosion|Drought|WeedPressure
8294,Field NW-08294 (Hawassa),NutrientDeficiency|Drought|WeedPressure
8295,Field SW-08295 (Hawassa),SoilErosion|FrostDamage|Drought
8296,Field NW-08296 (Hawassa),Drought
8297,Field NE-08297 (Amanzi),Drought
8298,Field C-08298 (Sokoto),(no issues listed)
8299,Field SW-08299 (Akatsi),HeatStress
8300,Field SE-08300 (Akatsi),Drought|SoilErosion
8301,Field SW-08301 (Kilimani),FrostDamage|WeedPressure
8302,Field C-08302 (Akatsi),NutrientDeficiency|WeedPressure
8303,Field NW-08303 (Amanzi),(no issues listed)
8304,Field SW-08304 (Amanzi),Pest|WeedPressure
8305,Field SE-08305 (Hawassa),FungalDisease
8306,Field NE-08306 (Akatsi),Flood|NutrientDeficiency|WeedPressure
8307,Field C-08307 (Hawassa),FungalDisease
8308,Field C-08308 (Akatsi),Drought|FungalDisease|SoilErosion
8309,Field SE-08309 (Hawassa),WeedPressure
8310,Field SW-08310 (Sokoto),Drought|Pest
8311,Field SE-08311 (Sokoto),Pest|Salinity
8312,Field SE-08312 (Amanzi),Flood
8313,Field SW-08313 (Amanzi),HeatStress
8314,Field C-08314 (Kilimani),Drought
8315,Field NW-08315 (Kilimani),NutrientDeficiency
8316,Field NE-08316 (Amanzi),NutrientDeficiency
8317,Field SE-08317 (Amanzi),Drought|FungalDisease|Salinity
8318,Field SW-08318 (Hawassa),Salinity|NutrientDeficiency|FungalDisease
8319,Field SE-08319 (Hawassa),Pest
8320,Field NW-08320 (Hawassa),FungalDisease|Pest
8321,Field NE-08321 (Akatsi),Pest
8322,Field C-08322 (Akatsi),HeatStress|Pest|FungalDisease
8323,Field NW-08323 (Amanzi),Flood|NutrientDeficiency|Pest
8324,Field NE-08324 (Sokoto),Flood|Pest|WeedPressure
8325,Field NE-08325 (Amanzi),HeatStress
8326,Field NW-08326 (Hawassa),SoilErosion
8327,Field NW-08327 (Hawassa),Pest|SoilErosion
8328,Field NE-08328 (Hawassa),FungalDisease|Pest|HeatStress
8329,Field NW-08329 (Sokoto),FrostDamage|HeatStress|Pest
8330,Field SW-08330 (Akatsi),FungalDisease|NutrientDeficiency
8331,Field NW-08331 (Kilimani),Drought
8332,Field SE-08332 (Hawassa),Drought
8333,Field SE-08333 (Sokoto),Salinity
8334,Field SW-08334 (Sokoto),NutrientDeficiency|WeedPressure|Flood
8335,Field SE-08335 (Hawassa),FungalDisease|NutrientDeficiency
8336,Field NW-08336 (Sokoto),NutrientDeficiency|Salinity|Drought
8337,Field SE-08337 (Kilimani),Drought|FungalDisease|Pest
8338,Field NW-08338 (Sokoto),NutrientDeficiency|Drought
8339,Field NE-08339 (Amanzi),Flood|HeatStress
8340,Field NW-08340 (Sokoto),WeedPressure|SoilErosion|Pest
8341,Field NW-08341 (Amanzi),FungalDisease|Pest|WeedPressure
8342,Field C-08342 (Amanzi),(no issues listed)
8343,Field SW-08343 (Akatsi),NutrientDeficiency|HeatStress|WeedPressure
8344,Field SW-08344 (Kilimani),NutrientDeficiency|Pest
8345,Field SE-08345 (Hawassa),(no issues listed)
8346,Field NE-08346 (Amanzi),(no issues listed)
8347,Field NW-08347 (Amanzi),NutrientDeficiency|Pest
8348,Field C-08348 (Sokoto),(no issues listed)
8349,Field NE-08349 (Sokoto),NutrientDeficiency
8350,Field C-08350 (Akatsi),Flood
8351,Field NE-08351 (Akatsi),FungalDisease|Pest
8352,Field NW-08352 (Amanzi),(no issues listed)
8353,Field NE-08353 (Akatsi),SoilErosion|NutrientDeficiency
8354,Field C-08354 (Hawassa),FungalDisease|Drought|WeedPressure
8355,Field SE-08355 (Akatsi),Salinity
8356,Field NE-08356 (Kilimani),FungalDisease|Pest
8357,Field SW-08357 (Sokoto),FrostDamage|WeedPressure
8358,Field SW-08358 (Sokoto),FungalDisease|Flood
8359,Field NE-08359 (Akatsi),Pest|NutrientDeficiency
8360,Field SE-08360 (Akatsi),Pest
8361,Field SW-08361 (Hawassa),FungalDisease|Pest|SoilErosion
8362,Field SW-08362 (Hawassa),(no issues listed)
8363,Field SE-08363 (Akatsi),Drought|FrostDamage|SoilErosion
8364,Field SE-08364 (Akatsi),FungalDisease|SoilErosion
8365,Field SE-08365 (Amanzi),Drought|SoilErosion
8366,Field C-08366 (Kilimani),Drought|Pest|SoilErosion
8367,Field SW-08367 (Akatsi),(no issues listed)
8368,Field NE-08368 (Akatsi),SoilErosion|Drought|Salinity
8369,Field C-08369 (Hawassa),Flood|Salinity
8370,Field SW-08370 (Kilimani),HeatStress|WeedPressure|Drought
8371,Field NW-08371 (Amanzi),NutrientDeficiency|Pest
8372,Field SW-08372 (Sokoto),Drought|WeedPressure|Pest
8373,Field SW-08373 (Kilimani),NutrientDeficiency|Pest
8374,Field C-08374 (Sokoto),Pest
8375,Field SE-08375 (Hawassa),(no issues listed)
8376,Field SW-08376 (Sokoto),WeedPressure|Pest
8377,Field NE-08377 (Akatsi),NutrientDeficiency|Drought
8378,Field C-08378 (Sokoto),WeedPressure|Pest
8379,Field C-08379 (Akatsi),Pest
8380,Field NW-08380 (Sokoto),Flood
8381,Field C-08381 (Sokoto),WeedPressure|Pest|FungalDisease
8382,Field SE-08382 (Amanzi),Pest|Drought
8383,Field NE-08383 (Hawassa),Pest
8384,Field SE-08384 (Sokoto),Flood|Drought
8385,Field SE-08385 (Sokoto),(no issues listed)
8386,Field NE-08386 (Hawassa),(no issues listed)
8387,Field C-08387 (Hawassa),Drought|WeedPressure|Pest
8388,Field NE-08388 (Kilimani),FrostDamage|Flood
8389,Field NE-08389 (Amanzi),WeedPressure
8390,Field SW-08390 (Sokoto),(no issues listed)
8391,Field SW-08391 (Hawassa),Flood
8392,Field NE-08392 (Amanzi),HeatStress|NutrientDeficiency|WeedPressure
8393,Field C-08393 (Hawassa),Flood|NutrientDeficiency|WeedPressure
8394,Field NE-08394 (Akatsi),(no issues listed)
8395,Field NW-08395 (Hawassa),(no issues listed)
8396,Field SE-08396 (Akatsi),WeedPressure|SoilErosion|FungalDisease
8397,Field SW-08397 (Sokoto),Flood
8398,Field NE-08398 (Sokoto),WeedPressure
8399,Field SE-08399 (Amanzi),Drought
8400,Field SE-08400 (Akatsi),SoilErosion|Pest
8401,Field C-08401 (Amanzi),SoilErosion|NutrientDeficiency|FungalDisease
8402,Field SW-08402 (Sokoto),HeatStress|Flood|NutrientDeficiency
8403,Field NW-08403 (Kilimani),FrostDamage|WeedPressure|SoilErosion
8404,Field C-08404 (Sokoto),Flood|WeedPressure
8405,Field SE-08405 (Kilimani),Pest|FungalDisease
8406,Field NW-08406 (Sokoto),(no issues listed)
8407,Field SE-08407 (Akatsi),(no issues listed)
8408,Field NW-08408 (Amanzi),NutrientDeficiency
8409,Field NE-08409 (Amanzi),(no issues listed)
8410,Field NW-08410 (Sokoto),Drought|HeatStress|Flood
8411,Field SW-08411 (Amanzi),Drought|HeatStress
8412,Field NW-08412 (Hawassa),WeedPressure|HeatStress
8413,Field C-08413 (Kilimani),Pest|FungalDisease
8414,Field NW-08414 (Akatsi),Flood
8415,Field SW-08415 (Hawassa),FrostDamage|Flood|Drought
8416,Field SW-08416 (Hawassa),NutrientDeficiency|Flood|FungalDisease
8417,Field C-08417 (Amanzi),FrostDamage
8418,Field SW-08418 (Hawassa),FungalDisease
8419,Field SW-08419 (Akatsi),NutrientDeficiency|Drought|FrostDamage
8420,Field C-08420 (Sokoto),(no issues listed)
8421,Field C-08421 (Sokoto),WeedPressure|HeatStress
8422,Field NE-08422 (Sokoto),Drought
8423,Field SW-08423 (Sokoto),NutrientDeficiency|Pest
8424,Field NE-08424 (Amanzi),Pest|FungalDisease|Salinity
8425,Field SW-08425 (Sokoto),HeatStress|Salinity|Flood
8426,Field NE-08426 (Hawassa),FungalDisease|Flood|Pest
8427,Field SE-08427 (Amanzi),NutrientDeficiency|WeedPressure
8428,Field NE-08428 (Akatsi),(no issues listed)
8429,Field NE-08429 (Akatsi),Pest|Drought
8430,Field NE-08430 (Hawassa),FungalDisease
8431,Field C-08431 (Sokoto),Pest|Flood
8432,Field C-08432 (Hawassa),Drought|WeedPressure|FungalDisease
8433,Field SE-08433 (Hawassa),Drought|HeatStress|SoilErosion
8434,Field NE-08434 (Akatsi),NutrientDeficiency|SoilErosion
8435,Field NE-08435 (Amanzi),HeatStress|Flood|Pest
8436,Field SE-08436 (Amanzi),FungalDisease|Salinity
8437,Field SE-08437 (Amanzi),NutrientDeficiency|Salinity|Flood
8438,Field SW-08438 (Hawassa),(no issues listed)
8439,Field SW-08439 (Hawassa),(no issues listed)
8440,Field C-08440 (Sokoto),FrostDamage
8441,Field SW-08441 (Sokoto),Pest|Flood
8442,Field SE-08442 (Amanzi),Pest
8443,Field SW-08443 (Kilimani),(no issues listed)
8444,Field SW-08444 (Amanzi),(no issues listed)
8445,Field SE-08445 (Hawassa),Flood|WeedPressure
8446,Field SE-08446 (Kilimani),Drought
8447,Field SW-08447 (Kilimani),FrostDamage|Pest
8448,Field C-08448 (Sokoto),Salinity|Drought|FungalDisease
8449,Field NW-08449 (Kilimani),WeedPressure
8450,Field SE-08450 (Kilimani),Salinity
8451,Field NE-08451 (Sokoto),WeedPressure
8452,Field NW-08452 (Hawassa),Flood|Pest|SoilErosion
8453,Field SW-08453 (Sokoto),Salinity
8454,Field SW-08454 (Hawassa),NutrientDeficiency
8455,Field SE-08455 (Hawassa),HeatStress|FungalDisease
8456,Field SW-08456 (Amanzi),HeatStress
8457,Field SE-08457 (Kilimani),SoilErosion|Pest
8458,Field SE-08458 (Akatsi),FrostDamage
8459,Field SW-08459 (Akatsi),Flood|WeedPressure
8460,Field SW-08460 (Amanzi),NutrientDeficiency
8461,Field SE-08461 (Akatsi),FungalDisease|Flood
8462,Field NW-08462 (Sokoto),NutrientDeficiency|Drought
8463,Field NW-08463 (Hawassa),NutrientDeficiency|SoilErosion|Drought
8464,Field SE-08464 (Akatsi),WeedPressure|Pest|Drought
8465,Field NW-08465 (Akatsi),FungalDisease|Flood|HeatStress
8466,Field C-08466 (Hawassa),Pest
8467,Field C-08467 (Hawassa),FrostDamage|FungalDisease|HeatStress
8468,Field SE-08468 (Akatsi),WeedPressure
8469,Field NE-08469 (Akatsi),HeatStress
8470,Field NW-08470 (Hawassa),FungalDisease|FrostDamage|WeedPressure
8471,Field SW-08471 (Kilimani),(no issues listed)
8472,Field NE-08472 (Hawassa),Salinity|Drought|FungalDisease
8473,Field C-08473 (Akatsi),WeedPressure|Drought|HeatStress
8474,Field SW-08474 (Amanzi),SoilErosion
8475,Field SW-08475 (Amanzi),FungalDisease|Pest|NutrientDeficiency
8476,Field NE-08476 (Akatsi),WeedPressure|SoilErosion
8477,Field SE-08477 (Amanzi),(no issues listed)
8478,Field SW-08478 (Hawassa),HeatStress
8479,Field C-08479 (Amanzi),HeatStress
8480,Field SW-08480 (Kilimani),SoilErosion
8481,Field NW-08481 (Akatsi),Salinity|FungalDisease|Pest
8482,Field SW-08482 (Sokoto),Drought|FungalDisease|SoilErosion
8483,Field SE-08483 (Hawassa),Flood|HeatStress|Salinity
8484,Field C-08484 (Sokoto),(no issues listed)
8485,Field NE-08485 (Sokoto),Pest|FrostDamage
8486,Field SE-08486 (Kilimani),(no issues listed)
8487,Field SE-08487 (Sokoto),FungalDisease|Drought
8488,Field SW-08488 (Kilimani),FungalDisease
8489,Field SW-08489 (Kilimani),Pest|SoilErosion|Flood
8490,Field C-08490 (Hawassa),Pest|Flood|SoilErosion
8491,Field NE-08491 (Hawassa),WeedPressure|FrostDamage
8492,Field SE-08492 (Sokoto),WeedPressure
8493,Field NE-08493 (Akatsi),HeatStress
8494,Field NE-08494 (Akatsi),NutrientDeficiency
8495,Field NE-08495 (Kilimani),Salinity|NutrientDeficiency
8496,Field C-08496 (Akatsi),(no issues listed)
8497,Field SE-08497 (Amanzi),Flood|FungalDisease
8498,Field NE-08498 (Amanzi),Salinity|Pest|FungalDisease
8499,Field NE-08499 (Amanzi),Pest
8500,Field SW-08500 (Amanzi),NutrientDeficiency
8501,Field NW-08501 (Hawassa),HeatStress
8502,Field NW-08502 (Kilimani),WeedPressure|FrostDamage|Flood
8503,Field SW-08503 (Sokoto),Pest
8504,Field C-08504 (Akatsi),Drought|Pest
8505,Field SW-08505 (Akatsi),Drought|FungalDisease
8506,Field NW-08506 (Hawassa),FungalDisease|Drought|FrostDamage
8507,Field SE-08507 (Sokoto),FungalDisease|NutrientDeficiency
8508,Field NW-08508 (Kilimani),WeedPressure|Salinity|FungalDisease
8509,Field C-08509 (Hawassa),HeatStress|Pest
8510,Field SW-08510 (Kilimani),HeatStress|Pest
8511,Field C-08511 (Hawassa),Flood
8512,Field NE-08512 (Kilimani),Salinity
8513,Field C-08513 (Kilimani),Pest|WeedPressure
8514,Field NW-08514 (Akatsi),Pest|NutrientDeficiency|FungalDisease
8515,Field SE-08515 (Kilimani),Pest
8516,Field C-08516 (Amanzi),(no issues listed)
8517,Field SE-08517 (Sokoto),Drought|NutrientDeficiency|FungalDisease
8518,Field SW-08518 (Sokoto),Salinity|NutrientDeficiency
8519,Field NW-08519 (Amanzi),(no issues listed)
8520,Field NE-08520 (Akatsi),NutrientDeficiency
8521,Field NW-08521 (Kilimani),NutrientDeficiency|Salinity|SoilErosion
8522,Field C-08522 (Hawassa),Pest|HeatStress
8523,Field NW-08523 (Amanzi),SoilErosion|WeedPressure|NutrientDeficiency
8524,Field NE-08524 (Akatsi),Salinity
8525,Field NW-08525 (Kilimani),HeatStress|Drought|WeedPressure
8526,Field SW-08526 (Hawassa),Salinity
8527,Field SW-08527 (Sokoto),WeedPressure|Salinity|NutrientDeficiency
8528,Field NW-08528 (Amanzi),WeedPressure|Drought
8529,Field NE-08529 (Akatsi),HeatStress
8530,Field C-08530 (Amanzi),WeedPressure|FrostDamage
8531,Field SE-08531 (Kilimani),Flood|Pest|WeedPressure
8532,Field NW-08532 (Amanzi),(no issues listed)
8533,Field NE-08533 (Sokoto),Pest|Drought|HeatStress
8534,Field SE-08534 (Kilimani),HeatStress|NutrientDeficiency|WeedPressure
8535,Field SW-08535 (Hawassa),WeedPressure|Pest
8536,Field NW-08536 (Akatsi),Salinity
8537,Field SW-08537 (Akatsi),Drought|NutrientDeficiency
8538,Field NE-08538 (Amanzi),NutrientDeficiency|Flood
8539,Field C-08539 (Sokoto),Salinity
8540,Field SE-08540 (Kilimani),(no issues listed)
8541,Field NW-08541 (Hawassa),Salinity|SoilErosion|FungalDisease
8542,Field SW-08542 (Hawassa),(no issues listed)
8543,Field SE-08543 (Akatsi),Drought|Flood|SoilErosion
8544,Field C-08544 (Sokoto),(no issues listed)
8545,Field SE-08545 (Sokoto),Flood|NutrientDeficiency
8546,Field NE-08546 (Sokoto),NutrientDeficiency|Flood
8547,Field NE-08547 (Akatsi),NutrientDeficiency
8548,Field NW-08548 (Hawassa),FungalDisease
8549,Field NW-08549 (Hawassa),SoilErosion|Flood|NutrientDeficiency
8550,Field SW-08550 (Sokoto),NutrientDeficiency
8551,Field SW-08551 (Akatsi),SoilErosion
8552,Field SE-08552 (Akatsi),FrostDamage|HeatStress
8553,Field SE-08553 (Sokoto),Drought
8554,Field C-08554 (Akatsi),Flood|Pest|Drought
8555,Field NW-08555 (Sokoto),Drought|SoilErosion
8556,Field NW-08556 (Hawassa),Drought
8557,Field SE-08557 (Akatsi),(no issues listed)
8558,Field NE-08558 (Kilimani),Salinity
8559,Field SW-08559 (Kilimani),(no issues listed)
8560,Field SE-08560 (Amanzi),Pest|NutrientDeficiency|WeedPressure
8561,Field NW-08561 (Hawassa),SoilErosion
8562,Field NE-08562 (Amanzi),NutrientDeficiency
8563,Field SW-08563 (Kilimani),Drought|NutrientDeficiency
8564,Field NE-08564 (Akatsi),HeatStress|WeedPressure
8565,Field NE-08565 (Amanzi),Drought|WeedPressure|Pest
8566,Field SE-08566 (Amanzi),NutrientDeficiency
8567,Field NE-08567 (Amanzi),(no issues listed)
8568,Field NW-08568 (Sokoto),Drought
8569,Field SE-08569 (Akatsi),FrostDamage|Pest|SoilErosion
8570,Field SE-08570 (Hawassa),Drought
8571,Field SW-08571 (Amanzi),FrostDamage
8572,Field SE-08572 (Sokoto),Pest|Drought
8573,Field SE-08573 (Kilimani),Pest
8574,Field NW-08574 (Kilimani),Flood
8575,Field NW-08575 (Hawassa),FungalDisease|Pest|WeedPressure
8576,Field C-08576 (Kilimani),Flood
8577,Field NW-08577 (Kilimani),Salinity
8578,Field NE-08578 (Akatsi),Pest|SoilErosion
8579,Field NW-08579 (Akatsi),Pest
8580,Field SW-08580 (Akatsi),Pest|Flood|FungalDisease
8581,Field NW-08581 (Hawassa),NutrientDeficiency
8582,Field SW-08582 (Kilimani),(no issues listed)
8583,Field SW-08583 (Sokoto),SoilErosion|Drought
8584,Field NW-08584 (Kilimani),(no issues listed)
8585,Field SW-08585 (Amanzi),Salinity|NutrientDeficiency|HeatStress
8586,Field NW-08586 (Sokoto),SoilErosion|WeedPressure
8587,Field NW-08587 (Sokoto),(no issues listed)
8588,Field SE-08588 (Sokoto),Pest|SoilErosion|Salinity
8589,Field SE-08589 (Sokoto),WeedPressure|NutrientDeficiency
8590,Field NE-08590 (Akatsi),Salinity|SoilErosion|FungalDisease
8591,Field SW-08591 (Akatsi),FungalDisease|NutrientDeficiency|WeedPressure
8592,Field C-08592 (Amanzi),Drought|WeedPressure
8593,Field C-08593 (Kilimani),WeedPressure
8594,Field C-08594 (Akatsi),NutrientDeficiency|Pest|HeatStress
8595,Field NW-08595 (Sokoto),NutrientDeficiency|FungalDisease
8596,Field SW-08596 (Akatsi),Drought
8597,Field SE-08597 (Akatsi),Flood|HeatStress|Pest
8598,Field NE-08598 (Amanzi),NutrientDeficiency|FungalDisease|Pest
8599,Field SW-08599 (Kilimani),WeedPressure|Salinity
8600,Field C-08600 (Amanzi),Drought|WeedPressure|NutrientDeficiency
8601,Field C-08601 (Akatsi),Drought|WeedPressure|Pest
8602,Field NW-08602 (Akatsi),Drought|NutrientDeficiency|SoilErosion
8603,Field SW-08603 (Sokoto),Flood
8604,Field SE-08604 (Hawassa),Salinity
8605,Field SW-08605 (Akatsi),Drought|NutrientDeficiency
8606,Field C-08606 (Sokoto),(no issues listed)
8607,Field SW-08607 (Hawassa),WeedPressure|Pest|SoilErosion
8608,Field C-08608 (Hawassa),WeedPressure|NutrientDeficiency
8609,Field C-08609 (Akatsi),HeatStress|Drought
8610,Field NE-08610 (Kilimani),FungalDisease|Flood
8611,Field SW-08611 (Kilimani),NutrientDeficiency|HeatStress|FungalDisease
8612,Field NE-08612 (Hawassa),NutrientDeficiency|FungalDisease
8613,Field C-08613 (Sokoto),Drought
8614,Field C-08614 (Amanzi),FungalDisease|Salinity
8615,Field NE-08615 (Kilimani),FungalDisease|Flood|SoilErosion
8616,Field NE-08616 (Hawassa),FungalDisease|HeatStress|WeedPressure
8617,Field SW-08617 (Hawassa),NutrientDeficiency
8618,Field C-08618 (Kilimani),Drought|HeatStress
8619,Field SW-08619 (Amanzi),FungalDisease
8620,Field C-08620 (Kilimani),SoilErosion|HeatStress|NutrientDeficiency
8621,Field SW-08621 (Akatsi),NutrientDeficiency|FungalDisease
8622,Field SW-08622 (Sokoto),NutrientDeficiency
8623,Field SW-08623 (Amanzi),WeedPressure
8624,Field SE-08624 (Amanzi),FrostDamage
8625,Field SE-08625 (Kilimani),Salinity|NutrientDeficiency|Flood
8626,Field NE-08626 (Sokoto),FrostDamage|Flood
8627,Field SW-08627 (Akatsi),SoilErosion
8628,Field SE-08628 (Amanzi),(no issues listed)
8629,Field SW-08629 (Hawassa),(no issues listed)
8630,Field NW-08630 (Akatsi),Pest|Flood
8631,Field SE-08631 (Hawassa),WeedPressure|NutrientDeficiency|Drought
8632,Field SW-08632 (Kilimani),(no issues listed)
8633,Field NW-08633 (Hawassa),Drought|Flood|Pest
8634,Field NE-08634 (Akatsi),WeedPressure|Salinity|Flood
8635,Field NE-08635 (Amanzi),Pest|WeedPressure|NutrientDeficiency
8636,Field SE-08636 (Amanzi),Flood
8637,Field C-08637 (Sokoto),Pest|Drought|HeatStress
8638,Field SE-08638 (Amanzi),HeatStress|Drought
8639,Field SE-08639 (Kilimani),Pest|SoilErosion|Drought
8640,Field NE-08640 (Akatsi),WeedPressure|Pest|Flood
8641,Field C-08641 (Amanzi),Pest|SoilErosion|Drought
8642,Field C-08642 (Amanzi),WeedPressure
8643,Field SE-08643 (Kilimani),Pest|FungalDisease
8644,Field C-08644 (Akatsi),Drought|Salinity
8645,Field NE-08645 (Hawassa),NutrientDeficiency|SoilErosion
8646,Field C-08646 (Akatsi),(no issues listed)
8647,Field NE-08647 (Kilimani),HeatStress|Flood
8648,Field SW-08648 (Sokoto),HeatStress
8649,Field SW-08649 (Amanzi),Drought|NutrientDeficiency
8650,Field C-08650 (Akatsi),Salinity|Pest
8651,Field SE-08651 (Hawassa),NutrientDeficiency|Pest|FungalDisease
8652,Field C-08652 (Hawassa),Salinity|Flood|NutrientDeficiency
8653,Field SW-08653 (Akatsi),Pest|WeedPressure
8654,Field NW-08654 (Amanzi),Flood
8655,Field SE-08655 (Hawassa),NutrientDeficiency|Drought
8656,Field NW-08656 (Amanzi),Drought|HeatStress
8657,Field SW-08657 (Kilimani),FrostDamage|WeedPressure
8658,Field SE-08658 (Hawassa),(no issues listed)
8659,Field SE-08659 (Kilimani),Pest|Flood|SoilErosion
8660,Field NE-08660 (Hawassa),WeedPressure
8661,Field NW-08661 (Hawassa),Drought|WeedPressure|NutrientDeficiency
8662,Field NE-08662 (Akatsi),NutrientDeficiency|Pest
8663,Field NE-08663 (Hawassa),Pest|SoilErosion|FungalDisease
8664,Field SW-08664 (Kilimani),HeatStress|Pest
8665,Field SE-08665 (Kilimani),FungalDisease
8666,Field SW-08666 (Akatsi),NutrientDeficiency
8667,Field NW-08667 (Amanzi),(no issues listed)
8668,Field NE-08668 (Sokoto),Drought|Salinity
8669,Field C-08669 (Hawassa),(no issues listed)
8670,Field NW-08670 (Amanzi),FrostDamage|NutrientDeficiency|Flood
8671,Field C-08671 (Akatsi),Salinity
8672,Field SE-08672 (Akatsi),FungalDisease|NutrientDeficiency
8673,Field NW-08673 (Amanzi),SoilErosion
8674,Field SE-08674 (Kilimani),(no issues listed)
8675,Field NW-08675 (Hawassa),Pest|Salinity|WeedPressure
8676,Field C-08676 (Amanzi),WeedPressure|Salinity|Pest
8677,Field SW-08677 (Kilimani),Pest
8678,Field SE-08678 (Amanzi),Pest|FungalDisease
8679,Field NW-08679 (Akatsi),WeedPressure|HeatStress|Drought
8680,Field NW-08680 (Amanzi),Flood|FungalDisease
8681,Field C-08681 (Kilimani),Flood|Pest|SoilErosion
8682,Field NW-08682 (Sokoto),Flood
8683,Field NW-08683 (Hawassa),(no issues listed)
8684,Field C-08684 (Amanzi),HeatStress
8685,Field SE-08685 (Hawassa),HeatStress|Pest
8686,Field SW-08686 (Kilimani),(no issues listed)
8687,Field NW-08687 (Kilimani),WeedPressure
8688,Field SE-08688 (Sokoto),Flood
8689,Field NW-08689 (Hawassa),Pest|FrostDamage
8690,Field C-08690 (Akatsi),Pest|SoilErosion
8691,Field NE-08691 (Amanzi),WeedPressure|FungalDisease|NutrientDeficiency
8692,Field NE-08692 (Kilimani),NutrientDeficiency
8693,Field C-08693 (Hawassa),WeedPressure|FungalDisease
8694,Field SE-08694 (Amanzi),(no issues listed)
8695,Field C-08695 (Sokoto),Flood|Pest
8696,Field NE-08696 (Hawassa),HeatStress|Pest
8697,Field NE-08697 (Amanzi),Pest|WeedPressure|Drought
8698,Field NE-08698 (Akatsi),Pest
8699,Field C-08699 (Hawassa),HeatStress
8700,Field SE-08700 (Amanzi),WeedPressure
8701,Field NE-08701 (Akatsi),Pest|HeatStress
8702,Field SE-08702 (Akatsi),FungalDisease|Pest|NutrientDeficiency
8703,Field C-08703 (Kilimani),FungalDisease|Salinity|Pest
8704,Field C-08704 (Sokoto),(no issues listed)
8705,Field SE-08705 (Amanzi),NutrientDeficiency|WeedPressure
8706,Field NE-08706 (Sokoto),HeatStress|Flood|NutrientDeficiency
8707,Field SW-08707 (Amanzi),FrostDamage|FungalDisease
8708,Field SW-08708 (Kilimani),Pest|HeatStress
8709,Field NW-08709 (Amanzi),Pest
8710,Field SE-08710 (Hawassa),WeedPressure
8711,Field NE-08711 (Hawassa),HeatStress|Pest
8712,Field SE-08712 (Amanzi),Drought|NutrientDeficiency|SoilErosion
8713,Field SE-08713 (Akatsi),Flood|Pest
8714,Field SW-08714 (Amanzi),(no issues listed)
8715,Field SE-08715 (Hawassa),(no issues listed)
8716,Field NE-08716 (Kilimani),Pest|FungalDisease|Drought
8717,Field SW-08717 (Sokoto),SoilErosion|WeedPressure
8718,Field SW-08718 (Kilimani),NutrientDeficiency|Pest
8719,Field C-08719 (Akatsi),FungalDisease
8720,Field SE-08720 (Akatsi),Pest
8721,Field NE-08721 (Akatsi),WeedPressure|Pest
8722,Field NE-08722 (Amanzi),FungalDisease
8723,Field NE-08723 (Amanzi),FungalDisease|FrostDamage|Flood
8724,Field C-08724 (Amanzi),Pest
8725,Field NE-08725 (Akatsi),HeatStress
8726,Field SE-08726 (Akatsi),FungalDisease|Flood
8727,Field SE-08727 (Sokoto),(no issues listed)
8728,Field SW-08728 (Hawassa),WeedPressure
8729,Field C-08729 (Sokoto),Flood
8730,Field NE-08730 (Akatsi),FungalDisease|FrostDamage
8731,Field SE-08731 (Amanzi),(no issues listed)
8732,Field SW-08732 (Sokoto),HeatStress|WeedPressure|Salinity
8733,Field SE-08733 (Hawassa),FungalDisease
8734,Field NE-08734 (Akatsi),WeedPressure|Flood|Pest
8735,Field NE-08735 (Hawassa),HeatStress
8736,Field SW-08736 (Akatsi),WeedPressure
8737,Field NW-08737 (Amanzi),Pest
8738,Field C-08738 (Akatsi),Pest|NutrientDeficiency
8739,Field SW-08739 (Kilimani),FungalDisease|HeatStress
8740,Field NW-08740 (Sokoto),NutrientDeficiency|Pest
8741,Field C-08741 (Kilimani),(no issues listed)
8742,Field SW-08742 (Kilimani),FrostDamage
8743,Field SE-08743 (Amanzi),Pest|Flood|FungalDisease
8744,Field SW-08744 (Sokoto),Flood|WeedPressure
8745,Field C-08745 (Hawassa),FungalDisease|Drought
8746,Field C-08746 (Kilimani),Drought|FungalDisease
8747,Field C-08747 (Kilimani),FungalDisease|Pest|Drought
8748,Field NE-08748 (Amanzi),Pest
8749,Field C-08749 (Amanzi),WeedPressure
8750,Field SW-08750 (Sokoto),Pest
8751,Field SW-08751 (Sokoto),Drought|Salinity
8752,Field SE-08752 (Sokoto),Flood|FrostDamage|Drought
8753,Field NW-08753 (Amanzi),Drought|WeedPressure
8754,Field C-08754 (Sokoto),Drought|Pest
8755,Field NW-08755 (Hawassa),SoilErosion|HeatStress|WeedPressure
8756,Field NW-08756 (Hawassa),FungalDisease
8757,Field SE-08757 (Sokoto),Drought
8758,Field SE-08758 (Amanzi),FrostDamage|NutrientDeficiency
8759,Field NE-08759 (Amanzi),Flood|SoilErosion|WeedPressure
8760,Field NW-08760 (Amanzi),Pest|WeedPressure|SoilErosion
8761,Field NE-08761 (Kilimani),Flood|NutrientDeficiency
8762,Field NW-08762 (Hawassa),HeatStress
8763,Field SW-08763 (Sokoto),Flood
8764,Field SW-08764 (Amanzi),NutrientDeficiency|SoilErosion|HeatStress
8765,Field C-08765 (Amanzi),WeedPressure|FrostDamage
8766,Field NE-08766 (Sokoto),NutrientDeficiency
8767,Field NW-08767 (Hawassa),(no issues listed)
8768,Field SW-08768 (Sokoto),Pest|WeedPressure|NutrientDeficiency
8769,Field SE-08769 (Amanzi),FrostDamage
8770,Field SE-08770 (Kilimani),HeatStress|FrostDamage
8771,Field NE-08771 (Sokoto),FrostDamage
8772,Field SW-08772 (Kilimani),Drought|WeedPressure|Flood
8773,Field SW-08773 (Hawassa),Pest|SoilErosion
8774,Field NE-08774 (Akatsi),(no issues listed)
8775,Field NW-08775 (Sokoto),NutrientDeficiency
8776,Field C-08776 (Hawassa),Salinity
8777,Field C-08777 (Hawassa),WeedPressure
8778,Field SE-08778 (Sokoto),NutrientDeficiency|Flood|FrostDamage
8779,Field NW-08779 (Kilimani),HeatStress
8780,Field C-08780 (Hawassa),WeedPressure|Salinity
8781,Field NE-08781 (Sokoto),Flood|FrostDamage|NutrientDeficiency
8782,Field SW-08782 (Kilimani),WeedPressure|NutrientDeficiency
8783,Field SW-08783 (Akatsi),FungalDisease|NutrientDeficiency|HeatStress
8784,Field NW-08784 (Kilimani),Pest|Drought
8785,Field SW-08785 (Hawassa),(no issues listed)
8786,Field SE-08786 (Amanzi),WeedPressure|NutrientDeficiency
8787,Field NE-08787 (Amanzi),SoilErosion
8788,Field NW-08788 (Sokoto),Salinity|NutrientDeficiency
8789,Field SE-08789 (Sokoto),SoilErosion|WeedPressure|Pest
8790,Field NW-08790 (Kilimani),Pest
8791,Field SE-08791 (Hawassa),Pest|FungalDisease
8792,Field NE-08792 (Hawassa),FungalDisease|Drought|HeatStress
8793,Field SE-08793 (Hawassa),Drought
8794,Field NE-08794 (Sokoto),WeedPressure
8795,Field NE-08795 (Kilimani),(no issues listed)
8796,Field NW-08796 (Sokoto),Flood
8797,Field NE-08797 (Sokoto),WeedPressure
8798,Field SW-08798 (Kilimani),FungalDisease|Flood|SoilErosion
8799,Field SE-08799 (Amanzi),Pest|Salinity
8800,Field NW-08800 (Hawassa),FungalDisease|Flood
8801,Field NE-08801 (Amanzi),NutrientDeficiency|Pest
8802,Field SW-08802 (Hawassa),HeatStress|WeedPressure|Drought
8803,Field NW-08803 (Amanzi),Pest
8804,Field NE-08804 (Kilimani),NutrientDeficiency|WeedPressure
8805,Field C-08805 (Amanzi),Pest|NutrientDeficiency|SoilErosion
8806,Field C-08806 (Amanzi),FungalDisease
8807,Field SE-08807 (Amanzi),Flood|Pest|Drought
8808,Field C-08808 (Sokoto),Drought|Pest
8809,Field NW-08809 (Sokoto),Pest|NutrientDeficiency|FungalDisease
8810,Field NE-08810 (Sokoto),Flood|Salinity
8811,Field C-08811 (Kilimani),SoilErosion|WeedPressure|HeatStress
8812,Field NE-08812 (Kilimani),Drought
8813,Field NE-08813 (Kilimani),(no issues listed)
8814,Field SW-08814 (Sokoto),(no issues listed)
8815,Field NE-08815 (Sokoto),Pest|FrostDamage|WeedPressure
8816,Field NW-08816 (Akatsi),Flood
8817,Field SW-08817 (Hawassa),NutrientDeficiency
8818,Field NE-08818 (Sokoto),Drought|Pest
8819,Field C-08819 (Kilimani),Flood
8820,Field SW-08820 (Kilimani),NutrientDeficiency
8821,Field NE-08821 (Hawassa),(no issues listed)
8822,Field SW-08822 (Amanzi),Salinity
8823,Field SE-08823 (Sokoto),NutrientDeficiency
8824,Field SW-08824 (Sokoto),(no issues listed)
8825,Field SE-08825 (Amanzi),SoilErosion|Salinity
8826,Field C-08826 (Sokoto),(no issues listed)
8827,Field SE-08827 (Akatsi),Flood
8828,Field C-08828 (Sokoto),Pest|WeedPressure|Drought
8829,Field SE-08829 (Sokoto),WeedPressure
8830,Field NE-08830 (Kilimani),Flood|Drought|Pest
8831,Field NE-08831 (Amanzi),NutrientDeficiency|Salinity|Drought
8832,Field C-08832 (Hawassa),FrostDamage|NutrientDeficiency
8833,Field SE-08833 (Akatsi),Pest
8834,Field SW-08834 (Akatsi),WeedPressure|Drought|Flood
8835,Field NE-08835 (Akatsi),HeatStress|Drought|Pest
8836,Field SE-08836 (Akatsi),NutrientDeficiency|FrostDamage
8837,Field SW-08837 (Hawassa),FrostDamage|WeedPressure
8838,Field SW-08838 (Sokoto),NutrientDeficiency|WeedPressure
8839,Field SW-08839 (Amanzi),(no issues listed)
8840,Field C-08840 (Akatsi),Drought|SoilErosion
8841,Field SE-08841 (Amanzi),(no issues listed)
8842,Field SE-08842 (Sokoto),(no issues listed)
8843,Field SE-08843 (Kilimani),HeatStress|Pest
8844,Field SW-08844 (Hawassa),SoilErosion|Pest|FrostDamage
8845,Field NE-08845 (Sokoto),Pest
8846,Field NE-08846 (Sokoto),Pest|Drought|FungalDisease
8847,Field NE-08847 (Hawassa),(no issues listed)
8848,Field NW-08848 (Kilimani),HeatStress
8849,Field SE-08849 (Sokoto),(no issues listed)
8850,Field SE-08850 (Kilimani),NutrientDeficiency|WeedPressure
8851,Field SE-08851 (Kilimani),NutrientDeficiency|Pest|SoilErosion
8852,Field NW-08852 (Kilimani),NutrientDeficiency
8853,Field NW-08853 (Sokoto),NutrientDeficiency|FungalDisease
8854,Field NE-08854 (Hawassa),Drought
8855,Field NW-08855 (Sokoto),HeatStress
8856,Field NW-08856 (Amanzi),SoilErosion|FungalDisease|Pest
8857,Field C-08857 (Hawassa),HeatStress|SoilErosion|Drought
8858,Field NW-08858 (Kilimani),Flood
8859,Field SW-08859 (Akatsi),Pest
8860,Field NW-08860 (Hawassa),WeedPressure
8861,Field SE-08861 (Akatsi),Drought|NutrientDeficiency
8862,Field NE-08862 (Amanzi),Pest|WeedPressure|SoilErosion
8863,Field C-08863 (Akatsi),NutrientDeficiency|Pest
8864,Field SW-08864 (Hawassa),SoilErosion
8865,Field C-08865 (Kilimani),NutrientDeficiency
8866,Field SE-08866 (Akatsi),NutrientDeficiency|SoilErosion
8867,Field SW-08867 (Akatsi),(no issues listed)
8868,Field SE-08868 (Hawassa),WeedPressure|FrostDamage|SoilErosion
8869,Field SE-08869 (Hawassa),NutrientDeficiency|FungalDisease
8870,Field NW-08870 (Hawassa),NutrientDeficiency|Drought
8871,Field SW-08871 (Hawassa),(no issues listed)
8872,Field NE-08872 (Kilimani),NutrientDeficiency|Pest
8873,Field C-08873 (Hawassa),Flood|NutrientDeficiency
8874,Field NW-08874 (Akatsi),Pest|NutrientDeficiency|FrostDamage
8875,Field C-08875 (Sokoto),Drought|FungalDisease
8876,Field SE-08876 (Akatsi),Drought|Pest|FungalDisease
8877,Field SE-08877 (Hawassa),Salinity
8878,Field C-08878 (Amanzi),NutrientDeficiency|Drought
8879,Field SW-08879 (Kilimani),Pest|WeedPressure|FungalDisease
8880,Field SW-08880 (Sokoto),(no issues listed)
8881,Field SE-08881 (Akatsi),Salinity|FungalDisease
8882,Field NW-08882 (Amanzi),SoilErosion|Pest|FungalDisease
8883,Field SE-08883 (Sokoto),(no issues listed)
8884,Field C-08884 (Sokoto),WeedPressure|Pest|Flood
8885,Field SW-08885 (Hawassa),NutrientDeficiency
8886,Field SE-08886 (Sokoto),Drought|FungalDisease|NutrientDeficiency
8887,Field SE-08887 (Akatsi),SoilErosion
8888,Field NE-08888 (Sokoto),Flood|Drought|Pest
8889,Field NE-08889 (Akatsi),SoilErosion|FungalDisease|Pest
8890,Field NE-08890 (Amanzi),Flood|Pest|FungalDisease
8891,Field C-08891 (Sokoto),NutrientDeficiency
8892,Field SW-08892 (Akatsi),Drought|Pest|NutrientDeficiency
8893,Field C-08893 (Sokoto),NutrientDeficiency
8894,Field SE-08894 (Kilimani),FungalDisease
8895,Field NE-08895 (Akatsi),NutrientDeficiency|Flood|Pest
8896,Field NW-08896 (Amanzi),Drought|Salinity|WeedPressure
8897,Field SE-08897 (Akatsi),(no issues listed)
8898,Field SE-08898 (Kilimani),Pest|NutrientDeficiency
8899,Field SE-08899 (Amanzi),Pest|Drought
8900,Field C-08900 (Akatsi),(no issues listed)
8901,Field SE-08901 (Hawassa),Salinity|WeedPressure
8902,Field SW-08902 (Hawassa),Pest
8903,Field C-08903 (Hawassa),(no issues listed)
8904,Field NE-08904 (Hawassa),HeatStress|FungalDisease
8905,Field SW-08905 (Kilimani),Pest
8906,Field NE-08906 (Akatsi),WeedPressure|Pest|Flood
8907,Field NE-08907 (Akatsi),SoilErosion|Salinity
8908,Field SE-08908 (Amanzi),(no issues listed)
8909,Field SW-08909 (Akatsi),WeedPressure
8910,Field C-08910 (Kilimani),Drought
8911,Field NW-08911 (Kilimani),FrostDamage|Salinity
8912,Field SW-08912 (Hawassa),SoilErosion
8913,Field C-08913 (Hawassa),FungalDisease
8914,Field NE-08914 (Hawassa),(no issues listed)
8915,Field NW-08915 (Amanzi),SoilErosion|NutrientDeficiency
8916,Field SW-08916 (Hawassa),SoilErosion|HeatStress|FungalDisease
8917,Field C-08917 (Amanzi),Drought|Pest
8918,Field NW-08918 (Amanzi),FungalDisease
8919,Field C-08919 (Amanzi),SoilErosion
8920,Field C-08920 (Sokoto),Flood|WeedPressure|NutrientDeficiency
8921,Field C-08921 (Akatsi),(no issues listed)
8922,Field SE-08922 (Amanzi),WeedPressure|Pest
8923,Field NE-08923 (Akatsi),FungalDisease|Pest|Salinity
8924,Field SW-08924 (Amanzi),(no issues listed)
8925,Field NW-08925 (Amanzi),Flood|SoilErosion|HeatStress
8926,Field SW-08926 (Akatsi),NutrientDeficiency|Pest|FungalDisease
8927,Field SW-08927 (Sokoto),FrostDamage|Pest
8928,Field SW-08928 (Kilimani),(no issues listed)
8929,Field SE-08929 (Kilimani),SoilErosion
8930,Field SE-08930 (Amanzi),Pest
8931,Field SE-08931 (Hawassa),WeedPressure
8932,Field NE-08932 (Amanzi),NutrientDeficiency|HeatStress|Pest
8933,Field C-08933 (Kilimani),(no issues listed)
8934,Field NE-08934 (Akatsi),NutrientDeficiency
8935,Field C-08935 (Amanzi),FungalDisease
8936,Field NW-08936 (Akatsi),NutrientDeficiency|FrostDamage|Drought
8937,Field NE-08937 (Sokoto),SoilErosion|FrostDamage|HeatStress
8938,Field NE-08938 (Sokoto),Flood
8939,Field C-08939 (Kilimani),Pest|NutrientDeficiency|WeedPressure
8940,Field C-08940 (Amanzi),Drought|HeatStress|Flood
8941,Field NE-08941 (Sokoto),WeedPressure|Pest|HeatStress
8942,Field NW-08942 (Kilimani),Drought|SoilErosion
8943,Field SE-08943 (Hawassa),HeatStress|SoilErosion|NutrientDeficiency
8944,Field SE-08944 (Hawassa),(no issues listed)
8945,Field C-08945 (Sokoto),FungalDisease|Pest
8946,Field NE-08946 (Sokoto),HeatStress|Flood|FrostDamage
8947,Field C-08947 (Akatsi),HeatStress|WeedPressure|Salinity
8948,Field C-08948 (Kilimani),Drought|FrostDamage
8949,Field SE-08949 (Sokoto),FungalDisease
8950,Field NE-08950 (Kilimani),Salinity|SoilErosion|FrostDamage
8951,Field NE-08951 (Hawassa),SoilErosion
8952,Field SE-08952 (Hawassa),WeedPressure
8953,Field C-08953 (Hawassa),WeedPressure
8954,Field SW-08954 (Hawassa),WeedPressure|Pest
8955,Field NE-08955 (Kilimani),Drought|NutrientDeficiency|Flood
8956,Field SW-08956 (Amanzi),(no issues listed)
8957,Field SE-08957 (Amanzi),Drought|Pest|Flood
8958,Field NW-08958 (Akatsi),HeatStress|FungalDisease|Pest
8959,Field C-08959 (Sokoto),Drought|FungalDisease|WeedPressure
8960,Field SW-08960 (Kilimani),NutrientDeficiency
8961,Field SE-08961 (Hawassa),Pest|FungalDisease|HeatStress
8962,Field SW-08962 (Amanzi),SoilErosion|HeatStress|WeedPressure
8963,Field C-08963 (Sokoto),NutrientDeficiency|WeedPressure
8964,Field C-08964 (Akatsi),Drought|FungalDisease|WeedPressure
8965,Field SE-08965 (Kilimani),SoilErosion|Pest|FrostDamage
8966,Field SE-08966 (Akatsi),(no issues listed)
8967,Field NW-08967 (Sokoto),Drought|HeatStress
8968,Field SW-08968 (Sokoto),(no issues listed)
8969,Field SW-08969 (Sokoto),(no issues listed)
8970,Field C-08970 (Amanzi),(no issues listed)
8971,Field SE-08971 (Kilimani),SoilErosion|Salinity
8972,Field NW-08972 (Amanzi),NutrientDeficiency
8973,Field SW-08973 (Kilimani),SoilErosion|FungalDisease|Pest
8974,Field NE-08974 (Hawassa),(no issues listed)
8975,Field SW-08975 (Hawassa),WeedPressure
8976,Field SW-08976 (Akatsi),Salinity
8977,Field NW-08977 (Akatsi),Drought|FungalDisease
8978,Field SW-08978 (Kilimani),WeedPressure
8979,Field NE-08979 (Akatsi),Salinity
8980,Field NW-08980 (Akatsi),WeedPressure|Drought
8981,Field NE-08981 (Akatsi),FungalDisease|Flood
8982,Field C-08982 (Sokoto),Salinity
8983,Field C-08983 (Kilimani),Pest|FrostDamage|NutrientDeficiency
8984,Field SE-08984 (Kilimani),(no issues listed)
8985,Field C-08985 (Kilimani),NutrientDeficiency|Salinity|Flood
8986,Field NE-08986 (Sokoto),Flood
8987,Field SE-08987 (Amanzi),FungalDisease|NutrientDeficiency|WeedPressure
8988,Field C-08988 (Amanzi),Pest|NutrientDeficiency|HeatStress
8989,Field NE-08989 (Akatsi),Salinity|NutrientDeficiency|Flood
8990,Field NE-08990 (Kilimani),(no issues listed)
8991,Field C-08991 (Sokoto),Drought
8992,Field SW-08992 (Sokoto),NutrientDeficiency|WeedPressure|FrostDamage
8993,Field SE-08993 (Akatsi),Drought
8994,Field NE-08994 (Akatsi),SoilErosion|Pest
8995,Field SE-08995 (Hawassa),Pest|WeedPressure
8996,Field C-08996 (Akatsi),WeedPressure|SoilErosion
8997,Field C-08997 (Amanzi),WeedPressure
8998,Field C-08998 (Hawassa),FungalDisease
8999,Field NW-08999 (Kilimani),Pest|HeatStress
9000,Field NE-09000 (Hawassa),(no issues listed)
9001,Field NE-09001 (Sokoto),Pest|Drought
9002,Field SW-09002 (Hawassa),SoilErosion|HeatStress
9003,Field SW-09003 (Amanzi),Pest|SoilErosion|FungalDisease
9004,Field SW-09004 (Amanzi),Drought|FrostDamage|NutrientDeficiency
9005,Field SW-09005 (Sokoto),FrostDamage|HeatStress
9006,Field C-09006 (Kilimani),SoilErosion|HeatStress|Pest
9007,Field NE-09007 (Amanzi),Pest|Flood
9008,Field NE-09008 (Sokoto),Drought|HeatStress
9009,Field SE-09009 (Sokoto),Pest|SoilErosion
9010,Field SW-09010 (Hawassa),Pest
9011,Field C-09011 (Hawassa),Drought|FungalDisease
9012,Field C-09012 (Sokoto),Drought
9013,Field NW-09013 (Hawassa),Drought
9014,Field SE-09014 (Sokoto),(no issues listed)
9015,Field SE-09015 (Sokoto),NutrientDeficiency|Pest|HeatStress
9016,Field NE-09016 (Amanzi),Drought
9017,Field NE-09017 (Hawassa),Drought
9018,Field SE-09018 (Akatsi),Pest|SoilErosion|Flood
9019,Field C-09019 (Amanzi),Flood
9020,Field C-09020 (Akatsi),HeatStress
9021,Field SW-09021 (Kilimani),HeatStress|NutrientDeficiency
9022,Field SE-09022 (Akatsi),Pest
9023,Field SE-09023 (Hawassa),(no issues listed)
9024,Field NE-09024 (Amanzi),Flood|Drought|FrostDamage
9025,Field NW-09025 (Hawassa),WeedPressure|SoilErosion
9026,Field C-09026 (Hawassa),HeatStress|WeedPressure
9027,Field SW-09027 (Hawassa),(no issues listed)
9028,Field C-09028 (Amanzi),Pest|FungalDisease|Flood
9029,Field C-09029 (Kilimani),HeatStress|FungalDisease
9030,Field NW-09030 (Hawassa),NutrientDeficiency|SoilErosion|WeedPressure
9031,Field SW-09031 (Sokoto),Salinity|SoilErosion
9032,Field NW-09032 (Akatsi),Flood|Drought
9033,Field SW-09033 (Sokoto),Pest
9034,Field SW-09034 (Sokoto),SoilErosion
9035,Field NE-09035 (Hawassa),NutrientDeficiency|HeatStress
9036,Field NE-09036 (Akatsi),Pest|FrostDamage|Salinity
9037,Field NE-09037 (Akatsi),Pest
9038,Field SW-09038 (Hawassa),Drought|HeatStress
9039,Field SE-09039 (Amanzi),Salinity
9040,Field C-09040 (Kilimani),FrostDamage
9041,Field SW-09041 (Akatsi),(no issues listed)
9042,Field NE-09042 (Akatsi),SoilErosion|HeatStress
9043,Field SW-09043 (Sokoto),Pest
9044,Field NE-09044 (Hawassa),(no issues listed)
9045,Field SW-09045 (Kilimani),Drought
9046,Field NW-09046 (Akatsi),Flood|Pest
9047,Field SE-09047 (Kilimani),Salinity|Pest|Drought
9048,Field NE-09048 (Hawassa),(no issues listed)
9049,Field C-09049 (Hawassa),WeedPressure
9050,Field NE-09050 (Sokoto),WeedPressure
9051,Field SW-09051 (Amanzi),NutrientDeficiency|SoilErosion|HeatStress
9052,Field NE-09052 (Hawassa),Pest|HeatStress|FungalDisease
9053,Field NW-09053 (Akatsi),SoilErosion|Pest
9054,Field C-09054 (Sokoto),Pest|WeedPressure|Flood
9055,Field SW-09055 (Sokoto),WeedPressure|FrostDamage|HeatStress
9056,Field NW-09056 (Sokoto),FungalDisease|Pest|SoilErosion
9057,Field SE-09057 (Kilimani),Pest|Drought
9058,Field SE-09058 (Hawassa),NutrientDeficiency
9059,Field C-09059 (Akatsi),WeedPressure|Flood|Salinity
9060,Field NW-09060 (Akatsi),Drought|FungalDisease
9061,Field SE-09061 (Kilimani),Pest|Salinity|HeatStress
9062,Field C-09062 (Hawassa),Flood|HeatStress|Salinity
9063,Field NE-09063 (Sokoto),(no issues listed)
9064,Field NW-09064 (Kilimani),Drought|NutrientDeficiency
9065,Field SW-09065 (Hawassa),HeatStress|Drought|WeedPressure
9066,Field C-09066 (Amanzi),HeatStress|WeedPressure
9067,Field NW-09067 (Kilimani),(no issues listed)
9068,Field NW-09068 (Amanzi),Flood|WeedPressure
9069,Field NW-09069 (Amanzi),WeedPressure|HeatStress|Pest
9070,Field C-09070 (Sokoto),WeedPressure|Pest|SoilErosion
9071,Field NW-09071 (Amanzi),Pest|NutrientDeficiency|Salinity
9072,Field SE-09072 (Akatsi),Pest
9073,Field NW-09073 (Akatsi),Flood|WeedPressure
9074,Field NW-09074 (Hawassa),(no issues listed)
9075,Field NW-09075 (Sokoto),SoilErosion
9076,Field NE-09076 (Kilimani),(no issues listed)
9077,Field NW-09077 (Amanzi),FungalDisease|NutrientDeficiency
9078,Field SW-09078 (Hawassa),Pest|FrostDamage
9079,Field NE-09079 (Amanzi),HeatStress
9080,Field SE-09080 (Akatsi),HeatStress|WeedPressure|Flood
9081,Field NW-09081 (Sokoto),SoilErosion|Drought
9082,Field C-09082 (Akatsi),(no issues listed)
9083,Field SE-09083 (Akatsi),SoilErosion|Flood
9084,Field SW-09084 (Amanzi),Flood
9085,Field SE-09085 (Sokoto),SoilErosion|Pest
9086,Field NE-09086 (Akatsi),(no issues listed)
9087,Field NW-09087 (Hawassa),NutrientDeficiency|Flood
9088,Field SE-09088 (Amanzi),FungalDisease|NutrientDeficiency|Drought
9089,Field SW-09089 (Sokoto),Pest|NutrientDeficiency
9090,Field NW-09090 (Hawassa),(no issues listed)
9091,Field SE-09091 (Amanzi),Flood|NutrientDeficiency
9092,Field C-09092 (Kilimani),NutrientDeficiency
9093,Field SW-09093 (Hawassa),WeedPressure|Salinity
9094,Field SE-09094 (Hawassa),FungalDisease|Flood|Drought
9095,Field SE-09095 (Sokoto),FungalDisease|Pest
9096,Field SE-09096 (Kilimani),FungalDisease
9097,Field NE-09097 (Amanzi),Drought
9098,Field SE-09098 (Hawassa),Drought
9099,Field C-09099 (Hawassa),FungalDisease|Drought
9100,Field SW-09100 (Akatsi),Drought
9101,Field SE-09101 (Akatsi),(no issues listed)
9102,Field NE-09102 (Amanzi),(no issues listed)
9103,Field NW-09103 (Kilimani),FungalDisease
9104,Field SW-09104 (Kilimani),WeedPressure|Pest|Drought
9105,Field SE-09105 (Hawassa),Pest
9106,Field SE-09106 (Kilimani),Drought|Pest|FungalDisease
9107,Field C-09107 (Akatsi),Drought|FungalDisease|NutrientDeficiency
9108,Field SE-09108 (Sokoto),(no issues listed)
9109,Field NE-09109 (Amanzi),NutrientDeficiency|Salinity
9110,Field NW-09110 (Hawassa),Pest
9111,Field SW-09111 (Sokoto),WeedPressure
9112,Field SW-09112 (Amanzi),(no issues listed)
9113,Field SE-09113 (Akatsi),Pest
9114,Field SW-09114 (Akatsi),(no issues listed)
9115,Field C-09115 (Kilimani),Flood|NutrientDeficiency|HeatStress
9116,Field NE-09116 (Kilimani),SoilErosion|WeedPressure|Drought
9117,Field SW-09117 (Sokoto),FungalDisease|HeatStress|Flood
9118,Field NW-09118 (Amanzi),NutrientDeficiency
9119,Field NE-09119 (Amanzi),Pest
9120,Field SW-09120 (Akatsi),WeedPressure
9121,Field NE-09121 (Amanzi),Pest
9122,Field NW-09122 (Amanzi),Drought
9123,Field NW-09123 (Sokoto),Flood|FrostDamage
9124,Field SW-09124 (Kilimani),FrostDamage
9125,Field SE-09125 (Amanzi),Flood
9126,Field C-09126 (Amanzi),Pest|Flood
9127,Field NW-09127 (Sokoto),NutrientDeficiency|Drought|Pest
9128,Field C-09128 (Akatsi),WeedPressure|FungalDisease|Pest
9129,Field C-09129 (Amanzi),HeatStress|NutrientDeficiency|Drought
9130,Field NE-09130 (Kilimani),WeedPressure|Pest
9131,Field NW-09131 (Akatsi),FungalDisease
9132,Field NW-09132 (Sokoto),Pest
9133,Field SE-09133 (Sokoto),WeedPressure|NutrientDeficiency
9134,Field SE-09134 (Amanzi),HeatStress|WeedPressure
9135,Field C-09135 (Hawassa),Pest|Drought
9136,Field NE-09136 (Sokoto),WeedPressure|Pest
9137,Field C-09137 (Amanzi),Salinity|SoilErosion|Drought
9138,Field SW-09138 (Kilimani),Pest
9139,Field SW-09139 (Akatsi),Drought|Pest
9140,Field NE-09140 (Akatsi),(no issues listed)
9141,Field SE-09141 (Sokoto),FungalDisease|Pest
9142,Field C-09142 (Akatsi),SoilErosion|WeedPressure|Pest
9143,Field NE-09143 (Kilimani),Drought|Flood
9144,Field C-09144 (Amanzi),NutrientDeficiency
9145,Field SW-09145 (Hawassa),WeedPressure
9146,Field NW-09146 (Amanzi),(no issues listed)
9147,Field SE-09147 (Kilimani),FungalDisease|Pest|SoilErosion
9148,Field NW-09148 (Kilimani),SoilErosion
9149,Field NW-09149 (Hawassa),NutrientDeficiency|WeedPressure|Drought
9150,Field C-09150 (Hawassa),FungalDisease
9151,Field SW-09151 (Hawassa),Flood|HeatStress|Salinity
9152,Field SE-09152 (Amanzi),WeedPressure|FungalDisease|Salinity
9153,Field C-09153 (Hawassa),WeedPressure|Drought
9154,Field NE-09154 (Amanzi),NutrientDeficiency|Drought|SoilErosion
9155,Field SW-09155 (Kilimani),(no issues listed)
9156,Field SE-09156 (Kilimani),Salinity
9157,Field SW-09157 (Sokoto),NutrientDeficiency
9158,Field C-09158 (Hawassa),WeedPressure
9159,Field NW-09159 (Sokoto),HeatStress|Flood
9160,Field C-09160 (Akatsi),(no issues listed)
9161,Field SW-09161 (Kilimani),Pest
9162,Field NW-09162 (Sokoto),Drought|Salinity|SoilErosion
9163,Field C-09163 (Sokoto),SoilErosion|HeatStress
9164,Field SW-09164 (Amanzi),Pest|Drought
9165,Field SE-09165 (Sokoto),FrostDamage
9166,Field SW-09166 (Sokoto),HeatStress|FungalDisease|Drought
9167,Field SE-09167 (Kilimani),(no issues listed)
9168,Field NW-09168 (Kilimani),NutrientDeficiency|Pest
9169,Field SE-09169 (Hawassa),WeedPressure|Salinity
9170,Field C-09170 (Hawassa),Pest
9171,Field SE-09171 (Hawassa),NutrientDeficiency|Drought
9172,Field NE-09172 (Kilimani),NutrientDeficiency|HeatStress
9173,Field SW-09173 (Akatsi),WeedPressure|FrostDamage
9174,Field NW-09174 (Kilimani),Pest|Flood|NutrientDeficiency
9175,Field SW-09175 (Sokoto),WeedPressure|FungalDisease|HeatStress
9176,Field NW-09176 (Amanzi),Pest
9177,Field SW-09177 (Hawassa),Flood|WeedPressure|HeatStress
9178,Field NE-09178 (Akatsi),Pest|NutrientDeficiency
9179,Field SW-09179 (Kilimani),WeedPressure|Drought
9180,Field NW-09180 (Kilimani),Pest
9181,Field NE-09181 (Akatsi),Flood|Pest|WeedPressure
9182,Field SE-09182 (Sokoto),SoilErosion|WeedPressure|NutrientDeficiency
9183,Field SW-09183 (Amanzi),NutrientDeficiency|FrostDamage
9184,Field SW-09184 (Amanzi),NutrientDeficiency|FungalDisease|Drought
9185,Field SE-09185 (Akatsi),NutrientDeficiency|WeedPressure
9186,Field NW-09186 (Amanzi),Flood
9187,Field SE-09187 (Kilimani),HeatStress|NutrientDeficiency
9188,Field NE-09188 (Sokoto),HeatStress|Pest
9189,Field SW-09189 (Akatsi),NutrientDeficiency|WeedPressure|SoilErosion
9190,Field C-09190 (Hawassa),WeedPressure|SoilErosion|FungalDisease
9191,Field NW-09191 (Kilimani),Drought|Pest|Salinity
9192,Field SW-09192 (Sokoto),FungalDisease|FrostDamage|Flood
9193,Field NW-09193 (Amanzi),FrostDamage
9194,Field NE-09194 (Kilimani),Pest|HeatStress|Drought
9195,Field C-09195 (Hawassa),NutrientDeficiency
9196,Field NE-09196 (Akatsi),Drought|HeatStress|SoilErosion
9197,Field SW-09197 (Akatsi),HeatStress|Pest|NutrientDeficiency
9198,Field NE-09198 (Akatsi),Salinity
9199,Field NW-09199 (Kilimani),NutrientDeficiency
9200,Field C-09200 (Kilimani),(no issues listed)
9201,Field NW-09201 (Akatsi),Drought|Pest|FungalDisease
9202,Field SE-09202 (Akatsi),NutrientDeficiency|Drought|HeatStress
9203,Field C-09203 (Kilimani),SoilErosion
9204,Field NW-09204 (Amanzi),FungalDisease|Salinity
9205,Field NW-09205 (Sokoto),SoilErosion|Flood
9206,Field NE-09206 (Amanzi),(no issues listed)
9207,Field NE-09207 (Kilimani),Pest|WeedPressure|HeatStress
9208,Field NE-09208 (Hawassa),FrostDamage|SoilErosion
9209,Field SW-09209 (Kilimani),Salinity
9210,Field SW-09210 (Sokoto),Drought
9211,Field C-09211 (Amanzi),Pest
9212,Field SW-09212 (Sokoto),WeedPressure|Pest|HeatStress
9213,Field SE-09213 (Amanzi),FrostDamage|Drought
9214,Field SE-09214 (Sokoto),SoilErosion|HeatStress|NutrientDeficiency
9215,Field NW-09215 (Hawassa),NutrientDeficiency|Salinity
9216,Field C-09216 (Amanzi),Pest|SoilErosion
9217,Field SW-09217 (Hawassa),WeedPressure
9218,Field NE-09218 (Kilimani),Flood|Pest|WeedPressure
9219,Field SE-09219 (Kilimani),Drought|NutrientDeficiency|Pest
9220,Field SE-09220 (Amanzi),Pest
9221,Field SW-09221 (Hawassa),Drought|Flood
9222,Field SE-09222 (Amanzi),NutrientDeficiency|Salinity
9223,Field SW-09223 (Kilimani),Drought
9224,Field SE-09224 (Sokoto),(no issues listed)
9225,Field NW-09225 (Sokoto),Flood|FungalDisease
9226,Field C-09226 (Amanzi),Salinity
9227,Field NW-09227 (Amanzi),Drought
9228,Field SE-09228 (Kilimani),HeatStress|Flood|Drought
9229,Field NW-09229 (Sokoto),Salinity|Flood
9230,Field SE-09230 (Hawassa),Flood|Drought
9231,Field NW-09231 (Sokoto),WeedPressure
9232,Field NE-09232 (Sokoto),SoilErosion|Drought
9233,Field NE-09233 (Kilimani),SoilErosion
9234,Field C-09234 (Sokoto),FungalDisease|SoilErosion|NutrientDeficiency
9235,Field SW-09235 (Kilimani),Pest
9236,Field NE-09236 (Hawassa),SoilErosion
9237,Field NW-09237 (Amanzi),FrostDamage|NutrientDeficiency
9238,Field SE-09238 (Kilimani),(no issues listed)
9239,Field SE-09239 (Sokoto),WeedPressure|Drought|SoilErosion
9240,Field NW-09240 (Hawassa),Pest|SoilErosion
9241,Field NE-09241 (Sokoto),Flood|Drought|WeedPressure
9242,Field NW-09242 (Hawassa),FungalDisease|FrostDamage|Drought
9243,Field C-09243 (Akatsi),SoilErosion
9244,Field NW-09244 (Sokoto),SoilErosion
9245,Field C-09245 (Kilimani),SoilErosion|FrostDamage|Pest
9246,Field SE-09246 (Sokoto),NutrientDeficiency
9247,Field NE-09247 (Sokoto),(no issues listed)
9248,Field C-09248 (Amanzi),(no issues listed)
9249,Field NW-09249 (Kilimani),FungalDisease|NutrientDeficiency
9250,Field C-09250 (Kilimani),NutrientDeficiency|Flood
9251,Field SE-09251 (Sokoto),NutrientDeficiency
9252,Field NE-09252 (Kilimani),Flood|NutrientDeficiency|SoilErosion
9253,Field NE-09253 (Hawassa),Pest|Flood
9254,Field C-09254 (Amanzi),WeedPressure|FrostDamage
9255,Field SE-09255 (Hawassa),HeatStress
9256,Field NE-09256 (Sokoto),Flood|Drought|WeedPressure
9257,Field SE-09257 (Akatsi),HeatStress|Drought|SoilErosion
9258,Field NW-09258 (Amanzi),Pest|NutrientDeficiency|Flood
9259,Field C-09259 (Akatsi),FungalDisease|WeedPressure|Drought
9260,Field SE-09260 (Akatsi),NutrientDeficiency|HeatStress|FungalDisease
9261,Field NW-09261 (Hawassa),Pest|NutrientDeficiency|Salinity
9262,Field NW-09262 (Akatsi),Drought
9263,Field SE-09263 (Akatsi),FungalDisease
9264,Field SE-09264 (Hawassa),Pest|Drought
9265,Field NE-09265 (Amanzi),WeedPressure|FungalDisease
9266,Field NW-09266 (Amanzi),(no issues listed)
9267,Field SW-09267 (Hawassa),NutrientDeficiency|WeedPressure|HeatStress
9268,Field SE-09268 (Hawassa),Pest
9269,Field NE-09269 (Akatsi),HeatStress|Salinity|Pest
9270,Field NE-09270 (Akatsi),Drought|Pest
9271,Field C-09271 (Sokoto),Pest|Flood
9272,Field NW-09272 (Amanzi),(no issues listed)
9273,Field SW-09273 (Kilimani),(no issues listed)
9274,Field SW-09274 (Amanzi),SoilErosion|NutrientDeficiency|HeatStress
9275,Field NE-09275 (Akatsi),NutrientDeficiency
9276,Field C-09276 (Hawassa),FungalDisease|Salinity
9277,Field NW-09277 (Akatsi),(no issues listed)
9278,Field SW-09278 (Sokoto),SoilErosion|Pest|Flood
9279,Field C-09279 (Akatsi),(no issues listed)
9280,Field NE-09280 (Akatsi),Drought|HeatStress|Pest
9281,Field SW-09281 (Akatsi),NutrientDeficiency
9282,Field SW-09282 (Amanzi),SoilErosion|FungalDisease|Drought
9283,Field NE-09283 (Amanzi),Drought
9284,Field NW-09284 (Sokoto),(no issues listed)
9285,Field SW-09285 (Sokoto),Pest|FrostDamage
9286,Field NW-09286 (Kilimani),Pest|Drought|Salinity
9287,Field NE-09287 (Akatsi),Pest|WeedPressure
9288,Field NE-09288 (Hawassa),Pest
9289,Field NE-09289 (Sokoto),WeedPressure|Pest|HeatStress
9290,Field NE-09290 (Amanzi),FungalDisease|Pest|WeedPressure
9291,Field SE-09291 (Akatsi),WeedPressure|Drought
9292,Field NW-09292 (Sokoto),Drought
9293,Field NE-09293 (Hawassa),Drought|Salinity|NutrientDeficiency
9294,Field SW-09294 (Kilimani),SoilErosion
9295,Field NW-09295 (Sokoto),Pest
9296,Field NW-09296 (Kilimani),HeatStress
9297,Field SW-09297 (Akatsi),NutrientDeficiency|Drought|FrostDamage
9298,Field SE-09298 (Hawassa),Pest|NutrientDeficiency
9299,Field SE-09299 (Akatsi),Drought
9300,Field NE-09300 (Hawassa),NutrientDeficiency|SoilErosion|FungalDisease
9301,Field NW-09301 (Sokoto),Pest|SoilErosion
9302,Field NE-09302 (Akatsi),WeedPressure|Pest|Salinity
9303,Field NE-09303 (Akatsi),FungalDisease|FrostDamage|WeedPressure
9304,Field NE-09304 (Akatsi),SoilErosion|WeedPressure
9305,Field SE-09305 (Hawassa),Flood
9306,Field SW-09306 (Sokoto),(no issues listed)
9307,Field SE-09307 (Amanzi),Drought|WeedPressure
9308,Field C-09308 (Kilimani),FungalDisease|HeatStress
9309,Field NW-09309 (Kilimani),WeedPressure
9310,Field NE-09310 (Hawassa),Drought|Salinity
9311,Field C-09311 (Sokoto),Salinity
9312,Field NE-09312 (Sokoto),FrostDamage
9313,Field NW-09313 (Amanzi),NutrientDeficiency|Drought
9314,Field SE-09314 (Sokoto),Pest
9315,Field NW-09315 (Hawassa),WeedPressure|Pest
9316,Field C-09316 (Kilimani),FrostDamage
9317,Field C-09317 (Kilimani),HeatStress|WeedPressure|Pest
9318,Field NE-09318 (Hawassa),Pest|NutrientDeficiency
9319,Field NE-09319 (Amanzi),Drought|NutrientDeficiency
9320,Field NE-09320 (Sokoto),Pest
9321,Field SW-09321 (Akatsi),SoilErosion|NutrientDeficiency|Drought
9322,Field C-09322 (Amanzi),Pest
9323,Field SE-09323 (Hawassa),SoilErosion|HeatStress
9324,Field SW-09324 (Kilimani),Pest|FungalDisease
9325,Field C-09325 (Kilimani),Drought|Flood
9326,Field C-09326 (Hawassa),Drought
9327,Field SW-09327 (Kilimani),Drought|HeatStress|WeedPressure
9328,Field NW-09328 (Hawassa),Pest|SoilErosion|HeatStress
9329,Field SE-09329 (Sokoto),SoilErosion|WeedPressure|Pest
9330,Field SE-09330 (Hawassa),Drought
9331,Field SW-09331 (Akatsi),Drought|Pest
9332,Field NW-09332 (Akatsi),HeatStress|NutrientDeficiency
9333,Field SE-09333 (Hawassa),Flood
9334,Field SE-09334 (Kilimani),SoilErosion
9335,Field SW-09335 (Kilimani),NutrientDeficiency
9336,Field SE-09336 (Akatsi),Salinity|FrostDamage
9337,Field SW-09337 (Akatsi),(no issues listed)
9338,Field SW-09338 (Amanzi),FungalDisease|Drought|HeatStress
9339,Field NE-09339 (Akatsi),(no issues listed)
9340,Field NW-09340 (Sokoto),WeedPressure|Drought
9341,Field NW-09341 (Kilimani),Pest|WeedPressure
9342,Field SE-09342 (Amanzi),HeatStress
9343,Field NW-09343 (Amanzi),Pest
9344,Field NW-09344 (Kilimani),(no issues listed)
9345,Field NW-09345 (Kilimani),FungalDisease
9346,Field NE-09346 (Akatsi),Flood|NutrientDeficiency
9347,Field NW-09347 (Sokoto),WeedPressure|Pest
9348,Field SW-09348 (Amanzi),Drought|SoilErosion
9349,Field C-09349 (Hawassa),HeatStress
9350,Field NE-09350 (Hawassa),WeedPressure
9351,Field NW-09351 (Kilimani),Drought
9352,Field NW-09352 (Amanzi),Flood|WeedPressure|Pest
9353,Field NW-09353 (Akatsi),Salinity
9354,Field NE-09354 (Sokoto),WeedPressure|FrostDamage|Pest
9355,Field NE-09355 (Amanzi),Drought|NutrientDeficiency
9356,Field SE-09356 (Amanzi),(no issues listed)
9357,Field C-09357 (Kilimani),Pest|SoilErosion|Drought
9358,Field SE-09358 (Kilimani),WeedPressure|HeatStress
9359,Field SW-09359 (Sokoto),(no issues listed)
9360,Field C-09360 (Kilimani),Flood|Pest|NutrientDeficiency
9361,Field C-09361 (Sokoto),Drought|Pest|WeedPressure
9362,Field NE-09362 (Sokoto),Drought|SoilErosion|Pest
9363,Field NW-09363 (Amanzi),Drought|HeatStress
9364,Field NE-09364 (Akatsi),Pest|Flood
9365,Field C-09365 (Sokoto),HeatStress|Flood
9366,Field NE-09366 (Kilimani),NutrientDeficiency
9367,Field SW-09367 (Hawassa),Drought|Flood
9368,Field SW-09368 (Sokoto),HeatStress
9369,Field SW-09369 (Hawassa),WeedPressure|HeatStress
9370,Field C-09370 (Sokoto),Flood|Pest
9371,Field NW-09371 (Amanzi),Salinity|HeatStress
9372,Field NE-09372 (Sokoto),Flood|Pest
9373,Field SE-09373 (Sokoto),Pest|SoilErosion
9374,Field C-09374 (Hawassa),(no issues listed)
9375,Field NW-09375 (Hawassa),WeedPressure|FrostDamage|SoilErosion
9376,Field SE-09376 (Sokoto),Drought|WeedPressure|HeatStress
9377,Field SW-09377 (Sokoto),(no issues listed)
9378,Field SW-09378 (Kilimani),Flood|FungalDisease|SoilErosion
9379,Field C-09379 (Amanzi),FungalDisease
9380,Field SE-09380 (Akatsi),(no issues listed)
9381,Field C-09381 (Amanzi),Pest|NutrientDeficiency|HeatStress
9382,Field NW-09382 (Akatsi),WeedPressure
9383,Field C-09383 (Amanzi),SoilErosion|Drought
9384,Field SE-09384 (Sokoto),(no issues listed)
9385,Field NW-09385 (Kilimani),Pest|Flood|SoilErosion
9386,Field NE-09386 (Amanzi),Pest|FungalDisease|Salinity
9387,Field NW-09387 (Amanzi),SoilErosion|Pest|Drought
9388,Field NE-09388 (Amanzi),(no issues listed)
9389,Field NW-09389 (Amanzi),HeatStress
9390,Field NW-09390 (Hawassa),NutrientDeficiency|Flood|Drought
9391,Field NE-09391 (Hawassa),Drought|FungalDisease|NutrientDeficiency
9392,Field SW-09392 (Sokoto),SoilErosion|Salinity
9393,Field SE-09393 (Kilimani),NutrientDeficiency
9394,Field NW-09394 (Kilimani),WeedPressure
9395,Field NE-09395 (Sokoto),SoilErosion|HeatStress
9396,Field SW-09396 (Kilimani),NutrientDeficiency
9397,Field C-09397 (Akatsi),Drought
9398,Field SW-09398 (Sokoto),HeatStress|NutrientDeficiency|Salinity
9399,Field NE-09399 (Sokoto),WeedPressure
9400,Field SW-09400 (Hawassa),SoilErosion|Pest
9401,Field NE-09401 (Amanzi),Drought|NutrientDeficiency
9402,Field NE-09402 (Sokoto),WeedPressure|Drought
9403,Field NE-09403 (Akatsi),NutrientDeficiency
9404,Field SE-09404 (Akatsi),Flood|Drought
9405,Field SW-09405 (Amanzi),Drought|SoilErosion|FungalDisease
9406,Field NW-09406 (Hawassa),Salinity
9407,Field C-09407 (Sokoto),FrostDamage|HeatStress|WeedPressure
9408,Field NE-09408 (Amanzi),HeatStress
9409,Field NW-09409 (Akatsi),Drought|NutrientDeficiency|WeedPressure
9410,Field C-09410 (Amanzi),FungalDisease|Flood
9411,Field C-09411 (Hawassa),Drought|Pest
9412,Field SW-09412 (Kilimani),WeedPressure
9413,Field SE-09413 (Kilimani),Drought|Salinity
9414,Field NW-09414 (Amanzi),Pest|HeatStress
9415,Field NW-09415 (Akatsi),Pest|Salinity
9416,Field SW-09416 (Sokoto),(no issues listed)
9417,Field SE-09417 (Akatsi),SoilErosion
9418,Field C-09418 (Kilimani),Drought|FrostDamage|NutrientDeficiency
9419,Field NE-09419 (Akatsi),NutrientDeficiency|Pest|FungalDisease
9420,Field SW-09420 (Akatsi),Drought
9421,Field SW-09421 (Hawassa),Pest|WeedPressure
9422,Field SW-09422 (Kilimani),FungalDisease|HeatStress|FrostDamage
9423,Field SW-09423 (Amanzi),WeedPressure|SoilErosion
9424,Field SW-09424 (Amanzi),FrostDamage|Pest|WeedPressure
9425,Field NW-09425 (Akatsi),WeedPressure
9426,Field SW-09426 (Akatsi),NutrientDeficiency|FungalDisease|Salinity
9427,Field NE-09427 (Akatsi),Flood|HeatStress|Drought
9428,Field NE-09428 (Sokoto),NutrientDeficiency|HeatStress
9429,Field SW-09429 (Amanzi),(no issues listed)
9430,Field C-09430 (Sokoto),WeedPressure
9431,Field NE-09431 (Amanzi),HeatStress|Drought|WeedPressure
9432,Field C-09432 (Hawassa),Flood|Pest
9433,Field NW-09433 (Kilimani),Pest
9434,Field SW-09434 (Sokoto),NutrientDeficiency|FungalDisease|Drought
9435,Field C-09435 (Amanzi),NutrientDeficiency|HeatStress
9436,Field C-09436 (Hawassa),WeedPressure|SoilErosion|FrostDamage
9437,Field SW-09437 (Kilimani),Pest|WeedPressure|SoilErosion
9438,Field NW-09438 (Sokoto),SoilErosion
9439,Field NE-09439 (Kilimani),(no issues listed)
9440,Field NW-09440 (Amanzi),NutrientDeficiency
9441,Field SE-09441 (Kilimani),WeedPressure|Drought
9442,Field SW-09442 (Amanzi),Pest|HeatStress|Drought
9443,Field NE-09443 (Amanzi),Drought
9444,Field SW-09444 (Hawassa),WeedPressure|FrostDamage
9445,Field SE-09445 (Sokoto),FungalDisease|NutrientDeficiency
9446,Field SE-09446 (Kilimani),HeatStress
9447,Field SW-09447 (Sokoto),(no issues listed)
9448,Field C-09448 (Amanzi),FrostDamage|Pest|FungalDisease
9449,Field SE-09449 (Kilimani),SoilErosion|Flood
9450,Field NW-09450 (Sokoto),(no issues listed)
9451,Field C-09451 (Kilimani),Salinity
9452,Field C-09452 (Sokoto),(no issues listed)
9453,Field SE-09453 (Kilimani),Flood
9454,Field NW-09454 (Kilimani),WeedPressure
9455,Field NW-09455 (Kilimani),HeatStress
9456,Field SW-09456 (Akatsi),(no issues listed)
9457,Field SW-09457 (Sokoto),Pest|SoilErosion
9458,Field NW-09458 (Amanzi),FungalDisease|NutrientDeficiency|HeatStress
9459,Field C-09459 (Amanzi),WeedPressure|HeatStress
9460,Field SW-09460 (Hawassa),SoilErosion
9461,Field SW-09461 (Sokoto),Salinity
9462,Field C-09462 (Hawassa),SoilErosion|Drought
9463,Field SE-09463 (Amanzi),Flood|Salinity|Pest
9464,Field SW-09464 (Sokoto),FungalDisease|FrostDamage|WeedPressure
9465,Field NW-09465 (Kilimani),HeatStress
9466,Field C-09466 (Kilimani),FrostDamage
9467,Field SE-09467 (Hawassa),Pest|Drought
9468,Field C-09468 (Kilimani),FrostDamage
9469,Field SW-09469 (Kilimani),FungalDisease|Pest
9470,Field SE-09470 (Sokoto),HeatStress
9471,Field SW-09471 (Hawassa),SoilErosion|Pest|Flood
9472,Field SE-09472 (Sokoto),Pest
9473,Field NW-09473 (Sokoto),Salinity|WeedPressure
9474,Field SW-09474 (Akatsi),HeatStress|Flood|Pest
9475,Field NW-09475 (Akatsi),WeedPressure
9476,Field SE-09476 (Akatsi),Flood|Pest|Drought
9477,Field SE-09477 (Amanzi),(no issues listed)
9478,Field C-09478 (Kilimani),NutrientDeficiency|Pest
9479,Field SW-09479 (Amanzi),FungalDisease
9480,Field C-09480 (Hawassa),WeedPressure
9481,Field NE-09481 (Kilimani),NutrientDeficiency
9482,Field SE-09482 (Akatsi),FungalDisease|Flood
9483,Field NE-09483 (Sokoto),Pest|Salinity
9484,Field C-09484 (Sokoto),HeatStress|SoilErosion|Flood
9485,Field NE-09485 (Akatsi),Flood
9486,Field SW-09486 (Akatsi),(no issues listed)
9487,Field SE-09487 (Sokoto),(no issues listed)
9488,Field NE-09488 (Amanzi),Drought
9489,Field SW-09489 (Kilimani),(no issues listed)
9490,Field SW-09490 (Amanzi),Pest|NutrientDeficiency
9491,Field SW-09491 (Hawassa),Pest|Flood|FungalDisease
9492,Field C-09492 (Hawassa),(no issues listed)
9493,Field SW-09493 (Sokoto),FrostDamage
9494,Field C-09494 (Hawassa),Flood
9495,Field C-09495 (Akatsi),HeatStress|Pest|FrostDamage
9496,Field C-09496 (Hawassa),WeedPressure|Flood
9497,Field NE-09497 (Akatsi),NutrientDeficiency|Flood|SoilErosion
9498,Field NW-09498 (Hawassa),FungalDisease|Pest|Drought
9499,Field SW-09499 (Kilimani),(no issues listed)
9500,Field NE-09500 (Sokoto),Drought|SoilErosion
9501,Field SW-09501 (Akatsi),(no issues listed)
9502,Field C-09502 (Sokoto),NutrientDeficiency
9503,Field SE-09503 (Amanzi),Flood
9504,Field SE-09504 (Hawassa),FrostDamage|WeedPressure
9505,Field NE-09505 (Akatsi),SoilErosion
9506,Field NW-09506 (Sokoto),Pest|HeatStress|FungalDisease
9507,Field NE-09507 (Hawassa),Drought|FungalDisease
9508,Field C-09508 (Kilimani),NutrientDeficiency|WeedPressure
9509,Field C-09509 (Amanzi),Drought
9510,Field SE-09510 (Akatsi),Drought|NutrientDeficiency
9511,Field SW-09511 (Kilimani),Drought
9512,Field NW-09512 (Sokoto),Flood|HeatStress
9513,Field SE-09513 (Hawassa),NutrientDeficiency
9514,Field SE-09514 (Kilimani),FrostDamage
9515,Field SW-09515 (Akatsi),SoilErosion|WeedPressure|HeatStress
9516,Field SE-09516 (Sokoto),FungalDisease|WeedPressure
9517,Field SW-09517 (Kilimani),WeedPressure|NutrientDeficiency|HeatStress
9518,Field NW-09518 (Kilimani),FrostDamage
9519,Field SW-09519 (Akatsi),Pest|WeedPressure|FungalDisease
9520,Field NW-09520 (Akatsi),Pest|NutrientDeficiency|Flood
9521,Field C-09521 (Hawassa),WeedPressure|NutrientDeficiency|HeatStress
9522,Field SW-09522 (Amanzi),HeatStress|FrostDamage|WeedPressure
9523,Field NW-09523 (Kilimani),(no issues listed)
9524,Field NW-09524 (Kilimani),Flood|SoilErosion|FungalDisease
9525,Field NW-09525 (Sokoto),NutrientDeficiency
9526,Field SW-09526 (Kilimani),Pest|Drought
9527,Field NW-09527 (Hawassa),WeedPressure|Pest|FrostDamage
9528,Field C-09528 (Sokoto),FrostDamage|Pest|Drought
9529,Field NW-09529 (Kilimani),SoilErosion|Drought
9530,Field SE-09530 (Amanzi),FungalDisease|WeedPressure
9531,Field C-09531 (Kilimani),Flood|NutrientDeficiency|WeedPressure
9532,Field SE-09532 (Amanzi),HeatStress
9533,Field NE-09533 (Kilimani),Pest|NutrientDeficiency|SoilErosion
9534,Field NE-09534 (Sokoto),WeedPressure|Drought|NutrientDeficiency
9535,Field SE-09535 (Amanzi),SoilErosion|FungalDisease|HeatStress
9536,Field NE-09536 (Amanzi),Drought
9537,Field NW-09537 (Sokoto),NutrientDeficiency|Drought|Pest
9538,Field SW-09538 (Hawassa),WeedPressure|NutrientDeficiency
9539,Field SW-09539 (Hawassa),NutrientDeficiency|Salinity
9540,Field SE-09540 (Akatsi),WeedPressure|Pest
9541,Field C-09541 (Amanzi),Pest|Drought|Flood
9542,Field NE-09542 (Akatsi),Flood|FungalDisease
9543,Field SE-09543 (Amanzi),NutrientDeficiency|Flood|Pest
9544,Field NW-09544 (Kilimani),HeatStress
9545,Field C-09545 (Sokoto),FungalDisease|Drought
9546,Field C-09546 (Kilimani),NutrientDeficiency|SoilErosion|HeatStress
9547,Field SE-09547 (Sokoto),NutrientDeficiency|Pest|FungalDisease
9548,Field NW-09548 (Kilimani),(no issues listed)
9549,Field NE-09549 (Hawassa),Pest
9550,Field C-09550 (Sokoto),Drought
9551,Field SW-09551 (Akatsi),Pest
9552,Field SE-09552 (Sokoto),Drought|FungalDisease
9553,Field SW-09553 (Kilimani),Drought|HeatStress
9554,Field SW-09554 (Kilimani),WeedPressure|Pest|HeatStress
9555,Field SE-09555 (Sokoto),FungalDisease
9556,Field NE-09556 (Amanzi),Pest|Drought|Flood
9557,Field NE-09557 (Kilimani),SoilErosion|Pest
9558,Field NW-09558 (Hawassa),FungalDisease|Drought
9559,Field SW-09559 (Akatsi),(no issues listed)
9560,Field NE-09560 (Hawassa),Salinity|Pest|FungalDisease
9561,Field C-09561 (Sokoto),NutrientDeficiency
9562,Field NW-09562 (Amanzi),Pest|Salinity
9563,Field SE-09563 (Hawassa),Salinity|NutrientDeficiency|HeatStress
9564,Field SW-09564 (Sokoto),(no issues listed)
9565,Field SE-09565 (Akatsi),NutrientDeficiency|Flood
9566,Field C-09566 (Akatsi),Drought|Pest|Flood
9567,Field NW-09567 (Amanzi),Flood|Drought
9568,Field NW-09568 (Amanzi),Flood|FungalDisease
9569,Field C-09569 (Kilimani),NutrientDeficiency|Drought|HeatStress
9570,Field NW-09570 (Amanzi),Pest|Drought|FungalDisease
9571,Field SW-09571 (Amanzi),WeedPressure|SoilErosion|Pest
9572,Field C-09572 (Akatsi),FungalDisease|WeedPressure|Pest
9573,Field C-09573 (Kilimani),Drought|HeatStress
9574,Field SE-09574 (Kilimani),HeatStress
9575,Field NW-09575 (Kilimani),SoilErosion|Drought|NutrientDeficiency
9576,Field C-09576 (Akatsi),Pest|Salinity
9577,Field NE-09577 (Amanzi),(no issues listed)
9578,Field SW-09578 (Akatsi),Flood|WeedPressure
9579,Field C-09579 (Kilimani),(no issues listed)
9580,Field NE-09580 (Hawassa),Drought|Flood
9581,Field C-09581 (Hawassa),WeedPressure
9582,Field SE-09582 (Kilimani),(no issues listed)
9583,Field SW-09583 (Hawassa),Pest|NutrientDeficiency
9584,Field SE-09584 (Amanzi),Flood|NutrientDeficiency
9585,Field SE-09585 (Akatsi),Pest|SoilErosion|WeedPressure
9586,Field SE-09586 (Amanzi),Drought|FungalDisease|NutrientDeficiency
9587,Field SE-09587 (Amanzi),Drought|Salinity
9588,Field NE-09588 (Akatsi),NutrientDeficiency|SoilErosion|WeedPressure
9589,Field NW-09589 (Amanzi),Flood|NutrientDeficiency
9590,Field NW-09590 (Amanzi),Pest
9591,Field SW-09591 (Hawassa),WeedPressure|FrostDamage|NutrientDeficiency
9592,Field NE-09592 (Kilimani),FungalDisease|WeedPressure
9593,Field NW-09593 (Hawassa),WeedPressure
9594,Field SE-09594 (Akatsi),NutrientDeficiency|Drought|FrostDamage
9595,Field NE-09595 (Akatsi),WeedPressure
9596,Field SE-09596 (Sokoto),SoilErosion
9597,Field SW-09597 (Sokoto),NutrientDeficiency
9598,Field C-09598 (Amanzi),NutrientDeficiency
9599,Field NE-09599 (Akatsi),Salinity
9600,Field SE-09600 (Sokoto),NutrientDeficiency
9601,Field SE-09601 (Akatsi),FungalDisease
9602,Field NE-09602 (Kilimani),NutrientDeficiency
9603,Field C-09603 (Akatsi),NutrientDeficiency
9604,Field SE-09604 (Akatsi),Flood|Drought
9605,Field SE-09605 (Hawassa),FungalDisease|Pest
9606,Field SE-09606 (Amanzi),(no issues listed)
9607,Field C-09607 (Sokoto),FungalDisease
9608,Field NE-09608 (Sokoto),(no issues listed)
9609,Field SE-09609 (Sokoto),SoilErosion|Pest|Drought
9610,Field NE-09610 (Kilimani),Drought|NutrientDeficiency
9611,Field NE-09611 (Sokoto),Salinity
9612,Field SE-09612 (Amanzi),HeatStress|Drought|Pest
9613,Field C-09613 (Kilimani),(no issues listed)
9614,Field SW-09614 (Sokoto),Pest|FrostDamage|FungalDisease
9615,Field NW-09615 (Sokoto),Drought
9616,Field SE-09616 (Kilimani),(no issues listed)
9617,Field SW-09617 (Amanzi),Flood|HeatStress
9618,Field SW-09618 (Sokoto),Drought
9619,Field NW-09619 (Amanzi),WeedPressure|Drought
9620,Field SE-09620 (Hawassa),(no issues listed)
9621,Field SW-09621 (Sokoto),Pest
9622,Field C-09622 (Amanzi),Drought|Pest|NutrientDeficiency
9623,Field SW-09623 (Hawassa),WeedPressure|Pest
9624,Field SW-09624 (Sokoto),Pest|NutrientDeficiency
9625,Field SE-09625 (Amanzi),WeedPressure|Drought|FungalDisease
9626,Field SW-09626 (Akatsi),Drought|Flood|HeatStress
9627,Field NW-09627 (Amanzi),FrostDamage|NutrientDeficiency
9628,Field NE-09628 (Amanzi),Drought|WeedPressure|Pest
9629,Field C-09629 (Kilimani),Drought|FungalDisease
9630,Field C-09630 (Amanzi),Pest
9631,Field SW-09631 (Hawassa),Pest|HeatStress|Drought
9632,Field C-09632 (Hawassa),HeatStress|Drought
9633,Field SE-09633 (Sokoto),SoilErosion|Drought
9634,Field SW-09634 (Sokoto),WeedPressure|HeatStress|SoilErosion
9635,Field SW-09635 (Sokoto),Salinity|FungalDisease|Pest
9636,Field NW-09636 (Akatsi),WeedPressure|NutrientDeficiency
9637,Field NW-09637 (Akatsi),FungalDisease|HeatStress
9638,Field NE-09638 (Kilimani),Pest|HeatStress|FungalDisease
9639,Field NE-09639 (Hawassa),HeatStress|WeedPressure
9640,Field NW-09640 (Sokoto),HeatStress|FungalDisease
9641,Field NE-09641 (Kilimani),NutrientDeficiency|Pest
9642,Field C-09642 (Hawassa),Pest|SoilErosion|NutrientDeficiency
9643,Field SE-09643 (Akatsi),Pest
9644,Field NW-09644 (Sokoto),Drought
9645,Field NE-09645 (Sokoto),Drought
9646,Field SE-09646 (Hawassa),WeedPressure|Flood
9647,Field SE-09647 (Sokoto),Drought|WeedPressure|Pest
9648,Field C-09648 (Akatsi),SoilErosion
9649,Field C-09649 (Kilimani),NutrientDeficiency|Drought
9650,Field NW-09650 (Akatsi),(no issues listed)
9651,Field C-09651 (Amanzi),WeedPressure|FrostDamage|NutrientDeficiency
9652,Field SW-09652 (Kilimani),Drought|Pest
9653,Field C-09653 (Amanzi),Flood
9654,Field NW-09654 (Hawassa),NutrientDeficiency
9655,Field SE-09655 (Kilimani),FungalDisease|Salinity
9656,Field NW-09656 (Akatsi),SoilErosion
9657,Field SE-09657 (Akatsi),HeatStress
9658,Field NW-09658 (Sokoto),Drought|FungalDisease
9659,Field C-09659 (Kilimani),Pest|SoilErosion
9660,Field SE-09660 (Akatsi),Pest|NutrientDeficiency
9661,Field SE-09661 (Akatsi),Pest|NutrientDeficiency|FungalDisease
9662,Field C-09662 (Akatsi),Flood|FungalDisease
9663,Field NE-09663 (Akatsi),NutrientDeficiency
9664,Field SE-09664 (Akatsi),(no issues listed)
9665,Field C-09665 (Hawassa),(no issues listed)
9666,Field C-09666 (Akatsi),Pest|Drought
9667,Field C-09667 (Akatsi),Pest|WeedPressure|Drought
9668,Field NE-09668 (Akatsi),SoilErosion
9669,Field NW-09669 (Akatsi),SoilErosion|NutrientDeficiency
9670,Field NE-09670 (Sokoto),WeedPressure|Flood
9671,Field SW-09671 (Amanzi),Pest
9672,Field NW-09672 (Kilimani),Pest
9673,Field C-09673 (Kilimani),Drought|NutrientDeficiency
9674,Field NW-09674 (Sokoto),(no issues listed)
9675,Field NW-09675 (Sokoto),Pest|Drought|Salinity
9676,Field C-09676 (Akatsi),Pest|NutrientDeficiency
9677,Field SW-09677 (Sokoto),Flood|NutrientDeficiency|Drought
9678,Field NW-09678 (Sokoto),FungalDisease|WeedPressure|HeatStress
9679,Field NW-09679 (Sokoto),Pest
9680,Field C-09680 (Amanzi),NutrientDeficiency|SoilErosion
9681,Field C-09681 (Sokoto),(no issues listed)
9682,Field SE-09682 (Hawassa),WeedPressure|NutrientDeficiency
9683,Field C-09683 (Hawassa),SoilErosion
9684,Field NW-09684 (Akatsi),Pest|HeatStress
9685,Field SW-09685 (Hawassa),WeedPressure
9686,Field NW-09686 (Akatsi),Drought|Pest|WeedPressure
9687,Field NE-09687 (Amanzi),Drought|FrostDamage|Flood
9688,Field NE-09688 (Kilimani),Drought|FungalDisease|Pest
9689,Field NE-09689 (Sokoto),Flood|Pest|FungalDisease
9690,Field SW-09690 (Amanzi),Drought|Flood
9691,Field SW-09691 (Akatsi),NutrientDeficiency|SoilErosion|Pest
9692,Field NE-09692 (Sokoto),Drought|SoilErosion
9693,Field NE-09693 (Amanzi),SoilErosion|FrostDamage
9694,Field NW-09694 (Amanzi),WeedPressure
9695,Field NE-09695 (Kilimani),NutrientDeficiency|Salinity|SoilErosion
9696,Field SE-09696 (Amanzi),(no issues listed)
9697,Field NE-09697 (Kilimani),(no issues listed)
9698,Field NW-09698 (Akatsi),NutrientDeficiency|Drought|Pest
9699,Field C-09699 (Amanzi),WeedPressure
9700,Field NE-09700 (Kilimani),Pest|HeatStress|Drought
9701,Field C-09701 (Akatsi),NutrientDeficiency|Salinity
9702,Field C-09702 (Akatsi),Drought|HeatStress|Pest
9703,Field NW-09703 (Amanzi),NutrientDeficiency|SoilErosion|Drought
9704,Field SE-09704 (Akatsi),NutrientDeficiency|HeatStress
9705,Field C-09705 (Amanzi),HeatStress|FungalDisease
9706,Field SW-09706 (Sokoto),SoilErosion|NutrientDeficiency|FungalDisease
9707,Field NE-09707 (Amanzi),WeedPressure
9708,Field C-09708 (Kilimani),Pest
9709,Field NE-09709 (Akatsi),HeatStress|SoilErosion|Salinity
9710,Field C-09710 (Akatsi),HeatStress|SoilErosion|Flood
9711,Field SW-09711 (Amanzi),HeatStress
9712,Field SE-09712 (Akatsi),Drought
9713,Field NE-09713 (Akatsi),(no issues listed)
9714,Field NW-09714 (Sokoto),NutrientDeficiency
9715,Field SE-09715 (Kilimani),(no issues listed)
9716,Field SW-09716 (Sokoto),(no issues listed)
9717,Field SW-09717 (Hawassa),Pest
9718,Field SW-09718 (Kilimani),Drought
9719,Field SE-09719 (Akatsi),Drought|NutrientDeficiency
9720,Field SE-09720 (Sokoto),NutrientDeficiency
9721,Field SE-09721 (Akatsi),(no issues listed)
9722,Field C-09722 (Amanzi),FungalDisease|Drought
9723,Field SE-09723 (Kilimani),FungalDisease
9724,Field SE-09724 (Sokoto),WeedPressure|NutrientDeficiency
9725,Field C-09725 (Sokoto),(no issues listed)
9726,Field SE-09726 (Akatsi),(no issues listed)
9727,Field SE-09727 (Sokoto),Drought
9728,Field NE-09728 (Hawassa),NutrientDeficiency|HeatStress|WeedPressure
9729,Field NW-09729 (Kilimani),Pest
9730,Field C-09730 (Sokoto),Flood
9731,Field C-09731 (Hawassa),NutrientDeficiency
9732,Field NE-09732 (Sokoto),Pest|FrostDamage
9733,Field C-09733 (Kilimani),FrostDamage|HeatStress
9734,Field SE-09734 (Sokoto),(no issues listed)
9735,Field C-09735 (Kilimani),FrostDamage|Flood
9736,Field NW-09736 (Hawassa),(no issues listed)
9737,Field NW-09737 (Kilimani),NutrientDeficiency|Drought
9738,Field SE-09738 (Hawassa),HeatStress
9739,Field NE-09739 (Hawassa),NutrientDeficiency|SoilErosion|HeatStress
9740,Field NE-09740 (Amanzi),(no issues listed)
9741,Field SE-09741 (Sokoto),Salinity|WeedPressure
9742,Field SE-09742 (Hawassa),FrostDamage
9743,Field SW-09743 (Sokoto),Pest|NutrientDeficiency
9744,Field SW-09744 (Akatsi),WeedPressure
9745,Field NW-09745 (Hawassa),(no issues listed)
9746,Field SW-09746 (Hawassa),Drought|Pest
9747,Field SW-09747 (Akatsi),NutrientDeficiency|Flood|Pest
9748,Field NW-09748 (Sokoto),NutrientDeficiency|Pest|Salinity
9749,Field SW-09749 (Amanzi),NutrientDeficiency|HeatStress
9750,Field NE-09750 (Hawassa),Flood|Salinity
9751,Field SE-09751 (Sokoto),FungalDisease|HeatStress|Salinity
9752,Field NE-09752 (Kilimani),FungalDisease|SoilErosion|Flood
9753,Field SW-09753 (Hawassa),FrostDamage|HeatStress|Salinity
9754,Field C-09754 (Hawassa),Salinity|FungalDisease|HeatStress
9755,Field C-09755 (Sokoto),NutrientDeficiency|FrostDamage|FungalDisease
9756,Field SW-09756 (Sokoto),HeatStress|WeedPressure
9757,Field NW-09757 (Hawassa),WeedPressure|SoilErosion
9758,Field NW-09758 (Kilimani),Pest
9759,Field C-09759 (Akatsi),Salinity|NutrientDeficiency|Drought
9760,Field SW-09760 (Sokoto),Drought|Pest|WeedPressure
9761,Field C-09761 (Sokoto),WeedPressure|FungalDisease
9762,Field NW-09762 (Kilimani),Salinity|Flood
9763,Field NE-09763 (Amanzi),FungalDisease|Pest
9764,Field C-09764 (Sokoto),SoilErosion|Pest
9765,Field C-09765 (Hawassa),SoilErosion|FungalDisease|FrostDamage
9766,Field NW-09766 (Hawassa),NutrientDeficiency|FungalDisease
9767,Field NW-09767 (Amanzi),WeedPressure|Drought|FungalDisease
9768,Field SW-09768 (Sokoto),FrostDamage
9769,Field SE-09769 (Akatsi),Flood|WeedPressure
9770,Field C-09770 (Akatsi),Drought|Flood|Pest
9771,Field SE-09771 (Kilimani),Pest
9772,Field NW-09772 (Akatsi),Salinity
9773,Field NE-09773 (Hawassa),Drought
9774,Field NE-09774 (Kilimani),Flood|SoilErosion|Drought
9775,Field SE-09775 (Amanzi),FungalDisease
9776,Field SE-09776 (Sokoto),FrostDamage
9777,Field SE-09777 (Kilimani),FungalDisease|Drought|Pest
9778,Field NW-09778 (Sokoto),(no issues listed)
9779,Field SW-09779 (Sokoto),Pest
9780,Field NE-09780 (Akatsi),Pest
9781,Field SW-09781 (Sokoto),Salinity
9782,Field SE-09782 (Hawassa),(no issues listed)
9783,Field SW-09783 (Hawassa),NutrientDeficiency|Salinity|WeedPressure
9784,Field C-09784 (Hawassa),FungalDisease
9785,Field SW-09785 (Amanzi),Drought|Pest
9786,Field NE-09786 (Hawassa),FungalDisease|NutrientDeficiency|WeedPressure
9787,Field NE-09787 (Hawassa),SoilErosion
9788,Field NE-09788 (Akatsi),HeatStress|Flood
9789,Field SW-09789 (Akatsi),WeedPressure
9790,Field SE-09790 (Amanzi),Salinity|Drought|SoilErosion
9791,Field C-09791 (Amanzi),Drought|NutrientDeficiency
9792,Field C-09792 (Sokoto),WeedPressure|FungalDisease|Drought
9793,Field C-09793 (Hawassa),Pest|Drought
9794,Field SE-09794 (Amanzi),Drought
9795,Field SE-09795 (Sokoto),Flood
9796,Field SW-09796 (Hawassa),Drought|FungalDisease|WeedPressure
9797,Field NW-09797 (Hawassa),Pest
9798,Field SW-09798 (Hawassa),Pest|WeedPressure
9799,Field SE-09799 (Kilimani),HeatStress|Drought|FungalDisease
9800,Field SW-09800 (Amanzi),Flood
9801,Field C-09801 (Akatsi),Pest
9802,Field C-09802 (Amanzi),NutrientDeficiency|Drought
9803,Field SW-09803 (Akatsi),Drought|Flood|SoilErosion
9804,Field SW-09804 (Akatsi),Salinity
9805,Field NW-09805 (Kilimani),WeedPressure|NutrientDeficiency
9806,Field SE-09806 (Kilimani),(no issues listed)
9807,Field NE-09807 (Akatsi),Pest
9808,Field NE-09808 (Sokoto),SoilErosion
9809,Field C-09809 (Kilimani),HeatStress|WeedPressure|FungalDisease
9810,Field SE-09810 (Akatsi),Pest
9811,Field C-09811 (Amanzi),SoilErosion
9812,Field C-09812 (Amanzi),Pest
9813,Field C-09813 (Kilimani),WeedPressure|Pest|HeatStress
9814,Field SE-09814 (Sokoto),(no issues listed)
9815,Field NE-09815 (Amanzi),Drought
9816,Field SW-09816 (Amanzi),Drought|Pest|NutrientDeficiency
9817,Field SE-09817 (Sokoto),NutrientDeficiency
9818,Field NW-09818 (Hawassa),Drought|WeedPressure
9819,Field NW-09819 (Hawassa),SoilErosion|HeatStress|Pest
9820,Field SW-09820 (Amanzi),SoilErosion
9821,Field SE-09821 (Akatsi),HeatStress
9822,Field NW-09822 (Amanzi),(no issues listed)
9823,Field SW-09823 (Akatsi),Drought|WeedPressure
9824,Field SW-09824 (Akatsi),SoilErosion|Drought
9825,Field NE-09825 (Sokoto),Pest|NutrientDeficiency|WeedPressure
9826,Field SE-09826 (Akatsi),(no issues listed)
9827,Field NW-09827 (Akatsi),FungalDisease
9828,Field SW-09828 (Hawassa),Salinity|Drought|NutrientDeficiency
9829,Field NW-09829 (Akatsi),HeatStress|SoilErosion|Drought
9830,Field C-09830 (Sokoto),NutrientDeficiency
9831,Field C-09831 (Hawassa),NutrientDeficiency|Flood|Drought
9832,Field C-09832 (Amanzi),WeedPressure|FungalDisease|HeatStress
9833,Field NW-09833 (Hawassa),NutrientDeficiency|FungalDisease
9834,Field SE-09834 (Sokoto),Drought|Pest|FungalDisease
9835,Field SW-09835 (Hawassa),HeatStress
9836,Field SE-09836 (Akatsi),(no issues listed)
9837,Field SW-09837 (Hawassa),WeedPressure|Drought
9838,Field NE-09838 (Amanzi),NutrientDeficiency|FungalDisease
9839,Field C-09839 (Hawassa),FungalDisease|NutrientDeficiency
9840,Field SW-09840 (Kilimani),Flood|FungalDisease|Pest
9841,Field NW-09841 (Amanzi),(no issues listed)
9842,Field SW-09842 (Akatsi),Salinity|Drought
9843,Field SW-09843 (Hawassa),FungalDisease|Drought
9844,Field NE-09844 (Amanzi),(no issues listed)
9845,Field C-09845 (Akatsi),Salinity|NutrientDeficiency|WeedPressure
9846,Field NW-09846 (Hawassa),Drought
9847,Field C-09847 (Kilimani),Pest|Flood|Drought
9848,Field NE-09848 (Sokoto),HeatStress
9849,Field SE-09849 (Amanzi),Drought|NutrientDeficiency
9850,Field SE-09850 (Hawassa),Salinity|Pest|Drought
9851,Field SE-09851 (Kilimani),HeatStress|Flood|NutrientDeficiency
9852,Field C-09852 (Amanzi),NutrientDeficiency|WeedPressure|Pest
9853,Field NE-09853 (Amanzi),Flood|SoilErosion|Drought
9854,Field SE-09854 (Amanzi),HeatStress
9855,Field C-09855 (Hawassa),FungalDisease
9856,Field C-09856 (Amanzi),Pest|NutrientDeficiency
9857,Field SE-09857 (Hawassa),(no issues listed)
9858,Field SE-09858 (Hawassa),(no issues listed)
9859,Field NE-09859 (Akatsi),(no issues listed)
9860,Field NE-09860 (Hawassa),FrostDamage|Flood
9861,Field NW-09861 (Kilimani),Pest
9862,Field NE-09862 (Hawassa),HeatStress|Pest
9863,Field SE-09863 (Amanzi),NutrientDeficiency|Drought
9864,Field SW-09864 (Hawassa),Flood|Drought|Pest
9865,Field SE-09865 (Amanzi),Salinity
9866,Field NW-09866 (Hawassa),Drought|WeedPressure|Flood
9867,Field C-09867 (Amanzi),FrostDamage|NutrientDeficiency|Pest
9868,Field C-09868 (Amanzi),Pest
9869,Field NW-09869 (Akatsi),Drought|Pest
9870,Field SW-09870 (Sokoto),Drought|FungalDisease|Salinity
9871,Field SE-09871 (Hawassa),Drought
9872,Field NW-09872 (Sokoto),(no issues listed)
9873,Field SW-09873 (Amanzi),SoilErosion|Pest
9874,Field C-09874 (Kilimani),FrostDamage|Flood|NutrientDeficiency
9875,Field SW-09875 (Akatsi),(no issues listed)
9876,Field SE-09876 (Sokoto),SoilErosion|Drought|Salinity
9877,Field C-09877 (Akatsi),NutrientDeficiency|FungalDisease|SoilErosion
9878,Field SE-09878 (Hawassa),SoilErosion
9879,Field NW-09879 (Sokoto),(no issues listed)
9880,Field SW-09880 (Sokoto),Pest|NutrientDeficiency|FrostDamage
9881,Field SE-09881 (Kilimani),FungalDisease
9882,Field SW-09882 (Amanzi),Flood|NutrientDeficiency|Pest
9883,Field NE-09883 (Akatsi),WeedPressure|Pest
9884,Field SE-09884 (Akatsi),Pest|WeedPressure|NutrientDeficiency
9885,Field SW-09885 (Amanzi),FungalDisease|Salinity|Flood
9886,Field SE-09886 (Hawassa),WeedPressure
9887,Field SE-09887 (Sokoto),(no issues listed)
9888,Field NW-09888 (Amanzi),NutrientDeficiency
9889,Field NW-09889 (Kilimani),Flood|NutrientDeficiency|WeedPressure
9890,Field SW-09890 (Akatsi),WeedPressure|NutrientDeficiency
9891,Field SE-09891 (Akatsi),Pest|Flood|WeedPressure
9892,Field SW-09892 (Sokoto),NutrientDeficiency|Drought|Flood
9893,Field C-09893 (Kilimani),(no issues listed)
9894,Field C-09894 (Hawassa),Drought
9895,Field NE-09895 (Hawassa),Pest
9896,Field SE-09896 (Hawassa),Pest|Salinity
9897,Field NW-09897 (Hawassa),NutrientDeficiency|Drought|Flood
9898,Field NE-09898 (Amanzi),SoilErosion|Flood
9899,Field NE-09899 (Akatsi),NutrientDeficiency|Pest
9900,Field SE-09900 (Kilimani),Pest
9901,Field C-09901 (Kilimani),SoilErosion
9902,Field SW-09902 (Kilimani),(no issues listed)
9903,Field NE-09903 (Akatsi),FungalDisease
9904,Field SE-09904 (Hawassa),(no issues listed)
9905,Field SE-09905 (Amanzi),SoilErosion
9906,Field NW-09906 (Sokoto),(no issues listed)
9907,Field SW-09907 (Kilimani),FungalDisease
9908,Field NW-09908 (Kilimani),SoilErosion|FungalDisease|Drought
9909,Field NE-09909 (Akatsi),WeedPressure
9910,Field SW-09910 (Akatsi),NutrientDeficiency
9911,Field NW-09911 (Kilimani),Pest|FungalDisease
9912,Field NE-09912 (Kilimani),Drought
9913,Field C-09913 (Sokoto),Drought
9914,Field C-09914 (Akatsi),Drought|FrostDamage|Pest
9915,Field NW-09915 (Kilimani),(no issues listed)
9916,Field NW-09916 (Hawassa),(no issues listed)
9917,Field NE-09917 (Kilimani),Salinity|FungalDisease
9918,Field SE-09918 (Hawassa),Flood
9919,Field SW-09919 (Hawassa),FungalDisease|NutrientDeficiency
9920,Field SW-09920 (Amanzi),Pest|Drought
9921,Field SW-09921 (Kilimani),(no issues listed)
9922,Field C-09922 (Akatsi),Salinity|NutrientDeficiency|HeatStress
9923,Field SW-09923 (Sokoto),HeatStress
9924,Field C-09924 (Sokoto),Pest|NutrientDeficiency|Drought
9925,Field SE-09925 (Kilimani),SoilErosion|NutrientDeficiency
9926,Field SE-09926 (Hawassa),Drought|HeatStress
9927,Field NW-09927 (Sokoto),HeatStress|Drought
9928,Field SE-09928 (Akatsi),FungalDisease|Flood
9929,Field SE-09929 (Akatsi),Pest|NutrientDeficiency|Drought
9930,Field C-09930 (Akatsi),SoilErosion
9931,Field NW-09931 (Hawassa),FungalDisease|FrostDamage
9932,Field SE-09932 (Sokoto),WeedPressure|Flood|Drought
9933,Field NW-09933 (Amanzi),SoilErosion|Salinity|FungalDisease
9934,Field C-09934 (Amanzi),FrostDamage
9935,Field C-09935 (Akatsi),Pest|WeedPressure
9936,Field NE-09936 (Hawassa),(no issues listed)
9937,Field NW-09937 (Kilimani),(no issues listed)
9938,Field NE-09938 (Amanzi),NutrientDeficiency|Flood
9939,Field NW-09939 (Akatsi),NutrientDeficiency
9940,Field SE-09940 (Kilimani),Pest
9941,Field SE-09941 (Hawassa),HeatStress|SoilErosion|Pest
9942,Field SE-09942 (Sokoto),Drought|NutrientDeficiency|WeedPressure
9943,Field C-09943 (Amanzi),SoilErosion|NutrientDeficiency|FungalDisease
9944,Field C-09944 (Amanzi),(no issues listed)
9945,Field SW-09945 (Hawassa),WeedPressure
9946,Field SE-09946 (Kilimani),NutrientDeficiency
9947,Field NW-09947 (Kilimani),HeatStress
9948,Field SW-09948 (Amanzi),NutrientDeficiency|Salinity|FungalDisease
9949,Field C-09949 (Kilimani),(no issues listed)
9950,Field NE-09950 (Akatsi),Drought|Pest
9951,Field C-09951 (Sokoto),Salinity|FrostDamage
9952,Field NE-09952 (Sokoto),Drought|Flood
9953,Field NE-09953 (Sokoto),HeatStress|Salinity|FungalDisease
9954,Field NW-09954 (Hawassa),Flood
9955,Field SE-09955 (Sokoto),NutrientDeficiency|Flood|FungalDisease
9956,Field C-09956 (Akatsi),(no issues listed)
9957,Field NW-09957 (Hawassa),Salinity|WeedPressure|FungalDisease
9958,Field C-09958 (Kilimani),HeatStress|WeedPressure|Salinity
9959,Field NE-09959 (Amanzi),SoilErosion|Salinity
9960,Field NW-09960 (Amanzi),FrostDamage
9961,Field SW-09961 (Sokoto),NutrientDeficiency|HeatStress|Flood
9962,Field C-09962 (Sokoto),(no issues listed)
9963,Field SE-09963 (Hawassa),NutrientDeficiency|FungalDisease|Flood
9964,Field SW-09964 (Akatsi),Salinity
9965,Field C-09965 (Hawassa),Pest|FungalDisease|NutrientDeficiency
9966,Field NW-09966 (Kilimani),Salinity
9967,Field SW-09967 (Akatsi),Flood
9968,Field C-09968 (Sokoto),Pest|NutrientDeficiency|Flood
9969,Field C-09969 (Akatsi),Pest
9970,Field C-09970 (Sokoto),NutrientDeficiency|Pest|SoilErosion
9971,Field NW-09971 (Hawassa),Drought
9972,Field NW-09972 (Kilimani),FrostDamage|NutrientDeficiency|Flood
9973,Field SE-09973 (Hawassa),Drought|HeatStress|FungalDisease
9974,Field C-09974 (Amanzi),Pest|SoilErosion|FrostDamage
9975,Field SW-09975 (Kilimani),SoilErosion|Flood|Pest
9976,Field NW-09976 (Hawassa),FungalDisease
9977,Field SE-09977 (Kilimani),NutrientDeficiency
9978,Field SE-09978 (Sokoto),FrostDamage|WeedPressure|Pest
9979,Field NE-09979 (Hawassa),Drought|WeedPressure|FrostDamage
9980,Field C-09980 (Akatsi),(no issues listed)
9981,Field SE-09981 (Kilimani),Pest|SoilErosion|FrostDamage
9982,Field SW-09982 (Hawassa),WeedPressure|NutrientDeficiency
9983,Field C-09983 (Amanzi),Pest|FungalDisease|Drought
9984,Field SE-09984 (Amanzi),HeatStress
9985,Field NE-09985 (Sokoto),WeedPressure
9986,Field SW-09986 (Akatsi),(no issues listed)
9987,Field C-09987 (Sokoto),(no issues listed)
9988,Field SE-09988 (Hawassa),FungalDisease|NutrientDeficiency
9989,Field C-09989 (Amanzi),Drought
9990,Field SW-09990 (Kilimani),Flood|FungalDisease|NutrientDeficiency
9991,Field C-09991 (Amanzi),SoilErosion|NutrientDeficiency
9992,Field NW-09992 (Sokoto),Pest
9993,Field SW-09993 (Amanzi),FrostDamage
9994,Field NW-09994 (Kilimani),(no issues listed)
9995,Field NW-09995 (Akatsi),SoilErosion
9996,Field NW-09996 (Hawassa),FungalDisease|Pest
9997,Field C-09997 (Hawassa),WeedPressure|HeatStress|SoilErosion
9998,Field NW-09998 (Akatsi),Pest|FungalDisease
9999,Field NW-09999 (Akatsi),Drought|FungalDisease
10000,Field SW-10000 (Kilimani),WeedPressure
10001,Field SE-10001 (Kilimani),WeedPressure|FungalDisease|NutrientDeficiency
10002,Field NW-10002 (Amanzi),Pest
10003,Field NW-10003 (Kilimani),Drought|NutrientDeficiency|Salinity
10004,Field SE-10004 (Sokoto),Salinity|WeedPressure|NutrientDeficiency
10005,Field NE-10005 (Sokoto),WeedPressure|SoilErosion
10006,Field NE-10006 (Amanzi),Pest
10007,Field NE-10007 (Amanzi),SoilErosion|Flood|FungalDisease
10008,Field NW-10008 (Akatsi),WeedPressure|Flood
10009,Field SE-10009 (Kilimani),Salinity|Pest
10010,Field SW-10010 (Amanzi),Flood|HeatStress|WeedPressure
10011,Field C-10011 (Kilimani),Pest|NutrientDeficiency
10012,Field NW-10012 (Akatsi),Pest
10013,Field NW-10013 (Sokoto),Pest
10014,Field NE-10014 (Hawassa),Flood
10015,Field NW-10015 (Sokoto),NutrientDeficiency|WeedPressure|FungalDisease
10016,Field NW-10016 (Kilimani),WeedPressure|Pest
10017,Field NW-10017 (Kilimani),Pest
10018,Field NW-10018 (Hawassa),FrostDamage
10019,Field NW-10019 (Amanzi),FungalDisease|WeedPressure|NutrientDeficiency
10020,Field SE-10020 (Amanzi),Drought|HeatStress|Pest
10021,Field SW-10021 (Amanzi),FrostDamage|Flood
10022,Field C-10022 (Kilimani),Drought
10023,Field NW-10023 (Akatsi),NutrientDeficiency
10024,Field C-10024 (Kilimani),Drought|FungalDisease|Flood
10025,Field NW-10025 (Sokoto),NutrientDeficiency|FungalDisease
10026,Field SE-10026 (Hawassa),Salinity|HeatStress
10027,Field NW-10027 (Akatsi),(no issues listed)
10028,Field C-10028 (Kilimani),HeatStress|Salinity|WeedPressure
10029,Field NW-10029 (Akatsi),Flood|Pest|NutrientDeficiency
10030,Field NW-10030 (Amanzi),WeedPressure|Pest|SoilErosion
10031,Field NW-10031 (Akatsi),NutrientDeficiency|WeedPressure|Pest
10032,Field NW-10032 (Akatsi),Flood|Drought
10033,Field C-10033 (Sokoto),HeatStress|WeedPressure
10034,Field C-10034 (Sokoto),NutrientDeficiency
10035,Field C-10035 (Amanzi),SoilErosion|FungalDisease
10036,Field NE-10036 (Kilimani),WeedPressure|Drought|Flood
10037,Field C-10037 (Hawassa),WeedPressure
10038,Field C-10038 (Sokoto),WeedPressure|NutrientDeficiency|Pest
10039,Field NE-10039 (Amanzi),(no issues listed)
10040,Field NW-10040 (Kilimani),HeatStress|Flood
10041,Field NE-10041 (Amanzi),Drought|WeedPressure
10042,Field C-10042 (Hawassa),HeatStress
10043,Field C-10043 (Hawassa),Drought|Salinity
10044,Field C-10044 (Sokoto),WeedPressure
10045,Field NW-10045 (Amanzi),NutrientDeficiency
10046,Field NE-10046 (Amanzi),Drought|Pest|SoilErosion
10047,Field C-10047 (Amanzi),NutrientDeficiency|WeedPressure|Drought
10048,Field NE-10048 (Sokoto),WeedPressure|Pest|SoilErosion
10049,Field NE-10049 (Sokoto),WeedPressure
10050,Field NE-10050 (Amanzi),Drought|FrostDamage|FungalDisease
10051,Field SW-10051 (Amanzi),Drought
10052,Field NW-10052 (Akatsi),FungalDisease|NutrientDeficiency
10053,Field SW-10053 (Hawassa),(no issues listed)
10054,Field SW-10054 (Kilimani),WeedPressure|Pest|Drought
10055,Field SW-10055 (Hawassa),Salinity|WeedPressure|HeatStress
10056,Field NE-10056 (Amanzi),Drought
10057,Field SE-10057 (Amanzi),(no issues listed)
10058,Field SE-10058 (Akatsi),(no issues listed)
10059,Field SE-10059 (Akatsi),FungalDisease
10060,Field NE-10060 (Amanzi),FungalDisease|Pest|Salinity
10061,Field SW-10061 (Akatsi),NutrientDeficiency|Drought
10062,Field NE-10062 (Akatsi),(no issues listed)
10063,Field SE-10063 (Hawassa),NutrientDeficiency|WeedPressure|SoilErosion
10064,Field NE-10064 (Akatsi),Pest|FungalDisease
10065,Field SE-10065 (Akatsi),FungalDisease|SoilErosion
10066,Field NE-10066 (Amanzi),FungalDisease|FrostDamage|Salinity
10067,Field SW-10067 (Amanzi),FrostDamage|Drought
10068,Field C-10068 (Kilimani),Drought
10069,Field NE-10069 (Kilimani),NutrientDeficiency
10070,Field SW-10070 (Amanzi),WeedPressure|Pest|SoilErosion
10071,Field C-10071 (Amanzi),Drought|HeatStress|Pest
10072,Field NE-10072 (Kilimani),Drought|Flood
10073,Field SW-10073 (Amanzi),FungalDisease
10074,Field C-10074 (Hawassa),SoilErosion
10075,Field SE-10075 (Sokoto),Pest|HeatStress|Flood
10076,Field SE-10076 (Kilimani),Pest|NutrientDeficiency
10077,Field SE-10077 (Akatsi),HeatStress|Pest
10078,Field C-10078 (Hawassa),Pest|WeedPressure
10079,Field NW-10079 (Amanzi),Drought|Pest|Salinity
10080,Field SE-10080 (Sokoto),HeatStress|FungalDisease|WeedPressure
10081,Field SW-10081 (Hawassa),Drought|HeatStress
10082,Field C-10082 (Amanzi),FrostDamage
10083,Field NW-10083 (Akatsi),HeatStress
10084,Field SE-10084 (Hawassa),FrostDamage
10085,Field C-10085 (Amanzi),(no issues listed)
10086,Field SE-10086 (Kilimani),HeatStress|WeedPressure
10087,Field SE-10087 (Kilimani),Pest|WeedPressure
10088,Field NE-10088 (Amanzi),Flood|Salinity
10089,Field SW-10089 (Hawassa),Pest
10090,Field SW-10090 (Sokoto),NutrientDeficiency|WeedPressure
10091,Field NE-10091 (Kilimani),FungalDisease|Flood|SoilErosion
10092,Field C-10092 (Sokoto),Pest|Flood|HeatStress
10093,Field SE-10093 (Akatsi),SoilErosion|FungalDisease|Pest
10094,Field C-10094 (Amanzi),FrostDamage|FungalDisease
10095,Field C-10095 (Kilimani),SoilErosion|HeatStress|FungalDisease
10096,Field NE-10096 (Kilimani),Salinity|WeedPressure
10097,Field NW-10097 (Hawassa),(no issues listed)
10098,Field SW-10098 (Sokoto),FungalDisease|Drought
10099,Field NW-10099 (Akatsi),FungalDisease|WeedPressure
10100,Field SW-10100 (Sokoto),Flood|WeedPressure|NutrientDeficiency
10101,Field NE-10101 (Hawassa),(no issues listed)
10102,Field NE-10102 (Hawassa),HeatStress
10103,Field NE-10103 (Amanzi),(no issues listed)
10104,Field SW-10104 (Amanzi),Drought|FungalDisease|NutrientDeficiency
10105,Field NE-10105 (Amanzi),(no issues listed)
10106,Field NE-10106 (Sokoto),Drought|HeatStress|SoilErosion
10107,Field NW-10107 (Sokoto),HeatStress
10108,Field NW-10108 (Amanzi),FrostDamage
10109,Field NE-10109 (Akatsi),Salinity|Drought|WeedPressure
10110,Field NE-10110 (Akatsi),(no issues listed)
10111,Field SW-10111 (Hawassa),Pest
10112,Field SW-10112 (Sokoto),HeatStress|Flood
10113,Field NE-10113 (Hawassa),Drought|Pest|Flood
10114,Field NW-10114 (Amanzi),WeedPressure|Drought|NutrientDeficiency
10115,Field NW-10115 (Hawassa),Pest|FungalDisease|Flood
10116,Field NW-10116 (Sokoto),Pest|Salinity
10117,Field C-10117 (Kilimani),NutrientDeficiency
10118,Field NE-10118 (Hawassa),NutrientDeficiency
10119,Field C-10119 (Kilimani),Flood|Pest|SoilErosion
10120,Field SW-10120 (Sokoto),Flood
10121,Field NE-10121 (Kilimani),(no issues listed)
10122,Field NW-10122 (Sokoto),Flood
10123,Field NW-10123 (Sokoto),Salinity
10124,Field NE-10124 (Kilimani),Flood
10125,Field SW-10125 (Sokoto),Drought
10126,Field SW-10126 (Amanzi),HeatStress|Pest
10127,Field SE-10127 (Amanzi),WeedPressure|Pest|Drought
10128,Field NE-10128 (Akatsi),HeatStress|WeedPressure|Drought
10129,Field NW-10129 (Sokoto),WeedPressure
10130,Field NE-10130 (Kilimani),Pest|NutrientDeficiency
10131,Field SE-10131 (Kilimani),NutrientDeficiency
10132,Field SE-10132 (Amanzi),(no issues listed)
10133,Field SE-10133 (Hawassa),FungalDisease|Flood|Pest
10134,Field SW-10134 (Akatsi),(no issues listed)
10135,Field SE-10135 (Hawassa),HeatStress
10136,Field NW-10136 (Amanzi),FrostDamage|SoilErosion
10137,Field NW-10137 (Sokoto),WeedPressure
10138,Field SW-10138 (Hawassa),(no issues listed)
10139,Field NE-10139 (Akatsi),(no issues listed)
10140,Field SW-10140 (Sokoto),Salinity
10141,Field NW-10141 (Amanzi),Pest|SoilErosion|NutrientDeficiency
10142,Field SW-10142 (Akatsi),Drought|Pest|FungalDisease
10143,Field SW-10143 (Sokoto),FungalDisease
10144,Field SE-10144 (Hawassa),SoilErosion|Pest
10145,Field SE-10145 (Akatsi),Flood
10146,Field NE-10146 (Kilimani),HeatStress
10147,Field C-10147 (Kilimani),Flood
10148,Field C-10148 (Kilimani),WeedPressure
10149,Field C-10149 (Sokoto),NutrientDeficiency|Flood
10150,Field NW-10150 (Sokoto),Drought|FungalDisease|SoilErosion
10151,Field C-10151 (Sokoto),(no issues listed)
10152,Field SW-10152 (Hawassa),Pest
10153,Field SE-10153 (Kilimani),(no issues listed)
10154,Field NW-10154 (Akatsi),SoilErosion|Pest
10155,Field C-10155 (Sokoto),HeatStress
10156,Field SE-10156 (Akatsi),NutrientDeficiency|Drought
10157,Field NW-10157 (Kilimani),Flood|Drought|SoilErosion
10158,Field NW-10158 (Hawassa),Drought|FrostDamage
10159,Field SW-10159 (Akatsi),(no issues listed)
10160,Field C-10160 (Amanzi),Pest
10161,Field SE-10161 (Hawassa),FungalDisease|WeedPressure
10162,Field SE-10162 (Hawassa),FungalDisease|Pest|Drought
10163,Field SW-10163 (Sokoto),FungalDisease|Drought|Flood
10164,Field NW-10164 (Hawassa),HeatStress|Flood
10165,Field SE-10165 (Sokoto),FungalDisease|HeatStress
10166,Field SE-10166 (Akatsi),Drought|HeatStress|Flood
10167,Field SW-10167 (Kilimani),WeedPressure|Pest
10168,Field C-10168 (Sokoto),Drought|Pest
10169,Field SE-10169 (Amanzi),WeedPressure
10170,Field NW-10170 (Kilimani),NutrientDeficiency
10171,Field NE-10171 (Akatsi),SoilErosion|NutrientDeficiency
10172,Field SE-10172 (Sokoto),Pest
10173,Field SW-10173 (Akatsi),NutrientDeficiency
10174,Field C-10174 (Kilimani),HeatStress
10175,Field C-10175 (Kilimani),WeedPressure
10176,Field NW-10176 (Sokoto),FungalDisease
10177,Field NW-10177 (Amanzi),Pest|NutrientDeficiency
10178,Field C-10178 (Akatsi),NutrientDeficiency
10179,Field SW-10179 (Sokoto),Drought
10180,Field NE-10180 (Amanzi),Drought|HeatStress|WeedPressure
10181,Field C-10181 (Kilimani),Flood|WeedPressure
10182,Field SE-10182 (Amanzi),Flood
10183,Field SW-10183 (Hawassa),SoilErosion|NutrientDeficiency
10184,Field NW-10184 (Akatsi),SoilErosion
10185,Field SE-10185 (Kilimani),(no issues listed)
10186,Field NE-10186 (Hawassa),WeedPressure|FungalDisease
10187,Field SW-10187 (Akatsi),HeatStress|Flood
10188,Field NW-10188 (Hawassa),(no issues listed)
10189,Field SE-10189 (Kilimani),(no issues listed)
10190,Field C-10190 (Akatsi),HeatStress
10191,Field SW-10191 (Kilimani),SoilErosion|HeatStress|NutrientDeficiency
10192,Field NE-10192 (Kilimani),NutrientDeficiency|FrostDamage|WeedPressure
10193,Field SW-10193 (Kilimani),NutrientDeficiency|Pest|FungalDisease
10194,Field SW-10194 (Sokoto),FrostDamage|Drought
10195,Field NE-10195 (Hawassa),Pest|SoilErosion|NutrientDeficiency
10196,Field SW-10196 (Sokoto),FungalDisease
10197,Field NW-10197 (Hawassa),(no issues listed)
10198,Field NE-10198 (Hawassa),Drought
10199,Field NE-10199 (Amanzi),Salinity
10200,Field C-10200 (Akatsi),Pest|Drought
10201,Field SW-10201 (Sokoto),SoilErosion|Pest
10202,Field C-10202 (Kilimani),Drought|HeatStress
10203,Field SW-10203 (Kilimani),SoilErosion|Drought
10204,Field SE-10204 (Kilimani),Flood|NutrientDeficiency
10205,Field SE-10205 (Hawassa),WeedPressure|Drought|NutrientDeficiency
10206,Field NE-10206 (Kilimani),Salinity|NutrientDeficiency|Pest
10207,Field C-10207 (Sokoto),Drought
10208,Field SE-10208 (Sokoto),FungalDisease|WeedPressure
10209,Field NW-10209 (Hawassa),WeedPressure
10210,Field SW-10210 (Sokoto),SoilErosion|FrostDamage|FungalDisease
10211,Field NE-10211 (Kilimani),Pest|WeedPressure
10212,Field NE-10212 (Kilimani),Pest|HeatStress|NutrientDeficiency
10213,Field NE-10213 (Sokoto),FungalDisease
10214,Field SW-10214 (Amanzi),HeatStress
10215,Field NE-10215 (Kilimani),Drought
10216,Field SW-10216 (Hawassa),(no issues listed)
10217,Field NW-10217 (Kilimani),Drought
10218,Field SE-10218 (Kilimani),Pest|FrostDamage|SoilErosion
10219,Field SW-10219 (Kilimani),Salinity|Drought|SoilErosion
10220,Field NW-10220 (Kilimani),FrostDamage|NutrientDeficiency
10221,Field SE-10221 (Kilimani),NutrientDeficiency|WeedPressure|Drought
10222,Field SW-10222 (Sokoto),Pest|FungalDisease
10223,Field NW-10223 (Sokoto),Flood
10224,Field SW-10224 (Amanzi),SoilErosion|FungalDisease|Drought
10225,Field SE-10225 (Hawassa),(no issues listed)
10226,Field NW-10226 (Kilimani),WeedPressure
10227,Field NE-10227 (Akatsi),(no issues listed)
10228,Field SW-10228 (Amanzi),WeedPressure|Pest
10229,Field SE-10229 (Kilimani),NutrientDeficiency|SoilErosion
10230,Field C-10230 (Akatsi),Drought|WeedPressure|Salinity
10231,Field SE-10231 (Hawassa),WeedPressure|FungalDisease|Pest
10232,Field SW-10232 (Akatsi),Salinity
10233,Field NE-10233 (Kilimani),HeatStress|Pest
10234,Field SW-10234 (Sokoto),WeedPressure|FrostDamage
10235,Field NE-10235 (Hawassa),Pest
10236,Field NE-10236 (Hawassa),WeedPressure|NutrientDeficiency
10237,Field SE-10237 (Amanzi),Drought
10238,Field C-10238 (Hawassa),Drought|FungalDisease
10239,Field SW-10239 (Kilimani),NutrientDeficiency|Salinity|Pest
10240,Field NW-10240 (Amanzi),Pest|Flood
10241,Field C-10241 (Kilimani),WeedPressure
10242,Field NE-10242 (Sokoto),FungalDisease|WeedPressure
10243,Field NE-10243 (Akatsi),FrostDamage|WeedPressure|NutrientDeficiency
10244,Field C-10244 (Hawassa),Pest|FungalDisease|Flood
10245,Field SW-10245 (Sokoto),Flood
10246,Field SE-10246 (Kilimani),FungalDisease
10247,Field NE-10247 (Hawassa),Drought|SoilErosion
10248,Field NW-10248 (Hawassa),FungalDisease|Drought|Pest
10249,Field NW-10249 (Amanzi),Pest
10250,Field SE-10250 (Kilimani),Salinity|Flood|NutrientDeficiency
10251,Field NW-10251 (Hawassa),Drought
10252,Field SW-10252 (Amanzi),FungalDisease|SoilErosion|HeatStress
10253,Field SW-10253 (Akatsi),Pest|HeatStress|Flood
10254,Field NW-10254 (Amanzi),HeatStress
10255,Field C-10255 (Hawassa),(no issues listed)
10256,Field SW-10256 (Amanzi),FungalDisease|Salinity|NutrientDeficiency
10257,Field SW-10257 (Amanzi),WeedPressure
10258,Field SW-10258 (Sokoto),(no issues listed)
10259,Field SE-10259 (Akatsi),(no issues listed)
10260,Field NE-10260 (Sokoto),(no issues listed)
10261,Field SW-10261 (Akatsi),WeedPressure|Pest|Salinity
10262,Field SW-10262 (Akatsi),Flood
10263,Field C-10263 (Kilimani),FungalDisease|Pest|FrostDamage
10264,Field NE-10264 (Akatsi),Flood|FungalDisease|Drought
10265,Field NE-10265 (Kilimani),Pest|NutrientDeficiency
10266,Field NE-10266 (Kilimani),FungalDisease|Drought|Pest
10267,Field NW-10267 (Amanzi),Drought|FungalDisease|SoilErosion
10268,Field NE-10268 (Amanzi),NutrientDeficiency|Salinity|FrostDamage
10269,Field NW-10269 (Kilimani),Drought
10270,Field C-10270 (Amanzi),HeatStress
10271,Field C-10271 (Hawassa),FrostDamage|Drought|Salinity
10272,Field C-10272 (Sokoto),FungalDisease
10273,Field NE-10273 (Hawassa),NutrientDeficiency|Pest
10274,Field SE-10274 (Hawassa),(no issues listed)
10275,Field NW-10275 (Kilimani),(no issues listed)
10276,Field NE-10276 (Hawassa),HeatStress|Flood
10277,Field SW-10277 (Kilimani),NutrientDeficiency
10278,Field NW-10278 (Akatsi),HeatStress
10279,Field SW-10279 (Hawassa),SoilErosion|Pest|Salinity
10280,Field SE-10280 (Amanzi),HeatStress|Drought
10281,Field NW-10281 (Kilimani),Pest
10282,Field NE-10282 (Sokoto),FungalDisease|Pest|Drought
10283,Field NE-10283 (Kilimani),Pest|HeatStress|WeedPressure
10284,Field C-10284 (Hawassa),NutrientDeficiency
10285,Field SW-10285 (Hawassa),Flood
10286,Field SE-10286 (Kilimani),FungalDisease|SoilErosion|Drought
10287,Field SE-10287 (Hawassa),Salinity
10288,Field NE-10288 (Amanzi),HeatStress|Pest|WeedPressure
10289,Field SW-10289 (Akatsi),FungalDisease|SoilErosion
10290,Field SE-10290 (Akatsi),FungalDisease
10291,Field NW-10291 (Akatsi),HeatStress|SoilErosion
10292,Field C-10292 (Hawassa),FungalDisease|Salinity
10293,Field SW-10293 (Sokoto),(no issues listed)
10294,Field NE-10294 (Amanzi),Pest|NutrientDeficiency
10295,Field SE-10295 (Amanzi),SoilErosion|FrostDamage
10296,Field C-10296 (Kilimani),Drought|Pest|HeatStress
10297,Field SW-10297 (Amanzi),(no issues listed)
10298,Field NW-10298 (Hawassa),Drought|WeedPressure|Pest
10299,Field SW-10299 (Hawassa),FungalDisease|Pest|Flood
10300,Field NE-10300 (Kilimani),(no issues listed)
10301,Field NE-10301 (Akatsi),Pest|Drought
10302,Field SW-10302 (Kilimani),Salinity|Pest|HeatStress
10303,Field NE-10303 (Hawassa),HeatStress
10304,Field C-10304 (Akatsi),NutrientDeficiency|FungalDisease
10305,Field SW-10305 (Akatsi),Pest
10306,Field SE-10306 (Amanzi),(no issues listed)
10307,Field C-10307 (Hawassa),HeatStress|Salinity|FungalDisease
10308,Field SE-10308 (Kilimani),Drought|HeatStress
10309,Field NW-10309 (Hawassa),NutrientDeficiency
10310,Field SE-10310 (Akatsi),Flood|Pest
10311,Field NE-10311 (Hawassa),HeatStress|Drought|WeedPressure
10312,Field C-10312 (Kilimani),WeedPressure|NutrientDeficiency|FrostDamage
10313,Field SW-10313 (Amanzi),FungalDisease|SoilErosion|Drought
10314,Field NE-10314 (Hawassa),WeedPressure|Drought
10315,Field NW-10315 (Amanzi),FungalDisease|HeatStress|WeedPressure
10316,Field SW-10316 (Amanzi),WeedPressure
10317,Field SE-10317 (Kilimani),Pest|Salinity|NutrientDeficiency
10318,Field SW-10318 (Hawassa),Drought|Flood|Salinity
10319,Field C-10319 (Sokoto),(no issues listed)
10320,Field C-10320 (Hawassa),Pest|Drought
10321,Field NE-10321 (Amanzi),NutrientDeficiency|FrostDamage|SoilErosion
10322,Field SE-10322 (Amanzi),WeedPressure
10323,Field SW-10323 (Akatsi),Salinity|Pest
10324,Field C-10324 (Hawassa),Pest|Drought|FrostDamage
10325,Field NE-10325 (Amanzi),SoilErosion|Flood
10326,Field SW-10326 (Akatsi),Drought|WeedPressure
10327,Field NE-10327 (Akatsi),WeedPressure
10328,Field SE-10328 (Sokoto),FungalDisease|Drought|Flood
10329,Field NE-10329 (Akatsi),Drought
10330,Field C-10330 (Sokoto),Salinity|Drought|HeatStress
10331,Field C-10331 (Hawassa),NutrientDeficiency|Salinity
10332,Field NW-10332 (Kilimani),Drought
10333,Field SE-10333 (Amanzi),Drought
10334,Field C-10334 (Amanzi),NutrientDeficiency
10335,Field SW-10335 (Amanzi),Flood|HeatStress
10336,Field SW-10336 (Akatsi),Salinity|SoilErosion
10337,Field NE-10337 (Akatsi),FrostDamage
10338,Field NE-10338 (Hawassa),SoilErosion|Flood|HeatStress
10339,Field C-10339 (Hawassa),Flood|Pest|WeedPressure
10340,Field C-10340 (Kilimani),FungalDisease
10341,Field C-10341 (Akatsi),Drought|NutrientDeficiency
10342,Field SW-10342 (Kilimani),Flood|SoilErosion|Drought
10343,Field NE-10343 (Sokoto),HeatStress
10344,Field SW-10344 (Amanzi),SoilErosion|Pest
10345,Field SW-10345 (Akatsi),(no issues listed)
10346,Field NE-10346 (Hawassa),FungalDisease|Drought
10347,Field SE-10347 (Amanzi),FrostDamage
10348,Field SE-10348 (Kilimani),Pest|Drought|NutrientDeficiency
10349,Field C-10349 (Sokoto),FrostDamage
10350,Field SE-10350 (Sokoto),WeedPressure|Flood|NutrientDeficiency
10351,Field SW-10351 (Sokoto),NutrientDeficiency
10352,Field NE-10352 (Amanzi),Pest|WeedPressure|Drought
10353,Field NE-10353 (Sokoto),WeedPressure|NutrientDeficiency
10354,Field NW-10354 (Hawassa),Pest
10355,Field NW-10355 (Akatsi),Flood|Pest
10356,Field SW-10356 (Sokoto),SoilErosion|WeedPressure
10357,Field SE-10357 (Hawassa),SoilErosion
10358,Field NE-10358 (Sokoto),Flood|WeedPressure
10359,Field C-10359 (Amanzi),FrostDamage|FungalDisease
10360,Field NE-10360 (Hawassa),(no issues listed)
10361,Field NE-10361 (Amanzi),HeatStress|SoilErosion|Flood
10362,Field NE-10362 (Akatsi),SoilErosion
10363,Field SW-10363 (Amanzi),Drought
10364,Field C-10364 (Hawassa),(no issues listed)
10365,Field NE-10365 (Kilimani),NutrientDeficiency|WeedPressure
10366,Field C-10366 (Sokoto),SoilErosion
10367,Field NE-10367 (Sokoto),HeatStress
10368,Field NE-10368 (Amanzi),FungalDisease
10369,Field NE-10369 (Kilimani),FrostDamage
10370,Field NE-10370 (Akatsi),WeedPressure|Pest
10371,Field SW-10371 (Amanzi),(no issues listed)
10372,Field SW-10372 (Amanzi),Flood|HeatStress
10373,Field NW-10373 (Sokoto),FrostDamage|SoilErosion
10374,Field SW-10374 (Kilimani),NutrientDeficiency|SoilErosion|Flood
10375,Field NE-10375 (Sokoto),FungalDisease|Pest|Drought
10376,Field SE-10376 (Amanzi),Pest
10377,Field SW-10377 (Akatsi),Pest|HeatStress|FungalDisease
10378,Field NW-10378 (Hawassa),Flood|Salinity|FungalDisease
10379,Field SW-10379 (Kilimani),Pest|HeatStress|NutrientDeficiency
10380,Field SE-10380 (Amanzi),Drought
10381,Field C-10381 (Akatsi),FungalDisease|Drought|NutrientDeficiency
10382,Field NW-10382 (Kilimani),Pest
10383,Field C-10383 (Hawassa),(no issues listed)
10384,Field C-10384 (Hawassa),Salinity|Flood|Pest
10385,Field NE-10385 (Kilimani),Pest|Flood
10386,Field SE-10386 (Amanzi),Pest
10387,Field NE-10387 (Kilimani),(no issues listed)
10388,Field SW-10388 (Hawassa),Drought
10389,Field SW-10389 (Amanzi),SoilErosion|NutrientDeficiency
10390,Field C-10390 (Akatsi),WeedPressure|Pest|Drought
10391,Field SW-10391 (Amanzi),Pest
10392,Field NW-10392 (Hawassa),(no issues listed)
10393,Field SW-10393 (Kilimani),SoilErosion|Pest|Flood
10394,Field C-10394 (Amanzi),FrostDamage
10395,Field SE-10395 (Hawassa),(no issues listed)
10396,Field NE-10396 (Akatsi),(no issues listed)
10397,Field C-10397 (Hawassa),NutrientDeficiency
10398,Field NW-10398 (Sokoto),Drought|Flood|Pest
10399,Field SE-10399 (Sokoto),Drought|FrostDamage
10400,Field NW-10400 (Sokoto),(no issues listed)
10401,Field NE-10401 (Amanzi),WeedPressure|SoilErosion
10402,Field NE-10402 (Hawassa),Drought|NutrientDeficiency
10403,Field NW-10403 (Amanzi),Pest|Salinity
10404,Field NE-10404 (Akatsi),NutrientDeficiency|WeedPressure|HeatStress
10405,Field C-10405 (Amanzi),NutrientDeficiency
10406,Field NW-10406 (Akatsi),Drought|NutrientDeficiency
10407,Field C-10407 (Sokoto),SoilErosion
10408,Field SW-10408 (Amanzi),WeedPressure
10409,Field C-10409 (Amanzi),(no issues listed)
10410,Field SW-10410 (Akatsi),WeedPressure|Drought|NutrientDeficiency
10411,Field NE-10411 (Hawassa),FungalDisease
10412,Field SE-10412 (Sokoto),(no issues listed)
10413,Field NE-10413 (Amanzi),WeedPressure|Drought|Salinity
10414,Field SW-10414 (Kilimani),SoilErosion
10415,Field NE-10415 (Hawassa),FungalDisease|HeatStress
10416,Field C-10416 (Kilimani),NutrientDeficiency|FungalDisease
10417,Field NW-10417 (Akatsi),Salinity|Pest|FrostDamage
10418,Field SE-10418 (Hawassa),SoilErosion|Flood
10419,Field NE-10419 (Sokoto),SoilErosion|Flood|Drought
10420,Field NW-10420 (Hawassa),Pest|Drought|FungalDisease
10421,Field NE-10421 (Kilimani),Pest
10422,Field NW-10422 (Hawassa),NutrientDeficiency
10423,Field SE-10423 (Amanzi),Flood|Pest|Drought
10424,Field C-10424 (Kilimani),Pest|Drought|FungalDisease
10425,Field NE-10425 (Hawassa),Flood
10426,Field NW-10426 (Sokoto),FungalDisease|Pest|NutrientDeficiency
10427,Field SW-10427 (Amanzi),WeedPressure
10428,Field NE-10428 (Hawassa),Salinity
10429,Field NW-10429 (Sokoto),NutrientDeficiency|Drought|WeedPressure
10430,Field SW-10430 (Sokoto),NutrientDeficiency|HeatStress|WeedPressure
10431,Field C-10431 (Akatsi),Drought|FungalDisease
10432,Field C-10432 (Akatsi),(no issues listed)
10433,Field C-10433 (Hawassa),FungalDisease|HeatStress|NutrientDeficiency
10434,Field C-10434 (Sokoto),(no issues listed)
10435,Field C-10435 (Amanzi),FungalDisease
10436,Field C-10436 (Kilimani),Flood|HeatStress|Drought
10437,Field NW-10437 (Hawassa),NutrientDeficiency
10438,Field C-10438 (Akatsi),(no issues listed)
10439,Field SE-10439 (Akatsi),NutrientDeficiency|HeatStress
10440,Field NW-10440 (Amanzi),Salinity
10441,Field NE-10441 (Akatsi),(no issues listed)
10442,Field NW-10442 (Amanzi),HeatStress
10443,Field NW-10443 (Akatsi),Pest|NutrientDeficiency
10444,Field SW-10444 (Hawassa),WeedPressure|Pest
10445,Field NE-10445 (Akatsi),Salinity|FungalDisease
10446,Field C-10446 (Kilimani),Drought
10447,Field NW-10447 (Amanzi),FungalDisease
10448,Field C-10448 (Akatsi),FungalDisease|Salinity|Drought
10449,Field NW-10449 (Sokoto),HeatStress|Drought
10450,Field NE-10450 (Amanzi),SoilErosion
10451,Field C-10451 (Sokoto),WeedPressure|SoilErosion|Drought
10452,Field SE-10452 (Hawassa),Pest
10453,Field NE-10453 (Amanzi),(no issues listed)
10454,Field SW-10454 (Sokoto),WeedPressure|SoilErosion
10455,Field SW-10455 (Hawassa),(no issues listed)
10456,Field SE-10456 (Akatsi),NutrientDeficiency|HeatStress
10457,Field SW-10457 (Amanzi),NutrientDeficiency|Drought|Salinity
10458,Field NW-10458 (Akatsi),SoilErosion|Pest|NutrientDeficiency
10459,Field SW-10459 (Sokoto),NutrientDeficiency
10460,Field NW-10460 (Sokoto),Pest
10461,Field C-10461 (Akatsi),(no issues listed)
10462,Field SW-10462 (Akatsi),Pest|WeedPressure
10463,Field C-10463 (Amanzi),Pest|NutrientDeficiency|Drought
10464,Field SE-10464 (Kilimani),WeedPressure|Flood|SoilErosion
10465,Field NW-10465 (Kilimani),HeatStress|Pest|SoilErosion
10466,Field SE-10466 (Hawassa),(no issues listed)
10467,Field C-10467 (Kilimani),FungalDisease|Pest
10468,Field C-10468 (Sokoto),Drought|Pest
10469,Field NE-10469 (Kilimani),Drought|NutrientDeficiency|Pest
10470,Field NE-10470 (Sokoto),SoilErosion|Salinity|WeedPressure
10471,Field NW-10471 (Akatsi),WeedPressure
10472,Field NE-10472 (Sokoto),SoilErosion
10473,Field NE-10473 (Kilimani),Flood|FungalDisease
10474,Field C-10474 (Kilimani),FrostDamage|FungalDisease|NutrientDeficiency
10475,Field NE-10475 (Kilimani),HeatStress|Salinity|Pest
10476,Field SE-10476 (Kilimani),FungalDisease|Salinity|NutrientDeficiency
10477,Field C-10477 (Akatsi),(no issues listed)
10478,Field C-10478 (Sokoto),Pest|Flood
10479,Field NE-10479 (Sokoto),FungalDisease|HeatStress
10480,Field NE-10480 (Hawassa),WeedPressure|HeatStress|Salinity
10481,Field SW-10481 (Kilimani),(no issues listed)
10482,Field SW-10482 (Kilimani),FungalDisease|NutrientDeficiency|FrostDamage
10483,Field NW-10483 (Hawassa),WeedPressure|HeatStress
10484,Field SW-10484 (Akatsi),HeatStress|Drought|SoilErosion
10485,Field NE-10485 (Akatsi),FungalDisease
10486,Field NW-10486 (Kilimani),WeedPressure|HeatStress|FrostDamage
10487,Field SE-10487 (Amanzi),Pest
10488,Field SE-10488 (Hawassa),WeedPressure
10489,Field NW-10489 (Amanzi),Drought
10490,Field NE-10490 (Kilimani),Drought|SoilErosion
10491,Field SW-10491 (Kilimani),Drought|Flood
10492,Field NW-10492 (Kilimani),FrostDamage|FungalDisease|Pest
10493,Field NW-10493 (Kilimani),NutrientDeficiency
10494,Field NE-10494 (Akatsi),FungalDisease|Drought
10495,Field NW-10495 (Hawassa),NutrientDeficiency|Drought|Flood
10496,Field SE-10496 (Hawassa),FungalDisease
10497,Field C-10497 (Akatsi),FungalDisease|NutrientDeficiency|Drought
10498,Field SE-10498 (Akatsi),WeedPressure|Drought
10499,Field NW-10499 (Sokoto),(no issues listed)
10500,Field SW-10500 (Amanzi),WeedPressure
10501,Field SE-10501 (Hawassa),(no issues listed)
10502,Field SW-10502 (Kilimani),Pest|SoilErosion|WeedPressure
10503,Field NW-10503 (Sokoto),FungalDisease|NutrientDeficiency
10504,Field SE-10504 (Sokoto),FrostDamage|Pest
10505,Field SW-10505 (Hawassa),Flood|FungalDisease
10506,Field NE-10506 (Sokoto),NutrientDeficiency
10507,Field NE-10507 (Hawassa),(no issues listed)
10508,Field SW-10508 (Sokoto),WeedPressure|Drought
10509,Field NE-10509 (Amanzi),Flood
10510,Field SW-10510 (Hawassa),(no issues listed)
10511,Field SE-10511 (Amanzi),WeedPressure|Pest
10512,Field NW-10512 (Amanzi),Salinity|HeatStress|SoilErosion
10513,Field NE-10513 (Akatsi),Pest
10514,Field SW-10514 (Kilimani),(no issues listed)
10515,Field NE-10515 (Sokoto),HeatStress
10516,Field C-10516 (Sokoto),WeedPressure|FungalDisease
10517,Field C-10517 (Sokoto),Flood
10518,Field SW-10518 (Amanzi),WeedPressure|Pest
10519,Field SE-10519 (Sokoto),NutrientDeficiency|FungalDisease
10520,Field SE-10520 (Amanzi),WeedPressure|HeatStress|NutrientDeficiency
10521,Field SE-10521 (Amanzi),FungalDisease|HeatStress|Pest
10522,Field NW-10522 (Hawassa),FungalDisease|SoilErosion|WeedPressure
10523,Field C-10523 (Amanzi),SoilErosion
10524,Field NW-10524 (Akatsi),NutrientDeficiency
10525,Field NW-10525 (Amanzi),Pest|SoilErosion
10526,Field NE-10526 (Kilimani),Pest
10527,Field NW-10527 (Sokoto),Pest|FungalDisease|Drought
10528,Field NE-10528 (Kilimani),FrostDamage|Pest
10529,Field C-10529 (Akatsi),(no issues listed)
10530,Field SE-10530 (Akatsi),HeatStress|Pest
10531,Field SE-10531 (Kilimani),NutrientDeficiency
10532,Field SE-10532 (Amanzi),Pest
10533,Field NW-10533 (Kilimani),Drought|HeatStress
10534,Field SE-10534 (Hawassa),Salinity|Drought|NutrientDeficiency
10535,Field SW-10535 (Kilimani),(no issues listed)
10536,Field NW-10536 (Sokoto),NutrientDeficiency|Pest
10537,Field C-10537 (Sokoto),FrostDamage
10538,Field C-10538 (Kilimani),FungalDisease
10539,Field SW-10539 (Sokoto),FungalDisease
10540,Field NW-10540 (Akatsi),Salinity|FungalDisease
10541,Field C-10541 (Amanzi),NutrientDeficiency
10542,Field NE-10542 (Kilimani),Pest|WeedPressure|Flood
10543,Field NW-10543 (Hawassa),Drought|WeedPressure|Pest
10544,Field NW-10544 (Sokoto),(no issues listed)
10545,Field SE-10545 (Amanzi),(no issues listed)
10546,Field SE-10546 (Amanzi),Pest
10547,Field SW-10547 (Hawassa),Flood
10548,Field SW-10548 (Sokoto),HeatStress|WeedPressure
10549,Field SE-10549 (Hawassa),NutrientDeficiency|Pest
10550,Field SW-10550 (Sokoto),(no issues listed)
10551,Field NE-10551 (Amanzi),WeedPressure|Flood|FungalDisease
10552,Field C-10552 (Hawassa),WeedPressure
10553,Field NW-10553 (Akatsi),(no issues listed)
10554,Field SE-10554 (Akatsi),WeedPressure|SoilErosion
10555,Field SW-10555 (Sokoto),Pest|HeatStress
10556,Field NE-10556 (Kilimani),(no issues listed)
10557,Field SE-10557 (Kilimani),HeatStress
10558,Field C-10558 (Sokoto),NutrientDeficiency|Drought
10559,Field SW-10559 (Hawassa),(no issues listed)
10560,Field SE-10560 (Amanzi),Pest|Flood
10561,Field NW-10561 (Hawassa),(no issues listed)
10562,Field SE-10562 (Sokoto),WeedPressure
10563,Field NW-10563 (Kilimani),(no issues listed)
10564,Field C-10564 (Kilimani),FungalDisease|FrostDamage|WeedPressure
10565,Field C-10565 (Hawassa),Pest
10566,Field NE-10566 (Sokoto),HeatStress|Drought|Pest
10567,Field SW-10567 (Amanzi),HeatStress|NutrientDeficiency|WeedPressure
10568,Field NE-10568 (Amanzi),(no issues listed)
10569,Field SE-10569 (Sokoto),NutrientDeficiency
10570,Field SE-10570 (Akatsi),NutrientDeficiency|SoilErosion|Flood
10571,Field C-10571 (Akatsi),Pest|WeedPressure
10572,Field C-10572 (Hawassa),Pest|FungalDisease|NutrientDeficiency
10573,Field SW-10573 (Sokoto),HeatStress
10574,Field NE-10574 (Kilimani),FungalDisease|WeedPressure
10575,Field SE-10575 (Hawassa),FungalDisease|Pest
10576,Field C-10576 (Hawassa),WeedPressure|FungalDisease
10577,Field NE-10577 (Akatsi),Drought
10578,Field NE-10578 (Kilimani),Drought
10579,Field SW-10579 (Akatsi),NutrientDeficiency
10580,Field C-10580 (Kilimani),Flood
10581,Field NW-10581 (Hawassa),Flood|WeedPressure
10582,Field SW-10582 (Amanzi),NutrientDeficiency|Pest
10583,Field NE-10583 (Hawassa),WeedPressure|NutrientDeficiency|FrostDamage
10584,Field C-10584 (Amanzi),Salinity|Drought
10585,Field NE-10585 (Amanzi),Flood|FungalDisease|HeatStress
10586,Field C-10586 (Kilimani),Drought
10587,Field NE-10587 (Kilimani),WeedPressure|FungalDisease
10588,Field NW-10588 (Akatsi),FrostDamage|HeatStress|NutrientDeficiency
10589,Field SW-10589 (Kilimani),Drought|FungalDisease
10590,Field SE-10590 (Sokoto),SoilErosion
10591,Field SE-10591 (Hawassa),Flood|SoilErosion
10592,Field SE-10592 (Kilimani),FungalDisease|Salinity|Flood
10593,Field SW-10593 (Hawassa),WeedPressure|Drought
10594,Field SE-10594 (Amanzi),FungalDisease
10595,Field SW-10595 (Kilimani),SoilErosion
10596,Field NW-10596 (Hawassa),Pest|FungalDisease
10597,Field SW-10597 (Kilimani),NutrientDeficiency
10598,Field SE-10598 (Hawassa),WeedPressure
10599,Field SW-10599 (Kilimani),WeedPressure|Pest
10600,Field C-10600 (Amanzi),Pest
10601,Field SE-10601 (Amanzi),NutrientDeficiency|SoilErosion|WeedPressure
10602,Field SE-10602 (Akatsi),FungalDisease|Drought|Flood
10603,Field SW-10603 (Sokoto),Pest|WeedPressure|Flood
10604,Field C-10604 (Sokoto),Salinity
10605,Field SE-10605 (Hawassa),WeedPressure|SoilErosion|NutrientDeficiency
10606,Field SE-10606 (Hawassa),WeedPressure
10607,Field SE-10607 (Hawassa),Drought
10608,Field SW-10608 (Sokoto),NutrientDeficiency|SoilErosion|FungalDisease
10609,Field SE-10609 (Amanzi),HeatStress
10610,Field NE-10610 (Kilimani),Drought|NutrientDeficiency|SoilErosion
10611,Field SE-10611 (Sokoto),Pest
10612,Field NW-10612 (Amanzi),WeedPressure|Pest
10613,Field NW-10613 (Akatsi),WeedPressure
10614,Field C-10614 (Akatsi),Pest|NutrientDeficiency
10615,Field SW-10615 (Amanzi),Drought
10616,Field SE-10616 (Sokoto),WeedPressure|FungalDisease
10617,Field NE-10617 (Akatsi),WeedPressure|HeatStress|FrostDamage
10618,Field NW-10618 (Akatsi),Drought|HeatStress
10619,Field SE-10619 (Amanzi),NutrientDeficiency
10620,Field SW-10620 (Kilimani),Drought|Pest
10621,Field SE-10621 (Kilimani),Pest|WeedPressure
10622,Field SE-10622 (Amanzi),HeatStress|Salinity
10623,Field SW-10623 (Sokoto),Pest
10624,Field SE-10624 (Akatsi),WeedPressure|Pest|NutrientDeficiency
10625,Field C-10625 (Hawassa),FrostDamage|Pest
10626,Field SW-10626 (Hawassa),SoilErosion|Pest|Salinity
10627,Field SE-10627 (Akatsi),Drought|HeatStress
10628,Field NW-10628 (Sokoto),(no issues listed)
10629,Field C-10629 (Amanzi),Drought|SoilErosion
10630,Field NW-10630 (Amanzi),WeedPressure|Pest|NutrientDeficiency
10631,Field SW-10631 (Hawassa),HeatStress|Drought
10632,Field NE-10632 (Amanzi),Drought
10633,Field SE-10633 (Sokoto),SoilErosion
10634,Field NW-10634 (Akatsi),Drought|NutrientDeficiency|Pest
10635,Field SE-10635 (Kilimani),NutrientDeficiency|Drought|SoilErosion
10636,Field NE-10636 (Hawassa),SoilErosion
10637,Field NE-10637 (Sokoto),(no issues listed)
10638,Field NW-10638 (Sokoto),(no issues listed)
10639,Field NW-10639 (Kilimani),NutrientDeficiency
10640,Field C-10640 (Sokoto),FungalDisease|Drought|Pest
10641,Field C-10641 (Hawassa),HeatStress
10642,Field NE-10642 (Amanzi),Drought
10643,Field SW-10643 (Sokoto),Drought|Salinity
10644,Field NE-10644 (Hawassa),SoilErosion|Salinity|Pest
10645,Field SE-10645 (Hawassa),Pest|FungalDisease|Drought
10646,Field SE-10646 (Akatsi),(no issues listed)
10647,Field SW-10647 (Sokoto),Pest|Flood
10648,Field C-10648 (Sokoto),NutrientDeficiency
10649,Field SE-10649 (Hawassa),(no issues listed)
10650,Field SE-10650 (Akatsi),SoilErosion|FungalDisease|Drought
10651,Field SW-10651 (Amanzi),WeedPressure|Drought|Pest
10652,Field SE-10652 (Akatsi),WeedPressure
10653,Field NE-10653 (Hawassa),Drought|NutrientDeficiency
10654,Field NE-10654 (Amanzi),HeatStress|Salinity|Drought
10655,Field NW-10655 (Akatsi),NutrientDeficiency
10656,Field C-10656 (Kilimani),FungalDisease|SoilErosion
10657,Field SE-10657 (Akatsi),Flood|Pest|Drought
10658,Field NE-10658 (Hawassa),Pest|SoilErosion|Drought
10659,Field SW-10659 (Kilimani),FrostDamage|HeatStress
10660,Field NE-10660 (Hawassa),HeatStress|Drought|SoilErosion
10661,Field C-10661 (Sokoto),FrostDamage
10662,Field NW-10662 (Kilimani),FungalDisease|Drought
10663,Field NE-10663 (Hawassa),Salinity|Flood|HeatStress
10664,Field NE-10664 (Akatsi),Drought|FungalDisease
10665,Field C-10665 (Akatsi),(no issues listed)
10666,Field C-10666 (Kilimani),SoilErosion|NutrientDeficiency
10667,Field NW-10667 (Amanzi),(no issues listed)
10668,Field C-10668 (Sokoto),FungalDisease
10669,Field NW-10669 (Hawassa),HeatStress
10670,Field NW-10670 (Hawassa),SoilErosion|WeedPressure
10671,Field SE-10671 (Akatsi),Flood|Pest|WeedPressure
10672,Field NW-10672 (Kilimani),NutrientDeficiency|SoilErosion
10673,Field C-10673 (Hawassa),(no issues listed)
10674,Field SE-10674 (Akatsi),Pest|SoilErosion|Drought
10675,Field SE-10675 (Amanzi),Pest|FungalDisease|Drought
10676,Field SE-10676 (Hawassa),Salinity|Flood|Pest
10677,Field C-10677 (Akatsi),Flood
10678,Field SW-10678 (Hawassa),HeatStress
10679,Field NW-10679 (Kilimani),Pest|NutrientDeficiency
10680,Field SE-10680 (Akatsi),FungalDisease
10681,Field SW-10681 (Sokoto),HeatStress
10682,Field NE-10682 (Hawassa),(no issues listed)
10683,Field SE-10683 (Amanzi),WeedPressure|Drought
10684,Field C-10684 (Amanzi),SoilErosion
10685,Field SE-10685 (Hawassa),SoilErosion|Drought
10686,Field C-10686 (Akatsi),HeatStress|WeedPressure|Drought
10687,Field NE-10687 (Sokoto),Drought|SoilErosion|WeedPressure
10688,Field SE-10688 (Hawassa),Drought|WeedPressure
10689,Field C-10689 (Hawassa),HeatStress
10690,Field NW-10690 (Akatsi),WeedPressure
10691,Field SW-10691 (Sokoto),Pest
10692,Field NE-10692 (Hawassa),HeatStress|Flood
10693,Field NE-10693 (Amanzi),(no issues listed)
10694,Field NW-10694 (Akatsi),Drought|Salinity|Pest
10695,Field NW-10695 (Hawassa),HeatStress
10696,Field SE-10696 (Akatsi),Pest|Flood|Salinity
10697,Field NE-10697 (Sokoto),Salinity
10698,Field SW-10698 (Kilimani),WeedPressure|Pest
10699,Field SE-10699 (Sokoto),FungalDisease|NutrientDeficiency
10700,Field NE-10700 (Sokoto),FungalDisease|FrostDamage|WeedPressure
10701,Field NE-10701 (Hawassa),Pest|SoilErosion|Drought
10702,Field SW-10702 (Kilimani),Flood
10703,Field C-10703 (Hawassa),FungalDisease
10704,Field NE-10704 (Hawassa),Drought
10705,Field C-10705 (Akatsi),(no issues listed)
10706,Field SW-10706 (Akatsi),Drought|Pest
10707,Field SE-10707 (Akatsi),SoilErosion|FungalDisease
10708,Field SE-10708 (Hawassa),Pest
10709,Field SW-10709 (Akatsi),(no issues listed)
10710,Field C-10710 (Sokoto),SoilErosion
10711,Field SW-10711 (Amanzi),WeedPressure|SoilErosion
10712,Field SW-10712 (Sokoto),Drought|FrostDamage
10713,Field SE-10713 (Hawassa),Drought
10714,Field SE-10714 (Hawassa),WeedPressure
10715,Field C-10715 (Akatsi),FungalDisease
10716,Field NW-10716 (Kilimani),SoilErosion
10717,Field NW-10717 (Amanzi),Pest|Salinity|FrostDamage
10718,Field NW-10718 (Amanzi),SoilErosion
10719,Field NW-10719 (Hawassa),Salinity
10720,Field NE-10720 (Sokoto),(no issues listed)
10721,Field NW-10721 (Sokoto),Drought
10722,Field NW-10722 (Amanzi),FrostDamage
10723,Field SW-10723 (Akatsi),FrostDamage
10724,Field NW-10724 (Amanzi),Drought
10725,Field NW-10725 (Hawassa),NutrientDeficiency|WeedPressure
10726,Field NW-10726 (Sokoto),NutrientDeficiency|Pest
10727,Field SE-10727 (Akatsi),SoilErosion|HeatStress|WeedPressure
10728,Field SW-10728 (Hawassa),FungalDisease|WeedPressure
10729,Field C-10729 (Kilimani),Salinity|FungalDisease
10730,Field NE-10730 (Hawassa),SoilErosion
10731,Field NW-10731 (Sokoto),WeedPressure
10732,Field C-10732 (Akatsi),(no issues listed)
10733,Field NE-10733 (Kilimani),HeatStress|NutrientDeficiency
10734,Field NW-10734 (Kilimani),FrostDamage
10735,Field NW-10735 (Sokoto),(no issues listed)
10736,Field SE-10736 (Kilimani),HeatStress|Flood|WeedPressure
10737,Field C-10737 (Hawassa),Flood
10738,Field NW-10738 (Akatsi),HeatStress
10739,Field C-10739 (Amanzi),WeedPressure
10740,Field SE-10740 (Sokoto),Flood
10741,Field NW-10741 (Sokoto),Drought
10742,Field NW-10742 (Hawassa),Pest|Drought|WeedPressure
10743,Field SE-10743 (Sokoto),FungalDisease|WeedPressure
10744,Field SW-10744 (Hawassa),FungalDisease|NutrientDeficiency
10745,Field NW-10745 (Kilimani),(no issues listed)
10746,Field NW-10746 (Amanzi),SoilErosion|Pest
10747,Field NW-10747 (Amanzi),Drought
10748,Field NE-10748 (Akatsi),Drought|Flood
10749,Field SW-10749 (Akatsi),WeedPressure|FungalDisease|Pest
10750,Field NE-10750 (Amanzi),Salinity
10751,Field NW-10751 (Hawassa),Drought
10752,Field NW-10752 (Amanzi),Drought|Pest
10753,Field NW-10753 (Hawassa),Flood|Drought|HeatStress
10754,Field NE-10754 (Kilimani),FungalDisease|SoilErosion|HeatStress
10755,Field C-10755 (Amanzi),(no issues listed)
10756,Field NW-10756 (Amanzi),WeedPressure|Pest
10757,Field SW-10757 (Sokoto),FungalDisease
10758,Field NW-10758 (Amanzi),SoilErosion|Flood
10759,Field NW-10759 (Hawassa),Flood
10760,Field NE-10760 (Kilimani),SoilErosion|FrostDamage|HeatStress
10761,Field NW-10761 (Akatsi),WeedPressure
10762,Field C-10762 (Sokoto),SoilErosion|Drought|FungalDisease
10763,Field C-10763 (Amanzi),HeatStress|NutrientDeficiency
10764,Field SE-10764 (Hawassa),FungalDisease|NutrientDeficiency
10765,Field SE-10765 (Hawassa),(no issues listed)
10766,Field NE-10766 (Hawassa),Pest
10767,Field C-10767 (Kilimani),Salinity
10768,Field NW-10768 (Akatsi),HeatStress|FungalDisease|Pest
10769,Field C-10769 (Kilimani),Flood
10770,Field NW-10770 (Hawassa),Flood|HeatStress|NutrientDeficiency
10771,Field SE-10771 (Kilimani),FrostDamage|SoilErosion|Flood
10772,Field C-10772 (Sokoto),SoilErosion|Salinity
10773,Field SW-10773 (Akatsi),Flood|NutrientDeficiency
10774,Field NE-10774 (Kilimani),SoilErosion|NutrientDeficiency
10775,Field NW-10775 (Amanzi),(no issues listed)
10776,Field NW-10776 (Sokoto),WeedPressure|Flood
10777,Field SW-10777 (Akatsi),(no issues listed)
10778,Field C-10778 (Kilimani),Drought|HeatStress
10779,Field NE-10779 (Hawassa),(no issues listed)
10780,Field SW-10780 (Amanzi),(no issues listed)
10781,Field NE-10781 (Akatsi),NutrientDeficiency|SoilErosion
10782,Field NE-10782 (Kilimani),Pest
10783,Field C-10783 (Amanzi),NutrientDeficiency
10784,Field SE-10784 (Akatsi),Drought|NutrientDeficiency|FrostDamage
10785,Field SW-10785 (Kilimani),Flood
10786,Field SW-10786 (Kilimani),Flood|NutrientDeficiency
10787,Field SE-10787 (Kilimani),SoilErosion
10788,Field SW-10788 (Kilimani),HeatStress|Salinity|WeedPressure
10789,Field SE-10789 (Akatsi),FungalDisease
10790,Field SW-10790 (Sokoto),Pest|Drought|NutrientDeficiency
10791,Field SE-10791 (Akatsi),Pest
10792,Field NW-10792 (Sokoto),Drought
10793,Field NW-10793 (Hawassa),NutrientDeficiency
10794,Field C-10794 (Akatsi),Flood|HeatStress
10795,Field NE-10795 (Akatsi),(no issues listed)
10796,Field C-10796 (Kilimani),FungalDisease|Flood|NutrientDeficiency
10797,Field NW-10797 (Hawassa),Pest|NutrientDeficiency|FungalDisease
10798,Field SW-10798 (Akatsi),Pest|Drought
10799,Field SW-10799 (Hawassa),WeedPressure
10800,Field NW-10800 (Amanzi),FrostDamage|Drought|FungalDisease
10801,Field SE-10801 (Sokoto),SoilErosion|FungalDisease|WeedPressure
10802,Field SE-10802 (Kilimani),WeedPressure|Pest|HeatStress
10803,Field SW-10803 (Amanzi),(no issues listed)
10804,Field SW-10804 (Kilimani),NutrientDeficiency|Salinity|FungalDisease
10805,Field SE-10805 (Kilimani),NutrientDeficiency|Drought|Flood
10806,Field SW-10806 (Kilimani),(no issues listed)
10807,Field SW-10807 (Kilimani),Flood
10808,Field SW-10808 (Hawassa),HeatStress|FrostDamage
10809,Field C-10809 (Hawassa),FrostDamage|Drought|Flood
10810,Field NW-10810 (Hawassa),(no issues listed)
10811,Field NW-10811 (Sokoto),WeedPressure|FungalDisease|Pest
10812,Field C-10812 (Akatsi),(no issues listed)
10813,Field SE-10813 (Kilimani),Pest|SoilErosion
10814,Field NE-10814 (Hawassa),(no issues listed)
10815,Field SE-10815 (Hawassa),Drought|NutrientDeficiency
10816,Field C-10816 (Kilimani),Salinity|HeatStress|Flood
10817,Field SE-10817 (Amanzi),(no issues listed)
10818,Field SE-10818 (Akatsi),Flood
10819,Field SE-10819 (Kilimani),HeatStress|NutrientDeficiency
10820,Field C-10820 (Kilimani),SoilErosion
10821,Field SW-10821 (Amanzi),(no issues listed)
10822,Field NE-10822 (Akatsi),NutrientDeficiency|WeedPressure
10823,Field SE-10823 (Kilimani),FungalDisease|Drought|WeedPressure
10824,Field NW-10824 (Sokoto),FrostDamage|WeedPressure
10825,Field NE-10825 (Akatsi),WeedPressure|HeatStress|SoilErosion
10826,Field C-10826 (Hawassa),HeatStress
10827,Field SE-10827 (Akatsi),HeatStress
10828,Field NE-10828 (Sokoto),Pest
10829,Field SE-10829 (Sokoto),WeedPressure|Flood|NutrientDeficiency
10830,Field NW-10830 (Hawassa),(no issues listed)
10831,Field SE-10831 (Hawassa),HeatStress
10832,Field SE-10832 (Sokoto),FrostDamage|NutrientDeficiency
10833,Field C-10833 (Akatsi),Drought|FrostDamage
10834,Field NE-10834 (Hawassa),HeatStress
10835,Field SE-10835 (Sokoto),NutrientDeficiency
10836,Field SW-10836 (Amanzi),Salinity|Pest
10837,Field SW-10837 (Hawassa),HeatStress|NutrientDeficiency
10838,Field NW-10838 (Amanzi),HeatStress|Pest|Flood
10839,Field NW-10839 (Sokoto),Drought|SoilErosion
10840,Field SW-10840 (Akatsi),Salinity
10841,Field SW-10841 (Hawassa),(no issues listed)
10842,Field NE-10842 (Hawassa),Pest|SoilErosion|Drought
10843,Field SW-10843 (Hawassa),Salinity
10844,Field SE-10844 (Kilimani),NutrientDeficiency|SoilErosion
10845,Field NW-10845 (Akatsi),HeatStress|FungalDisease
10846,Field NW-10846 (Hawassa),WeedPressure|Drought
10847,Field NE-10847 (Akatsi),SoilErosion|NutrientDeficiency|Pest
10848,Field C-10848 (Sokoto),WeedPressure
10849,Field SE-10849 (Hawassa),FrostDamage|NutrientDeficiency
10850,Field NW-10850 (Sokoto),Drought
10851,Field SE-10851 (Akatsi),Drought
10852,Field SE-10852 (Akatsi),NutrientDeficiency|SoilErosion|FungalDisease
10853,Field SW-10853 (Amanzi),WeedPressure|NutrientDeficiency|SoilErosion
10854,Field SE-10854 (Hawassa),WeedPressure|HeatStress
10855,Field C-10855 (Kilimani),(no issues listed)
10856,Field C-10856 (Akatsi),(no issues listed)
10857,Field C-10857 (Kilimani),Salinity|Flood|Pest
10858,Field SW-10858 (Amanzi),WeedPressure|FrostDamage|NutrientDeficiency
10859,Field SE-10859 (Hawassa),(no issues listed)
10860,Field NE-10860 (Amanzi),Flood|FungalDisease
10861,Field NW-10861 (Amanzi),SoilErosion
10862,Field C-10862 (Akatsi),NutrientDeficiency|Pest
10863,Field SW-10863 (Kilimani),FungalDisease|Pest
10864,Field SW-10864 (Amanzi),Flood|SoilErosion|HeatStress
10865,Field SW-10865 (Kilimani),HeatStress
10866,Field NW-10866 (Kilimani),(no issues listed)
10867,Field NW-10867 (Akatsi),SoilErosion
10868,Field C-10868 (Hawassa),(no issues listed)
10869,Field NW-10869 (Amanzi),Drought|SoilErosion|HeatStress
10870,Field SE-10870 (Amanzi),Flood
10871,Field NE-10871 (Akatsi),Drought|FrostDamage
10872,Field NE-10872 (Akatsi),Drought|NutrientDeficiency|Pest
10873,Field NW-10873 (Hawassa),(no issues listed)
10874,Field NW-10874 (Amanzi),Drought|Salinity|NutrientDeficiency
10875,Field SE-10875 (Amanzi),Drought|SoilErosion
10876,Field SE-10876 (Hawassa),Drought|Pest|NutrientDeficiency
10877,Field SW-10877 (Hawassa),FrostDamage
10878,Field SE-10878 (Kilimani),FungalDisease
10879,Field SW-10879 (Sokoto),(no issues listed)
10880,Field SE-10880 (Sokoto),(no issues listed)
10881,Field NE-10881 (Kilimani),HeatStress|FungalDisease|Pest
10882,Field SE-10882 (Hawassa),Salinity
10883,Field NE-10883 (Akatsi),WeedPressure|FrostDamage|HeatStress
10884,Field SE-10884 (Amanzi),Flood
10885,Field NE-10885 (Kilimani),Drought|Flood
10886,Field SW-10886 (Sokoto),WeedPressure|Drought|FungalDisease
10887,Field C-10887 (Hawassa),HeatStress|Pest|Drought
10888,Field SW-10888 (Hawassa),HeatStress|Drought
10889,Field NW-10889 (Amanzi),NutrientDeficiency
10890,Field C-10890 (Kilimani),FungalDisease|SoilErosion
10891,Field C-10891 (Sokoto),Salinity
10892,Field NE-10892 (Amanzi),Flood
10893,Field NE-10893 (Akatsi),NutrientDeficiency|WeedPressure|FungalDisease
10894,Field NE-10894 (Akatsi),FrostDamage|WeedPressure|HeatStress
10895,Field NW-10895 (Amanzi),SoilErosion|HeatStress|Pest
10896,Field SE-10896 (Hawassa),FrostDamage|Pest
10897,Field C-10897 (Hawassa),WeedPressure|SoilErosion
10898,Field C-10898 (Sokoto),(no issues listed)
10899,Field NW-10899 (Amanzi),(no issues listed)
10900,Field SE-10900 (Akatsi),NutrientDeficiency|Flood|Pest
10901,Field C-10901 (Sokoto),FrostDamage|Drought|Pest
10902,Field NW-10902 (Kilimani),Pest|HeatStress
10903,Field NE-10903 (Kilimani),NutrientDeficiency|WeedPressure|Salinity
10904,Field SW-10904 (Kilimani),HeatStress|NutrientDeficiency
10905,Field NE-10905 (Hawassa),Pest|WeedPressure
10906,Field NW-10906 (Hawassa),Pest
10907,Field C-10907 (Kilimani),SoilErosion|HeatStress|WeedPressure
10908,Field SW-10908 (Hawassa),Salinity|Flood|WeedPressure
10909,Field SW-10909 (Hawassa),HeatStress|Pest|WeedPressure
10910,Field SE-10910 (Hawassa),FungalDisease|Pest
10911,Field SW-10911 (Kilimani),Drought|NutrientDeficiency|FrostDamage
10912,Field NE-10912 (Hawassa),SoilErosion|WeedPressure|Drought
10913,Field C-10913 (Sokoto),Flood
10914,Field NW-10914 (Akatsi),(no issues listed)
10915,Field NW-10915 (Sokoto),HeatStress
10916,Field NW-10916 (Hawassa),Flood|Drought
10917,Field SE-10917 (Akatsi),Drought|Pest|HeatStress
10918,Field C-10918 (Sokoto),Pest
10919,Field NE-10919 (Hawassa),Flood|HeatStress|Salinity
10920,Field SE-10920 (Amanzi),NutrientDeficiency
10921,Field C-10921 (Kilimani),FrostDamage
10922,Field NW-10922 (Hawassa),HeatStress|Drought
10923,Field SW-10923 (Akatsi),Pest|WeedPressure|FungalDisease
10924,Field NE-10924 (Sokoto),FungalDisease
10925,Field C-10925 (Sokoto),FungalDisease|FrostDamage|Pest
10926,Field NW-10926 (Kilimani),NutrientDeficiency|HeatStress|WeedPressure
10927,Field SW-10927 (Kilimani),NutrientDeficiency
10928,Field NE-10928 (Amanzi),NutrientDeficiency|Drought
10929,Field SW-10929 (Kilimani),FungalDisease|Drought|Pest
10930,Field SW-10930 (Hawassa),Drought|Salinity
10931,Field SW-10931 (Sokoto),(no issues listed)
10932,Field NW-10932 (Sokoto),FungalDisease|Drought|WeedPressure
10933,Field NW-10933 (Hawassa),Salinity|SoilErosion|NutrientDeficiency
10934,Field NW-10934 (Sokoto),Pest|NutrientDeficiency|Drought
10935,Field SE-10935 (Sokoto),Drought|Pest|WeedPressure
10936,Field NW-10936 (Akatsi),Pest
10937,Field NW-10937 (Kilimani),FrostDamage
10938,Field C-10938 (Kilimani),NutrientDeficiency|HeatStress
10939,Field SW-10939 (Kilimani),SoilErosion
10940,Field C-10940 (Kilimani),FungalDisease|NutrientDeficiency
10941,Field SE-10941 (Amanzi),Pest|WeedPressure|SoilErosion
10942,Field SW-10942 (Sokoto),HeatStress|WeedPressure
10943,Field SW-10943 (Kilimani),WeedPressure|NutrientDeficiency
10944,Field NE-10944 (Amanzi),(no issues listed)
10945,Field C-10945 (Sokoto),SoilErosion
10946,Field NE-10946 (Akatsi),HeatStress|Pest|SoilErosion
10947,Field NW-10947 (Hawassa),WeedPressure|NutrientDeficiency|HeatStress
10948,Field SE-10948 (Amanzi),(no issues listed)
10949,Field SW-10949 (Sokoto),Flood
10950,Field SW-10950 (Hawassa),FungalDisease|FrostDamage|WeedPressure
10951,Field NE-10951 (Hawassa),NutrientDeficiency
10952,Field SW-10952 (Amanzi),Pest|FrostDamage|NutrientDeficiency
10953,Field NE-10953 (Kilimani),Flood
10954,Field NE-10954 (Kilimani),Pest
10955,Field SW-10955 (Akatsi),WeedPressure|FungalDisease|NutrientDeficiency
10956,Field SW-10956 (Amanzi),Drought|NutrientDeficiency
10957,Field SE-10957 (Kilimani),Drought|Pest|Flood
10958,Field NE-10958 (Sokoto),Drought|NutrientDeficiency
10959,Field NE-10959 (Amanzi),Salinity|WeedPressure|HeatStress
10960,Field SE-10960 (Akatsi),SoilErosion
10961,Field SW-10961 (Sokoto),Pest|NutrientDeficiency|Salinity
10962,Field SE-10962 (Amanzi),HeatStress
10963,Field C-10963 (Sokoto),(no issues listed)
10964,Field C-10964 (Amanzi),SoilErosion
10965,Field C-10965 (Sokoto),WeedPressure|Drought|NutrientDeficiency
10966,Field C-10966 (Amanzi),(no issues listed)
10967,Field SE-10967 (Akatsi),Pest|Salinity
10968,Field NW-10968 (Hawassa),(no issues listed)
10969,Field SW-10969 (Kilimani),FungalDisease|HeatStress
10970,Field SE-10970 (Akatsi),HeatStress|FungalDisease|Salinity
10971,Field NW-10971 (Akatsi),HeatStress|Drought
10972,Field SW-10972 (Hawassa),FungalDisease
10973,Field NE-10973 (Sokoto),Pest|FungalDisease|Drought
10974,Field C-10974 (Amanzi),HeatStress
10975,Field SE-10975 (Amanzi),HeatStress
10976,Field NE-10976 (Hawassa),(no issues listed)
10977,Field SW-10977 (Kilimani),Pest
10978,Field NE-10978 (Amanzi),Pest
10979,Field NW-10979 (Sokoto),Pest|Drought|HeatStress
10980,Field SW-10980 (Amanzi),Drought|NutrientDeficiency|HeatStress
10981,Field SW-10981 (Sokoto),Drought|HeatStress
10982,Field C-10982 (Hawassa),WeedPressure|Flood
10983,Field SE-10983 (Hawassa),WeedPressure|FungalDisease|Drought
10984,Field NE-10984 (Kilimani),Flood|NutrientDeficiency
10985,Field NE-10985 (Akatsi),(no issues listed)
10986,Field NW-10986 (Sokoto),WeedPressure
10987,Field C-10987 (Kilimani),Pest
10988,Field NW-10988 (Hawassa),SoilErosion|NutrientDeficiency|Salinity
10989,Field NW-10989 (Kilimani),Drought|Flood|Pest
10990,Field NE-10990 (Akatsi),Salinity
10991,Field C-10991 (Hawassa),FungalDisease|Pest
10992,Field NW-10992 (Amanzi),Drought|FungalDisease
10993,Field SE-10993 (Amanzi),NutrientDeficiency|Pest|Flood
10994,Field C-10994 (Kilimani),SoilErosion
10995,Field C-10995 (Kilimani),Salinity|Pest|NutrientDeficiency
10996,Field SE-10996 (Sokoto),SoilErosion
10997,Field NW-10997 (Kilimani),HeatStress|Pest|Drought
10998,Field NE-10998 (Hawassa),FungalDisease|Drought
10999,Field NE-10999 (Sokoto),Drought
11000,Field SE-11000 (Kilimani),HeatStress
11001,Field NW-11001 (Hawassa),SoilErosion|WeedPressure
11002,Field SW-11002 (Akatsi),NutrientDeficiency|WeedPressure
11003,Field NW-11003 (Kilimani),(no issues listed)
11004,Field SE-11004 (Akatsi),SoilErosion|NutrientDeficiency
11005,Field C-11005 (Kilimani),FungalDisease|Drought
11006,Field SW-11006 (Sokoto),(no issues listed)
11007,Field NW-11007 (Akatsi),HeatStress|WeedPressure|FungalDisease
11008,Field SW-11008 (Hawassa),FrostDamage
11009,Field SW-11009 (Akatsi),FungalDisease|NutrientDeficiency|Drought
11010,Field C-11010 (Amanzi),Salinity|Drought
11011,Field SW-11011 (Akatsi),Pest|NutrientDeficiency
11012,Field NW-11012 (Hawassa),Salinity
11013,Field SE-11013 (Amanzi),(no issues listed)
11014,Field SE-11014 (Hawassa),FungalDisease|Drought|Salinity
11015,Field NE-11015 (Kilimani),SoilErosion|Pest|HeatStress
11016,Field SW-11016 (Kilimani),Flood
11017,Field SE-11017 (Sokoto),FungalDisease
11018,Field NE-11018 (Sokoto),FrostDamage|Flood
11019,Field NW-11019 (Sokoto),HeatStress|Salinity|Drought
11020,Field NW-11020 (Akatsi),Flood
11021,Field NW-11021 (Hawassa),FungalDisease|NutrientDeficiency|Pest
11022,Field NE-11022 (Kilimani),NutrientDeficiency|WeedPressure|Pest
11023,Field C-11023 (Akatsi),WeedPressure|NutrientDeficiency
11024,Field NW-11024 (Hawassa),NutrientDeficiency|FrostDamage|Pest
11025,Field C-11025 (Akatsi),HeatStress|Drought|SoilErosion
11026,Field C-11026 (Kilimani),Pest|FungalDisease
11027,Field NW-11027 (Hawassa),Drought|Pest
11028,Field NW-11028 (Amanzi),NutrientDeficiency|FrostDamage
11029,Field SW-11029 (Akatsi),Drought
11030,Field NW-11030 (Akatsi),SoilErosion|FungalDisease|Salinity
11031,Field C-11031 (Sokoto),Pest|Drought
11032,Field SE-11032 (Sokoto),NutrientDeficiency
11033,Field NW-11033 (Amanzi),Pest
11034,Field NE-11034 (Hawassa),Salinity
11035,Field C-11035 (Sokoto),Salinity|WeedPressure
11036,Field NE-11036 (Akatsi),Drought
11037,Field NE-11037 (Hawassa),NutrientDeficiency|FungalDisease|WeedPressure
11038,Field SE-11038 (Sokoto),(no issues listed)
11039,Field NE-11039 (Amanzi),Salinity|FungalDisease|NutrientDeficiency
11040,Field SW-11040 (Kilimani),HeatStress|Pest|NutrientDeficiency
11041,Field SW-11041 (Hawassa),Drought|Pest|HeatStress
11042,Field SW-11042 (Sokoto),FrostDamage|FungalDisease|WeedPressure
11043,Field NE-11043 (Akatsi),SoilErosion
11044,Field SE-11044 (Kilimani),Pest|NutrientDeficiency|Flood
11045,Field SE-11045 (Sokoto),NutrientDeficiency|Pest|FungalDisease
11046,Field SE-11046 (Hawassa),Drought|FungalDisease|Pest
11047,Field NW-11047 (Amanzi),Pest|NutrientDeficiency|Drought
11048,Field NE-11048 (Hawassa),(no issues listed)
11049,Field SW-11049 (Amanzi),Pest|Drought
11050,Field SE-11050 (Hawassa),SoilErosion|NutrientDeficiency
11051,Field SW-11051 (Amanzi),SoilErosion|Drought|WeedPressure
11052,Field C-11052 (Kilimani),WeedPressure
11053,Field NW-11053 (Amanzi),HeatStress|Pest
11054,Field C-11054 (Sokoto),(no issues listed)
11055,Field NE-11055 (Hawassa),FungalDisease
11056,Field NW-11056 (Akatsi),WeedPressure
11057,Field NW-11057 (Hawassa),FungalDisease|Drought|Flood
11058,Field NE-11058 (Akatsi),NutrientDeficiency|Pest
11059,Field NW-11059 (Hawassa),FungalDisease|SoilErosion
11060,Field NE-11060 (Amanzi),Pest|NutrientDeficiency|WeedPressure
11061,Field SW-11061 (Amanzi),Drought|HeatStress
11062,Field NW-11062 (Kilimani),Pest|NutrientDeficiency|SoilErosion
11063,Field NE-11063 (Akatsi),FungalDisease|WeedPressure|Salinity
11064,Field SE-11064 (Akatsi),Drought
11065,Field NE-11065 (Hawassa),Pest|WeedPressure|HeatStress
11066,Field SW-11066 (Sokoto),Drought|NutrientDeficiency
11067,Field SW-11067 (Amanzi),NutrientDeficiency|Salinity
11068,Field SE-11068 (Hawassa),(no issues listed)
11069,Field NE-11069 (Kilimani),FungalDisease
11070,Field SW-11070 (Amanzi),(no issues listed)
11071,Field NE-11071 (Hawassa),Drought
11072,Field SE-11072 (Akatsi),WeedPressure
11073,Field NW-11073 (Amanzi),FrostDamage|Pest
11074,Field SW-11074 (Hawassa),Drought
11075,Field NE-11075 (Kilimani),Pest
11076,Field SW-11076 (Sokoto),Pest|Flood|Drought
11077,Field NW-11077 (Hawassa),Salinity
11078,Field C-11078 (Sokoto),Pest
11079,Field NE-11079 (Hawassa),(no issues listed)
11080,Field NE-11080 (Akatsi),FrostDamage|Flood
11081,Field SE-11081 (Kilimani),Pest
11082,Field C-11082 (Kilimani),Pest|FrostDamage
11083,Field NE-11083 (Akatsi),FungalDisease|HeatStress|Salinity
11084,Field SW-11084 (Akatsi),Pest
11085,Field SE-11085 (Akatsi),NutrientDeficiency|Pest
11086,Field SE-11086 (Sokoto),Pest|FrostDamage
11087,Field SE-11087 (Kilimani),(no issues listed)
11088,Field SE-11088 (Sokoto),FungalDisease
11089,Field C-11089 (Akatsi),FrostDamage
11090,Field NW-11090 (Amanzi),Pest|Drought|Salinity
11091,Field NE-11091 (Amanzi),Pest|NutrientDeficiency|Drought
11092,Field SW-11092 (Kilimani),NutrientDeficiency|HeatStress|WeedPressure
11093,Field NW-11093 (Kilimani),WeedPressure|Drought|NutrientDeficiency
11094,Field NW-11094 (Kilimani),NutrientDeficiency
11095,Field SE-11095 (Sokoto),WeedPressure
11096,Field SE-11096 (Sokoto),HeatStress|FrostDamage|WeedPressure
11097,Field NE-11097 (Kilimani),(no issues listed)
11098,Field C-11098 (Hawassa),Drought|Salinity
11099,Field C-11099 (Amanzi),Flood|NutrientDeficiency|Pest
11100,Field NE-11100 (Amanzi),Salinity|Pest
11101,Field SW-11101 (Akatsi),Pest
11102,Field NW-11102 (Sokoto),WeedPressure|HeatStress
11103,Field SE-11103 (Sokoto),(no issues listed)
11104,Field NW-11104 (Amanzi),SoilErosion
11105,Field SE-11105 (Hawassa),(no issues listed)
11106,Field C-11106 (Akatsi),FrostDamage
11107,Field SW-11107 (Amanzi),WeedPressure|Pest|FrostDamage
11108,Field NW-11108 (Akatsi),Drought|Pest|NutrientDeficiency
11109,Field NE-11109 (Kilimani),Flood|HeatStress
11110,Field SW-11110 (Sokoto),NutrientDeficiency|FrostDamage
11111,Field C-11111 (Kilimani),HeatStress
11112,Field SE-11112 (Kilimani),WeedPressure
11113,Field SW-11113 (Akatsi),Pest|Flood
11114,Field C-11114 (Sokoto),HeatStress|FungalDisease|Salinity
11115,Field SE-11115 (Kilimani),FungalDisease|Pest|SoilErosion
11116,Field SW-11116 (Sokoto),WeedPressure|SoilErosion
11117,Field NE-11117 (Akatsi),HeatStress
11118,Field SE-11118 (Amanzi),FungalDisease|Salinity|Pest
11119,Field SW-11119 (Kilimani),(no issues listed)
11120,Field NW-11120 (Sokoto),NutrientDeficiency|Pest
11121,Field SW-11121 (Akatsi),Pest|Drought|FungalDisease
11122,Field SE-11122 (Hawassa),Flood
11123,Field C-11123 (Hawassa),FungalDisease|Pest|Salinity
11124,Field C-11124 (Akatsi),FungalDisease|HeatStress
11125,Field NE-11125 (Akatsi),FungalDisease|FrostDamage
11126,Field C-11126 (Sokoto),Pest|WeedPressure
11127,Field SW-11127 (Amanzi),(no issues listed)
11128,Field NE-11128 (Amanzi),WeedPressure|FungalDisease
11129,Field NE-11129 (Kilimani),(no issues listed)
11130,Field SW-11130 (Hawassa),Pest|NutrientDeficiency
11131,Field NE-11131 (Akatsi),(no issues listed)
11132,Field SE-11132 (Akatsi),FungalDisease|HeatStress|Flood
11133,Field NW-11133 (Amanzi),NutrientDeficiency
11134,Field NW-11134 (Akatsi),Pest|HeatStress|WeedPressure
11135,Field NW-11135 (Hawassa),FungalDisease
11136,Field SW-11136 (Amanzi),Drought|FungalDisease|NutrientDeficiency
11137,Field SE-11137 (Akatsi),Pest|Drought
11138,Field C-11138 (Amanzi),(no issues listed)
11139,Field C-11139 (Hawassa),Drought|FungalDisease
11140,Field C-11140 (Kilimani),SoilErosion|Pest|FungalDisease
11141,Field SE-11141 (Hawassa),HeatStress|Pest|WeedPressure
11142,Field C-11142 (Sokoto),SoilErosion|Salinity
11143,Field C-11143 (Hawassa),WeedPressure
11144,Field NW-11144 (Amanzi),(no issues listed)
11145,Field NE-11145 (Hawassa),HeatStress|Pest
11146,Field SW-11146 (Hawassa),(no issues listed)
11147,Field SW-11147 (Kilimani),Drought
11148,Field C-11148 (Hawassa),Drought|HeatStress
11149,Field NE-11149 (Akatsi),NutrientDeficiency|FrostDamage|Drought
11150,Field NE-11150 (Kilimani),Drought|Pest
11151,Field SE-11151 (Amanzi),WeedPressure|Flood|Salinity
11152,Field NW-11152 (Kilimani),Salinity|FungalDisease
11153,Field SE-11153 (Amanzi),(no issues listed)
11154,Field NW-11154 (Kilimani),Pest|FrostDamage
11155,Field SE-11155 (Sokoto),NutrientDeficiency|WeedPressure
11156,Field SE-11156 (Sokoto),Pest|NutrientDeficiency|Flood
11157,Field NW-11157 (Hawassa),(no issues listed)
11158,Field SW-11158 (Hawassa),NutrientDeficiency
11159,Field SW-11159 (Sokoto),NutrientDeficiency|Pest
11160,Field SW-11160 (Hawassa),HeatStress
11161,Field SW-11161 (Kilimani),NutrientDeficiency|FrostDamage|HeatStress
11162,Field NE-11162 (Hawassa),FrostDamage|HeatStress|SoilErosion
11163,Field SE-11163 (Kilimani),FrostDamage|Pest|HeatStress
11164,Field NE-11164 (Sokoto),SoilErosion
11165,Field NW-11165 (Hawassa),Pest|WeedPressure
11166,Field C-11166 (Hawassa),(no issues listed)
11167,Field NW-11167 (Hawassa),WeedPressure|Drought|NutrientDeficiency
11168,Field NW-11168 (Hawassa),Salinity|Flood|HeatStress
11169,Field NW-11169 (Hawassa),Salinity|NutrientDeficiency
11170,Field C-11170 (Sokoto),SoilErosion|Pest
11171,Field SW-11171 (Sokoto),Flood
11172,Field C-11172 (Hawassa),NutrientDeficiency|Salinity|Pest
11173,Field C-11173 (Sokoto),HeatStress|NutrientDeficiency|FungalDisease
11174,Field NW-11174 (Sokoto),Pest
11175,Field SW-11175 (Akatsi),(no issues listed)
11176,Field C-11176 (Hawassa),WeedPressure|HeatStress
11177,Field C-11177 (Amanzi),Pest|Drought
11178,Field C-11178 (Hawassa),Flood|Pest|Salinity
11179,Field SW-11179 (Akatsi),Flood|Salinity
11180,Field C-11180 (Amanzi),Flood
11181,Field C-11181 (Hawassa),Pest
11182,Field NW-11182 (Akatsi),NutrientDeficiency
11183,Field SW-11183 (Amanzi),Flood|SoilErosion|HeatStress
11184,Field SW-11184 (Kilimani),NutrientDeficiency
11185,Field C-11185 (Akatsi),SoilErosion|Pest|HeatStress
11186,Field NE-11186 (Amanzi),(no issues listed)
11187,Field C-11187 (Sokoto),Pest|NutrientDeficiency|HeatStress
11188,Field SE-11188 (Sokoto),FrostDamage|Salinity|NutrientDeficiency
11189,Field SE-11189 (Kilimani),WeedPressure|NutrientDeficiency
11190,Field SW-11190 (Akatsi),Pest
11191,Field NW-11191 (Hawassa),HeatStress|NutrientDeficiency|SoilErosion
11192,Field C-11192 (Amanzi),SoilErosion|Drought
11193,Field NE-11193 (Kilimani),HeatStress|NutrientDeficiency|Salinity
11194,Field C-11194 (Hawassa),HeatStress|Pest|Flood
11195,Field NW-11195 (Sokoto),HeatStress|SoilErosion|Drought
11196,Field SW-11196 (Hawassa),Salinity|SoilErosion|Flood
11197,Field NE-11197 (Kilimani),Pest|SoilErosion
11198,Field C-11198 (Akatsi),SoilErosion|FungalDisease
11199,Field SW-11199 (Sokoto),FrostDamage|WeedPressure|FungalDisease
11200,Field NE-11200 (Amanzi),(no issues listed)
11201,Field SW-11201 (Kilimani),WeedPressure|SoilErosion
11202,Field C-11202 (Hawassa),Salinity|NutrientDeficiency|Pest
11203,Field NE-11203 (Hawassa),Drought
11204,Field NW-11204 (Kilimani),NutrientDeficiency|Pest|FungalDisease
11205,Field NW-11205 (Kilimani),(no issues listed)
11206,Field SE-11206 (Sokoto),Pest
11207,Field SW-11207 (Amanzi),(no issues listed)
11208,Field NE-11208 (Hawassa),Flood|WeedPressure
11209,Field SE-11209 (Sokoto),FungalDisease
11210,Field NE-11210 (Amanzi),(no issues listed)
11211,Field NW-11211 (Hawassa),HeatStress|WeedPressure
11212,Field NW-11212 (Akatsi),Drought|Pest|NutrientDeficiency
11213,Field C-11213 (Sokoto),Flood|WeedPressure|Drought
11214,Field NW-11214 (Amanzi),SoilErosion|FungalDisease|Flood
11215,Field NW-11215 (Kilimani),FungalDisease
11216,Field NW-11216 (Hawassa),Flood|HeatStress|NutrientDeficiency
11217,Field C-11217 (Hawassa),HeatStress|FungalDisease
11218,Field NW-11218 (Hawassa),Drought
11219,Field NE-11219 (Kilimani),Flood
11220,Field C-11220 (Amanzi),Salinity|FungalDisease|WeedPressure
11221,Field NE-11221 (Sokoto),WeedPressure|Pest|FungalDisease
11222,Field SE-11222 (Kilimani),NutrientDeficiency|Pest
11223,Field SW-11223 (Hawassa),(no issues listed)
11224,Field C-11224 (Akatsi),SoilErosion
11225,Field SW-11225 (Kilimani),FungalDisease|NutrientDeficiency
11226,Field NE-11226 (Akatsi),Salinity
11227,Field C-11227 (Sokoto),FrostDamage|Drought|SoilErosion
11228,Field NE-11228 (Kilimani),(no issues listed)
11229,Field NE-11229 (Hawassa),Pest|Salinity|FrostDamage
11230,Field NE-11230 (Sokoto),Pest
11231,Field NE-11231 (Akatsi),FungalDisease
11232,Field SE-11232 (Hawassa),FrostDamage
11233,Field C-11233 (Hawassa),Salinity|Drought
11234,Field C-11234 (Hawassa),Drought
11235,Field C-11235 (Kilimani),Drought
11236,Field SE-11236 (Akatsi),NutrientDeficiency
11237,Field SE-11237 (Hawassa),Flood|Drought|HeatStress
11238,Field NE-11238 (Kilimani),Salinity
11239,Field SW-11239 (Kilimani),HeatStress
11240,Field SW-11240 (Akatsi),SoilErosion|Flood|Salinity
11241,Field SW-11241 (Hawassa),Flood
11242,Field NW-11242 (Hawassa),SoilErosion|NutrientDeficiency|FungalDisease
11243,Field SW-11243 (Akatsi),WeedPressure|FungalDisease
11244,Field NE-11244 (Akatsi),FrostDamage|Pest
11245,Field NW-11245 (Amanzi),NutrientDeficiency|HeatStress|SoilErosion
11246,Field NW-11246 (Akatsi),Drought|Pest
11247,Field C-11247 (Amanzi),Pest|NutrientDeficiency|HeatStress
11248,Field NW-11248 (Amanzi),Pest|Drought
11249,Field NE-11249 (Amanzi),SoilErosion|Pest
11250,Field C-11250 (Akatsi),FungalDisease|SoilErosion|WeedPressure
11251,Field C-11251 (Sokoto),FungalDisease
11252,Field SW-11252 (Amanzi),HeatStress|Drought
11253,Field NE-11253 (Sokoto),SoilErosion|FrostDamage
11254,Field SE-11254 (Hawassa),SoilErosion|Drought|WeedPressure
11255,Field NE-11255 (Sokoto),NutrientDeficiency|Drought
11256,Field SW-11256 (Kilimani),HeatStress|Pest|Flood
11257,Field SE-11257 (Akatsi),WeedPressure|Flood
11258,Field NE-11258 (Hawassa),Drought|NutrientDeficiency|FungalDisease
11259,Field NE-11259 (Sokoto),NutrientDeficiency|SoilErosion
11260,Field NW-11260 (Sokoto),Drought|WeedPressure|NutrientDeficiency
11261,Field SE-11261 (Akatsi),Salinity|FungalDisease|Pest
11262,Field NW-11262 (Kilimani),HeatStress
11263,Field NW-11263 (Amanzi),Salinity|HeatStress
11264,Field C-11264 (Akatsi),FungalDisease
11265,Field C-11265 (Sokoto),NutrientDeficiency|Salinity
11266,Field SE-11266 (Akatsi),WeedPressure|Flood
11267,Field SW-11267 (Hawassa),HeatStress
11268,Field SW-11268 (Amanzi),Pest|HeatStress|FrostDamage
11269,Field C-11269 (Hawassa),NutrientDeficiency|Pest
11270,Field SW-11270 (Sokoto),NutrientDeficiency
11271,Field NE-11271 (Hawassa),Pest|FrostDamage
11272,Field SE-11272 (Sokoto),HeatStress
11273,Field SW-11273 (Kilimani),Flood|Pest
11274,Field C-11274 (Kilimani),WeedPressure
11275,Field SE-11275 (Akatsi),SoilErosion|WeedPressure|Drought
11276,Field SW-11276 (Sokoto),NutrientDeficiency|WeedPressure
11277,Field SW-11277 (Amanzi),WeedPressure|Pest
11278,Field C-11278 (Hawassa),FungalDisease|NutrientDeficiency
11279,Field C-11279 (Amanzi),Drought|SoilErosion|Flood
11280,Field C-11280 (Akatsi),WeedPressure
11281,Field NE-11281 (Kilimani),NutrientDeficiency|Pest
11282,Field C-11282 (Hawassa),Flood|Salinity|NutrientDeficiency
11283,Field SW-11283 (Kilimani),FungalDisease
11284,Field SW-11284 (Kilimani),Flood|SoilErosion|Drought
11285,Field SW-11285 (Akatsi),WeedPressure|NutrientDeficiency|Drought
11286,Field NW-11286 (Amanzi),Flood|SoilErosion|Pest
11287,Field NW-11287 (Sokoto),Drought
11288,Field NE-11288 (Akatsi),Flood|Pest|HeatStress
11289,Field NE-11289 (Hawassa),Salinity
11290,Field C-11290 (Amanzi),Pest|WeedPressure|FrostDamage
11291,Field NE-11291 (Amanzi),FungalDisease|Drought|HeatStress
11292,Field NW-11292 (Kilimani),SoilErosion
11293,Field NE-11293 (Sokoto),NutrientDeficiency
11294,Field C-11294 (Kilimani),Flood|Drought|Pest
11295,Field NW-11295 (Kilimani),WeedPressure|FungalDisease|Pest
11296,Field SW-11296 (Amanzi),Flood
11297,Field SW-11297 (Amanzi),Pest|NutrientDeficiency
11298,Field C-11298 (Hawassa),(no issues listed)
11299,Field NE-11299 (Akatsi),SoilErosion|HeatStress|WeedPressure
11300,Field NW-11300 (Amanzi),(no issues listed)
11301,Field NE-11301 (Akatsi),(no issues listed)
11302,Field SE-11302 (Amanzi),HeatStress
11303,Field C-11303 (Hawassa),FrostDamage|WeedPressure|NutrientDeficiency
11304,Field C-11304 (Sokoto),WeedPressure|Flood|FungalDisease
11305,Field SE-11305 (Sokoto),(no issues listed)
11306,Field C-11306 (Amanzi),(no issues listed)
11307,Field NE-11307 (Hawassa),Pest
11308,Field NE-11308 (Amanzi),Pest|HeatStress
11309,Field NE-11309 (Hawassa),WeedPressure
11310,Field NE-11310 (Sokoto),(no issues listed)
11311,Field SE-11311 (Amanzi),Flood|Drought
11312,Field SE-11312 (Amanzi),HeatStress|Drought
11313,Field SE-11313 (Kilimani),HeatStress|Pest|FrostDamage
11314,Field SE-11314 (Kilimani),HeatStress|WeedPressure
11315,Field NW-11315 (Sokoto),NutrientDeficiency
11316,Field NW-11316 (Sokoto),FungalDisease|NutrientDeficiency|Pest
11317,Field SW-11317 (Hawassa),Drought|HeatStress
11318,Field SE-11318 (Kilimani),NutrientDeficiency|WeedPressure|FungalDisease
11319,Field C-11319 (Hawassa),SoilErosion|Pest|Salinity
11320,Field C-11320 (Kilimani),WeedPressure
11321,Field C-11321 (Amanzi),NutrientDeficiency
11322,Field C-11322 (Akatsi),WeedPressure|HeatStress|Drought
11323,Field NW-11323 (Amanzi),HeatStress|Flood|Drought
11324,Field C-11324 (Kilimani),NutrientDeficiency|WeedPressure|Pest
11325,Field C-11325 (Amanzi),(no issues listed)
11326,Field SE-11326 (Hawassa),(no issues listed)
11327,Field NW-11327 (Hawassa),NutrientDeficiency
11328,Field SE-11328 (Hawassa),FungalDisease|Pest|Salinity
11329,Field SW-11329 (Hawassa),Pest
11330,Field C-11330 (Hawassa),Salinity
11331,Field NW-11331 (Kilimani),FungalDisease|HeatStress|Flood
11332,Field SE-11332 (Hawassa),Drought|Pest
11333,Field SW-11333 (Amanzi),FungalDisease|Pest
11334,Field NW-11334 (Kilimani),NutrientDeficiency|Drought|Flood
11335,Field SE-11335 (Kilimani),SoilErosion|HeatStress|Pest
11336,Field C-11336 (Akatsi),WeedPressure|Pest
11337,Field SW-11337 (Kilimani),FungalDisease
11338,Field C-11338 (Akatsi),Flood
11339,Field SW-11339 (Amanzi),Flood|NutrientDeficiency
11340,Field C-11340 (Kilimani),HeatStress|FungalDisease|WeedPressure
11341,Field SW-11341 (Sokoto),Drought
11342,Field C-11342 (Kilimani),Pest|HeatStress|NutrientDeficiency
11343,Field NW-11343 (Akatsi),Salinity|Pest|FungalDisease
11344,Field NE-11344 (Kilimani),Flood|SoilErosion|FungalDisease
11345,Field C-11345 (Sokoto),Flood|WeedPressure|Drought
11346,Field SW-11346 (Amanzi),Pest|WeedPressure|FungalDisease
11347,Field SW-11347 (Hawassa),HeatStress
11348,Field SE-11348 (Sokoto),Pest|WeedPressure|HeatStress
11349,Field C-11349 (Akatsi),WeedPressure|FungalDisease|Drought
11350,Field NW-11350 (Amanzi),Salinity
11351,Field C-11351 (Akatsi),(no issues listed)
11352,Field NW-11352 (Amanzi),(no issues listed)
11353,Field SW-11353 (Akatsi),Drought|FungalDisease
11354,Field NW-11354 (Amanzi),Pest
11355,Field NW-11355 (Hawassa),WeedPressure
11356,Field NW-11356 (Akatsi),NutrientDeficiency|SoilErosion|FungalDisease
11357,Field NW-11357 (Amanzi),FungalDisease|Drought
11358,Field SE-11358 (Amanzi),WeedPressure
11359,Field SE-11359 (Amanzi),Salinity|SoilErosion
11360,Field NE-11360 (Kilimani),SoilErosion|Drought
11361,Field NE-11361 (Kilimani),Drought|Pest
11362,Field NW-11362 (Hawassa),WeedPressure|HeatStress|FrostDamage
11363,Field NW-11363 (Akatsi),Drought|NutrientDeficiency|Salinity
11364,Field SE-11364 (Amanzi),Pest|Flood|SoilErosion
11365,Field SE-11365 (Kilimani),SoilErosion|FungalDisease|NutrientDeficiency
11366,Field SE-11366 (Kilimani),HeatStress|NutrientDeficiency|Pest
11367,Field SE-11367 (Kilimani),FungalDisease
11368,Field SE-11368 (Amanzi),Drought|FungalDisease
11369,Field SW-11369 (Sokoto),Drought|WeedPressure
11370,Field SE-11370 (Akatsi),Pest|Drought
11371,Field C-11371 (Hawassa),WeedPressure|FrostDamage|SoilErosion
11372,Field C-11372 (Kilimani),WeedPressure|Pest|SoilErosion
11373,Field NW-11373 (Akatsi),(no issues listed)
11374,Field C-11374 (Hawassa),Drought|Pest|HeatStress
11375,Field SW-11375 (Sokoto),Pest
11376,Field NW-11376 (Kilimani),WeedPressure
11377,Field SE-11377 (Hawassa),Pest|Drought|SoilErosion
11378,Field SE-11378 (Sokoto),Flood
11379,Field NW-11379 (Amanzi),Pest|NutrientDeficiency|HeatStress
11380,Field C-11380 (Sokoto),Pest
11381,Field NW-11381 (Amanzi),SoilErosion|Drought|Pest
11382,Field SE-11382 (Akatsi),HeatStress|FungalDisease|WeedPressure
11383,Field NW-11383 (Sokoto),Pest|Salinity|WeedPressure
11384,Field SE-11384 (Akatsi),Drought
11385,Field NW-11385 (Akatsi),NutrientDeficiency|FungalDisease|Flood
11386,Field C-11386 (Hawassa),Drought|WeedPressure
11387,Field NW-11387 (Hawassa),Pest
11388,Field NE-11388 (Akatsi),FungalDisease
11389,Field SW-11389 (Sokoto),Drought|Pest
11390,Field NE-11390 (Akatsi),NutrientDeficiency
11391,Field C-11391 (Amanzi),NutrientDeficiency|HeatStress
11392,Field SE-11392 (Kilimani),HeatStress
11393,Field NW-11393 (Hawassa),Drought|Pest|FungalDisease
11394,Field NE-11394 (Akatsi),Pest|HeatStress
11395,Field SW-11395 (Hawassa),(no issues listed)
11396,Field C-11396 (Hawassa),Drought|SoilErosion|FungalDisease
11397,Field SE-11397 (Akatsi),NutrientDeficiency|FungalDisease
11398,Field C-11398 (Akatsi),WeedPressure|Pest|Drought
11399,Field NW-11399 (Kilimani),WeedPressure|Drought
11400,Field SW-11400 (Hawassa),FungalDisease|Pest
11401,Field C-11401 (Hawassa),FungalDisease|Drought|HeatStress
11402,Field NE-11402 (Akatsi),Drought|WeedPressure
11403,Field NE-11403 (Sokoto),FungalDisease|HeatStress
11404,Field NW-11404 (Sokoto),(no issues listed)
11405,Field NE-11405 (Sokoto),Flood|NutrientDeficiency|Drought
11406,Field C-11406 (Hawassa),FungalDisease|Drought
11407,Field NE-11407 (Kilimani),Salinity
11408,Field NE-11408 (Kilimani),FungalDisease|WeedPressure|HeatStress
11409,Field NW-11409 (Sokoto),(no issues listed)
11410,Field SE-11410 (Hawassa),WeedPressure|FrostDamage
11411,Field SE-11411 (Sokoto),Flood
11412,Field NE-11412 (Hawassa),Salinity|Flood
11413,Field NE-11413 (Hawassa),FrostDamage|FungalDisease|WeedPressure
11414,Field NE-11414 (Kilimani),SoilErosion|NutrientDeficiency|Drought
11415,Field NW-11415 (Amanzi),(no issues listed)
11416,Field NW-11416 (Akatsi),SoilErosion|FungalDisease|Drought
11417,Field SE-11417 (Akatsi),SoilErosion|Pest|Salinity
11418,Field NE-11418 (Akatsi),WeedPressure
11419,Field C-11419 (Amanzi),(no issues listed)
11420,Field NE-11420 (Amanzi),Pest|FungalDisease
11421,Field NW-11421 (Sokoto),Flood
11422,Field SE-11422 (Hawassa),NutrientDeficiency
11423,Field NW-11423 (Kilimani),Pest|Flood|FungalDisease
11424,Field NW-11424 (Kilimani),(no issues listed)
11425,Field SE-11425 (Sokoto),Flood|Pest|HeatStress
11426,Field NE-11426 (Kilimani),(no issues listed)
11427,Field NE-11427 (Akatsi),FrostDamage
11428,Field NE-11428 (Hawassa),FungalDisease|NutrientDeficiency
11429,Field SE-11429 (Akatsi),FrostDamage|NutrientDeficiency
11430,Field SW-11430 (Akatsi),SoilErosion|Pest
11431,Field SW-11431 (Akatsi),Drought|Salinity
11432,Field SE-11432 (Akatsi),WeedPressure
11433,Field SE-11433 (Hawassa),HeatStress|Flood|FungalDisease
11434,Field C-11434 (Akatsi),WeedPressure|Drought|Pest
11435,Field NE-11435 (Amanzi),Pest|Salinity|Drought
11436,Field C-11436 (Hawassa),WeedPressure|Flood|SoilErosion
11437,Field SE-11437 (Hawassa),WeedPressure|HeatStress
11438,Field NW-11438 (Hawassa),Flood|WeedPressure|Pest
11439,Field NE-11439 (Hawassa),FrostDamage|SoilErosion
11440,Field NW-11440 (Sokoto),(no issues listed)
11441,Field NW-11441 (Hawassa),Pest|SoilErosion|WeedPressure
11442,Field SW-11442 (Hawassa),Flood
11443,Field NW-11443 (Hawassa),(no issues listed)
11444,Field SW-11444 (Sokoto),Pest
11445,Field NE-11445 (Akatsi),SoilErosion|WeedPressure
11446,Field NE-11446 (Kilimani),HeatStress|SoilErosion|Drought
11447,Field C-11447 (Kilimani),Pest|FungalDisease
11448,Field SW-11448 (Amanzi),Pest|FrostDamage
11449,Field SW-11449 (Kilimani),WeedPressure|Drought|HeatStress
11450,Field SW-11450 (Amanzi),(no issues listed)
11451,Field SW-11451 (Amanzi),Flood|Pest
11452,Field NE-11452 (Amanzi),Pest
11453,Field SE-11453 (Sokoto),Drought|HeatStress
11454,Field NW-11454 (Kilimani),Pest|NutrientDeficiency
11455,Field NW-11455 (Hawassa),(no issues listed)
11456,Field NE-11456 (Sokoto),Pest|Drought
11457,Field NW-11457 (Kilimani),FungalDisease
11458,Field SW-11458 (Kilimani),Flood
11459,Field SE-11459 (Amanzi),WeedPressure|Drought
11460,Field SW-11460 (Kilimani),HeatStress
11461,Field SW-11461 (Sokoto),(no issues listed)
11462,Field NW-11462 (Sokoto),WeedPressure
11463,Field SE-11463 (Hawassa),Pest|WeedPressure|NutrientDeficiency
11464,Field NW-11464 (Amanzi),(no issues listed)
11465,Field NE-11465 (Akatsi),Drought|Flood
11466,Field NW-11466 (Sokoto),FungalDisease|WeedPressure
11467,Field SE-11467 (Amanzi),Drought|FrostDamage|NutrientDeficiency
11468,Field SE-11468 (Kilimani),(no issues listed)
11469,Field C-11469 (Kilimani),Drought|FrostDamage|NutrientDeficiency
11470,Field NW-11470 (Kilimani),Drought|Pest|Salinity
11471,Field NW-11471 (Hawassa),NutrientDeficiency|WeedPressure
11472,Field C-11472 (Kilimani),Drought|Flood
11473,Field NW-11473 (Akatsi),Drought|NutrientDeficiency|Pest
11474,Field NW-11474 (Kilimani),Flood|Drought
11475,Field SE-11475 (Akatsi),SoilErosion|WeedPressure
11476,Field C-11476 (Kilimani),SoilErosion|WeedPressure|Pest
11477,Field C-11477 (Kilimani),WeedPressure
11478,Field C-11478 (Amanzi),FrostDamage|NutrientDeficiency
11479,Field NE-11479 (Hawassa),Pest
11480,Field NE-11480 (Kilimani),(no issues listed)
11481,Field SE-11481 (Hawassa),FungalDisease
11482,Field NW-11482 (Akatsi),NutrientDeficiency
11483,Field NW-11483 (Kilimani),Salinity|NutrientDeficiency|WeedPressure
11484,Field NW-11484 (Amanzi),Salinity
11485,Field NE-11485 (Hawassa),NutrientDeficiency|HeatStress|Flood
11486,Field SE-11486 (Kilimani),WeedPressure
11487,Field NW-11487 (Hawassa),FungalDisease|NutrientDeficiency
11488,Field SW-11488 (Akatsi),(no issues listed)
11489,Field NE-11489 (Hawassa),FungalDisease|Pest|NutrientDeficiency
11490,Field SW-11490 (Hawassa),(no issues listed)
11491,Field SW-11491 (Amanzi),Pest|NutrientDeficiency|Drought
11492,Field NE-11492 (Sokoto),Pest|SoilErosion|FungalDisease
11493,Field SW-11493 (Akatsi),FrostDamage|Drought
11494,Field NE-11494 (Hawassa),Pest
11495,Field NE-11495 (Amanzi),Pest|NutrientDeficiency|Drought
11496,Field SE-11496 (Kilimani),(no issues listed)
11497,Field NW-11497 (Sokoto),Flood|FungalDisease|Pest
11498,Field SE-11498 (Kilimani),NutrientDeficiency|Drought|Pest
11499,Field NE-11499 (Amanzi),Drought|WeedPressure|Pest
11500,Field SE-11500 (Amanzi),Flood
11501,Field C-11501 (Kilimani),FungalDisease|NutrientDeficiency|WeedPressure
11502,Field C-11502 (Kilimani),NutrientDeficiency
11503,Field SW-11503 (Amanzi),Salinity|FungalDisease|Pest
11504,Field C-11504 (Hawassa),NutrientDeficiency
11505,Field SE-11505 (Sokoto),(no issues listed)
11506,Field NW-11506 (Kilimani),HeatStress|NutrientDeficiency|Pest
11507,Field NE-11507 (Sokoto),WeedPressure|Pest|NutrientDeficiency
11508,Field SE-11508 (Amanzi),(no issues listed)
11509,Field SE-11509 (Akatsi),Pest|FrostDamage
11510,Field SW-11510 (Amanzi),SoilErosion|Pest
11511,Field SW-11511 (Sokoto),SoilErosion
11512,Field NE-11512 (Kilimani),Salinity|NutrientDeficiency|SoilErosion
11513,Field NW-11513 (Amanzi),WeedPressure|Pest
11514,Field C-11514 (Akatsi),Drought
11515,Field SE-11515 (Sokoto),(no issues listed)
11516,Field NE-11516 (Amanzi),FungalDisease|WeedPressure
11517,Field NE-11517 (Kilimani),HeatStress|WeedPressure
11518,Field SW-11518 (Hawassa),SoilErosion
11519,Field C-11519 (Hawassa),NutrientDeficiency
11520,Field NE-11520 (Sokoto),Drought|SoilErosion
11521,Field NW-11521 (Sokoto),(no issues listed)
11522,Field C-11522 (Sokoto),Pest|FungalDisease
11523,Field SW-11523 (Amanzi),Pest|WeedPressure|Drought
11524,Field SE-11524 (Amanzi),Flood|FungalDisease
11525,Field NE-11525 (Kilimani),WeedPressure
11526,Field SW-11526 (Sokoto),HeatStress|Pest|FungalDisease
11527,Field NE-11527 (Hawassa),HeatStress|WeedPressure
11528,Field NW-11528 (Amanzi),Salinity|Drought|SoilErosion
11529,Field SW-11529 (Akatsi),Pest|HeatStress|Drought
11530,Field NE-11530 (Akatsi),NutrientDeficiency
11531,Field SW-11531 (Amanzi),WeedPressure|Pest|Flood
11532,Field SE-11532 (Sokoto),SoilErosion|HeatStress
11533,Field SW-11533 (Kilimani),Flood
11534,Field C-11534 (Sokoto),Flood|SoilErosion
11535,Field NW-11535 (Kilimani),Drought|Flood|HeatStress
11536,Field SW-11536 (Amanzi),WeedPressure
11537,Field SE-11537 (Kilimani),Drought|NutrientDeficiency|SoilErosion
11538,Field SE-11538 (Akatsi),Salinity|FrostDamage|FungalDisease
11539,Field SE-11539 (Sokoto),FrostDamage
11540,Field SE-11540 (Kilimani),Drought|WeedPressure|HeatStress
11541,Field NW-11541 (Amanzi),Drought
11542,Field NW-11542 (Amanzi),(no issues listed)
11543,Field NE-11543 (Sokoto),Pest|Salinity
11544,Field NW-11544 (Akatsi),HeatStress|Pest|WeedPressure
11545,Field NW-11545 (Kilimani),NutrientDeficiency|HeatStress|SoilErosion
11546,Field NW-11546 (Kilimani),Salinity|WeedPressure|Pest
11547,Field NW-11547 (Amanzi),FrostDamage|Flood
11548,Field SW-11548 (Amanzi),(no issues listed)
11549,Field SE-11549 (Sokoto),HeatStress|Pest|NutrientDeficiency
11550,Field SW-11550 (Akatsi),SoilErosion
11551,Field SE-11551 (Kilimani),WeedPressure|Flood|NutrientDeficiency
11552,Field C-11552 (Akatsi),FungalDisease
11553,Field C-11553 (Sokoto),WeedPressure
11554,Field SE-11554 (Amanzi),WeedPressure|FungalDisease|NutrientDeficiency
11555,Field NE-11555 (Kilimani),SoilErosion
11556,Field SE-11556 (Kilimani),HeatStress
11557,Field NW-11557 (Akatsi),Salinity|Flood|HeatStress
11558,Field C-11558 (Sokoto),Flood|Salinity
11559,Field SW-11559 (Akatsi),Flood|NutrientDeficiency|Pest
11560,Field C-11560 (Sokoto),NutrientDeficiency|FungalDisease
11561,Field C-11561 (Amanzi),NutrientDeficiency|Pest|SoilErosion
11562,Field SW-11562 (Hawassa),Pest|Drought|NutrientDeficiency
11563,Field C-11563 (Kilimani),(no issues listed)
11564,Field NE-11564 (Sokoto),Flood|WeedPressure
11565,Field NE-11565 (Sokoto),Pest
11566,Field NW-11566 (Hawassa),Drought|WeedPressure
11567,Field SE-11567 (Kilimani),HeatStress
11568,Field NE-11568 (Amanzi),SoilErosion|Pest
11569,Field NE-11569 (Sokoto),Flood|HeatStress|NutrientDeficiency
11570,Field NE-11570 (Sokoto),HeatStress
11571,Field SW-11571 (Sokoto),(no issues listed)
11572,Field SE-11572 (Hawassa),SoilErosion|Pest
11573,Field SE-11573 (Amanzi),SoilErosion
11574,Field NW-11574 (Akatsi),WeedPressure|Flood|HeatStress
11575,Field SE-11575 (Akatsi),Drought|WeedPressure|FungalDisease
11576,Field C-11576 (Sokoto),FungalDisease|WeedPressure
11577,Field NW-11577 (Sokoto),WeedPressure
11578,Field NE-11578 (Sokoto),SoilErosion
11579,Field NE-11579 (Hawassa),(no issues listed)
11580,Field C-11580 (Amanzi),Drought|FungalDisease
11581,Field NW-11581 (Sokoto),NutrientDeficiency|Pest
11582,Field SE-11582 (Akatsi),Pest
11583,Field NW-11583 (Hawassa),FungalDisease|HeatStress|Flood
11584,Field SE-11584 (Amanzi),Pest
11585,Field NW-11585 (Akatsi),Pest
11586,Field NW-11586 (Hawassa),SoilErosion|NutrientDeficiency|Pest
11587,Field C-11587 (Amanzi),(no issues listed)
11588,Field SW-11588 (Amanzi),Flood|WeedPressure|NutrientDeficiency
11589,Field SE-11589 (Hawassa),HeatStress
11590,Field C-11590 (Akatsi),Pest
11591,Field SW-11591 (Amanzi),(no issues listed)
11592,Field C-11592 (Kilimani),HeatStress|NutrientDeficiency
11593,Field SE-11593 (Amanzi),SoilErosion|Drought
11594,Field SE-11594 (Amanzi),NutrientDeficiency
11595,Field C-11595 (Kilimani),SoilErosion|NutrientDeficiency
11596,Field NW-11596 (Hawassa),NutrientDeficiency|SoilErosion
11597,Field SW-11597 (Kilimani),FrostDamage|WeedPressure|HeatStress
11598,Field NW-11598 (Amanzi),FungalDisease|Pest|WeedPressure
11599,Field NW-11599 (Hawassa),FrostDamage|WeedPressure|Drought
11600,Field SE-11600 (Akatsi),FungalDisease
11601,Field SE-11601 (Kilimani),Drought|FungalDisease|WeedPressure
11602,Field C-11602 (Amanzi),Pest
11603,Field SE-11603 (Kilimani),FrostDamage
11604,Field NE-11604 (Amanzi),Drought|NutrientDeficiency|SoilErosion
11605,Field C-11605 (Sokoto),WeedPressure|SoilErosion
11606,Field C-11606 (Amanzi),Drought|NutrientDeficiency
11607,Field C-11607 (Amanzi),Salinity|HeatStress
11608,Field NW-11608 (Hawassa),SoilErosion|NutrientDeficiency|Drought
11609,Field SE-11609 (Hawassa),Drought|SoilErosion
11610,Field SE-11610 (Amanzi),SoilErosion
11611,Field NE-11611 (Hawassa),Flood|WeedPressure
11612,Field NE-11612 (Akatsi),(no issues listed)
11613,Field NE-11613 (Sokoto),WeedPressure|Pest|NutrientDeficiency
11614,Field NW-11614 (Hawassa),WeedPressure
11615,Field NE-11615 (Sokoto),Pest|Drought|Flood
11616,Field NW-11616 (Hawassa),Flood
11617,Field C-11617 (Akatsi),FungalDisease|NutrientDeficiency
11618,Field SE-11618 (Hawassa),Pest
11619,Field SW-11619 (Akatsi),FungalDisease
11620,Field NE-11620 (Kilimani),Drought|NutrientDeficiency|FungalDisease
11621,Field C-11621 (Hawassa),WeedPressure|FungalDisease
11622,Field NW-11622 (Akatsi),Pest|NutrientDeficiency
11623,Field NE-11623 (Sokoto),FungalDisease
11624,Field C-11624 (Akatsi),Flood|WeedPressure
11625,Field SW-11625 (Akatsi),(no issues listed)
11626,Field NW-11626 (Sokoto),HeatStress
11627,Field SW-11627 (Akatsi),SoilErosion
11628,Field SE-11628 (Amanzi),Pest|SoilErosion
11629,Field SE-11629 (Hawassa),HeatStress|WeedPressure
11630,Field SW-11630 (Akatsi),FrostDamage
11631,Field NW-11631 (Hawassa),Drought|WeedPressure|HeatStress
11632,Field NE-11632 (Sokoto),SoilErosion|Drought
11633,Field NE-11633 (Hawassa),(no issues listed)
11634,Field NW-11634 (Amanzi),WeedPressure|SoilErosion
11635,Field SW-11635 (Akatsi),Salinity|NutrientDeficiency
11636,Field NE-11636 (Amanzi),WeedPressure|Drought|NutrientDeficiency
11637,Field NW-11637 (Sokoto),(no issues listed)
11638,Field C-11638 (Akatsi),Flood|Pest|SoilErosion
11639,Field NW-11639 (Akatsi),FungalDisease|NutrientDeficiency
11640,Field NW-11640 (Akatsi),FrostDamage|SoilErosion
11641,Field NW-11641 (Amanzi),HeatStress
11642,Field NW-11642 (Akatsi),(no issues listed)
11643,Field NW-11643 (Akatsi),Drought|Flood
11644,Field NW-11644 (Sokoto),NutrientDeficiency|Drought
11645,Field NE-11645 (Kilimani),Drought|WeedPressure|HeatStress
11646,Field SE-11646 (Amanzi),FungalDisease|HeatStress
11647,Field SE-11647 (Sokoto),(no issues listed)
11648,Field C-11648 (Akatsi),NutrientDeficiency|SoilErosion|Drought
11649,Field SE-11649 (Akatsi),SoilErosion|Flood|Salinity
11650,Field NW-11650 (Sokoto),(no issues listed)
11651,Field SW-11651 (Amanzi),Drought|NutrientDeficiency|SoilErosion
11652,Field SE-11652 (Sokoto),Pest
11653,Field C-11653 (Hawassa),Drought|FungalDisease
11654,Field NE-11654 (Hawassa),Salinity|NutrientDeficiency
11655,Field SE-11655 (Amanzi),WeedPressure|SoilErosion
11656,Field NE-11656 (Akatsi),WeedPressure|FrostDamage
11657,Field NW-11657 (Sokoto),(no issues listed)
11658,Field C-11658 (Akatsi),Drought
11659,Field NE-11659 (Sokoto),(no issues listed)
11660,Field SW-11660 (Hawassa),NutrientDeficiency|FungalDisease|HeatStress
11661,Field NE-11661 (Akatsi),(no issues listed)
11662,Field NW-11662 (Sokoto),(no issues listed)
11663,Field SE-11663 (Kilimani),FrostDamage|NutrientDeficiency|FungalDisease
11664,Field NE-11664 (Sokoto),NutrientDeficiency|Pest
11665,Field C-11665 (Kilimani),HeatStress|Flood
11666,Field NE-11666 (Sokoto),SoilErosion
11667,Field NE-11667 (Akatsi),HeatStress|Salinity
11668,Field C-11668 (Akatsi),HeatStress
11669,Field C-11669 (Amanzi),Pest
11670,Field SW-11670 (Hawassa),Pest|SoilErosion
11671,Field C-11671 (Amanzi),SoilErosion|Salinity|Pest
11672,Field NW-11672 (Hawassa),NutrientDeficiency
11673,Field SW-11673 (Hawassa),NutrientDeficiency
11674,Field NW-11674 (Hawassa),(no issues listed)
11675,Field SW-11675 (Akatsi),SoilErosion|WeedPressure|NutrientDeficiency
11676,Field SW-11676 (Akatsi),HeatStress|FrostDamage
11677,Field NW-11677 (Kilimani),Pest|NutrientDeficiency
11678,Field C-11678 (Kilimani),Pest
11679,Field SE-11679 (Hawassa),FungalDisease
11680,Field NE-11680 (Akatsi),Pest
11681,Field SW-11681 (Amanzi),(no issues listed)
11682,Field SE-11682 (Sokoto),(no issues listed)
11683,Field SW-11683 (Hawassa),SoilErosion
11684,Field NE-11684 (Kilimani),WeedPressure|Pest
11685,Field SE-11685 (Akatsi),FrostDamage
11686,Field SE-11686 (Hawassa),Flood|Drought
11687,Field SW-11687 (Hawassa),Pest|Drought|WeedPressure
11688,Field SE-11688 (Amanzi),Pest|SoilErosion
11689,Field SE-11689 (Akatsi),WeedPressure|NutrientDeficiency
11690,Field C-11690 (Amanzi),WeedPressure|Salinity
11691,Field C-11691 (Sokoto),WeedPressure|Pest
11692,Field SE-11692 (Hawassa),Salinity|NutrientDeficiency
11693,Field SE-11693 (Sokoto),Salinity
11694,Field NW-11694 (Akatsi),FrostDamage
11695,Field NE-11695 (Akatsi),FrostDamage|FungalDisease
11696,Field SE-11696 (Amanzi),(no issues listed)
11697,Field NW-11697 (Akatsi),Flood
11698,Field NW-11698 (Sokoto),FungalDisease|Pest|WeedPressure
11699,Field NW-11699 (Sokoto),Drought
11700,Field C-11700 (Amanzi),(no issues listed)
11701,Field NE-11701 (Hawassa),(no issues listed)
11702,Field SW-11702 (Akatsi),WeedPressure
11703,Field SW-11703 (Amanzi),FungalDisease|Drought
11704,Field NE-11704 (Hawassa),FungalDisease|Pest
11705,Field SE-11705 (Hawassa),Salinity|FungalDisease
11706,Field SW-11706 (Hawassa),WeedPressure|NutrientDeficiency
11707,Field C-11707 (Kilimani),WeedPressure|Pest|FungalDisease
11708,Field SE-11708 (Amanzi),(no issues listed)
11709,Field NW-11709 (Sokoto),NutrientDeficiency
11710,Field SW-11710 (Hawassa),HeatStress
11711,Field SW-11711 (Akatsi),(no issues listed)
11712,Field C-11712 (Kilimani),HeatStress|NutrientDeficiency
11713,Field NW-11713 (Kilimani),Pest|FungalDisease
11714,Field C-11714 (Akatsi),Flood
11715,Field SW-11715 (Sokoto),HeatStress
11716,Field SW-11716 (Sokoto),FrostDamage
11717,Field NE-11717 (Sokoto),HeatStress|FrostDamage|NutrientDeficiency
11718,Field NW-11718 (Akatsi),WeedPressure
11719,Field NW-11719 (Akatsi),NutrientDeficiency|Pest|Flood
11720,Field NE-11720 (Sokoto),NutrientDeficiency|HeatStress
11721,Field SE-11721 (Hawassa),SoilErosion|HeatStress
11722,Field NE-11722 (Kilimani),SoilErosion|Drought|Pest
11723,Field NE-11723 (Sokoto),NutrientDeficiency|Pest
11724,Field NE-11724 (Sokoto),Pest
11725,Field SW-11725 (Sokoto),Flood|Pest|Drought
11726,Field NW-11726 (Amanzi),Pest|FungalDisease
11727,Field SE-11727 (Kilimani),Pest|HeatStress
11728,Field C-11728 (Kilimani),(no issues listed)
11729,Field NE-11729 (Kilimani),Drought|Flood
11730,Field NW-11730 (Sokoto),SoilErosion|Drought|WeedPressure
11731,Field SE-11731 (Akatsi),HeatStress|Drought
11732,Field SE-11732 (Akatsi),Pest
11733,Field NW-11733 (Sokoto),NutrientDeficiency|FungalDisease|Flood
11734,Field SE-11734 (Akatsi),SoilErosion
11735,Field C-11735 (Sokoto),(no issues listed)
11736,Field C-11736 (Amanzi),Pest|SoilErosion
11737,Field NW-11737 (Kilimani),Pest|WeedPressure|Drought
11738,Field SW-11738 (Akatsi),Drought|HeatStress
11739,Field NW-11739 (Amanzi),NutrientDeficiency|FungalDisease
11740,Field C-11740 (Sokoto),FrostDamage|NutrientDeficiency
11741,Field NE-11741 (Kilimani),(no issues listed)
11742,Field SE-11742 (Kilimani),Drought|NutrientDeficiency|WeedPressure
11743,Field SW-11743 (Amanzi),FungalDisease|HeatStress
11744,Field SW-11744 (Akatsi),WeedPressure
11745,Field C-11745 (Sokoto),NutrientDeficiency|SoilErosion|Salinity
11746,Field C-11746 (Akatsi),Flood|WeedPressure|Pest
11747,Field C-11747 (Sokoto),NutrientDeficiency|Salinity|Drought
11748,Field SE-11748 (Akatsi),(no issues listed)
11749,Field SW-11749 (Hawassa),Salinity
11750,Field NW-11750 (Hawassa),(no issues listed)
11751,Field SW-11751 (Akatsi),(no issues listed)
11752,Field NW-11752 (Hawassa),SoilErosion|Drought
11753,Field SW-11753 (Hawassa),Salinity|Drought|NutrientDeficiency
11754,Field NE-11754 (Amanzi),NutrientDeficiency
11755,Field C-11755 (Kilimani),Pest|Drought|HeatStress
11756,Field SE-11756 (Amanzi),NutrientDeficiency
11757,Field SW-11757 (Sokoto),WeedPressure
11758,Field NE-11758 (Amanzi),Flood
11759,Field NW-11759 (Hawassa),FungalDisease|Salinity|SoilErosion
11760,Field C-11760 (Kilimani),WeedPressure|FrostDamage|Drought
11761,Field C-11761 (Akatsi),FungalDisease|Pest
11762,Field C-11762 (Amanzi),FungalDisease
11763,Field C-11763 (Akatsi),(no issues listed)
11764,Field NE-11764 (Hawassa),HeatStress|Pest
11765,Field SE-11765 (Sokoto),WeedPressure
11766,Field C-11766 (Amanzi),HeatStress|Flood
11767,Field NE-11767 (Hawassa),WeedPressure|Salinity|HeatStress
11768,Field C-11768 (Sokoto),Drought|WeedPressure
11769,Field NE-11769 (Amanzi),NutrientDeficiency|Drought
11770,Field SW-11770 (Amanzi),NutrientDeficiency|Drought|SoilErosion
11771,Field SE-11771 (Sokoto),SoilErosion
11772,Field SE-11772 (Amanzi),(no issues listed)
11773,Field NW-11773 (Hawassa),(no issues listed)
11774,Field NW-11774 (Amanzi),Flood
11775,Field C-11775 (Akatsi),Pest|Drought
11776,Field SE-11776 (Sokoto),FungalDisease|HeatStress|Drought
11777,Field C-11777 (Amanzi),FrostDamage|NutrientDeficiency|Pest
11778,Field NE-11778 (Kilimani),FungalDisease|Salinity|Pest
11779,Field SE-11779 (Kilimani),NutrientDeficiency
11780,Field C-11780 (Kilimani),SoilErosion|HeatStress|NutrientDeficiency
11781,Field NW-11781 (Hawassa),Flood|WeedPressure|HeatStress
11782,Field SE-11782 (Sokoto),NutrientDeficiency|FrostDamage
11783,Field NW-11783 (Hawassa),Pest|FungalDisease
11784,Field NE-11784 (Hawassa),Salinity
11785,Field SW-11785 (Sokoto),Pest
11786,Field NE-11786 (Kilimani),Salinity|Drought|WeedPressure
11787,Field SE-11787 (Sokoto),WeedPressure|Drought|SoilErosion
11788,Field C-11788 (Akatsi),FrostDamage|Drought
11789,Field SW-11789 (Amanzi),Flood
11790,Field SW-11790 (Amanzi),FungalDisease|WeedPressure
11791,Field C-11791 (Sokoto),Salinity|HeatStress
11792,Field SE-11792 (Kilimani),Flood|HeatStress
11793,Field NE-11793 (Sokoto),(no issues listed)
11794,Field NW-11794 (Sokoto),SoilErosion|WeedPressure|FungalDisease
11795,Field SW-11795 (Sokoto),Flood
11796,Field NE-11796 (Amanzi),Pest|Drought|WeedPressure
11797,Field NE-11797 (Sokoto),Pest|SoilErosion|NutrientDeficiency
11798,Field SW-11798 (Hawassa),(no issues listed)
11799,Field C-11799 (Kilimani),(no issues listed)
11800,Field SE-11800 (Kilimani),HeatStress|FungalDisease
11801,Field NE-11801 (Hawassa),HeatStress
11802,Field SW-11802 (Hawassa),Pest
11803,Field SE-11803 (Sokoto),Flood|WeedPressure|Drought
11804,Field SE-11804 (Akatsi),SoilErosion|Pest|WeedPressure
11805,Field NW-11805 (Kilimani),SoilErosion|WeedPressure|NutrientDeficiency
11806,Field C-11806 (Sokoto),Drought
11807,Field NW-11807 (Sokoto),Pest|Drought|WeedPressure
11808,Field SE-11808 (Hawassa),(no issues listed)
11809,Field NE-11809 (Kilimani),FrostDamage
11810,Field NW-11810 (Sokoto),Pest|Flood|Salinity
11811,Field SW-11811 (Amanzi),FungalDisease|Drought|HeatStress
11812,Field C-11812 (Hawassa),Drought|Pest
11813,Field NW-11813 (Kilimani),NutrientDeficiency
11814,Field NW-11814 (Kilimani),(no issues listed)
11815,Field SW-11815 (Amanzi),Flood|Drought
11816,Field NE-11816 (Hawassa),Pest
11817,Field NE-11817 (Sokoto),Drought
11818,Field SE-11818 (Akatsi),Pest|FungalDisease|WeedPressure
11819,Field NW-11819 (Hawassa),WeedPressure|HeatStress|Drought
11820,Field NW-11820 (Hawassa),(no issues listed)
11821,Field NW-11821 (Akatsi),NutrientDeficiency
11822,Field SW-11822 (Sokoto),FungalDisease|Pest
11823,Field SW-11823 (Hawassa),FungalDisease|WeedPressure|Drought
11824,Field NE-11824 (Akatsi),FungalDisease|Drought|Pest
11825,Field C-11825 (Akatsi),NutrientDeficiency|Pest|Drought
11826,Field NE-11826 (Kilimani),Flood
11827,Field SE-11827 (Sokoto),NutrientDeficiency
11828,Field NE-11828 (Akatsi),SoilErosion|Drought|Pest
11829,Field C-11829 (Kilimani),Flood
11830,Field SE-11830 (Hawassa),NutrientDeficiency
11831,Field SW-11831 (Amanzi),(no issues listed)
11832,Field NE-11832 (Hawassa),Pest|SoilErosion
11833,Field NW-11833 (Kilimani),Pest|SoilErosion
11834,Field NW-11834 (Akatsi),(no issues listed)
11835,Field NE-11835 (Sokoto),FungalDisease
11836,Field NW-11836 (Kilimani),HeatStress|FungalDisease
11837,Field NW-11837 (Akatsi),Pest|SoilErosion|Flood
11838,Field NE-11838 (Hawassa),(no issues listed)
11839,Field SE-11839 (Kilimani),(no issues listed)
11840,Field NW-11840 (Amanzi),NutrientDeficiency|HeatStress
11841,Field NW-11841 (Akatsi),(no issues listed)
11842,Field C-11842 (Akatsi),FungalDisease|SoilErosion|Flood
11843,Field SE-11843 (Akatsi),(no issues listed)
11844,Field SE-11844 (Kilimani),NutrientDeficiency|HeatStress|Drought
11845,Field NE-11845 (Akatsi),Drought|Flood
11846,Field SE-11846 (Hawassa),FungalDisease|WeedPressure|Pest
11847,Field SW-11847 (Amanzi),FrostDamage|NutrientDeficiency|SoilErosion
11848,Field C-11848 (Kilimani),WeedPressure|Pest|HeatStress
11849,Field SE-11849 (Hawassa),SoilErosion
11850,Field NW-11850 (Sokoto),(no issues listed)
11851,Field C-11851 (Akatsi),FungalDisease|Pest|NutrientDeficiency
11852,Field NE-11852 (Akatsi),WeedPressure|Pest
11853,Field SW-11853 (Akatsi),HeatStress
11854,Field SW-11854 (Amanzi),NutrientDeficiency|WeedPressure|HeatStress
11855,Field SW-11855 (Kilimani),Drought|HeatStress
11856,Field SW-11856 (Hawassa),Pest|NutrientDeficiency
11857,Field C-11857 (Hawassa),NutrientDeficiency|SoilErosion
11858,Field SE-11858 (Amanzi),FungalDisease|Drought|NutrientDeficiency
11859,Field SW-11859 (Akatsi),FungalDisease|Drought
11860,Field SW-11860 (Sokoto),NutrientDeficiency|HeatStress
11861,Field NE-11861 (Amanzi),Pest
11862,Field C-11862 (Sokoto),(no issues listed)
11863,Field SW-11863 (Amanzi),(no issues listed)
11864,Field NE-11864 (Akatsi),Pest
11865,Field SE-11865 (Sokoto),NutrientDeficiency|Pest
11866,Field SE-11866 (Kilimani),FungalDisease|Flood|SoilErosion
11867,Field NW-11867 (Amanzi),Drought|WeedPressure|NutrientDeficiency
11868,Field SE-11868 (Kilimani),(no issues listed)
11869,Field SW-11869 (Sokoto),Drought
11870,Field NW-11870 (Kilimani),Pest|FungalDisease
11871,Field SE-11871 (Sokoto),(no issues listed)
11872,Field SW-11872 (Kilimani),HeatStress|Salinity|WeedPressure
11873,Field SE-11873 (Amanzi),WeedPressure
11874,Field NE-11874 (Sokoto),NutrientDeficiency
11875,Field NE-11875 (Sokoto),NutrientDeficiency
11876,Field NE-11876 (Sokoto),HeatStress|SoilErosion
11877,Field C-11877 (Kilimani),NutrientDeficiency|Flood
11878,Field NE-11878 (Amanzi),FungalDisease
11879,Field NW-11879 (Amanzi),(no issues listed)
11880,Field SE-11880 (Sokoto),HeatStress|Drought|Pest
11881,Field SE-11881 (Sokoto),NutrientDeficiency|Pest
11882,Field SE-11882 (Akatsi),Pest|FrostDamage
11883,Field C-11883 (Akatsi),Drought
11884,Field NE-11884 (Sokoto),Flood|SoilErosion
11885,Field SW-11885 (Amanzi),WeedPressure|FungalDisease
11886,Field SW-11886 (Hawassa),Drought|HeatStress
11887,Field NE-11887 (Kilimani),Drought|HeatStress
11888,Field C-11888 (Sokoto),HeatStress|Pest|Salinity
11889,Field SE-11889 (Sokoto),Salinity|NutrientDeficiency|HeatStress
11890,Field NW-11890 (Kilimani),SoilErosion|NutrientDeficiency
11891,Field NW-11891 (Kilimani),FungalDisease|Pest|Flood
11892,Field SW-11892 (Sokoto),HeatStress
11893,Field SW-11893 (Kilimani),(no issues listed)
11894,Field SE-11894 (Sokoto),NutrientDeficiency|Pest|Drought
11895,Field NE-11895 (Sokoto),(no issues listed)
11896,Field NE-11896 (Amanzi),Salinity|NutrientDeficiency|Drought
11897,Field C-11897 (Amanzi),SoilErosion|Pest
11898,Field NW-11898 (Hawassa),Salinity|NutrientDeficiency
11899,Field SE-11899 (Kilimani),Drought|SoilErosion|Pest
11900,Field NW-11900 (Amanzi),FungalDisease
11901,Field NW-11901 (Kilimani),NutrientDeficiency|WeedPressure
11902,Field SW-11902 (Sokoto),WeedPressure|Pest|SoilErosion
11903,Field NE-11903 (Amanzi),HeatStress|WeedPressure|Drought
11904,Field C-11904 (Sokoto),Flood
11905,Field C-11905 (Akatsi),NutrientDeficiency|FungalDisease
11906,Field NE-11906 (Amanzi),(no issues listed)
11907,Field NW-11907 (Hawassa),FungalDisease|Pest|SoilErosion
11908,Field C-11908 (Sokoto),HeatStress|FungalDisease|NutrientDeficiency
11909,Field SW-11909 (Akatsi),WeedPressure|Flood|Pest
11910,Field NE-11910 (Akatsi),Pest
11911,Field SE-11911 (Kilimani),HeatStress|WeedPressure|Flood
11912,Field NE-11912 (Sokoto),Pest|FrostDamage|Flood
11913,Field SW-11913 (Amanzi),Pest|WeedPressure
11914,Field NW-11914 (Hawassa),FungalDisease|Flood|Pest
11915,Field NW-11915 (Hawassa),FungalDisease|Salinity
11916,Field NE-11916 (Hawassa),FungalDisease|WeedPressure
11917,Field NE-11917 (Hawassa),FungalDisease|NutrientDeficiency|Drought
11918,Field NE-11918 (Akatsi),(no issues listed)
11919,Field C-11919 (Amanzi),Pest
11920,Field SW-11920 (Akatsi),Pest|HeatStress
11921,Field NW-11921 (Amanzi),(no issues listed)
11922,Field SE-11922 (Akatsi),NutrientDeficiency
11923,Field SE-11923 (Kilimani),Flood|NutrientDeficiency
11924,Field SW-11924 (Hawassa),(no issues listed)
11925,Field SW-11925 (Sokoto),Pest
11926,Field SW-11926 (Hawassa),Drought|HeatStress
11927,Field C-11927 (Kilimani),FungalDisease|WeedPressure
11928,Field NE-11928 (Amanzi),Flood
11929,Field NE-11929 (Kilimani),NutrientDeficiency|Pest|SoilErosion
11930,Field SW-11930 (Akatsi),(no issues listed)
11931,Field SE-11931 (Hawassa),HeatStress|Flood
11932,Field NE-11932 (Sokoto),HeatStress|FungalDisease|WeedPressure
11933,Field SE-11933 (Hawassa),SoilErosion|WeedPressure
11934,Field NE-11934 (Akatsi),NutrientDeficiency|HeatStress
11935,Field NE-11935 (Sokoto),Flood
11936,Field NW-11936 (Sokoto),Drought|Pest|NutrientDeficiency
11937,Field NE-11937 (Hawassa),Drought
11938,Field SW-11938 (Akatsi),Pest|WeedPressure
11939,Field C-11939 (Sokoto),Pest|Flood
11940,Field C-11940 (Sokoto),Pest
11941,Field SW-11941 (Hawassa),WeedPressure
11942,Field SW-11942 (Kilimani),Salinity|HeatStress
11943,Field C-11943 (Sokoto),Drought
11944,Field NW-11944 (Amanzi),SoilErosion|Flood|HeatStress
11945,Field C-11945 (Hawassa),SoilErosion|FungalDisease|Salinity
11946,Field C-11946 (Akatsi),Pest|FrostDamage|Drought
11947,Field NW-11947 (Akatsi),NutrientDeficiency|WeedPressure
11948,Field NE-11948 (Sokoto),Flood
11949,Field NW-11949 (Sokoto),HeatStress|Drought
11950,Field NW-11950 (Kilimani),FrostDamage|Pest|Salinity
11951,Field NW-11951 (Akatsi),Pest|FungalDisease|SoilErosion
11952,Field NE-11952 (Hawassa),WeedPressure
11953,Field C-11953 (Sokoto),NutrientDeficiency|FungalDisease|Drought
11954,Field NW-11954 (Sokoto),Flood|SoilErosion|Pest
11955,Field SE-11955 (Amanzi),HeatStress
11956,Field SW-11956 (Akatsi),FungalDisease|Flood
11957,Field NE-11957 (Kilimani),WeedPressure
11958,Field SE-11958 (Hawassa),HeatStress
11959,Field SE-11959 (Kilimani),WeedPressure
11960,Field SE-11960 (Kilimani),SoilErosion
11961,Field NW-11961 (Kilimani),Pest|Flood|WeedPressure
11962,Field SW-11962 (Kilimani),SoilErosion|HeatStress
11963,Field SE-11963 (Kilimani),Salinity|HeatStress
11964,Field C-11964 (Sokoto),WeedPressure|SoilErosion
11965,Field C-11965 (Kilimani),FungalDisease
11966,Field C-11966 (Sokoto),WeedPressure
11967,Field SW-11967 (Sokoto),Drought
11968,Field NE-11968 (Sokoto),(no issues listed)
11969,Field NW-11969 (Sokoto),Salinity|NutrientDeficiency|Flood
11970,Field SW-11970 (Kilimani),FungalDisease|Drought
11971,Field SW-11971 (Amanzi),NutrientDeficiency|SoilErosion|Drought
11972,Field NW-11972 (Kilimani),Flood|Drought
11973,Field NW-11973 (Amanzi),Drought|WeedPressure
11974,Field C-11974 (Kilimani),(no issues listed)
11975,Field NW-11975 (Hawassa),WeedPressure|Drought|FungalDisease
11976,Field C-11976 (Kilimani),SoilErosion|Drought
11977,Field C-11977 (Amanzi),Flood|HeatStress
11978,Field SW-11978 (Kilimani),NutrientDeficiency|Drought|FrostDamage
11979,Field SW-11979 (Hawassa),HeatStress|FungalDisease|Pest
11980,Field C-11980 (Sokoto),FungalDisease
11981,Field SW-11981 (Kilimani),WeedPressure|SoilErosion|Pest
11982,Field C-11982 (Akatsi),Drought|NutrientDeficiency
11983,Field SE-11983 (Hawassa),HeatStress|NutrientDeficiency
11984,Field C-11984 (Amanzi),NutrientDeficiency|Drought
11985,Field SW-11985 (Akatsi),Salinity|FungalDisease|Drought
11986,Field C-11986 (Kilimani),Salinity
11987,Field NW-11987 (Akatsi),Drought|HeatStress
11988,Field SE-11988 (Kilimani),Pest|Flood|WeedPressure
11989,Field SE-11989 (Amanzi),(no issues listed)
11990,Field NE-11990 (Sokoto),WeedPressure
11991,Field NW-11991 (Kilimani),FungalDisease
11992,Field C-11992 (Amanzi),HeatStress|NutrientDeficiency
11993,Field SW-11993 (Akatsi),Drought
11994,Field SW-11994 (Amanzi),WeedPressure|HeatStress|Drought
11995,Field C-11995 (Akatsi),FrostDamage|Flood|SoilErosion
11996,Field C-11996 (Sokoto),FungalDisease
11997,Field SE-11997 (Sokoto),WeedPressure|NutrientDeficiency|HeatStress
11998,Field NE-11998 (Akatsi),Drought
11999,Field SE-11999 (Kilimani),HeatStress|Drought
12000,Field NE-12000 (Kilimani),Pest|Drought
12001,Field NE-12001 (Kilimani),WeedPressure|Drought
12002,Field SE-12002 (Sokoto),Flood|NutrientDeficiency|Pest
12003,Field SE-12003 (Akatsi),SoilErosion|FungalDisease|Salinity
12004,Field SE-12004 (Akatsi),Drought|Pest
12005,Field SW-12005 (Sokoto),Pest|WeedPressure
12006,Field NW-12006 (Akatsi),NutrientDeficiency|Drought|HeatStress
12007,Field NE-12007 (Hawassa),(no issues listed)
12008,Field NE-12008 (Sokoto),FrostDamage|SoilErosion
12009,Field NW-12009 (Amanzi),Pest|Flood|WeedPressure
12010,Field NE-12010 (Sokoto),(no issues listed)
12011,Field C-12011 (Hawassa),FrostDamage
12012,Field NW-12012 (Hawassa),WeedPressure|HeatStress|Pest
12013,Field C-12013 (Amanzi),FungalDisease|HeatStress|SoilErosion
12014,Field SW-12014 (Akatsi),Pest|NutrientDeficiency
12015,Field C-12015 (Kilimani),HeatStress|NutrientDeficiency
12016,Field SW-12016 (Sokoto),HeatStress|WeedPressure|Drought
12017,Field NW-12017 (Hawassa),Pest|SoilErosion|FungalDisease
12018,Field SW-12018 (Hawassa),Pest|FungalDisease|FrostDamage
12019,Field SW-12019 (Hawassa),Salinity|Drought
12020,Field C-12020 (Hawassa),(no issues listed)
12021,Field SE-12021 (Amanzi),Drought|NutrientDeficiency
12022,Field SE-12022 (Akatsi),Pest|Salinity|WeedPressure
12023,Field SW-12023 (Sokoto),SoilErosion
12024,Field NE-12024 (Akatsi),Drought
12025,Field SW-12025 (Hawassa),Pest
12026,Field SW-12026 (Hawassa),SoilErosion|NutrientDeficiency
12027,Field NE-12027 (Sokoto),Pest|FrostDamage|SoilErosion
12028,Field C-12028 (Akatsi),Pest
12029,Field C-12029 (Akatsi),NutrientDeficiency
12030,Field SE-12030 (Sokoto),SoilErosion|NutrientDeficiency|FrostDamage
12031,Field NE-12031 (Hawassa),Pest
12032,Field C-12032 (Amanzi),Drought|Flood
12033,Field NW-12033 (Akatsi),(no issues listed)
12034,Field NE-12034 (Kilimani),Pest
12035,Field SE-12035 (Hawassa),Flood|Drought|HeatStress
12036,Field NE-12036 (Sokoto),HeatStress|SoilErosion|Pest
12037,Field NE-12037 (Sokoto),SoilErosion|FungalDisease
12038,Field C-12038 (Sokoto),WeedPressure
12039,Field C-12039 (Akatsi),Pest|FrostDamage|NutrientDeficiency
12040,Field SW-12040 (Hawassa),Flood|FungalDisease
12041,Field NW-12041 (Kilimani),Flood
12042,Field NW-12042 (Hawassa),(no issues listed)
12043,Field SE-12043 (Hawassa),Pest
12044,Field SW-12044 (Akatsi),WeedPressure
12045,Field C-12045 (Amanzi),FungalDisease
12046,Field NE-12046 (Hawassa),FungalDisease|Salinity|Flood
12047,Field SW-12047 (Akatsi),WeedPressure|Drought
12048,Field NE-12048 (Sokoto),SoilErosion|WeedPressure|FrostDamage
12049,Field SW-12049 (Amanzi),FrostDamage
12050,Field C-12050 (Hawassa),NutrientDeficiency
12051,Field NE-12051 (Hawassa),(no issues listed)
12052,Field SW-12052 (Sokoto),NutrientDeficiency
12053,Field NE-12053 (Hawassa),Pest|NutrientDeficiency|Flood
12054,Field NE-12054 (Hawassa),HeatStress
12055,Field NW-12055 (Akatsi),Pest
12056,Field SE-12056 (Akatsi),FungalDisease|WeedPressure
12057,Field C-12057 (Akatsi),Salinity|HeatStress
12058,Field SE-12058 (Akatsi),FrostDamage|FungalDisease|SoilErosion
12059,Field SW-12059 (Akatsi),Drought|FrostDamage|WeedPressure
12060,Field C-12060 (Akatsi),SoilErosion|Pest
12061,Field NW-12061 (Kilimani),Pest|Drought|FungalDisease
12062,Field NE-12062 (Akatsi),HeatStress|FungalDisease
12063,Field C-12063 (Hawassa),HeatStress|Pest
12064,Field NW-12064 (Kilimani),FungalDisease|FrostDamage|WeedPressure
12065,Field NE-12065 (Kilimani),Salinity
12066,Field SE-12066 (Sokoto),Drought
12067,Field NE-12067 (Akatsi),HeatStress
12068,Field C-12068 (Hawassa),Flood|Pest
12069,Field C-12069 (Akatsi),HeatStress|Pest
12070,Field SE-12070 (Kilimani),Pest|Drought
12071,Field SE-12071 (Akatsi),Pest
12072,Field C-12072 (Amanzi),SoilErosion|Drought|NutrientDeficiency
12073,Field NE-12073 (Kilimani),(no issues listed)
12074,Field NW-12074 (Sokoto),Flood
12075,Field SE-12075 (Akatsi),(no issues listed)
12076,Field SW-12076 (Hawassa),Drought|WeedPressure|HeatStress
12077,Field NE-12077 (Akatsi),HeatStress|Drought
12078,Field NW-12078 (Amanzi),Pest|WeedPressure
12079,Field C-12079 (Amanzi),WeedPressure
12080,Field SW-12080 (Sokoto),NutrientDeficiency|HeatStress|SoilErosion
12081,Field NE-12081 (Amanzi),WeedPressure
12082,Field SE-12082 (Amanzi),NutrientDeficiency
12083,Field NE-12083 (Kilimani),Salinity|Flood
12084,Field NW-12084 (Kilimani),(no issues listed)
12085,Field SW-12085 (Hawassa),Flood
12086,Field SW-12086 (Amanzi),SoilErosion|Salinity|HeatStress
12087,Field C-12087 (Sokoto),(no issues listed)
12088,Field NE-12088 (Kilimani),HeatStress|Pest
12089,Field NW-12089 (Akatsi),Pest|WeedPressure|Flood
12090,Field SE-12090 (Hawassa),Drought|Salinity
12091,Field SW-12091 (Kilimani),Drought
12092,Field C-12092 (Sokoto),NutrientDeficiency|HeatStress|FrostDamage
12093,Field NE-12093 (Kilimani),Drought|FungalDisease
12094,Field SE-12094 (Hawassa),WeedPressure
12095,Field NW-12095 (Hawassa),SoilErosion|HeatStress|FungalDisease
12096,Field NE-12096 (Hawassa),SoilErosion
12097,Field NE-12097 (Kilimani),Pest|NutrientDeficiency|WeedPressure
12098,Field SW-12098 (Sokoto),WeedPressure|NutrientDeficiency
12099,Field SE-12099 (Akatsi),FungalDisease|Pest|Flood
12100,Field NW-12100 (Amanzi),Drought|Flood
12101,Field NW-12101 (Kilimani),Drought
12102,Field NE-12102 (Akatsi),Salinity|FrostDamage
12103,Field C-12103 (Sokoto),Salinity|FungalDisease|Drought
12104,Field C-12104 (Kilimani),FrostDamage|SoilErosion
12105,Field NE-12105 (Hawassa),NutrientDeficiency|FungalDisease|SoilErosion
12106,Field C-12106 (Hawassa),(no issues listed)
12107,Field SW-12107 (Kilimani),WeedPressure|Drought
12108,Field NW-12108 (Kilimani),HeatStress|Pest|WeedPressure
12109,Field C-12109 (Hawassa),HeatStress
12110,Field SE-12110 (Hawassa),FungalDisease|SoilErosion
12111,Field NW-12111 (Kilimani),WeedPressure|Pest|Drought
12112,Field NW-12112 (Amanzi),Drought|NutrientDeficiency
12113,Field NE-12113 (Sokoto),(no issues listed)
12114,Field NE-12114 (Amanzi),NutrientDeficiency|Drought|Flood
12115,Field NE-12115 (Kilimani),HeatStress|FungalDisease|Flood
12116,Field SW-12116 (Amanzi),FungalDisease
12117,Field NE-12117 (Kilimani),WeedPressure|HeatStress
12118,Field SE-12118 (Sokoto),FungalDisease|WeedPressure|HeatStress
12119,Field SW-12119 (Sokoto),NutrientDeficiency
12120,Field NE-12120 (Hawassa),Salinity|Pest
12121,Field C-12121 (Sokoto),NutrientDeficiency|WeedPressure
12122,Field NE-12122 (Sokoto),Pest
12123,Field NW-12123 (Hawassa),NutrientDeficiency
12124,Field SW-12124 (Sokoto),FrostDamage|Drought
12125,Field SE-12125 (Akatsi),(no issues listed)
12126,Field SW-12126 (Akatsi),WeedPressure|Salinity
12127,Field C-12127 (Kilimani),Flood
12128,Field SE-12128 (Kilimani),Flood
12129,Field NW-12129 (Kilimani),Salinity|NutrientDeficiency
12130,Field SE-12130 (Hawassa),FungalDisease
12131,Field SW-12131 (Kilimani),Pest
12132,Field SW-12132 (Sokoto),Pest|NutrientDeficiency
12133,Field NE-12133 (Sokoto),FungalDisease|NutrientDeficiency
12134,Field SE-12134 (Sokoto),FungalDisease|Pest|HeatStress
12135,Field C-12135 (Hawassa),NutrientDeficiency|FrostDamage
12136,Field SE-12136 (Sokoto),FungalDisease|WeedPressure
12137,Field C-12137 (Hawassa),FungalDisease
12138,Field NE-12138 (Amanzi),SoilErosion|Pest|HeatStress
12139,Field C-12139 (Sokoto),SoilErosion
12140,Field SE-12140 (Akatsi),(no issues listed)
12141,Field SW-12141 (Kilimani),Drought|Pest|Salinity
12142,Field NE-12142 (Hawassa),NutrientDeficiency
12143,Field NW-12143 (Sokoto),Drought|Pest
12144,Field NE-12144 (Kilimani),Drought|FungalDisease
12145,Field NW-12145 (Sokoto),Drought
12146,Field NE-12146 (Hawassa),(no issues listed)
12147,Field NW-12147 (Kilimani),HeatStress|Drought
12148,Field C-12148 (Kilimani),HeatStress|FrostDamage
12149,Field C-12149 (Kilimani),(no issues listed)
12150,Field NE-12150 (Sokoto),NutrientDeficiency
12151,Field SE-12151 (Amanzi),WeedPressure|Drought|Pest
12152,Field NE-12152 (Kilimani),Pest
12153,Field SW-12153 (Hawassa),Flood
12154,Field C-12154 (Amanzi),(no issues listed)
12155,Field C-12155 (Amanzi),NutrientDeficiency|WeedPressure
12156,Field SE-12156 (Akatsi),HeatStress|Flood|Pest
12157,Field SW-12157 (Akatsi),Flood|WeedPressure
12158,Field NW-12158 (Amanzi),(no issues listed)
12159,Field NE-12159 (Hawassa),Drought|HeatStress|FrostDamage
12160,Field SE-12160 (Kilimani),FungalDisease
12161,Field C-12161 (Kilimani),Pest|Flood
12162,Field C-12162 (Akatsi),HeatStress|Flood|WeedPressure
12163,Field C-12163 (Kilimani),WeedPressure
12164,Field NW-12164 (Sokoto),Pest|Salinity|WeedPressure
12165,Field SW-12165 (Amanzi),(no issues listed)
12166,Field C-12166 (Kilimani),SoilErosion
12167,Field SW-12167 (Amanzi),NutrientDeficiency
12168,Field NW-12168 (Hawassa),HeatStress|NutrientDeficiency|FungalDisease
12169,Field NW-12169 (Kilimani),FungalDisease
12170,Field SE-12170 (Amanzi),Pest|Flood
12171,Field NE-12171 (Kilimani),WeedPressure|Drought
12172,Field NE-12172 (Hawassa),Pest|SoilErosion
12173,Field NW-12173 (Akatsi),HeatStress
12174,Field C-12174 (Sokoto),SoilErosion|FungalDisease
12175,Field NE-12175 (Akatsi),HeatStress|WeedPressure
12176,Field NW-12176 (Hawassa),SoilErosion|FungalDisease|NutrientDeficiency
12177,Field C-12177 (Amanzi),Drought|Pest
12178,Field SE-12178 (Amanzi),Drought|Salinity
12179,Field NW-12179 (Hawassa),(no issues listed)
12180,Field NW-12180 (Hawassa),Flood|Drought
12181,Field SW-12181 (Amanzi),NutrientDeficiency|WeedPressure|FrostDamage
12182,Field NE-12182 (Hawassa),(no issues listed)
12183,Field C-12183 (Akatsi),HeatStress
12184,Field NW-12184 (Kilimani),FungalDisease|HeatStress
12185,Field NW-12185 (Kilimani),Pest
12186,Field C-12186 (Akatsi),Pest|WeedPressure
12187,Field NE-12187 (Kilimani),(no issues listed)
12188,Field NE-12188 (Kilimani),NutrientDeficiency|Pest|Drought
12189,Field C-12189 (Akatsi),Pest|Drought
12190,Field NW-12190 (Kilimani),FungalDisease|Drought
12191,Field SW-12191 (Kilimani),WeedPressure|HeatStress
12192,Field SW-12192 (Kilimani),SoilErosion|Drought
12193,Field SW-12193 (Hawassa),NutrientDeficiency|Flood
12194,Field SE-12194 (Amanzi),HeatStress
12195,Field NW-12195 (Akatsi),Pest
12196,Field SE-12196 (Hawassa),FrostDamage
12197,Field SW-12197 (Akatsi),Drought|Salinity|HeatStress
12198,Field SW-12198 (Hawassa),WeedPressure|FungalDisease|FrostDamage
12199,Field C-12199 (Sokoto),FungalDisease
12200,Field NW-12200 (Hawassa),WeedPressure
12201,Field NE-12201 (Amanzi),(no issues listed)
12202,Field C-12202 (Sokoto),SoilErosion|FungalDisease|NutrientDeficiency
12203,Field C-12203 (Amanzi),Salinity
12204,Field SW-12204 (Hawassa),FrostDamage
12205,Field SE-12205 (Kilimani),SoilErosion|Drought|FrostDamage
12206,Field SE-12206 (Akatsi),Flood|HeatStress
12207,Field SW-12207 (Amanzi),FungalDisease|Pest
12208,Field SE-12208 (Akatsi),(no issues listed)
12209,Field NW-12209 (Sokoto),Drought
12210,Field NE-12210 (Sokoto),Drought|Flood
12211,Field SW-12211 (Hawassa),HeatStress
12212,Field NW-12212 (Sokoto),WeedPressure|FungalDisease
12213,Field SW-12213 (Amanzi),WeedPressure|NutrientDeficiency|FungalDisease
12214,Field SE-12214 (Akatsi),Drought|Pest|HeatStress
12215,Field NW-12215 (Akatsi),WeedPressure|HeatStress
12216,Field C-12216 (Akatsi),NutrientDeficiency|Pest
12217,Field C-12217 (Kilimani),Drought|SoilErosion
12218,Field NW-12218 (Sokoto),WeedPressure|FungalDisease
12219,Field SE-12219 (Sokoto),Drought|HeatStress|FrostDamage
12220,Field C-12220 (Amanzi),SoilErosion
12221,Field NE-12221 (Hawassa),HeatStress|FungalDisease
12222,Field NW-12222 (Akatsi),FrostDamage|FungalDisease|Drought
12223,Field SE-12223 (Amanzi),Drought|WeedPressure|Flood
12224,Field NE-12224 (Amanzi),NutrientDeficiency
12225,Field NW-12225 (Kilimani),FrostDamage|Pest|Salinity
12226,Field NE-12226 (Kilimani),(no issues listed)
12227,Field NE-12227 (Amanzi),WeedPressure|Drought|SoilErosion
12228,Field C-12228 (Akatsi),Salinity
12229,Field SW-12229 (Kilimani),Flood|Drought
12230,Field NW-12230 (Kilimani),WeedPressure|FungalDisease
12231,Field NW-12231 (Kilimani),NutrientDeficiency|HeatStress
12232,Field NE-12232 (Sokoto),WeedPressure|HeatStress|Salinity
12233,Field SE-12233 (Hawassa),FungalDisease|Pest|NutrientDeficiency
12234,Field NW-12234 (Kilimani),SoilErosion|WeedPressure|HeatStress
12235,Field SW-12235 (Sokoto),NutrientDeficiency
12236,Field NE-12236 (Kilimani),WeedPressure|FungalDisease|Pest
12237,Field NW-12237 (Sokoto),Drought
12238,Field C-12238 (Kilimani),Salinity|Drought|NutrientDeficiency
12239,Field SW-12239 (Sokoto),NutrientDeficiency
12240,Field NE-12240 (Amanzi),Salinity|FrostDamage
12241,Field SW-12241 (Amanzi),FungalDisease|WeedPressure|HeatStress
12242,Field SW-12242 (Amanzi),WeedPressure|NutrientDeficiency
12243,Field C-12243 (Sokoto),FungalDisease|Drought|Pest
12244,Field SW-12244 (Akatsi),NutrientDeficiency
12245,Field NE-12245 (Kilimani),NutrientDeficiency
12246,Field NE-12246 (Amanzi),SoilErosion|Flood
12247,Field C-12247 (Akatsi),(no issues listed)
12248,Field SW-12248 (Sokoto),NutrientDeficiency|FungalDisease|WeedPressure
12249,Field NW-12249 (Kilimani),Pest
12250,Field SE-12250 (Amanzi),SoilErosion|FrostDamage|Drought
12251,Field NE-12251 (Amanzi),WeedPressure
12252,Field SW-12252 (Amanzi),Pest
12253,Field SW-12253 (Kilimani),FrostDamage
12254,Field NE-12254 (Sokoto),(no issues listed)
12255,Field C-12255 (Akatsi),Flood|NutrientDeficiency
12256,Field NE-12256 (Hawassa),NutrientDeficiency|SoilErosion|Drought
12257,Field SE-12257 (Amanzi),NutrientDeficiency
12258,Field SW-12258 (Kilimani),(no issues listed)
12259,Field NE-12259 (Sokoto),NutrientDeficiency
12260,Field SE-12260 (Hawassa),NutrientDeficiency
12261,Field NW-12261 (Amanzi),SoilErosion
12262,Field SE-12262 (Kilimani),SoilErosion|HeatStress
12263,Field C-12263 (Sokoto),(no issues listed)
12264,Field SW-12264 (Sokoto),HeatStress|NutrientDeficiency|Drought
12265,Field SW-12265 (Amanzi),WeedPressure|FrostDamage|Drought
12266,Field NE-12266 (Amanzi),(no issues listed)
12267,Field NW-12267 (Hawassa),Pest|HeatStress|Flood
12268,Field NW-12268 (Akatsi),Drought|Pest|HeatStress
12269,Field NW-12269 (Hawassa),HeatStress
12270,Field NW-12270 (Hawassa),FungalDisease|Drought
12271,Field NW-12271 (Hawassa),(no issues listed)
12272,Field NW-12272 (Sokoto),NutrientDeficiency
12273,Field NW-12273 (Akatsi),(no issues listed)
12274,Field SE-12274 (Hawassa),(no issues listed)
12275,Field NE-12275 (Kilimani),Flood|Drought
12276,Field SW-12276 (Amanzi),HeatStress|SoilErosion|Pest
12277,Field SW-12277 (Akatsi),NutrientDeficiency|WeedPressure
12278,Field C-12278 (Sokoto),FrostDamage
12279,Field NE-12279 (Akatsi),(no issues listed)
12280,Field SW-12280 (Hawassa),Drought|NutrientDeficiency|SoilErosion
12281,Field NW-12281 (Sokoto),FungalDisease
12282,Field NE-12282 (Akatsi),SoilErosion|WeedPressure|Drought
12283,Field NW-12283 (Kilimani),(no issues listed)
12284,Field C-12284 (Sokoto),NutrientDeficiency|Pest|WeedPressure
12285,Field SW-12285 (Akatsi),Salinity
12286,Field C-12286 (Hawassa),HeatStress|NutrientDeficiency|FungalDisease
12287,Field NW-12287 (Akatsi),(no issues listed)
12288,Field NE-12288 (Amanzi),(no issues listed)
12289,Field NW-12289 (Kilimani),NutrientDeficiency
12290,Field NW-12290 (Sokoto),Drought|FungalDisease|SoilErosion
12291,Field SE-12291 (Akatsi),Drought
12292,Field SW-12292 (Kilimani),WeedPressure|Drought
12293,Field SW-12293 (Kilimani),Pest|WeedPressure|FungalDisease
12294,Field SW-12294 (Hawassa),Pest
12295,Field C-12295 (Akatsi),Pest|Drought
12296,Field C-12296 (Amanzi),NutrientDeficiency|Pest|Drought
12297,Field NW-12297 (Amanzi),Flood
12298,Field C-12298 (Sokoto),Flood|FungalDisease
12299,Field C-12299 (Hawassa),(no issues listed)
12300,Field C-12300 (Sokoto),(no issues listed)
12301,Field SW-12301 (Amanzi),NutrientDeficiency|WeedPressure|FungalDisease
12302,Field SW-12302 (Hawassa),Flood|HeatStress|Drought
12303,Field C-12303 (Amanzi),Salinity|Pest|Drought
12304,Field C-12304 (Amanzi),HeatStress|Salinity
12305,Field NW-12305 (Sokoto),NutrientDeficiency
12306,Field NW-12306 (Amanzi),Flood|WeedPressure|Salinity
12307,Field NW-12307 (Akatsi),SoilErosion
12308,Field SW-12308 (Hawassa),SoilErosion|Pest
12309,Field NW-12309 (Sokoto),SoilErosion|FungalDisease|NutrientDeficiency
12310,Field NW-12310 (Sokoto),WeedPressure|FungalDisease|Pest
12311,Field NW-12311 (Amanzi),Drought|FungalDisease
12312,Field C-12312 (Akatsi),Drought|NutrientDeficiency
12313,Field SE-12313 (Akatsi),Salinity
12314,Field SW-12314 (Amanzi),SoilErosion|FrostDamage|HeatStress
12315,Field NE-12315 (Sokoto),WeedPressure|Flood|FungalDisease
12316,Field SW-12316 (Amanzi),Drought|WeedPressure|SoilErosion
12317,Field C-12317 (Hawassa),HeatStress|Drought
12318,Field NE-12318 (Akatsi),(no issues listed)
12319,Field NW-12319 (Amanzi),Drought|Pest|FrostDamage
12320,Field SW-12320 (Akatsi),Drought|Flood
12321,Field NW-12321 (Sokoto),Drought
12322,Field NE-12322 (Sokoto),FungalDisease
12323,Field SW-12323 (Amanzi),WeedPressure|HeatStress
12324,Field C-12324 (Sokoto),HeatStress
12325,Field NW-12325 (Kilimani),FungalDisease|Pest|FrostDamage
12326,Field NW-12326 (Akatsi),Drought
12327,Field SE-12327 (Akatsi),Pest|HeatStress|Drought
12328,Field SE-12328 (Hawassa),Salinity|Flood
12329,Field C-12329 (Akatsi),FungalDisease|HeatStress|Flood
12330,Field SW-12330 (Sokoto),Drought|HeatStress
12331,Field SE-12331 (Akatsi),FrostDamage|NutrientDeficiency|Pest
12332,Field NW-12332 (Sokoto),Drought|NutrientDeficiency
12333,Field NE-12333 (Akatsi),Pest
12334,Field NE-12334 (Amanzi),FungalDisease|Drought|Pest
12335,Field SE-12335 (Hawassa),HeatStress|Drought
12336,Field NW-12336 (Hawassa),Drought
12337,Field NW-12337 (Akatsi),FungalDisease|Flood|Drought
12338,Field C-12338 (Akatsi),Pest
12339,Field SE-12339 (Sokoto),WeedPressure
12340,Field SW-12340 (Hawassa),(no issues listed)
12341,Field SW-12341 (Sokoto),FrostDamage|WeedPressure
12342,Field NW-12342 (Amanzi),NutrientDeficiency|Drought|WeedPressure
12343,Field SE-12343 (Hawassa),Drought|NutrientDeficiency
12344,Field SW-12344 (Hawassa),Flood|HeatStress
12345,Field SW-12345 (Hawassa),Salinity
12346,Field NE-12346 (Kilimani),Drought|FrostDamage|Salinity
12347,Field NE-12347 (Akatsi),Flood
12348,Field C-12348 (Amanzi),FungalDisease|Pest|Flood
12349,Field NW-12349 (Kilimani),(no issues listed)
12350,Field SE-12350 (Hawassa),(no issues listed)
12351,Field NW-12351 (Hawassa),Flood
12352,Field SW-12352 (Hawassa),HeatStress|SoilErosion
12353,Field NW-12353 (Amanzi),SoilErosion|HeatStress
12354,Field SE-12354 (Sokoto),NutrientDeficiency|SoilErosion
12355,Field SW-12355 (Hawassa),FrostDamage|HeatStress
12356,Field NW-12356 (Hawassa),Flood|HeatStress
12357,Field SW-12357 (Akatsi),NutrientDeficiency
12358,Field NW-12358 (Amanzi),SoilErosion|Pest|NutrientDeficiency
12359,Field SE-12359 (Amanzi),WeedPressure|HeatStress|Flood
12360,Field SW-12360 (Amanzi),(no issues listed)
12361,Field C-12361 (Amanzi),Pest
12362,Field NE-12362 (Hawassa),Pest
12363,Field NE-12363 (Hawassa),(no issues listed)
12364,Field NW-12364 (Kilimani),(no issues listed)
12365,Field SE-12365 (Sokoto),SoilErosion|FungalDisease
12366,Field SE-12366 (Amanzi),Pest|HeatStress
12367,Field NW-12367 (Hawassa),HeatStress|Pest|FrostDamage
12368,Field C-12368 (Hawassa),SoilErosion
12369,Field SW-12369 (Hawassa),FungalDisease
12370,Field NW-12370 (Akatsi),FungalDisease|Salinity|WeedPressure
12371,Field SW-12371 (Hawassa),SoilErosion|NutrientDeficiency|Salinity
12372,Field NE-12372 (Amanzi),(no issues listed)
12373,Field SE-12373 (Kilimani),WeedPressure|Salinity|Pest
12374,Field C-12374 (Hawassa),FungalDisease
12375,Field NE-12375 (Kilimani),FungalDisease
12376,Field NE-12376 (Hawassa),Salinity|WeedPressure|Flood
12377,Field C-12377 (Sokoto),NutrientDeficiency|WeedPressure
12378,Field NW-12378 (Amanzi),WeedPressure|FungalDisease
12379,Field NW-12379 (Hawassa),FungalDisease|WeedPressure|Pest
12380,Field C-12380 (Sokoto),NutrientDeficiency|WeedPressure|Drought
12381,Field SE-12381 (Amanzi),HeatStress
12382,Field SW-12382 (Sokoto),WeedPressure|Drought|Pest
12383,Field C-12383 (Akatsi),HeatStress
12384,Field C-12384 (Kilimani),(no issues listed)
12385,Field SE-12385 (Sokoto),Pest|WeedPressure
12386,Field SE-12386 (Amanzi),Salinity|FrostDamage
12387,Field SE-12387 (Sokoto),Pest
12388,Field SE-12388 (Amanzi),Drought
12389,Field SW-12389 (Akatsi),SoilErosion|Pest|FungalDisease
12390,Field SW-12390 (Hawassa),WeedPressure
12391,Field NW-12391 (Akatsi),Pest
12392,Field NW-12392 (Hawassa),Drought
12393,Field SE-12393 (Hawassa),Pest|FrostDamage|Flood
12394,Field NE-12394 (Akatsi),WeedPressure|NutrientDeficiency|HeatStress
12395,Field SW-12395 (Akatsi),WeedPressure|FungalDisease|Flood
12396,Field SE-12396 (Amanzi),WeedPressure|NutrientDeficiency
12397,Field NW-12397 (Hawassa),Drought
12398,Field NW-12398 (Amanzi),WeedPressure|Flood
12399,Field C-12399 (Akatsi),Pest
12400,Field NW-12400 (Hawassa),Pest|WeedPressure|FrostDamage
12401,Field SW-12401 (Akatsi),NutrientDeficiency|WeedPressure|Drought
12402,Field NW-12402 (Amanzi),HeatStress|Pest|WeedPressure
12403,Field NW-12403 (Sokoto),Pest|SoilErosion|FrostDamage
12404,Field NW-12404 (Hawassa),WeedPressure|FungalDisease
12405,Field C-12405 (Amanzi),SoilErosion|Pest
12406,Field SE-12406 (Hawassa),WeedPressure|FrostDamage
12407,Field SE-12407 (Sokoto),WeedPressure|HeatStress
12408,Field NW-12408 (Amanzi),Drought|SoilErosion
12409,Field SW-12409 (Hawassa),NutrientDeficiency
12410,Field NE-12410 (Akatsi),Drought|FrostDamage
12411,Field NW-12411 (Hawassa),Salinity
12412,Field NE-12412 (Hawassa),Drought|FungalDisease
12413,Field NW-12413 (Amanzi),Drought|NutrientDeficiency
12414,Field NE-12414 (Kilimani),HeatStress
12415,Field SE-12415 (Sokoto),Drought|FrostDamage
12416,Field SE-12416 (Hawassa),Pest
12417,Field NE-12417 (Hawassa),Salinity|NutrientDeficiency|HeatStress
12418,Field SE-12418 (Sokoto),Pest|Drought|Salinity
12419,Field SW-12419 (Sokoto),Flood
12420,Field NE-12420 (Akatsi),Pest
12421,Field NE-12421 (Kilimani),NutrientDeficiency|Pest
12422,Field SE-12422 (Kilimani),FrostDamage|SoilErosion
12423,Field C-12423 (Amanzi),Drought
12424,Field SE-12424 (Sokoto),Drought|Pest
12425,Field NE-12425 (Sokoto),(no issues listed)
12426,Field SW-12426 (Sokoto),SoilErosion
12427,Field SE-12427 (Hawassa),FungalDisease|Flood|Pest
12428,Field SE-12428 (Kilimani),HeatStress|NutrientDeficiency|Pest
12429,Field SW-12429 (Kilimani),FungalDisease|SoilErosion|HeatStress
12430,Field NE-12430 (Akatsi),NutrientDeficiency
12431,Field C-12431 (Sokoto),WeedPressure|Salinity
12432,Field C-12432 (Kilimani),NutrientDeficiency|Pest|HeatStress
12433,Field NW-12433 (Hawassa),Pest
12434,Field SW-12434 (Akatsi),WeedPressure|Pest
12435,Field NW-12435 (Amanzi),(no issues listed)
12436,Field NW-12436 (Sokoto),Drought
12437,Field SW-12437 (Hawassa),FungalDisease
12438,Field SW-12438 (Sokoto),Drought|Flood|Pest
12439,Field NW-12439 (Amanzi),Flood|Pest|HeatStress
12440,Field NE-12440 (Akatsi),WeedPressure|Pest
12441,Field SW-12441 (Akatsi),FungalDisease|NutrientDeficiency
12442,Field SE-12442 (Akatsi),Pest|FungalDisease
12443,Field NE-12443 (Amanzi),Pest|NutrientDeficiency|FungalDisease
12444,Field SW-12444 (Hawassa),NutrientDeficiency|Pest
12445,Field NW-12445 (Kilimani),Pest|Drought|NutrientDeficiency
12446,Field C-12446 (Amanzi),Pest|FungalDisease
12447,Field C-12447 (Amanzi),Salinity|SoilErosion
12448,Field NW-12448 (Amanzi),Drought|FrostDamage|FungalDisease
12449,Field NE-12449 (Hawassa),NutrientDeficiency
12450,Field NE-12450 (Sokoto),Drought|Pest
12451,Field SW-12451 (Hawassa),HeatStress|Drought|FungalDisease
12452,Field SW-12452 (Hawassa),(no issues listed)
12453,Field SE-12453 (Kilimani),WeedPressure|FrostDamage
12454,Field SW-12454 (Amanzi),Pest|WeedPressure|Drought
12455,Field SW-12455 (Kilimani),Pest|Flood|FrostDamage
12456,Field C-12456 (Akatsi),FrostDamage|Drought
12457,Field SW-12457 (Sokoto),SoilErosion|FungalDisease|HeatStress
12458,Field NW-12458 (Hawassa),WeedPressure
12459,Field NE-12459 (Hawassa),(no issues listed)
12460,Field NW-12460 (Hawassa),(no issues listed)
12461,Field SW-12461 (Hawassa),NutrientDeficiency
12462,Field NE-12462 (Sokoto),FrostDamage|Drought|Flood
12463,Field C-12463 (Akatsi),Flood|WeedPressure
12464,Field C-12464 (Hawassa),(no issues listed)
12465,Field NE-12465 (Amanzi),HeatStress
12466,Field NE-12466 (Hawassa),Pest|WeedPressure
12467,Field SW-12467 (Akatsi),Flood|WeedPressure
12468,Field NE-12468 (Kilimani),HeatStress
12469,Field SE-12469 (Amanzi),(no issues listed)
12470,Field SW-12470 (Amanzi),Pest
12471,Field NE-12471 (Sokoto),Drought
12472,Field SE-12472 (Amanzi),(no issues listed)
12473,Field NE-12473 (Hawassa),FungalDisease|Pest
12474,Field SE-12474 (Hawassa),(no issues listed)
12475,Field SE-12475 (Sokoto),Pest|NutrientDeficiency|WeedPressure
12476,Field NE-12476 (Kilimani),FrostDamage
12477,Field SE-12477 (Kilimani),(no issues listed)
12478,Field NE-12478 (Amanzi),Flood|WeedPressure
12479,Field C-12479 (Amanzi),Pest|Flood|SoilErosion
12480,Field SW-12480 (Hawassa),FrostDamage
12481,Field NW-12481 (Amanzi),Pest|SoilErosion
12482,Field SW-12482 (Amanzi),NutrientDeficiency
12483,Field C-12483 (Sokoto),Drought|NutrientDeficiency|Flood
12484,Field SW-12484 (Hawassa),FungalDisease|WeedPressure
12485,Field SW-12485 (Akatsi),Drought|WeedPressure|FungalDisease
12486,Field SE-12486 (Amanzi),WeedPressure
12487,Field NE-12487 (Sokoto),WeedPressure|NutrientDeficiency
12488,Field SE-12488 (Hawassa),WeedPressure
12489,Field C-12489 (Amanzi),FungalDisease|HeatStress|SoilErosion
12490,Field NE-12490 (Amanzi),NutrientDeficiency|WeedPressure
12491,Field C-12491 (Akatsi),Pest
12492,Field SE-12492 (Akatsi),Drought
12493,Field SW-12493 (Amanzi),Drought
12494,Field C-12494 (Kilimani),HeatStress|SoilErosion
12495,Field NE-12495 (Kilimani),Pest|FungalDisease
12496,Field SW-12496 (Amanzi),FungalDisease|Salinity
12497,Field NW-12497 (Amanzi),SoilErosion|WeedPressure
12498,Field NW-12498 (Amanzi),FungalDisease|Flood
12499,Field SW-12499 (Hawassa),Drought|Flood|Pest
12500,Field SW-12500 (Amanzi),Pest|NutrientDeficiency
12501,Field SE-12501 (Kilimani),(no issues listed)
12502,Field NW-12502 (Amanzi),(no issues listed)
12503,Field C-12503 (Sokoto),SoilErosion|Drought|NutrientDeficiency
12504,Field NW-12504 (Akatsi),FrostDamage
12505,Field NW-12505 (Amanzi),Pest|Flood|WeedPressure
12506,Field NE-12506 (Akatsi),NutrientDeficiency
12507,Field SE-12507 (Hawassa),NutrientDeficiency
12508,Field C-12508 (Amanzi),WeedPressure
12509,Field NE-12509 (Sokoto),FrostDamage
12510,Field C-12510 (Amanzi),WeedPressure
12511,Field SW-12511 (Amanzi),FungalDisease|HeatStress
12512,Field NE-12512 (Akatsi),(no issues listed)
12513,Field SE-12513 (Sokoto),SoilErosion|Pest
12514,Field NE-12514 (Kilimani),FungalDisease|Drought
12515,Field SE-12515 (Sokoto),Drought
12516,Field NW-12516 (Hawassa),NutrientDeficiency
12517,Field SW-12517 (Hawassa),SoilErosion
12518,Field NW-12518 (Amanzi),Drought|Pest
12519,Field SW-12519 (Amanzi),FrostDamage
12520,Field C-12520 (Sokoto),FrostDamage|Flood|FungalDisease
12521,Field SW-12521 (Kilimani),(no issues listed)
12522,Field NE-12522 (Sokoto),NutrientDeficiency
12523,Field NW-12523 (Akatsi),HeatStress|WeedPressure|Pest
12524,Field SE-12524 (Kilimani),Drought|NutrientDeficiency|WeedPressure
12525,Field SE-12525 (Amanzi),Pest
12526,Field SW-12526 (Sokoto),Pest
12527,Field NE-12527 (Amanzi),NutrientDeficiency|FungalDisease
12528,Field NE-12528 (Amanzi),(no issues listed)
12529,Field SW-12529 (Kilimani),SoilErosion|HeatStress
12530,Field SW-12530 (Sokoto),Drought|SoilErosion|WeedPressure
12531,Field NW-12531 (Akatsi),HeatStress|WeedPressure
12532,Field NW-12532 (Kilimani),(no issues listed)
12533,Field SW-12533 (Amanzi),FungalDisease|Pest|HeatStress
12534,Field SW-12534 (Sokoto),NutrientDeficiency|WeedPressure|Pest
12535,Field NW-12535 (Amanzi),(no issues listed)
12536,Field C-12536 (Amanzi),FungalDisease
12537,Field NW-12537 (Amanzi),Pest|FrostDamage
12538,Field NW-12538 (Sokoto),Pest|WeedPressure|Flood
12539,Field SW-12539 (Kilimani),FungalDisease|Pest
12540,Field SW-12540 (Hawassa),(no issues listed)
12541,Field NW-12541 (Kilimani),Flood|NutrientDeficiency
12542,Field NW-12542 (Sokoto),NutrientDeficiency|Drought
12543,Field SE-12543 (Kilimani),HeatStress
12544,Field NE-12544 (Sokoto),NutrientDeficiency|Drought
12545,Field SW-12545 (Kilimani),(no issues listed)
12546,Field NW-12546 (Akatsi),Pest|HeatStress
12547,Field SE-12547 (Kilimani),HeatStress|Drought
12548,Field NW-12548 (Amanzi),Drought|Flood
12549,Field NW-12549 (Akatsi),NutrientDeficiency|WeedPressure
12550,Field C-12550 (Akatsi),NutrientDeficiency
12551,Field NW-12551 (Akatsi),FungalDisease|Drought|FrostDamage
12552,Field C-12552 (Kilimani),Drought
12553,Field NW-12553 (Hawassa),FungalDisease|Flood
12554,Field C-12554 (Hawassa),WeedPressure|NutrientDeficiency|Flood
12555,Field C-12555 (Kilimani),Pest|Drought
12556,Field NW-12556 (Amanzi),WeedPressure
12557,Field NW-12557 (Akatsi),Pest|Drought
12558,Field NE-12558 (Akatsi),FrostDamage
12559,Field SW-12559 (Akatsi),NutrientDeficiency|Pest|WeedPressure
12560,Field SW-12560 (Sokoto),FrostDamage
12561,Field SW-12561 (Sokoto),Salinity|FrostDamage|Pest
12562,Field NW-12562 (Akatsi),FungalDisease|Flood|WeedPressure
12563,Field SE-12563 (Sokoto),HeatStress
12564,Field NE-12564 (Kilimani),SoilErosion|NutrientDeficiency|Pest
12565,Field C-12565 (Amanzi),(no issues listed)
12566,Field SW-12566 (Akatsi),Drought
12567,Field C-12567 (Amanzi),Flood|Pest
12568,Field SW-12568 (Kilimani),FungalDisease
12569,Field SE-12569 (Hawassa),FungalDisease
12570,Field NE-12570 (Akatsi),SoilErosion|Pest|Drought
12571,Field SW-12571 (Kilimani),FungalDisease|HeatStress
12572,Field NE-12572 (Sokoto),FungalDisease|SoilErosion|HeatStress
12573,Field SE-12573 (Sokoto),HeatStress
12574,Field SW-12574 (Akatsi),WeedPressure|Pest
12575,Field NW-12575 (Amanzi),Pest|SoilErosion|FrostDamage
12576,Field SE-12576 (Kilimani),Drought|Pest|Salinity
12577,Field NW-12577 (Amanzi),NutrientDeficiency|Pest|WeedPressure
12578,Field C-12578 (Akatsi),WeedPressure|Flood
12579,Field C-12579 (Akatsi),Drought|SoilErosion
12580,Field SW-12580 (Amanzi),HeatStress|WeedPressure|NutrientDeficiency
12581,Field SE-12581 (Sokoto),WeedPressure|FungalDisease|Drought
12582,Field NE-12582 (Amanzi),Pest
12583,Field C-12583 (Akatsi),(no issues listed)
12584,Field NE-12584 (Kilimani),(no issues listed)
12585,Field NE-12585 (Sokoto),SoilErosion|WeedPressure
12586,Field NE-12586 (Sokoto),HeatStress|NutrientDeficiency|Salinity
12587,Field NW-12587 (Kilimani),HeatStress|Pest|Drought
12588,Field SE-12588 (Amanzi),Flood|SoilErosion
12589,Field NE-12589 (Akatsi),FrostDamage|Pest
12590,Field NW-12590 (Amanzi),Flood|Drought
12591,Field NE-12591 (Akatsi),Flood|FungalDisease|Pest
12592,Field NW-12592 (Amanzi),FungalDisease|NutrientDeficiency
12593,Field SW-12593 (Hawassa),NutrientDeficiency|WeedPressure
12594,Field SE-12594 (Sokoto),WeedPressure|SoilErosion|Flood
12595,Field NE-12595 (Akatsi),WeedPressure|Pest
12596,Field SE-12596 (Amanzi),(no issues listed)
12597,Field C-12597 (Kilimani),FrostDamage|SoilErosion
12598,Field NW-12598 (Hawassa),(no issues listed)
12599,Field NW-12599 (Sokoto),HeatStress
12600,Field NE-12600 (Kilimani),(no issues listed)
12601,Field SW-12601 (Kilimani),HeatStress
12602,Field NW-12602 (Hawassa),Pest|FungalDisease
12603,Field C-12603 (Kilimani),Pest|Salinity|WeedPressure
12604,Field SE-12604 (Amanzi),FungalDisease|HeatStress
12605,Field C-12605 (Kilimani),SoilErosion|FungalDisease
12606,Field C-12606 (Amanzi),NutrientDeficiency|FungalDisease|SoilErosion
12607,Field SW-12607 (Sokoto),Drought|NutrientDeficiency|Pest
12608,Field SE-12608 (Akatsi),Pest|Drought
12609,Field NE-12609 (Sokoto),Drought
12610,Field NE-12610 (Akatsi),Flood|FrostDamage
12611,Field SW-12611 (Amanzi),(no issues listed)
12612,Field SE-12612 (Akatsi),NutrientDeficiency|Salinity|Flood
12613,Field NE-12613 (Sokoto),WeedPressure|NutrientDeficiency
12614,Field SW-12614 (Kilimani),WeedPressure|SoilErosion|Flood
12615,Field C-12615 (Akatsi),Pest|WeedPressure
12616,Field C-12616 (Amanzi),WeedPressure
12617,Field NE-12617 (Hawassa),WeedPressure
12618,Field SW-12618 (Akatsi),HeatStress|NutrientDeficiency
12619,Field NE-12619 (Sokoto),Pest|Flood
12620,Field NW-12620 (Akatsi),(no issues listed)
12621,Field NE-12621 (Akatsi),FungalDisease
12622,Field C-12622 (Hawassa),Drought|FungalDisease
12623,Field NE-12623 (Amanzi),SoilErosion|NutrientDeficiency
12624,Field NW-12624 (Hawassa),NutrientDeficiency|FungalDisease|Pest
12625,Field NE-12625 (Sokoto),Drought
12626,Field NE-12626 (Sokoto),Pest|SoilErosion|Drought
12627,Field NW-12627 (Amanzi),SoilErosion
12628,Field SW-12628 (Sokoto),Drought|WeedPressure
12629,Field NW-12629 (Hawassa),FungalDisease|WeedPressure
12630,Field NE-12630 (Sokoto),NutrientDeficiency
12631,Field C-12631 (Amanzi),Drought
12632,Field NE-12632 (Akatsi),(no issues listed)
12633,Field SE-12633 (Kilimani),WeedPressure|NutrientDeficiency
12634,Field SE-12634 (Hawassa),Pest|FungalDisease
12635,Field NE-12635 (Amanzi),NutrientDeficiency|Drought|Pest
12636,Field SE-12636 (Amanzi),Pest|WeedPressure
12637,Field NW-12637 (Akatsi),Flood|NutrientDeficiency
12638,Field NW-12638 (Hawassa),Pest|NutrientDeficiency
12639,Field NW-12639 (Akatsi),HeatStress
12640,Field C-12640 (Hawassa),(no issues listed)
12641,Field SE-12641 (Amanzi),(no issues listed)
12642,Field SW-12642 (Hawassa),(no issues listed)
12643,Field SE-12643 (Amanzi),Pest|NutrientDeficiency|SoilErosion
12644,Field NE-12644 (Akatsi),WeedPressure|FungalDisease
12645,Field SW-12645 (Kilimani),FrostDamage
12646,Field SE-12646 (Hawassa),WeedPressure|NutrientDeficiency
12647,Field SE-12647 (Kilimani),Salinity
12648,Field NW-12648 (Hawassa),Pest
12649,Field SE-12649 (Sokoto),Drought|FungalDisease
12650,Field C-12650 (Sokoto),Pest|WeedPressure|FungalDisease
12651,Field SW-12651 (Akatsi),NutrientDeficiency
12652,Field SE-12652 (Amanzi),Flood|FungalDisease
12653,Field SE-12653 (Kilimani),FrostDamage|Drought|Salinity
12654,Field C-12654 (Akatsi),Salinity|Pest
12655,Field NE-12655 (Kilimani),WeedPressure
12656,Field NW-12656 (Amanzi),HeatStress|WeedPressure|FrostDamage
12657,Field NE-12657 (Hawassa),FungalDisease|Drought
12658,Field C-12658 (Kilimani),Pest|SoilErosion|Drought
12659,Field NW-12659 (Kilimani),SoilErosion|WeedPressure
12660,Field NE-12660 (Hawassa),(no issues listed)
12661,Field SW-12661 (Kilimani),SoilErosion|Drought|NutrientDeficiency
12662,Field NW-12662 (Amanzi),Pest
12663,Field NW-12663 (Amanzi),Drought
12664,Field C-12664 (Sokoto),SoilErosion|Drought|WeedPressure
12665,Field SW-12665 (Akatsi),WeedPressure|Drought
12666,Field SE-12666 (Sokoto),NutrientDeficiency|Drought|Salinity
12667,Field C-12667 (Hawassa),(no issues listed)
12668,Field SW-12668 (Hawassa),Pest|NutrientDeficiency|Drought
12669,Field SE-12669 (Akatsi),FrostDamage|HeatStress|Drought
12670,Field SW-12670 (Amanzi),Drought|NutrientDeficiency
12671,Field NE-12671 (Hawassa),WeedPressure|SoilErosion
12672,Field NW-12672 (Hawassa),WeedPressure|HeatStress|Pest
12673,Field SW-12673 (Sokoto),SoilErosion|Drought
12674,Field SE-12674 (Amanzi),Pest|FrostDamage
12675,Field SE-12675 (Amanzi),FungalDisease|FrostDamage|WeedPressure
12676,Field SW-12676 (Hawassa),NutrientDeficiency
12677,Field NE-12677 (Hawassa),(no issues listed)
12678,Field NE-12678 (Sokoto),Flood|Pest
12679,Field NW-12679 (Akatsi),(no issues listed)
12680,Field SW-12680 (Amanzi),(no issues listed)
12681,Field NE-12681 (Sokoto),SoilErosion
12682,Field SW-12682 (Kilimani),WeedPressure|FungalDisease|Pest
12683,Field NW-12683 (Akatsi),FungalDisease|NutrientDeficiency
12684,Field SE-12684 (Hawassa),Pest|HeatStress
12685,Field SW-12685 (Kilimani),FungalDisease
12686,Field SE-12686 (Akatsi),HeatStress|NutrientDeficiency|FungalDisease
12687,Field SE-12687 (Kilimani),WeedPressure
12688,Field SW-12688 (Amanzi),Pest
12689,Field C-12689 (Hawassa),Flood|Pest|Salinity
12690,Field NW-12690 (Kilimani),Drought|SoilErosion|Flood
12691,Field NW-12691 (Hawassa),NutrientDeficiency|Drought|SoilErosion
12692,Field NE-12692 (Hawassa),Drought|HeatStress|WeedPressure
12693,Field NE-12693 (Kilimani),SoilErosion|Flood|FungalDisease
12694,Field NW-12694 (Kilimani),NutrientDeficiency
12695,Field NE-12695 (Kilimani),WeedPressure|Pest
12696,Field SW-12696 (Sokoto),SoilErosion|Salinity
12697,Field NE-12697 (Akatsi),NutrientDeficiency
12698,Field C-12698 (Amanzi),Pest|NutrientDeficiency|Flood
12699,Field SE-12699 (Amanzi),WeedPressure|Salinity|Drought
12700,Field C-12700 (Hawassa),FrostDamage|Drought|FungalDisease
12701,Field SE-12701 (Amanzi),Pest|WeedPressure
12702,Field NW-12702 (Akatsi),Drought|NutrientDeficiency|Pest
12703,Field C-12703 (Kilimani),Drought|FungalDisease|WeedPressure
12704,Field SE-12704 (Amanzi),Drought|WeedPressure
12705,Field NE-12705 (Kilimani),FrostDamage
12706,Field SE-12706 (Sokoto),WeedPressure|Drought|Flood
12707,Field NW-12707 (Akatsi),Drought|Salinity
12708,Field SW-12708 (Amanzi),FungalDisease
12709,Field SE-12709 (Kilimani),NutrientDeficiency|Pest|SoilErosion
12710,Field SW-12710 (Akatsi),HeatStress|WeedPressure
12711,Field NW-12711 (Amanzi),NutrientDeficiency|Flood|HeatStress
12712,Field C-12712 (Sokoto),FrostDamage|NutrientDeficiency|FungalDisease
12713,Field NE-12713 (Akatsi),FrostDamage|NutrientDeficiency
12714,Field SW-12714 (Amanzi),WeedPressure|Pest|FungalDisease
12715,Field NE-12715 (Sokoto),Flood|FungalDisease
12716,Field SW-12716 (Akatsi),SoilErosion|FungalDisease|Flood
12717,Field SE-12717 (Akatsi),Flood
12718,Field SW-12718 (Hawassa),(no issues listed)
12719,Field NE-12719 (Sokoto),(no issues listed)
12720,Field SE-12720 (Sokoto),SoilErosion|Salinity|Pest
12721,Field C-12721 (Akatsi),HeatStress|NutrientDeficiency
12722,Field SE-12722 (Hawassa),(no issues listed)
12723,Field C-12723 (Akatsi),(no issues listed)
12724,Field SW-12724 (Kilimani),(no issues listed)
12725,Field SW-12725 (Amanzi),Salinity|Pest|Drought
12726,Field C-12726 (Kilimani),Pest|FrostDamage
12727,Field C-12727 (Amanzi),Pest|FungalDisease|Drought
12728,Field SW-12728 (Amanzi),NutrientDeficiency
12729,Field SW-12729 (Kilimani),Flood
12730,Field NE-12730 (Amanzi),(no issues listed)
12731,Field SE-12731 (Hawassa),FungalDisease|NutrientDeficiency
12732,Field SW-12732 (Akatsi),WeedPressure|Pest|SoilErosion
12733,Field SW-12733 (Sokoto),HeatStress|Pest
12734,Field NE-12734 (Kilimani),NutrientDeficiency
12735,Field SW-12735 (Sokoto),(no issues listed)
12736,Field NW-12736 (Hawassa),FungalDisease
12737,Field SE-12737 (Kilimani),WeedPressure
12738,Field NW-12738 (Akatsi),Drought|WeedPressure|Pest
12739,Field C-12739 (Hawassa),FungalDisease
12740,Field SE-12740 (Kilimani),Pest|HeatStress|Flood
12741,Field NW-12741 (Akatsi),FungalDisease|WeedPressure|HeatStress
12742,Field NW-12742 (Sokoto),WeedPressure|HeatStress
12743,Field C-12743 (Hawassa),HeatStress|SoilErosion
12744,Field NW-12744 (Amanzi),NutrientDeficiency|Flood
12745,Field NW-12745 (Hawassa),Drought
12746,Field SE-12746 (Hawassa),WeedPressure|NutrientDeficiency
12747,Field NE-12747 (Hawassa),Drought|Flood|WeedPressure
12748,Field NW-12748 (Hawassa),FungalDisease
12749,Field SE-12749 (Akatsi),FungalDisease|Pest|Drought
12750,Field NE-12750 (Amanzi),HeatStress
12751,Field NE-12751 (Amanzi),Salinity
12752,Field SE-12752 (Amanzi),WeedPressure|SoilErosion
12753,Field NW-12753 (Sokoto),Drought
12754,Field NW-12754 (Akatsi),HeatStress|Flood
12755,Field NE-12755 (Sokoto),Pest|NutrientDeficiency
12756,Field NW-12756 (Hawassa),SoilErosion|NutrientDeficiency
12757,Field C-12757 (Akatsi),WeedPressure|Flood|NutrientDeficiency
12758,Field NE-12758 (Akatsi),Drought|HeatStress|Pest
12759,Field C-12759 (Sokoto),Pest|HeatStress|FungalDisease
12760,Field NW-12760 (Kilimani),(no issues listed)
12761,Field NE-12761 (Hawassa),FungalDisease
12762,Field SW-12762 (Amanzi),FungalDisease|HeatStress
12763,Field NW-12763 (Hawassa),SoilErosion|WeedPressure|Pest
12764,Field SW-12764 (Kilimani),HeatStress|FungalDisease|Drought
12765,Field C-12765 (Amanzi),(no issues listed)
12766,Field SW-12766 (Sokoto),NutrientDeficiency
12767,Field C-12767 (Hawassa),Salinity|SoilErosion|HeatStress
12768,Field SW-12768 (Kilimani),(no issues listed)
12769,Field NE-12769 (Hawassa),HeatStress
12770,Field SW-12770 (Amanzi),FrostDamage|Drought|HeatStress
12771,Field SW-12771 (Sokoto),Pest|Drought|NutrientDeficiency
12772,Field SW-12772 (Kilimani),Pest|WeedPressure
12773,Field C-12773 (Akatsi),SoilErosion|WeedPressure
12774,Field NW-12774 (Akatsi),(no issues listed)
12775,Field SW-12775 (Amanzi),Drought|NutrientDeficiency
12776,Field NW-12776 (Akatsi),(no issues listed)
12777,Field SW-12777 (Akatsi),(no issues listed)
12778,Field SW-12778 (Akatsi),Pest|WeedPressure
12779,Field C-12779 (Akatsi),HeatStress
12780,Field SW-12780 (Amanzi),FungalDisease
12781,Field NW-12781 (Kilimani),SoilErosion
12782,Field NE-12782 (Sokoto),WeedPressure
12783,Field NE-12783 (Amanzi),Pest
12784,Field SE-12784 (Kilimani),WeedPressure|HeatStress
12785,Field C-12785 (Akatsi),Drought
12786,Field C-12786 (Sokoto),HeatStress
12787,Field C-12787 (Hawassa),Pest|FungalDisease|Drought
12788,Field SW-12788 (Sokoto),Pest|FrostDamage|HeatStress
12789,Field NE-12789 (Amanzi),Drought|Salinity|SoilErosion
12790,Field SW-12790 (Kilimani),NutrientDeficiency
12791,Field SE-12791 (Akatsi),FungalDisease|WeedPressure
12792,Field C-12792 (Amanzi),FrostDamage|FungalDisease|Pest
12793,Field SE-12793 (Amanzi),FungalDisease
12794,Field SW-12794 (Kilimani),WeedPressure|FungalDisease
12795,Field SE-12795 (Hawassa),Flood
12796,Field SE-12796 (Sokoto),Pest|Salinity
12797,Field NE-12797 (Akatsi),Drought|Pest|WeedPressure
12798,Field SW-12798 (Kilimani),(no issues listed)
12799,Field SE-12799 (Sokoto),HeatStress|WeedPressure|FrostDamage
12800,Field SE-12800 (Kilimani),(no issues listed)
12801,Field SE-12801 (Hawassa),Pest|Flood|Salinity
12802,Field SE-12802 (Amanzi),Flood|FungalDisease
12803,Field C-12803 (Hawassa),Flood
12804,Field NW-12804 (Sokoto),Pest|NutrientDeficiency|HeatStress
12805,Field NE-12805 (Amanzi),Salinity|NutrientDeficiency|FungalDisease
12806,Field C-12806 (Kilimani),Pest
12807,Field SW-12807 (Kilimani),Drought|SoilErosion
12808,Field C-12808 (Hawassa),HeatStress|SoilErosion
12809,Field SE-12809 (Hawassa),FungalDisease|Pest|NutrientDeficiency
12810,Field C-12810 (Kilimani),HeatStress|WeedPressure
12811,Field SW-12811 (Akatsi),Drought|NutrientDeficiency
12812,Field SW-12812 (Kilimani),Flood|WeedPressure|NutrientDeficiency
12813,Field NE-12813 (Amanzi),HeatStress
12814,Field SE-12814 (Hawassa),WeedPressure|Pest
12815,Field SE-12815 (Kilimani),WeedPressure
12816,Field NE-12816 (Hawassa),Pest|FungalDisease
12817,Field NW-12817 (Amanzi),NutrientDeficiency|SoilErosion
12818,Field SE-12818 (Akatsi),Pest|Drought
12819,Field NW-12819 (Amanzi),Drought|FungalDisease|WeedPressure
12820,Field NW-12820 (Akatsi),HeatStress|Salinity|NutrientDeficiency
12821,Field NE-12821 (Sokoto),Flood
12822,Field C-12822 (Amanzi),NutrientDeficiency
12823,Field C-12823 (Hawassa),NutrientDeficiency|Salinity
12824,Field C-12824 (Sokoto),Flood|SoilErosion
12825,Field C-12825 (Hawassa),SoilErosion|Pest|Drought
12826,Field C-12826 (Amanzi),Pest
12827,Field SE-12827 (Akatsi),(no issues listed)
12828,Field C-12828 (Amanzi),Drought|FungalDisease|HeatStress
12829,Field NW-12829 (Sokoto),Drought
12830,Field SW-12830 (Hawassa),WeedPressure
12831,Field NE-12831 (Kilimani),Drought|NutrientDeficiency
12832,Field C-12832 (Sokoto),Salinity
12833,Field SW-12833 (Sokoto),(no issues listed)
12834,Field SE-12834 (Hawassa),SoilErosion|WeedPressure|Drought
12835,Field C-12835 (Hawassa),FungalDisease
12836,Field SE-12836 (Kilimani),Flood|Pest
12837,Field NW-12837 (Sokoto),Drought|FungalDisease|Pest
12838,Field NW-12838 (Hawassa),FungalDisease
12839,Field SW-12839 (Hawassa),(no issues listed)
12840,Field NE-12840 (Amanzi),FrostDamage|Pest|HeatStress
12841,Field C-12841 (Akatsi),FungalDisease|SoilErosion|NutrientDeficiency
12842,Field NW-12842 (Kilimani),FungalDisease|Flood|WeedPressure
12843,Field SW-12843 (Kilimani),(no issues listed)
12844,Field SW-12844 (Kilimani),Drought|FungalDisease
12845,Field NE-12845 (Hawassa),FrostDamage
12846,Field SW-12846 (Akatsi),NutrientDeficiency
12847,Field NE-12847 (Kilimani),FungalDisease|Pest
12848,Field SE-12848 (Sokoto),Pest|HeatStress|Flood
12849,Field SW-12849 (Amanzi),WeedPressure|Drought|FrostDamage
12850,Field SE-12850 (Hawassa),Flood|Pest
12851,Field NE-12851 (Kilimani),WeedPressure|FrostDamage
12852,Field SW-12852 (Hawassa),HeatStress
12853,Field NE-12853 (Hawassa),WeedPressure|SoilErosion
12854,Field SW-12854 (Akatsi),WeedPressure|NutrientDeficiency|FungalDisease
12855,Field SE-12855 (Sokoto),SoilErosion|Flood|Drought
12856,Field C-12856 (Amanzi),NutrientDeficiency
12857,Field SE-12857 (Amanzi),Pest|NutrientDeficiency|Flood
12858,Field NE-12858 (Sokoto),Drought|NutrientDeficiency
12859,Field NW-12859 (Amanzi),FrostDamage
12860,Field SW-12860 (Kilimani),(no issues listed)
12861,Field C-12861 (Akatsi),Drought|Pest
12862,Field SW-12862 (Kilimani),(no issues listed)
12863,Field C-12863 (Sokoto),NutrientDeficiency|HeatStress|FungalDisease
12864,Field NW-12864 (Amanzi),SoilErosion
12865,Field SW-12865 (Kilimani),SoilErosion|FungalDisease|Drought
12866,Field NW-12866 (Kilimani),Flood
12867,Field C-12867 (Amanzi),WeedPressure|Flood
12868,Field NE-12868 (Hawassa),HeatStress|Salinity|Pest
12869,Field SE-12869 (Kilimani),WeedPressure
12870,Field C-12870 (Akatsi),(no issues listed)
12871,Field SW-12871 (Amanzi),FungalDisease|Pest|WeedPressure
12872,Field C-12872 (Kilimani),FrostDamage|WeedPressure
12873,Field NW-12873 (Akatsi),Flood
12874,Field NE-12874 (Sokoto),FungalDisease|Salinity
12875,Field SE-12875 (Kilimani),Pest
12876,Field NE-12876 (Sokoto),Drought|SoilErosion
12877,Field C-12877 (Sokoto),Drought|Salinity
12878,Field SW-12878 (Akatsi),NutrientDeficiency
12879,Field C-12879 (Hawassa),NutrientDeficiency|Salinity|SoilErosion
12880,Field SW-12880 (Akatsi),FrostDamage
12881,Field C-12881 (Amanzi),FungalDisease|HeatStress|Pest
12882,Field C-12882 (Kilimani),Flood|Drought|FungalDisease
12883,Field C-12883 (Amanzi),Drought|Pest|Flood
12884,Field SW-12884 (Amanzi),WeedPressure|Drought
12885,Field SE-12885 (Amanzi),NutrientDeficiency|Flood
12886,Field C-12886 (Amanzi),NutrientDeficiency
12887,Field NE-12887 (Kilimani),WeedPressure|HeatStress
12888,Field SW-12888 (Hawassa),(no issues listed)
12889,Field SE-12889 (Sokoto),FungalDisease|Flood|Drought
12890,Field NW-12890 (Kilimani),HeatStress
12891,Field NE-12891 (Akatsi),Pest
12892,Field C-12892 (Sokoto),HeatStress
12893,Field NW-12893 (Amanzi),Pest|Drought|NutrientDeficiency
12894,Field SE-12894 (Akatsi),Pest|FrostDamage|FungalDisease
12895,Field C-12895 (Akatsi),FungalDisease|Pest|NutrientDeficiency
12896,Field C-12896 (Kilimani),Drought|FungalDisease
12897,Field SE-12897 (Akatsi),NutrientDeficiency|WeedPressure
12898,Field C-12898 (Hawassa),Drought|FrostDamage
12899,Field NW-12899 (Akatsi),HeatStress|NutrientDeficiency|Drought
12900,Field C-12900 (Sokoto),NutrientDeficiency
12901,Field SW-12901 (Kilimani),HeatStress
12902,Field SE-12902 (Akatsi),NutrientDeficiency
12903,Field NE-12903 (Hawassa),Drought|Pest|NutrientDeficiency
12904,Field NW-12904 (Akatsi),Pest|Drought|NutrientDeficiency
12905,Field SW-12905 (Amanzi),(no issues listed)
12906,Field NW-12906 (Akatsi),Drought
12907,Field NE-12907 (Akatsi),Drought|Pest|FungalDisease
12908,Field SE-12908 (Sokoto),Pest|WeedPressure
12909,Field SW-12909 (Akatsi),Flood
12910,Field SE-12910 (Sokoto),SoilErosion
12911,Field NW-12911 (Sokoto),Drought|NutrientDeficiency|HeatStress
12912,Field C-12912 (Kilimani),Flood|FungalDisease
12913,Field NE-12913 (Amanzi),WeedPressure
12914,Field NW-12914 (Hawassa),(no issues listed)
12915,Field SE-12915 (Kilimani),Drought|FrostDamage|SoilErosion
12916,Field SE-12916 (Kilimani),(no issues listed)
12917,Field NW-12917 (Kilimani),Flood
12918,Field NW-12918 (Sokoto),Pest|HeatStress|NutrientDeficiency
12919,Field SW-12919 (Hawassa),WeedPressure|SoilErosion
12920,Field C-12920 (Hawassa),Drought|Flood
12921,Field SE-12921 (Sokoto),FungalDisease|FrostDamage|Pest
12922,Field NW-12922 (Akatsi),(no issues listed)
12923,Field NE-12923 (Amanzi),HeatStress|Pest|FungalDisease
12924,Field SW-12924 (Kilimani),Flood
12925,Field NE-12925 (Amanzi),HeatStress
12926,Field NW-12926 (Hawassa),Pest
12927,Field SE-12927 (Hawassa),HeatStress|Flood|Salinity
12928,Field NE-12928 (Sokoto),(no issues listed)
12929,Field SE-12929 (Amanzi),(no issues listed)
12930,Field SE-12930 (Kilimani),FungalDisease
12931,Field C-12931 (Sokoto),Drought
12932,Field SW-12932 (Kilimani),FungalDisease|WeedPressure|NutrientDeficiency
12933,Field C-12933 (Kilimani),SoilErosion|NutrientDeficiency|Pest
12934,Field C-12934 (Amanzi),Drought|Flood
12935,Field C-12935 (Sokoto),Drought|Pest|SoilErosion
12936,Field SW-12936 (Akatsi),HeatStress
12937,Field NE-12937 (Hawassa),Salinity|FungalDisease
12938,Field C-12938 (Kilimani),WeedPressure|FrostDamage|FungalDisease
12939,Field SE-12939 (Amanzi),FungalDisease|Pest
12940,Field SE-12940 (Sokoto),FungalDisease|SoilErosion|Drought
12941,Field C-12941 (Akatsi),Salinity|SoilErosion
12942,Field SE-12942 (Akatsi),NutrientDeficiency|Pest
12943,Field NW-12943 (Hawassa),NutrientDeficiency|WeedPressure|Flood
12944,Field SW-12944 (Hawassa),(no issues listed)
12945,Field C-12945 (Akatsi),Flood
12946,Field NW-12946 (Akatsi),Drought|FrostDamage
12947,Field NE-12947 (Akatsi),Pest|SoilErosion|NutrientDeficiency
12948,Field SW-12948 (Akatsi),Drought|FungalDisease|SoilErosion
12949,Field SE-12949 (Kilimani),WeedPressure|Flood|FrostDamage
12950,Field SW-12950 (Amanzi),HeatStress
12951,Field NW-12951 (Hawassa),FungalDisease
12952,Field NE-12952 (Hawassa),(no issues listed)
12953,Field SW-12953 (Akatsi),Drought|FrostDamage|HeatStress
12954,Field C-12954 (Kilimani),FungalDisease|FrostDamage
12955,Field NE-12955 (Hawassa),(no issues listed)
12956,Field C-12956 (Amanzi),(no issues listed)
12957,Field C-12957 (Hawassa),HeatStress|Pest|Flood
12958,Field SW-12958 (Hawassa),Pest|SoilErosion|WeedPressure
12959,Field SW-12959 (Amanzi),NutrientDeficiency|Drought
12960,Field C-12960 (Hawassa),NutrientDeficiency|WeedPressure
12961,Field SE-12961 (Sokoto),Salinity|NutrientDeficiency|Flood
12962,Field C-12962 (Amanzi),Pest|FungalDisease
12963,Field NE-12963 (Hawassa),Drought|WeedPressure|NutrientDeficiency
12964,Field SW-12964 (Amanzi),SoilErosion|NutrientDeficiency
12965,Field SE-12965 (Hawassa),NutrientDeficiency
12966,Field NE-12966 (Akatsi),SoilErosion
12967,Field NE-12967 (Sokoto),Pest|WeedPressure|Flood
12968,Field SW-12968 (Kilimani),(no issues listed)
12969,Field NW-12969 (Akatsi),HeatStress|WeedPressure|NutrientDeficiency
12970,Field SE-12970 (Amanzi),NutrientDeficiency
12971,Field NW-12971 (Akatsi),Flood|Pest
12972,Field SW-12972 (Hawassa),Drought
12973,Field SW-12973 (Amanzi),Salinity
12974,Field SW-12974 (Akatsi),FungalDisease
12975,Field NE-12975 (Akatsi),Drought|FungalDisease
12976,Field SE-12976 (Akatsi),FungalDisease
12977,Field SW-12977 (Akatsi),HeatStress
12978,Field SE-12978 (Hawassa),FungalDisease|Pest
12979,Field NE-12979 (Sokoto),(no issues listed)
12980,Field NW-12980 (Akatsi),(no issues listed)
12981,Field NE-12981 (Amanzi),NutrientDeficiency|WeedPressure
12982,Field NW-12982 (Sokoto),Drought|FungalDisease
12983,Field NW-12983 (Hawassa),Salinity|HeatStress
12984,Field NW-12984 (Sokoto),NutrientDeficiency
12985,Field SW-12985 (Kilimani),Flood|HeatStress
12986,Field C-12986 (Kilimani),WeedPressure|Flood|SoilErosion
12987,Field NE-12987 (Akatsi),(no issues listed)
12988,Field NE-12988 (Akatsi),WeedPressure|NutrientDeficiency|FungalDisease
12989,Field NE-12989 (Amanzi),HeatStress|SoilErosion
12990,Field C-12990 (Hawassa),FrostDamage|Pest|NutrientDeficiency
12991,Field C-12991 (Sokoto),NutrientDeficiency|Drought|Pest
12992,Field NW-12992 (Akatsi),(no issues listed)
12993,Field C-12993 (Kilimani),Drought|SoilErosion|WeedPressure
12994,Field SW-12994 (Kilimani),FungalDisease
12995,Field NW-12995 (Akatsi),Pest
12996,Field NE-12996 (Hawassa),SoilErosion|NutrientDeficiency
12997,Field C-12997 (Hawassa),Drought|WeedPressure
12998,Field NE-12998 (Hawassa),Pest|SoilErosion|HeatStress
12999,Field SW-12999 (Kilimani),HeatStress|WeedPressure
13000,Field SW-13000 (Amanzi),Drought|FrostDamage|Pest
13001,Field NW-13001 (Kilimani),WeedPressure|Salinity
13002,Field NE-13002 (Sokoto),Flood|Drought
13003,Field C-13003 (Hawassa),(no issues listed)
13004,Field SW-13004 (Sokoto),Pest|Flood|NutrientDeficiency
13005,Field NW-13005 (Akatsi),(no issues listed)
13006,Field SW-13006 (Hawassa),SoilErosion|FungalDisease|WeedPressure
13007,Field SE-13007 (Hawassa),Pest|FungalDisease
13008,Field NW-13008 (Kilimani),NutrientDeficiency|SoilErosion
13009,Field NE-13009 (Hawassa),NutrientDeficiency|Drought|Salinity
13010,Field C-13010 (Sokoto),WeedPressure|Flood
13011,Field C-13011 (Sokoto),Pest|FungalDisease
13012,Field SE-13012 (Kilimani),(no issues listed)
13013,Field SE-13013 (Amanzi),(no issues listed)
13014,Field NW-13014 (Amanzi),FungalDisease|Drought
13015,Field SE-13015 (Hawassa),Pest|Salinity|Drought
13016,Field NE-13016 (Kilimani),NutrientDeficiency|Drought|FrostDamage
13017,Field NW-13017 (Akatsi),FungalDisease
13018,Field NW-13018 (Amanzi),NutrientDeficiency|WeedPressure|HeatStress
13019,Field NW-13019 (Hawassa),HeatStress|Flood|WeedPressure
13020,Field SE-13020 (Kilimani),FungalDisease
13021,Field C-13021 (Amanzi),Drought|HeatStress
13022,Field SE-13022 (Akatsi),WeedPressure|SoilErosion|Salinity
13023,Field NE-13023 (Sokoto),HeatStress|NutrientDeficiency
13024,Field NW-13024 (Hawassa),HeatStress
13025,Field SE-13025 (Sokoto),NutrientDeficiency|WeedPressure
13026,Field SE-13026 (Amanzi),HeatStress|Salinity
13027,Field SE-13027 (Sokoto),NutrientDeficiency|Drought|Salinity
13028,Field SE-13028 (Hawassa),Drought
13029,Field SW-13029 (Sokoto),(no issues listed)
13030,Field NE-13030 (Kilimani),NutrientDeficiency|FungalDisease|SoilErosion
13031,Field SE-13031 (Akatsi),HeatStress|Pest
13032,Field SE-13032 (Akatsi),Pest|FungalDisease|NutrientDeficiency
13033,Field NE-13033 (Sokoto),NutrientDeficiency|Drought
13034,Field NW-13034 (Sokoto),Pest|WeedPressure
13035,Field NW-13035 (Sokoto),SoilErosion|Drought
13036,Field NW-13036 (Hawassa),Pest|HeatStress
13037,Field NE-13037 (Sokoto),Flood|NutrientDeficiency|SoilErosion
13038,Field SW-13038 (Hawassa),(no issues listed)
13039,Field NE-13039 (Sokoto),NutrientDeficiency|WeedPressure|HeatStress
13040,Field SW-13040 (Sokoto),HeatStress|NutrientDeficiency
13041,Field SE-13041 (Amanzi),FungalDisease
13042,Field NW-13042 (Akatsi),FungalDisease|FrostDamage
13043,Field C-13043 (Akatsi),NutrientDeficiency|Flood|SoilErosion
13044,Field C-13044 (Amanzi),Salinity|FrostDamage
13045,Field SE-13045 (Amanzi),FrostDamage|NutrientDeficiency
13046,Field NE-13046 (Akatsi),Flood|NutrientDeficiency
13047,Field NW-13047 (Akatsi),SoilErosion|WeedPressure
13048,Field SW-13048 (Amanzi),Pest|NutrientDeficiency|WeedPressure
13049,Field C-13049 (Hawassa),Drought|Salinity|FrostDamage
13050,Field SW-13050 (Hawassa),Salinity|HeatStress
13051,Field NE-13051 (Kilimani),FrostDamage
13052,Field SE-13052 (Kilimani),FungalDisease|HeatStress|Pest
13053,Field SW-13053 (Kilimani),NutrientDeficiency|Drought
13054,Field C-13054 (Kilimani),Flood|SoilErosion|HeatStress
13055,Field NE-13055 (Sokoto),SoilErosion|NutrientDeficiency
13056,Field C-13056 (Sokoto),WeedPressure|FungalDisease|Drought
13057,Field NE-13057 (Amanzi),HeatStress|Pest|Drought
13058,Field C-13058 (Sokoto),NutrientDeficiency|WeedPressure|Drought
13059,Field SE-13059 (Amanzi),SoilErosion|HeatStress
13060,Field NW-13060 (Amanzi),Pest|NutrientDeficiency
13061,Field C-13061 (Akatsi),Flood|Drought|Salinity
13062,Field SE-13062 (Akatsi),Drought|Salinity
13063,Field SW-13063 (Akatsi),(no issues listed)
13064,Field NW-13064 (Sokoto),NutrientDeficiency
13065,Field C-13065 (Sokoto),Drought|FungalDisease
13066,Field C-13066 (Kilimani),(no issues listed)
13067,Field C-13067 (Kilimani),WeedPressure
13068,Field NW-13068 (Kilimani),WeedPressure
13069,Field NE-13069 (Akatsi),HeatStress|NutrientDeficiency
13070,Field SE-13070 (Akatsi),Pest
13071,Field SE-13071 (Sokoto),NutrientDeficiency|Drought
13072,Field SE-13072 (Akatsi),(no issues listed)
13073,Field NE-13073 (Sokoto),HeatStress|Drought
13074,Field NW-13074 (Hawassa),WeedPressure|HeatStress|NutrientDeficiency
13075,Field SW-13075 (Akatsi),Pest|NutrientDeficiency
13076,Field NE-13076 (Hawassa),WeedPressure|Pest
13077,Field SW-13077 (Kilimani),Pest|Salinity
13078,Field SE-13078 (Akatsi),NutrientDeficiency|Drought|FungalDisease
13079,Field C-13079 (Akatsi),Salinity|Flood|Pest
13080,Field SW-13080 (Amanzi),FrostDamage|WeedPressure
13081,Field SW-13081 (Amanzi),SoilErosion|FungalDisease
13082,Field C-13082 (Sokoto),Pest|Drought|Salinity
13083,Field C-13083 (Akatsi),Pest
13084,Field NW-13084 (Hawassa),HeatStress
13085,Field NE-13085 (Kilimani),Pest|FungalDisease|Drought
13086,Field NE-13086 (Sokoto),HeatStress|NutrientDeficiency
13087,Field SE-13087 (Kilimani),Drought
13088,Field NW-13088 (Akatsi),WeedPressure|NutrientDeficiency
13089,Field SE-13089 (Amanzi),FrostDamage|Pest
13090,Field NW-13090 (Kilimani),NutrientDeficiency|Drought|Salinity
13091,Field SW-13091 (Sokoto),Pest
13092,Field SE-13092 (Amanzi),Pest|FrostDamage|HeatStress
13093,Field C-13093 (Amanzi),Pest|Salinity
13094,Field SW-13094 (Hawassa),Drought|NutrientDeficiency|SoilErosion
13095,Field SE-13095 (Akatsi),FungalDisease
13096,Field SW-13096 (Akatsi),Drought|Flood|Pest
13097,Field NE-13097 (Akatsi),Pest
13098,Field NE-13098 (Sokoto),NutrientDeficiency|WeedPressure|Pest
13099,Field C-13099 (Amanzi),Pest|Drought
13100,Field C-13100 (Hawassa),Pest|WeedPressure
13101,Field NE-13101 (Amanzi),SoilErosion|Salinity|HeatStress
13102,Field SE-13102 (Amanzi),Pest|HeatStress|FrostDamage
13103,Field NE-13103 (Sokoto),Pest
13104,Field SW-13104 (Amanzi),WeedPressure|Salinity|SoilErosion
13105,Field SE-13105 (Amanzi),NutrientDeficiency|Pest|FungalDisease
13106,Field NW-13106 (Kilimani),Pest|HeatStress|NutrientDeficiency
13107,Field C-13107 (Amanzi),(no issues listed)
13108,Field NE-13108 (Kilimani),Drought|Flood
13109,Field SW-13109 (Hawassa),(no issues listed)
13110,Field NE-13110 (Amanzi),Pest|Drought|Flood
13111,Field NE-13111 (Hawassa),(no issues listed)
13112,Field NE-13112 (Akatsi),Flood
13113,Field SW-13113 (Kilimani),Flood|FrostDamage
13114,Field NE-13114 (Hawassa),WeedPressure|Pest|NutrientDeficiency
13115,Field NW-13115 (Amanzi),NutrientDeficiency
13116,Field NW-13116 (Akatsi),Pest
13117,Field NE-13117 (Amanzi),NutrientDeficiency
13118,Field NE-13118 (Hawassa),Salinity
13119,Field NE-13119 (Hawassa),Drought
13120,Field C-13120 (Sokoto),FungalDisease|Pest
13121,Field NE-13121 (Hawassa),WeedPressure
13122,Field SW-13122 (Akatsi),SoilErosion
13123,Field SE-13123 (Sokoto),(no issues listed)
13124,Field C-13124 (Amanzi),NutrientDeficiency
13125,Field SW-13125 (Hawassa),Drought
13126,Field NE-13126 (Akatsi),NutrientDeficiency|WeedPressure
13127,Field SE-13127 (Akatsi),Pest|FungalDisease|WeedPressure
13128,Field C-13128 (Hawassa),FungalDisease|SoilErosion
13129,Field C-13129 (Sokoto),Salinity|SoilErosion|Pest
13130,Field NE-13130 (Hawassa),HeatStress|Drought|FungalDisease
13131,Field NW-13131 (Akatsi),Pest
13132,Field NW-13132 (Amanzi),Pest|Salinity|Drought
13133,Field SW-13133 (Amanzi),WeedPressure|Drought
13134,Field NE-13134 (Sokoto),(no issues listed)
13135,Field SW-13135 (Amanzi),NutrientDeficiency|SoilErosion
13136,Field C-13136 (Kilimani),WeedPressure|Pest|Flood
13137,Field SW-13137 (Akatsi),Pest|WeedPressure
13138,Field SE-13138 (Amanzi),Drought|SoilErosion|FungalDisease
13139,Field C-13139 (Hawassa),Flood|NutrientDeficiency|WeedPressure
13140,Field SE-13140 (Kilimani),Drought|Pest|Flood
13141,Field C-13141 (Hawassa),(no issues listed)
13142,Field NE-13142 (Kilimani),HeatStress|Drought
13143,Field SW-13143 (Amanzi),HeatStress|Flood
13144,Field SE-13144 (Amanzi),Flood|WeedPressure
13145,Field SW-13145 (Sokoto),SoilErosion|WeedPressure|Pest
13146,Field NW-13146 (Hawassa),(no issues listed)
13147,Field C-13147 (Amanzi),Flood|WeedPressure|HeatStress
13148,Field SE-13148 (Hawassa),(no issues listed)
13149,Field C-13149 (Amanzi),SoilErosion
13150,Field NW-13150 (Kilimani),Salinity|Drought|WeedPressure
13151,Field SE-13151 (Sokoto),Pest|NutrientDeficiency
13152,Field C-13152 (Kilimani),(no issues listed)
13153,Field SW-13153 (Amanzi),(no issues listed)
13154,Field NW-13154 (Akatsi),FungalDisease|WeedPressure|NutrientDeficiency
13155,Field SW-13155 (Sokoto),FungalDisease
13156,Field SE-13156 (Amanzi),Pest
13157,Field NE-13157 (Kilimani),(no issues listed)
13158,Field NE-13158 (Sokoto),Pest|FungalDisease
13159,Field SW-13159 (Kilimani),NutrientDeficiency|Pest
13160,Field SW-13160 (Akatsi),SoilErosion|WeedPressure
13161,Field SE-13161 (Kilimani),HeatStress|FrostDamage|NutrientDeficiency
13162,Field SE-13162 (Akatsi),SoilErosion
13163,Field SW-13163 (Amanzi),(no issues listed)
13164,Field C-13164 (Kilimani),(no issues listed)
13165,Field NW-13165 (Hawassa),HeatStress
13166,Field C-13166 (Akatsi),Flood|Pest
13167,Field C-13167 (Akatsi),Pest
13168,Field SE-13168 (Hawassa),SoilErosion|FungalDisease
13169,Field NW-13169 (Kilimani),Pest
13170,Field SW-13170 (Hawassa),Pest
13171,Field SE-13171 (Sokoto),SoilErosion|Drought
13172,Field SE-13172 (Amanzi),Pest
13173,Field SE-13173 (Kilimani),Flood|FungalDisease|Pest
13174,Field SW-13174 (Sokoto),HeatStress|Pest|Salinity
13175,Field NE-13175 (Sokoto),(no issues listed)
13176,Field SW-13176 (Amanzi),SoilErosion|NutrientDeficiency
13177,Field NE-13177 (Amanzi),WeedPressure|Pest
13178,Field NW-13178 (Sokoto),WeedPressure
13179,Field NE-13179 (Sokoto),Drought|NutrientDeficiency|Pest
13180,Field NE-13180 (Sokoto),Pest|SoilErosion|HeatStress
13181,Field SW-13181 (Sokoto),Drought
13182,Field SW-13182 (Hawassa),Pest
13183,Field SW-13183 (Kilimani),(no issues listed)
13184,Field NE-13184 (Amanzi),Pest|NutrientDeficiency
13185,Field NE-13185 (Hawassa),FrostDamage|FungalDisease|Salinity
13186,Field C-13186 (Amanzi),Pest|WeedPressure
13187,Field NE-13187 (Kilimani),Pest
13188,Field SW-13188 (Akatsi),SoilErosion|Flood|HeatStress
13189,Field SW-13189 (Sokoto),NutrientDeficiency|Flood
13190,Field C-13190 (Amanzi),SoilErosion|FungalDisease
13191,Field NE-13191 (Kilimani),WeedPressure|Pest|FrostDamage
13192,Field NW-13192 (Sokoto),NutrientDeficiency|Pest
13193,Field NE-13193 (Amanzi),SoilErosion|Pest|NutrientDeficiency
13194,Field SE-13194 (Amanzi),FungalDisease|Flood|NutrientDeficiency
13195,Field NW-13195 (Akatsi),Drought|HeatStress
13196,Field SE-13196 (Amanzi),Flood
13197,Field SW-13197 (Akatsi),NutrientDeficiency|HeatStress
13198,Field NE-13198 (Kilimani),Flood
13199,Field SE-13199 (Hawassa),HeatStress|Pest
13200,Field SW-13200 (Kilimani),SoilErosion|NutrientDeficiency|FungalDisease
13201,Field C-13201 (Amanzi),Pest|Drought|Flood
13202,Field C-13202 (Amanzi),Pest
13203,Field SE-13203 (Amanzi),FungalDisease
13204,Field NW-13204 (Kilimani),Pest|Flood|SoilErosion
13205,Field SW-13205 (Akatsi),FrostDamage|Pest
13206,Field NE-13206 (Akatsi),Flood|FungalDisease
13207,Field NW-13207 (Kilimani),Pest|Salinity|NutrientDeficiency
13208,Field SW-13208 (Amanzi),WeedPressure|Flood
13209,Field NE-13209 (Sokoto),WeedPressure|Drought
13210,Field C-13210 (Sokoto),Flood|NutrientDeficiency|HeatStress
13211,Field SE-13211 (Amanzi),Pest|HeatStress|FungalDisease
13212,Field NW-13212 (Sokoto),Pest|NutrientDeficiency
13213,Field NE-13213 (Sokoto),FungalDisease
13214,Field NW-13214 (Kilimani),WeedPressure|NutrientDeficiency
13215,Field SW-13215 (Sokoto),Drought|FungalDisease
13216,Field SW-13216 (Akatsi),Pest|Flood
13217,Field NW-13217 (Hawassa),Pest|HeatStress
13218,Field NE-13218 (Amanzi),HeatStress
13219,Field NW-13219 (Amanzi),FrostDamage|HeatStress|Pest
13220,Field NW-13220 (Kilimani),Drought
13221,Field C-13221 (Sokoto),SoilErosion|WeedPressure
13222,Field C-13222 (Sokoto),NutrientDeficiency|FungalDisease
13223,Field C-13223 (Kilimani),Drought
13224,Field NW-13224 (Kilimani),FungalDisease
13225,Field SE-13225 (Hawassa),Drought
13226,Field NE-13226 (Hawassa),Flood|Pest|Drought
13227,Field SW-13227 (Hawassa),(no issues listed)
13228,Field SE-13228 (Kilimani),(no issues listed)
13229,Field C-13229 (Sokoto),FrostDamage|Drought
13230,Field SE-13230 (Sokoto),WeedPressure
13231,Field SW-13231 (Amanzi),Drought|SoilErosion|Pest
13232,Field NW-13232 (Kilimani),Pest|SoilErosion
13233,Field NW-13233 (Kilimani),FrostDamage|Drought|WeedPressure
13234,Field C-13234 (Sokoto),WeedPressure|FungalDisease|Drought
13235,Field SW-13235 (Kilimani),Pest|WeedPressure
13236,Field SW-13236 (Sokoto),NutrientDeficiency
13237,Field SW-13237 (Kilimani),Pest|FungalDisease
13238,Field NW-13238 (Akatsi),FungalDisease|Drought|NutrientDeficiency
13239,Field SE-13239 (Kilimani),Salinity|FungalDisease
13240,Field NW-13240 (Hawassa),(no issues listed)
13241,Field C-13241 (Kilimani),Pest|HeatStress
13242,Field SW-13242 (Sokoto),HeatStress|Salinity
13243,Field NE-13243 (Kilimani),FungalDisease|HeatStress|Flood
13244,Field C-13244 (Hawassa),Pest|SoilErosion
13245,Field SW-13245 (Akatsi),Pest
13246,Field C-13246 (Kilimani),WeedPressure
13247,Field SE-13247 (Hawassa),Salinity
13248,Field SW-13248 (Hawassa),FungalDisease|NutrientDeficiency
13249,Field C-13249 (Akatsi),FrostDamage|HeatStress
13250,Field SW-13250 (Kilimani),FungalDisease|Drought
13251,Field NW-13251 (Amanzi),SoilErosion
13252,Field SW-13252 (Akatsi),Pest|Drought|SoilErosion
13253,Field NW-13253 (Sokoto),SoilErosion|Drought|WeedPressure
13254,Field SE-13254 (Amanzi),Drought
13255,Field SE-13255 (Hawassa),Drought|Flood
13256,Field NE-13256 (Sokoto),SoilErosion|Drought|NutrientDeficiency
13257,Field C-13257 (Akatsi),WeedPressure|SoilErosion|HeatStress
13258,Field C-13258 (Amanzi),Drought|FungalDisease|Salinity
13259,Field SE-13259 (Hawassa),Salinity|HeatStress
13260,Field NE-13260 (Amanzi),NutrientDeficiency
13261,Field SE-13261 (Kilimani),HeatStress|Flood
13262,Field SE-13262 (Sokoto),WeedPressure|Drought
13263,Field SW-13263 (Amanzi),Salinity
13264,Field NE-13264 (Kilimani),Drought|FrostDamage
13265,Field NW-13265 (Akatsi),WeedPressure|HeatStress
13266,Field SE-13266 (Amanzi),Drought
13267,Field C-13267 (Kilimani),WeedPressure|HeatStress|FrostDamage
13268,Field NW-13268 (Kilimani),(no issues listed)
13269,Field NE-13269 (Kilimani),NutrientDeficiency|Drought|WeedPressure
13270,Field C-13270 (Akatsi),NutrientDeficiency|Drought
13271,Field NE-13271 (Akatsi),WeedPressure
13272,Field SE-13272 (Hawassa),HeatStress
13273,Field SW-13273 (Akatsi),Flood
13274,Field C-13274 (Hawassa),(no issues listed)
13275,Field SE-13275 (Sokoto),Drought|WeedPressure
13276,Field SE-13276 (Amanzi),Flood|Drought|FungalDisease
13277,Field SW-13277 (Hawassa),(no issues listed)
13278,Field SW-13278 (Hawassa),(no issues listed)
13279,Field SW-13279 (Hawassa),WeedPressure|HeatStress
13280,Field SW-13280 (Akatsi),(no issues listed)
13281,Field SE-13281 (Akatsi),FungalDisease
13282,Field SE-13282 (Amanzi),Flood
13283,Field SE-13283 (Akatsi),Drought|NutrientDeficiency
13284,Field NE-13284 (Hawassa),FrostDamage|Drought
13285,Field C-13285 (Kilimani),HeatStress|Drought
13286,Field SW-13286 (Hawassa),Pest|WeedPressure|NutrientDeficiency
13287,Field SW-13287 (Sokoto),FungalDisease
13288,Field SW-13288 (Amanzi),Flood|HeatStress|FungalDisease
13289,Field NE-13289 (Amanzi),Drought
13290,Field SW-13290 (Akatsi),Drought|WeedPressure
13291,Field NE-13291 (Kilimani),FungalDisease
13292,Field NW-13292 (Kilimani),Pest|SoilErosion
13293,Field NW-13293 (Kilimani),Pest|Drought
13294,Field SW-13294 (Kilimani),FungalDisease
13295,Field SE-13295 (Amanzi),Salinity|FungalDisease
13296,Field NE-13296 (Kilimani),Drought|FungalDisease|Flood
13297,Field NW-13297 (Amanzi),FungalDisease|NutrientDeficiency
13298,Field C-13298 (Kilimani),NutrientDeficiency|Pest|Drought
13299,Field NE-13299 (Akatsi),(no issues listed)
13300,Field SW-13300 (Sokoto),(no issues listed)
13301,Field C-13301 (Amanzi),WeedPressure|HeatStress|Pest
13302,Field SE-13302 (Kilimani),Drought
13303,Field SW-13303 (Kilimani),Pest
13304,Field SW-13304 (Hawassa),Flood|Drought
13305,Field C-13305 (Akatsi),SoilErosion|Flood|FungalDisease
13306,Field C-13306 (Akatsi),SoilErosion|Pest
13307,Field NW-13307 (Kilimani),Flood
13308,Field NW-13308 (Kilimani),Drought
13309,Field C-13309 (Hawassa),Pest|FungalDisease
13310,Field NW-13310 (Akatsi),FrostDamage
13311,Field SW-13311 (Akatsi),HeatStress
13312,Field NW-13312 (Amanzi),FungalDisease|NutrientDeficiency
13313,Field C-13313 (Akatsi),WeedPressure|SoilErosion|HeatStress
13314,Field SE-13314 (Hawassa),Pest
13315,Field SE-13315 (Akatsi),Pest
13316,Field SE-13316 (Hawassa),Pest|Drought
13317,Field NE-13317 (Akatsi),Drought|Pest|FungalDisease
13318,Field NE-13318 (Hawassa),NutrientDeficiency
13319,Field SW-13319 (Kilimani),Drought|Flood|HeatStress
13320,Field NE-13320 (Sokoto),(no issues listed)
13321,Field NE-13321 (Kilimani),Pest
13322,Field NE-13322 (Hawassa),WeedPressure|Pest|Salinity
13323,Field NW-13323 (Hawassa),FungalDisease
13324,Field SW-13324 (Akatsi),NutrientDeficiency|Pest
13325,Field C-13325 (Hawassa),FungalDisease|Flood
13326,Field SW-13326 (Hawassa),Pest|NutrientDeficiency
13327,Field SW-13327 (Amanzi),HeatStress|NutrientDeficiency|Pest
13328,Field C-13328 (Hawassa),Pest|FrostDamage
13329,Field SE-13329 (Hawassa),Pest
13330,Field SE-13330 (Hawassa),Drought|NutrientDeficiency
13331,Field SW-13331 (Amanzi),(no issues listed)
13332,Field NW-13332 (Sokoto),SoilErosion|FungalDisease|Flood
13333,Field SE-13333 (Hawassa),NutrientDeficiency|FrostDamage
13334,Field NE-13334 (Kilimani),Drought|WeedPressure
13335,Field NE-13335 (Sokoto),HeatStress|Pest
13336,Field SE-13336 (Hawassa),Pest|FungalDisease
13337,Field NW-13337 (Akatsi),Salinity
13338,Field C-13338 (Akatsi),FungalDisease|WeedPressure
13339,Field SW-13339 (Kilimani),FungalDisease
13340,Field SE-13340 (Kilimani),Pest
13341,Field SW-13341 (Sokoto),Flood|Salinity
13342,Field NW-13342 (Hawassa),(no issues listed)
13343,Field C-13343 (Kilimani),WeedPressure|Drought|NutrientDeficiency
13344,Field NE-13344 (Kilimani),Drought|Flood|Pest
13345,Field C-13345 (Akatsi),Drought|NutrientDeficiency
13346,Field NE-13346 (Sokoto),Flood|FrostDamage
13347,Field C-13347 (Amanzi),Salinity|WeedPressure|FrostDamage
13348,Field SE-13348 (Hawassa),WeedPressure|HeatStress|Drought
13349,Field SW-13349 (Sokoto),Drought|NutrientDeficiency
13350,Field NW-13350 (Kilimani),HeatStress|WeedPressure|NutrientDeficiency
13351,Field NW-13351 (Amanzi),(no issues listed)
13352,Field NE-13352 (Akatsi),FrostDamage
13353,Field NE-13353 (Amanzi),(no issues listed)
13354,Field SE-13354 (Sokoto),Drought|Pest|Flood
13355,Field SW-13355 (Sokoto),NutrientDeficiency
13356,Field NW-13356 (Amanzi),NutrientDeficiency|Salinity
13357,Field C-13357 (Amanzi),NutrientDeficiency|FungalDisease
13358,Field SW-13358 (Hawassa),Salinity
13359,Field NE-13359 (Kilimani),Salinity|Pest
13360,Field NE-13360 (Sokoto),Pest|Flood|FrostDamage
13361,Field NW-13361 (Sokoto),NutrientDeficiency
13362,Field NW-13362 (Akatsi),Pest
13363,Field NW-13363 (Sokoto),NutrientDeficiency|WeedPressure|Pest
13364,Field SE-13364 (Amanzi),Flood|FrostDamage
13365,Field NW-13365 (Akatsi),HeatStress|Flood|NutrientDeficiency
13366,Field SW-13366 (Hawassa),Drought|Pest|SoilErosion
13367,Field NE-13367 (Sokoto),(no issues listed)
13368,Field SW-13368 (Kilimani),Pest|NutrientDeficiency|SoilErosion
13369,Field SE-13369 (Kilimani),SoilErosion|HeatStress
13370,Field SW-13370 (Hawassa),SoilErosion|Pest|FungalDisease
13371,Field C-13371 (Kilimani),(no issues listed)
13372,Field SE-13372 (Hawassa),Pest
13373,Field SW-13373 (Kilimani),HeatStress|NutrientDeficiency
13374,Field NW-13374 (Sokoto),SoilErosion|NutrientDeficiency
13375,Field SE-13375 (Amanzi),Pest|Drought|SoilErosion
13376,Field SW-13376 (Sokoto),SoilErosion|Drought|Pest
13377,Field NW-13377 (Kilimani),FungalDisease
13378,Field SE-13378 (Kilimani),WeedPressure|Salinity
13379,Field SW-13379 (Kilimani),Pest|Drought
13380,Field SW-13380 (Sokoto),SoilErosion
13381,Field SW-13381 (Amanzi),FrostDamage
13382,Field SW-13382 (Hawassa),Pest|Salinity|SoilErosion
13383,Field C-13383 (Kilimani),WeedPressure
13384,Field SE-13384 (Hawassa),NutrientDeficiency|Drought|Salinity
13385,Field SE-13385 (Sokoto),WeedPressure|Drought|FungalDisease
13386,Field NE-13386 (Kilimani),(no issues listed)
13387,Field SE-13387 (Hawassa),Drought
13388,Field C-13388 (Hawassa),SoilErosion
13389,Field NW-13389 (Amanzi),Flood|HeatStress|Pest
13390,Field C-13390 (Amanzi),WeedPressure|FungalDisease
13391,Field NW-13391 (Sokoto),Pest|FungalDisease
13392,Field NE-13392 (Akatsi),Pest
13393,Field SW-13393 (Sokoto),(no issues listed)
13394,Field NW-13394 (Hawassa),NutrientDeficiency
13395,Field NW-13395 (Sokoto),FungalDisease
13396,Field NW-13396 (Amanzi),Salinity|Pest|FrostDamage
13397,Field NW-13397 (Amanzi),Drought|WeedPressure|Salinity
13398,Field NE-13398 (Hawassa),NutrientDeficiency
13399,Field C-13399 (Akatsi),FungalDisease|FrostDamage
13400,Field NE-13400 (Sokoto),Drought|Salinity
13401,Field C-13401 (Sokoto),(no issues listed)
13402,Field SW-13402 (Hawassa),NutrientDeficiency|Flood
13403,Field SW-13403 (Hawassa),FungalDisease
13404,Field NW-13404 (Kilimani),Flood
13405,Field C-13405 (Hawassa),Drought|WeedPressure
13406,Field SE-13406 (Kilimani),FungalDisease|FrostDamage|Salinity
13407,Field C-13407 (Hawassa),Pest
13408,Field NE-13408 (Sokoto),Pest|Drought
13409,Field SE-13409 (Hawassa),SoilErosion|Flood|Pest
13410,Field SW-13410 (Akatsi),SoilErosion|WeedPressure|Pest
13411,Field NW-13411 (Kilimani),Pest|Flood
13412,Field C-13412 (Amanzi),Drought|Pest|WeedPressure
13413,Field NE-13413 (Akatsi),FungalDisease|WeedPressure|SoilErosion
13414,Field C-13414 (Akatsi),Drought|WeedPressure|Flood
13415,Field C-13415 (Sokoto),NutrientDeficiency
13416,Field NE-13416 (Kilimani),Pest|Salinity
13417,Field SE-13417 (Akatsi),(no issues listed)
13418,Field NW-13418 (Kilimani),Pest
13419,Field NW-13419 (Sokoto),Pest|Drought
13420,Field C-13420 (Akatsi),Drought|WeedPressure|Pest
13421,Field C-13421 (Akatsi),Salinity|Drought
13422,Field SE-13422 (Amanzi),Drought|FungalDisease
13423,Field NW-13423 (Sokoto),HeatStress|Drought
13424,Field SE-13424 (Kilimani),Drought
13425,Field C-13425 (Sokoto),Pest
13426,Field C-13426 (Akatsi),Flood|FungalDisease|FrostDamage
13427,Field NE-13427 (Kilimani),SoilErosion|Flood|WeedPressure
13428,Field SE-13428 (Hawassa),(no issues listed)
13429,Field NW-13429 (Hawassa),WeedPressure|Flood|SoilErosion
13430,Field C-13430 (Akatsi),Drought
13431,Field NE-13431 (Amanzi),WeedPressure
13432,Field C-13432 (Hawassa),(no issues listed)
13433,Field C-13433 (Hawassa),Drought
13434,Field C-13434 (Kilimani),FungalDisease
13435,Field SE-13435 (Amanzi),NutrientDeficiency|FungalDisease
13436,Field SW-13436 (Kilimani),(no issues listed)
13437,Field C-13437 (Kilimani),NutrientDeficiency|FrostDamage
13438,Field C-13438 (Akatsi),(no issues listed)
13439,Field SE-13439 (Kilimani),SoilErosion|Pest|WeedPressure
13440,Field C-13440 (Hawassa),Salinity|Pest|Drought
13441,Field SW-13441 (Akatsi),NutrientDeficiency
13442,Field SE-13442 (Akatsi),WeedPressure
13443,Field C-13443 (Kilimani),FrostDamage
13444,Field C-13444 (Hawassa),FungalDisease|Drought|WeedPressure
13445,Field NE-13445 (Kilimani),HeatStress|NutrientDeficiency
13446,Field C-13446 (Akatsi),NutrientDeficiency|HeatStress|Salinity
13447,Field SE-13447 (Hawassa),Drought|WeedPressure
13448,Field C-13448 (Akatsi),WeedPressure|Salinity
13449,Field NW-13449 (Hawassa),FungalDisease
13450,Field NW-13450 (Hawassa),WeedPressure|Pest
13451,Field C-13451 (Amanzi),Salinity|Pest|HeatStress
13452,Field NE-13452 (Hawassa),SoilErosion|NutrientDeficiency
13453,Field NW-13453 (Amanzi),Drought|Pest
13454,Field SE-13454 (Kilimani),FungalDisease|Flood|Drought
13455,Field NE-13455 (Akatsi),HeatStress|NutrientDeficiency|WeedPressure
13456,Field SE-13456 (Hawassa),(no issues listed)
13457,Field NW-13457 (Amanzi),Pest|Drought|SoilErosion
13458,Field SW-13458 (Amanzi),FungalDisease|NutrientDeficiency
13459,Field NW-13459 (Hawassa),NutrientDeficiency|WeedPressure
13460,Field C-13460 (Akatsi),(no issues listed)
13461,Field C-13461 (Amanzi),NutrientDeficiency
13462,Field NW-13462 (Akatsi),HeatStress|WeedPressure|NutrientDeficiency
13463,Field NE-13463 (Kilimani),(no issues listed)
13464,Field SE-13464 (Amanzi),SoilErosion|HeatStress|NutrientDeficiency
13465,Field SE-13465 (Hawassa),(no issues listed)
13466,Field NW-13466 (Kilimani),(no issues listed)
13467,Field NE-13467 (Kilimani),SoilErosion
13468,Field C-13468 (Kilimani),Salinity|WeedPressure
13469,Field NE-13469 (Kilimani),Drought|FungalDisease
13470,Field C-13470 (Amanzi),(no issues listed)
13471,Field SW-13471 (Sokoto),NutrientDeficiency|SoilErosion|Salinity
13472,Field NW-13472 (Hawassa),Drought|Pest
13473,Field C-13473 (Sokoto),WeedPressure|SoilErosion
13474,Field SE-13474 (Akatsi),Flood
13475,Field NE-13475 (Akatsi),(no issues listed)
13476,Field NE-13476 (Hawassa),Pest|NutrientDeficiency|HeatStress
13477,Field SW-13477 (Sokoto),SoilErosion|Pest
13478,Field NW-13478 (Amanzi),FungalDisease|Flood|NutrientDeficiency
13479,Field NW-13479 (Amanzi),WeedPressure
13480,Field SE-13480 (Amanzi),HeatStress|Pest|Salinity
13481,Field SW-13481 (Sokoto),(no issues listed)
13482,Field NW-13482 (Kilimani),Drought|SoilErosion
13483,Field NW-13483 (Hawassa),Salinity|WeedPressure
13484,Field SW-13484 (Amanzi),(no issues listed)
13485,Field SE-13485 (Akatsi),Flood
13486,Field SW-13486 (Amanzi),SoilErosion|NutrientDeficiency
13487,Field SE-13487 (Akatsi),HeatStress
13488,Field SE-13488 (Hawassa),Drought|Flood
13489,Field C-13489 (Sokoto),NutrientDeficiency
13490,Field NW-13490 (Amanzi),(no issues listed)
13491,Field SW-13491 (Hawassa),SoilErosion|WeedPressure|Pest
13492,Field SW-13492 (Hawassa),FungalDisease|FrostDamage|Drought
13493,Field NW-13493 (Kilimani),SoilErosion
13494,Field SW-13494 (Sokoto),Drought
13495,Field C-13495 (Sokoto),FrostDamage|Drought|HeatStress
13496,Field SE-13496 (Akatsi),Drought|Pest
13497,Field SE-13497 (Sokoto),Salinity
13498,Field NW-13498 (Amanzi),(no issues listed)
13499,Field SE-13499 (Hawassa),FungalDisease
13500,Field SE-13500 (Hawassa),Drought
13501,Field SE-13501 (Amanzi),NutrientDeficiency
13502,Field NW-13502 (Kilimani),Pest|NutrientDeficiency
13503,Field NW-13503 (Akatsi),NutrientDeficiency|Drought|Salinity
13504,Field NE-13504 (Amanzi),NutrientDeficiency
13505,Field SW-13505 (Amanzi),Drought
13506,Field NW-13506 (Kilimani),WeedPressure
13507,Field SE-13507 (Akatsi),(no issues listed)
13508,Field SE-13508 (Akatsi),NutrientDeficiency|WeedPressure|FungalDisease
13509,Field SE-13509 (Sokoto),(no issues listed)
13510,Field NE-13510 (Kilimani),WeedPressure|Pest|NutrientDeficiency
13511,Field NE-13511 (Akatsi),Pest|NutrientDeficiency
13512,Field SE-13512 (Hawassa),(no issues listed)
13513,Field C-13513 (Hawassa),Flood|Pest
13514,Field SE-13514 (Akatsi),FungalDisease
13515,Field SW-13515 (Hawassa),Drought|NutrientDeficiency|HeatStress
13516,Field SE-13516 (Sokoto),Drought|FungalDisease|Salinity
13517,Field C-13517 (Amanzi),FungalDisease|Flood
13518,Field SE-13518 (Amanzi),NutrientDeficiency
13519,Field SE-13519 (Akatsi),Pest|HeatStress|Flood
13520,Field NE-13520 (Kilimani),NutrientDeficiency
13521,Field NW-13521 (Kilimani),HeatStress|WeedPressure|Pest
13522,Field NE-13522 (Hawassa),Flood|Pest|WeedPressure
13523,Field NE-13523 (Hawassa),Pest|HeatStress|Drought
13524,Field C-13524 (Hawassa),HeatStress|Pest
13525,Field NE-13525 (Hawassa),HeatStress
13526,Field SW-13526 (Amanzi),Salinity
13527,Field C-13527 (Akatsi),FrostDamage|Pest
13528,Field C-13528 (Amanzi),WeedPressure
13529,Field C-13529 (Amanzi),Drought|Salinity|WeedPressure
13530,Field NW-13530 (Hawassa),Drought|HeatStress
13531,Field C-13531 (Amanzi),WeedPressure|FrostDamage
13532,Field SW-13532 (Sokoto),NutrientDeficiency|WeedPressure
13533,Field NW-13533 (Kilimani),Drought|FungalDisease
13534,Field SE-13534 (Kilimani),NutrientDeficiency|FrostDamage|Pest
13535,Field SW-13535 (Amanzi),NutrientDeficiency|SoilErosion|Drought
13536,Field C-13536 (Sokoto),Pest
13537,Field SE-13537 (Kilimani),HeatStress
13538,Field NE-13538 (Sokoto),FrostDamage
13539,Field NE-13539 (Sokoto),Drought|FungalDisease|SoilErosion
13540,Field NW-13540 (Akatsi),HeatStress|Salinity
13541,Field SE-13541 (Amanzi),SoilErosion
13542,Field SW-13542 (Akatsi),SoilErosion|HeatStress|Drought
13543,Field NE-13543 (Sokoto),FungalDisease|SoilErosion|Flood
13544,Field SW-13544 (Amanzi),FungalDisease|NutrientDeficiency
13545,Field C-13545 (Sokoto),FungalDisease
13546,Field NW-13546 (Kilimani),HeatStress|Pest|WeedPressure
13547,Field SE-13547 (Hawassa),WeedPressure|SoilErosion
13548,Field SW-13548 (Sokoto),(no issues listed)
13549,Field NE-13549 (Kilimani),Flood|WeedPressure
13550,Field NW-13550 (Amanzi),Flood|HeatStress
13551,Field SW-13551 (Sokoto),Flood|Drought|HeatStress
13552,Field SE-13552 (Akatsi),WeedPressure
13553,Field SE-13553 (Hawassa),Drought|NutrientDeficiency
13554,Field C-13554 (Kilimani),(no issues listed)
13555,Field SW-13555 (Kilimani),Drought|Pest|SoilErosion
13556,Field C-13556 (Sokoto),Drought|NutrientDeficiency|WeedPressure
13557,Field NE-13557 (Akatsi),NutrientDeficiency|Drought
13558,Field NW-13558 (Sokoto),Salinity|Pest|HeatStress
13559,Field NE-13559 (Amanzi),Pest|FungalDisease|Flood
13560,Field C-13560 (Hawassa),Drought|WeedPressure|FrostDamage
13561,Field SE-13561 (Amanzi),Drought|HeatStress|SoilErosion
13562,Field NE-13562 (Hawassa),Salinity|FrostDamage
13563,Field SE-13563 (Akatsi),SoilErosion
13564,Field NW-13564 (Sokoto),Drought|WeedPressure|NutrientDeficiency
13565,Field NE-13565 (Hawassa),Pest
13566,Field NE-13566 (Amanzi),Flood|WeedPressure
13567,Field C-13567 (Hawassa),WeedPressure|SoilErosion|Pest
13568,Field SW-13568 (Sokoto),Flood|WeedPressure
13569,Field C-13569 (Akatsi),(no issues listed)
13570,Field SE-13570 (Akatsi),SoilErosion|Drought|WeedPressure
13571,Field NW-13571 (Kilimani),Pest|NutrientDeficiency|Drought
13572,Field C-13572 (Sokoto),NutrientDeficiency|HeatStress|Drought
13573,Field NE-13573 (Kilimani),Flood|WeedPressure
13574,Field C-13574 (Kilimani),Pest
13575,Field C-13575 (Akatsi),FungalDisease|HeatStress|Pest
13576,Field SE-13576 (Hawassa),WeedPressure|FungalDisease|NutrientDeficiency
13577,Field SE-13577 (Akatsi),Pest|NutrientDeficiency
13578,Field SW-13578 (Akatsi),Drought|HeatStress
13579,Field NW-13579 (Akatsi),HeatStress
13580,Field C-13580 (Akatsi),(no issues listed)
13581,Field SW-13581 (Akatsi),NutrientDeficiency|FrostDamage
13582,Field NE-13582 (Kilimani),(no issues listed)
13583,Field NW-13583 (Kilimani),(no issues listed)
13584,Field C-13584 (Akatsi),HeatStress|SoilErosion
13585,Field C-13585 (Sokoto),NutrientDeficiency
13586,Field NW-13586 (Sokoto),FrostDamage|NutrientDeficiency
13587,Field NE-13587 (Kilimani),Drought
13588,Field SE-13588 (Hawassa),Drought|NutrientDeficiency
13589,Field SE-13589 (Amanzi),FungalDisease|NutrientDeficiency
13590,Field SW-13590 (Sokoto),Drought
13591,Field SE-13591 (Amanzi),FrostDamage|Flood
13592,Field SW-13592 (Kilimani),HeatStress|Drought|WeedPressure
13593,Field SW-13593 (Kilimani),Pest
13594,Field NW-13594 (Sokoto),(no issues listed)
13595,Field SW-13595 (Akatsi),Drought|Pest
13596,Field NE-13596 (Amanzi),FrostDamage|Flood|FungalDisease
13597,Field NW-13597 (Hawassa),SoilErosion|Drought|FungalDisease
13598,Field C-13598 (Akatsi),WeedPressure
13599,Field C-13599 (Amanzi),Drought|Pest|Flood
13600,Field SE-13600 (Sokoto),Flood|Pest
13601,Field NW-13601 (Kilimani),Flood
13602,Field C-13602 (Kilimani),(no issues listed)
13603,Field SE-13603 (Amanzi),Drought|HeatStress
13604,Field NE-13604 (Kilimani),Pest
13605,Field SE-13605 (Kilimani),Pest|FrostDamage|Salinity
13606,Field C-13606 (Sokoto),Pest
13607,Field C-13607 (Kilimani),NutrientDeficiency|FungalDisease|Drought
13608,Field C-13608 (Amanzi),(no issues listed)
13609,Field SW-13609 (Akatsi),Flood|Drought|Pest
13610,Field SE-13610 (Akatsi),Drought|FrostDamage|HeatStress
13611,Field SE-13611 (Amanzi),WeedPressure|FungalDisease
13612,Field NW-13612 (Amanzi),WeedPressure|SoilErosion
13613,Field NE-13613 (Amanzi),FungalDisease|Salinity|HeatStress
13614,Field SE-13614 (Sokoto),Pest
13615,Field C-13615 (Sokoto),Pest|HeatStress|Drought
13616,Field SE-13616 (Hawassa),FungalDisease
13617,Field SW-13617 (Kilimani),NutrientDeficiency|Flood
13618,Field C-13618 (Sokoto),SoilErosion
13619,Field NE-13619 (Kilimani),HeatStress|Drought|Pest
13620,Field NE-13620 (Sokoto),Flood|HeatStress
13621,Field SW-13621 (Amanzi),Drought
13622,Field NE-13622 (Sokoto),WeedPressure
13623,Field NE-13623 (Hawassa),Drought|HeatStress
13624,Field SW-13624 (Sokoto),Pest|Drought|WeedPressure
13625,Field SW-13625 (Hawassa),Flood|NutrientDeficiency
13626,Field C-13626 (Kilimani),Pest|Drought|HeatStress
13627,Field NW-13627 (Hawassa),Flood
13628,Field SW-13628 (Kilimani),(no issues listed)
13629,Field NE-13629 (Amanzi),(no issues listed)
13630,Field SW-13630 (Akatsi),WeedPressure|Pest|SoilErosion
13631,Field SE-13631 (Kilimani),Flood|WeedPressure
13632,Field SE-13632 (Kilimani),WeedPressure|HeatStress
13633,Field SE-13633 (Amanzi),Drought
13634,Field C-13634 (Amanzi),FrostDamage|Flood
13635,Field SE-13635 (Hawassa),(no issues listed)
13636,Field SW-13636 (Akatsi),Flood|WeedPressure|NutrientDeficiency
13637,Field SE-13637 (Kilimani),Pest
13638,Field SE-13638 (Hawassa),NutrientDeficiency
13639,Field NW-13639 (Kilimani),Drought|Pest|FungalDisease
13640,Field NE-13640 (Akatsi),NutrientDeficiency
13641,Field NW-13641 (Amanzi),(no issues listed)
13642,Field C-13642 (Hawassa),NutrientDeficiency|Drought|Pest
13643,Field NE-13643 (Sokoto),Drought|HeatStress
13644,Field SE-13644 (Amanzi),Pest|Salinity|FungalDisease
13645,Field NW-13645 (Hawassa),WeedPressure|FungalDisease|Salinity
13646,Field C-13646 (Akatsi),SoilErosion|Flood|Salinity
13647,Field SE-13647 (Sokoto),Pest
13648,Field NW-13648 (Sokoto),HeatStress|Pest|Salinity
13649,Field SE-13649 (Kilimani),FungalDisease
13650,Field NW-13650 (Kilimani),WeedPressure
13651,Field NE-13651 (Sokoto),Salinity
13652,Field NE-13652 (Hawassa),FungalDisease|SoilErosion|Pest
13653,Field NW-13653 (Amanzi),Salinity|SoilErosion
13654,Field NW-13654 (Kilimani),HeatStress|Pest|FungalDisease
13655,Field SE-13655 (Hawassa),Flood
13656,Field NE-13656 (Sokoto),NutrientDeficiency
13657,Field SW-13657 (Sokoto),SoilErosion|Flood|WeedPressure
13658,Field SW-13658 (Hawassa),Pest|NutrientDeficiency
13659,Field C-13659 (Akatsi),FrostDamage|NutrientDeficiency
13660,Field SW-13660 (Hawassa),Pest
13661,Field C-13661 (Hawassa),SoilErosion
13662,Field SE-13662 (Kilimani),Salinity|Drought|Pest
13663,Field SW-13663 (Sokoto),Pest|Drought|FungalDisease
13664,Field C-13664 (Akatsi),SoilErosion
13665,Field C-13665 (Akatsi),Flood
13666,Field NW-13666 (Amanzi),Pest|Flood|NutrientDeficiency
13667,Field NW-13667 (Kilimani),WeedPressure|Salinity|FrostDamage
13668,Field NW-13668 (Kilimani),WeedPressure|Pest|NutrientDeficiency
13669,Field C-13669 (Sokoto),WeedPressure|NutrientDeficiency
13670,Field C-13670 (Amanzi),WeedPressure
13671,Field SW-13671 (Sokoto),NutrientDeficiency|Pest
13672,Field C-13672 (Hawassa),SoilErosion|NutrientDeficiency
13673,Field C-13673 (Kilimani),SoilErosion|HeatStress|Pest
13674,Field NE-13674 (Sokoto),SoilErosion|WeedPressure
13675,Field NW-13675 (Sokoto),SoilErosion|Pest|Drought
13676,Field SE-13676 (Amanzi),Salinity|FrostDamage|NutrientDeficiency
13677,Field C-13677 (Sokoto),WeedPressure|Pest|SoilErosion
13678,Field NW-13678 (Amanzi),NutrientDeficiency
13679,Field NE-13679 (Hawassa),Pest
13680,Field NW-13680 (Amanzi),Drought
13681,Field NW-13681 (Hawassa),Pest|Salinity|WeedPressure
13682,Field NE-13682 (Akatsi),Salinity
13683,Field C-13683 (Amanzi),FrostDamage
13684,Field SE-13684 (Kilimani),(no issues listed)
13685,Field NE-13685 (Amanzi),Pest|HeatStress|Drought
13686,Field SE-13686 (Amanzi),FungalDisease|Drought|Salinity
13687,Field SW-13687 (Akatsi),FungalDisease|Flood|WeedPressure
13688,Field NE-13688 (Akatsi),HeatStress|SoilErosion|Drought
13689,Field NE-13689 (Akatsi),HeatStress|Drought|NutrientDeficiency
13690,Field SW-13690 (Akatsi),WeedPressure|NutrientDeficiency|Pest
13691,Field SE-13691 (Kilimani),(no issues listed)
13692,Field NW-13692 (Amanzi),Flood
13693,Field SE-13693 (Sokoto),Pest|FungalDisease
13694,Field SW-13694 (Sokoto),HeatStress|NutrientDeficiency|FungalDisease
13695,Field NW-13695 (Kilimani),HeatStress
13696,Field SW-13696 (Akatsi),FungalDisease
13697,Field C-13697 (Sokoto),Pest|WeedPressure
13698,Field SW-13698 (Akatsi),NutrientDeficiency|Flood|SoilErosion
13699,Field C-13699 (Akatsi),Drought|WeedPressure
13700,Field C-13700 (Sokoto),Pest
13701,Field SW-13701 (Amanzi),WeedPressure
13702,Field C-13702 (Akatsi),NutrientDeficiency|Drought
13703,Field SE-13703 (Amanzi),WeedPressure|SoilErosion
13704,Field C-13704 (Kilimani),Flood|Pest
13705,Field SW-13705 (Kilimani),(no issues listed)
13706,Field NW-13706 (Hawassa),WeedPressure|Salinity
13707,Field NW-13707 (Akatsi),Salinity|SoilErosion|HeatStress
13708,Field NE-13708 (Kilimani),Salinity|SoilErosion|FrostDamage
13709,Field C-13709 (Akatsi),SoilErosion|FungalDisease
13710,Field SE-13710 (Hawassa),FungalDisease|SoilErosion|WeedPressure
13711,Field NE-13711 (Hawassa),Salinity|FungalDisease
13712,Field SE-13712 (Amanzi),WeedPressure
13713,Field SE-13713 (Amanzi),(no issues listed)
13714,Field NW-13714 (Amanzi),Drought|FungalDisease|WeedPressure
13715,Field NE-13715 (Akatsi),WeedPressure|NutrientDeficiency
13716,Field NE-13716 (Amanzi),NutrientDeficiency|FungalDisease
13717,Field NW-13717 (Sokoto),(no issues listed)
13718,Field NW-13718 (Amanzi),WeedPressure|SoilErosion
13719,Field NE-13719 (Amanzi),(no issues listed)
13720,Field SE-13720 (Akatsi),Flood|HeatStress|Pest
13721,Field NW-13721 (Amanzi),WeedPressure|Flood|FungalDisease
13722,Field NE-13722 (Kilimani),Pest|Flood|SoilErosion
13723,Field SE-13723 (Kilimani),WeedPressure|HeatStress|FrostDamage
13724,Field SE-13724 (Sokoto),WeedPressure|FrostDamage
13725,Field SW-13725 (Sokoto),NutrientDeficiency
13726,Field NW-13726 (Sokoto),Salinity|SoilErosion
13727,Field C-13727 (Kilimani),HeatStress
13728,Field SW-13728 (Akatsi),Drought|Pest|Flood
13729,Field C-13729 (Hawassa),WeedPressure|NutrientDeficiency|Pest
13730,Field NE-13730 (Hawassa),NutrientDeficiency|Salinity
13731,Field C-13731 (Kilimani),(no issues listed)
13732,Field C-13732 (Amanzi),Drought
13733,Field SE-13733 (Amanzi),WeedPressure|Drought
13734,Field C-13734 (Hawassa),(no issues listed)
13735,Field C-13735 (Akatsi),Flood|WeedPressure
13736,Field SW-13736 (Sokoto),WeedPressure|Drought
13737,Field NW-13737 (Kilimani),HeatStress|Pest|NutrientDeficiency
13738,Field SE-13738 (Akatsi),WeedPressure
13739,Field NW-13739 (Sokoto),HeatStress
13740,Field C-13740 (Akatsi),WeedPressure|FungalDisease
13741,Field SW-13741 (Amanzi),SoilErosion
13742,Field SE-13742 (Akatsi),FungalDisease|Pest
13743,Field SE-13743 (Hawassa),(no issues listed)
13744,Field SW-13744 (Amanzi),HeatStress
13745,Field C-13745 (Hawassa),FungalDisease|Pest
13746,Field SW-13746 (Hawassa),NutrientDeficiency|FrostDamage
13747,Field C-13747 (Amanzi),Drought|Flood|WeedPressure
13748,Field NE-13748 (Akatsi),Pest|FungalDisease|WeedPressure
13749,Field NE-13749 (Hawassa),Flood|FungalDisease
13750,Field SW-13750 (Akatsi),SoilErosion
13751,Field NE-13751 (Sokoto),SoilErosion|Pest|NutrientDeficiency
13752,Field SW-13752 (Kilimani),Flood|Drought
13753,Field C-13753 (Hawassa),Pest|Flood
13754,Field NW-13754 (Kilimani),Flood|FungalDisease
13755,Field SE-13755 (Sokoto),Pest|FungalDisease
13756,Field C-13756 (Kilimani),FrostDamage|WeedPressure
13757,Field SE-13757 (Amanzi),NutrientDeficiency|FungalDisease|HeatStress
13758,Field NW-13758 (Hawassa),Salinity|SoilErosion|NutrientDeficiency
13759,Field NW-13759 (Amanzi),WeedPressure|HeatStress
13760,Field NW-13760 (Hawassa),WeedPressure|Flood|Pest
13761,Field SW-13761 (Kilimani),FungalDisease|Pest|WeedPressure
13762,Field C-13762 (Akatsi),(no issues listed)
13763,Field NE-13763 (Amanzi),Pest
13764,Field SW-13764 (Amanzi),WeedPressure|FungalDisease
13765,Field SW-13765 (Akatsi),FrostDamage|SoilErosion
13766,Field SE-13766 (Sokoto),NutrientDeficiency|Drought|HeatStress
13767,Field NE-13767 (Sokoto),WeedPressure
13768,Field SE-13768 (Amanzi),(no issues listed)
13769,Field C-13769 (Akatsi),FungalDisease|HeatStress
13770,Field C-13770 (Hawassa),Pest|Drought
13771,Field SE-13771 (Sokoto),WeedPressure|Pest
13772,Field SW-13772 (Amanzi),NutrientDeficiency
13773,Field NE-13773 (Akatsi),WeedPressure|HeatStress|Pest
13774,Field SW-13774 (Amanzi),Drought|FungalDisease
13775,Field NW-13775 (Akatsi),WeedPressure|HeatStress
13776,Field NW-13776 (Kilimani),Drought
13777,Field SW-13777 (Amanzi),(no issues listed)
13778,Field SE-13778 (Amanzi),Pest|WeedPressure
13779,Field SW-13779 (Kilimani),Drought
13780,Field SW-13780 (Amanzi),(no issues listed)
13781,Field C-13781 (Sokoto),Drought
13782,Field SE-13782 (Akatsi),Flood|NutrientDeficiency|SoilErosion
13783,Field C-13783 (Hawassa),SoilErosion
13784,Field SE-13784 (Akatsi),Salinity|Drought|NutrientDeficiency
13785,Field NW-13785 (Amanzi),(no issues listed)
13786,Field C-13786 (Hawassa),Flood|Pest
13787,Field SW-13787 (Kilimani),Drought|Flood|Pest
13788,Field NE-13788 (Kilimani),(no issues listed)
13789,Field C-13789 (Hawassa),Pest
13790,Field SE-13790 (Akatsi),FrostDamage
13791,Field NW-13791 (Kilimani),(no issues listed)
13792,Field NW-13792 (Amanzi),FungalDisease
13793,Field SW-13793 (Hawassa),Salinity
13794,Field SW-13794 (Sokoto),HeatStress|SoilErosion|Pest
13795,Field C-13795 (Hawassa),Drought|Salinity
13796,Field SE-13796 (Akatsi),Drought
13797,Field SW-13797 (Kilimani),WeedPressure|SoilErosion
13798,Field SE-13798 (Kilimani),Drought
13799,Field SW-13799 (Kilimani),HeatStress|Drought
13800,Field SW-13800 (Amanzi),Flood|NutrientDeficiency|WeedPressure
13801,Field SE-13801 (Sokoto),HeatStress|Flood
13802,Field C-13802 (Hawassa),Drought
13803,Field SW-13803 (Akatsi),Salinity|FrostDamage
13804,Field C-13804 (Kilimani),FungalDisease|Salinity
13805,Field SE-13805 (Akatsi),Drought|WeedPressure|FungalDisease
13806,Field C-13806 (Amanzi),(no issues listed)
13807,Field SW-13807 (Kilimani),Drought
13808,Field SW-13808 (Hawassa),Pest|FungalDisease|SoilErosion
13809,Field SE-13809 (Amanzi),(no issues listed)
13810,Field C-13810 (Kilimani),Drought|FrostDamage|WeedPressure
13811,Field NW-13811 (Akatsi),FungalDisease
13812,Field SW-13812 (Amanzi),(no issues listed)
13813,Field SW-13813 (Sokoto),(no issues listed)
13814,Field NE-13814 (Amanzi),Drought|Pest
13815,Field NE-13815 (Kilimani),NutrientDeficiency|Pest
13816,Field C-13816 (Hawassa),FungalDisease|Salinity|NutrientDeficiency
13817,Field C-13817 (Kilimani),Drought
13818,Field NW-13818 (Kilimani),FungalDisease
13819,Field NE-13819 (Akatsi),Pest|SoilErosion
13820,Field SE-13820 (Sokoto),Drought|FungalDisease|Salinity
13821,Field SE-13821 (Amanzi),Pest
13822,Field NE-13822 (Amanzi),Pest
13823,Field NE-13823 (Kilimani),FungalDisease
13824,Field NE-13824 (Kilimani),Drought|Pest
13825,Field SW-13825 (Kilimani),NutrientDeficiency
13826,Field C-13826 (Sokoto),Flood
13827,Field SE-13827 (Amanzi),WeedPressure
13828,Field NE-13828 (Amanzi),Flood
13829,Field SE-13829 (Sokoto),HeatStress|WeedPressure|NutrientDeficiency
13830,Field C-13830 (Hawassa),NutrientDeficiency
13831,Field SW-13831 (Hawassa),NutrientDeficiency|Flood
13832,Field NE-13832 (Amanzi),HeatStress|Drought
13833,Field NW-13833 (Akatsi),SoilErosion|NutrientDeficiency
13834,Field SW-13834 (Amanzi),(no issues listed)
13835,Field NE-13835 (Akatsi),FungalDisease|Pest|WeedPressure
13836,Field SW-13836 (Amanzi),FrostDamage|Drought
13837,Field NE-13837 (Sokoto),SoilErosion
13838,Field NE-13838 (Hawassa),Flood|FrostDamage
13839,Field NW-13839 (Hawassa),Drought|FungalDisease|NutrientDeficiency
13840,Field NW-13840 (Amanzi),FungalDisease|Pest|SoilErosion
13841,Field NW-13841 (Akatsi),HeatStress|WeedPressure
13842,Field C-13842 (Hawassa),FungalDisease|Drought
13843,Field SE-13843 (Sokoto),HeatStress|Flood|WeedPressure
13844,Field SW-13844 (Hawassa),NutrientDeficiency
13845,Field NW-13845 (Akatsi),NutrientDeficiency|WeedPressure|Flood
13846,Field C-13846 (Kilimani),FungalDisease
13847,Field SW-13847 (Amanzi),Drought
13848,Field C-13848 (Hawassa),NutrientDeficiency
13849,Field NE-13849 (Kilimani),SoilErosion|Pest|Drought
13850,Field SW-13850 (Amanzi),Pest|Drought|NutrientDeficiency
13851,Field NE-13851 (Hawassa),SoilErosion|NutrientDeficiency|Flood
13852,Field NW-13852 (Kilimani),WeedPressure|Drought
13853,Field SE-13853 (Hawassa),FungalDisease|Flood|Drought
13854,Field NW-13854 (Sokoto),Drought|Flood|NutrientDeficiency
13855,Field C-13855 (Kilimani),(no issues listed)
13856,Field NW-13856 (Hawassa),FungalDisease
13857,Field SW-13857 (Akatsi),(no issues listed)
13858,Field NW-13858 (Amanzi),NutrientDeficiency|WeedPressure|Flood
13859,Field NE-13859 (Sokoto),HeatStress
13860,Field SE-13860 (Amanzi),Salinity|Pest|WeedPressure
13861,Field NE-13861 (Sokoto),FungalDisease
13862,Field NE-13862 (Kilimani),NutrientDeficiency
13863,Field SW-13863 (Kilimani),HeatStress|FungalDisease|NutrientDeficiency
13864,Field SW-13864 (Kilimani),SoilErosion|HeatStress
13865,Field NW-13865 (Akatsi),(no issues listed)
13866,Field SE-13866 (Hawassa),SoilErosion
13867,Field SW-13867 (Hawassa),HeatStress|WeedPressure|Drought
13868,Field SW-13868 (Kilimani),WeedPressure
13869,Field NE-13869 (Hawassa),(no issues listed)
13870,Field NW-13870 (Sokoto),Flood
13871,Field NE-13871 (Hawassa),NutrientDeficiency|SoilErosion
13872,Field C-13872 (Kilimani),SoilErosion|Pest
13873,Field NE-13873 (Kilimani),FungalDisease|WeedPressure|Salinity
13874,Field SE-13874 (Kilimani),FungalDisease|Drought|WeedPressure
13875,Field NE-13875 (Akatsi),(no issues listed)
13876,Field NE-13876 (Kilimani),Pest|Drought
13877,Field SE-13877 (Kilimani),HeatStress
13878,Field SW-13878 (Kilimani),NutrientDeficiency
13879,Field C-13879 (Kilimani),FungalDisease
13880,Field SE-13880 (Amanzi),WeedPressure|FungalDisease|Pest
13881,Field C-13881 (Hawassa),Flood
13882,Field NW-13882 (Kilimani),NutrientDeficiency|Flood
13883,Field NE-13883 (Sokoto),(no issues listed)
13884,Field SE-13884 (Akatsi),(no issues listed)
13885,Field SE-13885 (Kilimani),(no issues listed)
13886,Field NW-13886 (Kilimani),(no issues listed)
13887,Field NE-13887 (Amanzi),Drought|Flood
13888,Field NE-13888 (Sokoto),SoilErosion
13889,Field C-13889 (Sokoto),WeedPressure
13890,Field SE-13890 (Sokoto),FrostDamage|FungalDisease|NutrientDeficiency
13891,Field SE-13891 (Kilimani),FungalDisease|WeedPressure|NutrientDeficiency
13892,Field NW-13892 (Akatsi),Flood|FungalDisease|Pest
13893,Field SW-13893 (Hawassa),Pest
13894,Field C-13894 (Akatsi),WeedPressure
13895,Field NW-13895 (Amanzi),(no issues listed)
13896,Field NW-13896 (Amanzi),NutrientDeficiency
13897,Field SW-13897 (Amanzi),NutrientDeficiency|WeedPressure|Drought
13898,Field NW-13898 (Sokoto),Flood|Drought
13899,Field NW-13899 (Kilimani),Pest|Drought
13900,Field NW-13900 (Sokoto),HeatStress|Drought
13901,Field C-13901 (Amanzi),FungalDisease
13902,Field SW-13902 (Hawassa),Drought|NutrientDeficiency
13903,Field NW-13903 (Sokoto),Drought|WeedPressure|Pest
13904,Field NW-13904 (Sokoto),(no issues listed)
13905,Field SW-13905 (Sokoto),Pest|NutrientDeficiency|Drought
13906,Field NE-13906 (Kilimani),SoilErosion|Pest|Salinity
13907,Field C-13907 (Kilimani),FungalDisease|HeatStress
13908,Field NW-13908 (Amanzi),Flood|HeatStress
13909,Field SW-13909 (Akatsi),Flood
13910,Field C-13910 (Akatsi),SoilErosion|Drought
13911,Field C-13911 (Hawassa),Drought
13912,Field SW-13912 (Kilimani),Drought|FrostDamage|Pest
13913,Field NW-13913 (Amanzi),FungalDisease
13914,Field SW-13914 (Hawassa),WeedPressure|Flood|HeatStress
13915,Field SW-13915 (Kilimani),Pest
13916,Field C-13916 (Amanzi),Drought|HeatStress|SoilErosion
13917,Field NW-13917 (Amanzi),FungalDisease|Flood|NutrientDeficiency
13918,Field NW-13918 (Hawassa),FungalDisease|HeatStress
13919,Field NE-13919 (Amanzi),SoilErosion
13920,Field C-13920 (Amanzi),(no issues listed)
13921,Field SW-13921 (Sokoto),WeedPressure|SoilErosion
13922,Field SW-13922 (Amanzi),FungalDisease|WeedPressure
13923,Field C-13923 (Amanzi),NutrientDeficiency
13924,Field SW-13924 (Sokoto),FrostDamage
13925,Field NW-13925 (Hawassa),Drought|Pest|Flood
13926,Field NW-13926 (Amanzi),Drought|HeatStress
13927,Field SW-13927 (Sokoto),Flood|Pest
13928,Field NE-13928 (Amanzi),(no issues listed)
13929,Field NE-13929 (Kilimani),NutrientDeficiency|FungalDisease
13930,Field NW-13930 (Sokoto),Drought|WeedPressure
13931,Field SE-13931 (Kilimani),SoilErosion|Flood|Pest
13932,Field NE-13932 (Amanzi),Pest
13933,Field NW-13933 (Sokoto),Pest|Flood
13934,Field SE-13934 (Hawassa),NutrientDeficiency|Drought
13935,Field SW-13935 (Sokoto),(no issues listed)
13936,Field NW-13936 (Hawassa),HeatStress|FungalDisease|Pest
13937,Field C-13937 (Akatsi),Pest|HeatStress
13938,Field NE-13938 (Kilimani),WeedPressure|Salinity
13939,Field SW-13939 (Amanzi),WeedPressure|Pest|Drought
13940,Field SE-13940 (Hawassa),FungalDisease
13941,Field SW-13941 (Sokoto),FungalDisease
13942,Field NW-13942 (Sokoto),(no issues listed)
13943,Field NW-13943 (Kilimani),SoilErosion
13944,Field SE-13944 (Kilimani),HeatStress
13945,Field SE-13945 (Akatsi),Salinity
13946,Field NW-13946 (Hawassa),SoilErosion|NutrientDeficiency|Drought
13947,Field C-13947 (Sokoto),Salinity|Flood
13948,Field NW-13948 (Kilimani),SoilErosion
13949,Field C-13949 (Sokoto),Pest
13950,Field SW-13950 (Amanzi),WeedPressure
13951,Field SE-13951 (Amanzi),Drought|FungalDisease|Pest
13952,Field SW-13952 (Akatsi),Salinity|Flood|SoilErosion
13953,Field NE-13953 (Kilimani),Flood|WeedPressure
13954,Field SE-13954 (Hawassa),Flood
13955,Field NE-13955 (Amanzi),Flood|WeedPressure|Pest
13956,Field NE-13956 (Kilimani),Drought
13957,Field SW-13957 (Hawassa),Pest|SoilErosion|FungalDisease
13958,Field SW-13958 (Akatsi),FungalDisease|Drought|Pest
13959,Field C-13959 (Amanzi),NutrientDeficiency|Flood|Pest
13960,Field C-13960 (Kilimani),Pest|WeedPressure|FungalDisease
13961,Field SE-13961 (Kilimani),SoilErosion|WeedPressure|Pest
13962,Field NW-13962 (Akatsi),Pest|SoilErosion|NutrientDeficiency
13963,Field C-13963 (Kilimani),Flood|Pest|WeedPressure
13964,Field NE-13964 (Akatsi),Salinity|Pest|Drought
13965,Field C-13965 (Sokoto),SoilErosion|WeedPressure|FrostDamage
13966,Field NW-13966 (Hawassa),HeatStress|Pest|SoilErosion
13967,Field NE-13967 (Sokoto),WeedPressure|NutrientDeficiency
13968,Field SW-13968 (Kilimani),Salinity|HeatStress|Drought
13969,Field SW-13969 (Kilimani),FrostDamage|HeatStress
13970,Field SW-13970 (Kilimani),NutrientDeficiency|WeedPressure
13971,Field SW-13971 (Amanzi),Pest
13972,Field NW-13972 (Hawassa),Pest|WeedPressure
13973,Field SE-13973 (Hawassa),Drought|SoilErosion|Pest
13974,Field SW-13974 (Kilimani),NutrientDeficiency
13975,Field SE-13975 (Akatsi),Pest|FungalDisease|FrostDamage
13976,Field NE-13976 (Amanzi),FungalDisease|Flood|NutrientDeficiency
13977,Field NE-13977 (Amanzi),FungalDisease
13978,Field NW-13978 (Kilimani),Pest|Salinity
13979,Field C-13979 (Akatsi),NutrientDeficiency
13980,Field SE-13980 (Akatsi),(no issues listed)
13981,Field SW-13981 (Hawassa),Drought|NutrientDeficiency
13982,Field C-13982 (Kilimani),WeedPressure
13983,Field NW-13983 (Akatsi),Pest|HeatStress
13984,Field NE-13984 (Amanzi),NutrientDeficiency|Pest
13985,Field C-13985 (Hawassa),WeedPressure|HeatStress
13986,Field SE-13986 (Akatsi),(no issues listed)
13987,Field NE-13987 (Hawassa),FrostDamage|Drought|SoilErosion
13988,Field SW-13988 (Sokoto),Pest|Drought|Flood
13989,Field SE-13989 (Sokoto),Flood
13990,Field NE-13990 (Hawassa),HeatStress|Pest
13991,Field SE-13991 (Hawassa),NutrientDeficiency|Salinity
13992,Field C-13992 (Amanzi),Flood|WeedPressure
13993,Field SE-13993 (Sokoto),(no issues listed)
13994,Field C-13994 (Amanzi),FungalDisease
13995,Field SW-13995 (Kilimani),Pest|Drought
13996,Field SW-13996 (Sokoto),FrostDamage|WeedPressure|FungalDisease
13997,Field SE-13997 (Akatsi),Drought|WeedPressure|SoilErosion
13998,Field SE-13998 (Hawassa),(no issues listed)
13999,Field SE-13999 (Kilimani),HeatStress
14000,Field NE-14000 (Amanzi),WeedPressure|Drought
14001,Field C-14001 (Kilimani),(no issues listed)
14002,Field SE-14002 (Sokoto),WeedPressure|Pest|Salinity
14003,Field SE-14003 (Sokoto),FungalDisease|Flood
14004,Field SW-14004 (Hawassa),NutrientDeficiency|FungalDisease
14005,Field C-14005 (Amanzi),WeedPressure
14006,Field SW-14006 (Kilimani),FungalDisease
14007,Field NE-14007 (Hawassa),NutrientDeficiency|Pest|Salinity
14008,Field SE-14008 (Akatsi),SoilErosion
14009,Field NE-14009 (Akatsi),Drought|NutrientDeficiency
14010,Field SE-14010 (Hawassa),FungalDisease|Pest
14011,Field NE-14011 (Amanzi),FrostDamage
14012,Field NE-14012 (Akatsi),HeatStress|NutrientDeficiency
14013,Field NW-14013 (Akatsi),FrostDamage
14014,Field C-14014 (Sokoto),WeedPressure|SoilErosion|FrostDamage
14015,Field C-14015 (Sokoto),WeedPressure|Flood
14016,Field SE-14016 (Akatsi),Drought
14017,Field C-14017 (Amanzi),Salinity
14018,Field C-14018 (Sokoto),Flood
14019,Field NE-14019 (Kilimani),Drought|SoilErosion
14020,Field SW-14020 (Hawassa),SoilErosion
14021,Field NE-14021 (Amanzi),Flood|Drought|Pest
14022,Field SW-14022 (Sokoto),NutrientDeficiency|FrostDamage
14023,Field SW-14023 (Akatsi),Pest
14024,Field NW-14024 (Amanzi),FrostDamage|WeedPressure
14025,Field NE-14025 (Kilimani),SoilErosion|Pest
14026,Field SE-14026 (Hawassa),FungalDisease|Salinity|NutrientDeficiency
14027,Field SE-14027 (Hawassa),Pest
14028,Field SE-14028 (Sokoto),Drought|Flood
14029,Field C-14029 (Sokoto),SoilErosion|FungalDisease
14030,Field SW-14030 (Hawassa),Pest|Drought|NutrientDeficiency
14031,Field NW-14031 (Hawassa),Salinity
14032,Field SE-14032 (Sokoto),Flood|FungalDisease
14033,Field C-14033 (Kilimani),NutrientDeficiency
14034,Field C-14034 (Sokoto),FungalDisease|HeatStress
14035,Field NW-14035 (Hawassa),NutrientDeficiency|Drought|HeatStress
14036,Field SE-14036 (Hawassa),HeatStress|SoilErosion
14037,Field C-14037 (Sokoto),FungalDisease|Flood
14038,Field NW-14038 (Kilimani),FrostDamage|SoilErosion|Pest
14039,Field C-14039 (Akatsi),HeatStress|Pest
14040,Field NE-14040 (Akatsi),FungalDisease|Drought|SoilErosion
14041,Field NE-14041 (Amanzi),Drought|NutrientDeficiency|Flood
14042,Field NW-14042 (Hawassa),Drought|NutrientDeficiency
14043,Field SW-14043 (Sokoto),SoilErosion|Pest
14044,Field NE-14044 (Amanzi),Flood
14045,Field SE-14045 (Kilimani),HeatStress|WeedPressure
14046,Field NE-14046 (Kilimani),(no issues listed)
14047,Field NW-14047 (Kilimani),Drought|Pest
14048,Field SE-14048 (Hawassa),HeatStress|SoilErosion
14049,Field SE-14049 (Sokoto),FungalDisease|SoilErosion
14050,Field NW-14050 (Akatsi),Pest|WeedPressure
14051,Field C-14051 (Hawassa),Flood|FrostDamage
14052,Field NW-14052 (Sokoto),SoilErosion|Salinity|NutrientDeficiency
14053,Field SE-14053 (Sokoto),Drought|SoilErosion|WeedPressure
14054,Field SW-14054 (Kilimani),WeedPressure|Salinity
14055,Field SE-14055 (Kilimani),Drought
14056,Field C-14056 (Akatsi),NutrientDeficiency|WeedPressure
14057,Field NE-14057 (Hawassa),(no issues listed)
14058,Field SW-14058 (Amanzi),(no issues listed)
14059,Field C-14059 (Akatsi),HeatStress
14060,Field SW-14060 (Akatsi),NutrientDeficiency|Drought
14061,Field SW-14061 (Sokoto),Flood
14062,Field NE-14062 (Amanzi),SoilErosion|WeedPressure
14063,Field SE-14063 (Sokoto),(no issues listed)
14064,Field SW-14064 (Hawassa),Pest|Drought|NutrientDeficiency
14065,Field SE-14065 (Sokoto),HeatStress
14066,Field SW-14066 (Kilimani),Flood|FungalDisease|SoilErosion
14067,Field SW-14067 (Akatsi),Drought|Flood
14068,Field NE-14068 (Hawassa),HeatStress|Pest
14069,Field NW-14069 (Sokoto),Pest
14070,Field NE-14070 (Hawassa),(no issues listed)
14071,Field SE-14071 (Sokoto),Salinity|FungalDisease
14072,Field SW-14072 (Sokoto),Salinity|WeedPressure|HeatStress
14073,Field NE-14073 (Amanzi),Drought|SoilErosion|Flood
14074,Field SE-14074 (Hawassa),Flood|WeedPressure
14075,Field C-14075 (Hawassa),FungalDisease
14076,Field C-14076 (Hawassa),Salinity|WeedPressure|Drought
14077,Field C-14077 (Kilimani),NutrientDeficiency|Pest
14078,Field NW-14078 (Akatsi),WeedPressure
14079,Field SE-14079 (Kilimani),HeatStress
14080,Field C-14080 (Akatsi),FungalDisease
14081,Field SE-14081 (Sokoto),WeedPressure|Drought
14082,Field C-14082 (Akatsi),(no issues listed)
14083,Field NE-14083 (Amanzi),HeatStress|Drought
14084,Field C-14084 (Kilimani),Pest|NutrientDeficiency
14085,Field NE-14085 (Hawassa),HeatStress
14086,Field SW-14086 (Sokoto),Pest
14087,Field NW-14087 (Hawassa),Drought|SoilErosion
14088,Field NE-14088 (Sokoto),FrostDamage|SoilErosion
14089,Field SW-14089 (Akatsi),Flood|Drought|Salinity
14090,Field NE-14090 (Sokoto),WeedPressure|FungalDisease|SoilErosion
14091,Field NW-14091 (Amanzi),(no issues listed)
14092,Field NW-14092 (Sokoto),HeatStress|FungalDisease|WeedPressure
14093,Field NE-14093 (Amanzi),FrostDamage|HeatStress
14094,Field SE-14094 (Amanzi),SoilErosion|FungalDisease
14095,Field NE-14095 (Akatsi),Drought|WeedPressure
14096,Field SW-14096 (Kilimani),WeedPressure|HeatStress|Flood
14097,Field C-14097 (Akatsi),(no issues listed)
14098,Field C-14098 (Amanzi),Drought|WeedPressure|Flood
14099,Field NE-14099 (Amanzi),Drought|SoilErosion|NutrientDeficiency
14100,Field SE-14100 (Akatsi),FungalDisease|Pest|Salinity
14101,Field C-14101 (Hawassa),FungalDisease|Flood|Pest
14102,Field C-14102 (Amanzi),Drought
14103,Field SE-14103 (Kilimani),Pest|SoilErosion|NutrientDeficiency
14104,Field SE-14104 (Hawassa),Flood
14105,Field C-14105 (Amanzi),WeedPressure
14106,Field NW-14106 (Sokoto),(no issues listed)
14107,Field NW-14107 (Hawassa),HeatStress|Pest|FungalDisease
14108,Field NE-14108 (Sokoto),HeatStress|WeedPressure|FrostDamage
14109,Field SW-14109 (Amanzi),SoilErosion|HeatStress|WeedPressure
14110,Field SW-14110 (Amanzi),FungalDisease|Drought
14111,Field SW-14111 (Hawassa),WeedPressure|Flood
14112,Field C-14112 (Akatsi),Drought
14113,Field C-14113 (Hawassa),Drought|Flood
14114,Field SW-14114 (Akatsi),(no issues listed)
14115,Field NW-14115 (Amanzi),(no issues listed)
14116,Field NW-14116 (Amanzi),Pest|FungalDisease
14117,Field NW-14117 (Kilimani),Drought|Pest|HeatStress
14118,Field SW-14118 (Hawassa),Flood|Pest
14119,Field C-14119 (Sokoto),Pest
14120,Field NW-14120 (Kilimani),FungalDisease
14121,Field SE-14121 (Kilimani),Pest
14122,Field SE-14122 (Sokoto),SoilErosion|Pest
14123,Field NE-14123 (Sokoto),(no issues listed)
14124,Field C-14124 (Hawassa),Salinity|Pest
14125,Field SW-14125 (Akatsi),SoilErosion|WeedPressure
14126,Field SW-14126 (Akatsi),Salinity|FungalDisease|SoilErosion
14127,Field SW-14127 (Hawassa),FungalDisease
14128,Field C-14128 (Amanzi),Drought
14129,Field C-14129 (Amanzi),Drought|Pest
14130,Field C-14130 (Kilimani),WeedPressure
14131,Field NW-14131 (Hawassa),Drought|HeatStress
14132,Field SW-14132 (Akatsi),(no issues listed)
14133,Field SE-14133 (Sokoto),Drought|NutrientDeficiency
14134,Field C-14134 (Amanzi),Pest|WeedPressure
14135,Field SW-14135 (Akatsi),(no issues listed)
14136,Field NW-14136 (Hawassa),Drought
14137,Field NW-14137 (Amanzi),FungalDisease|Drought
14138,Field SE-14138 (Akatsi),Pest|Salinity|FungalDisease
14139,Field C-14139 (Akatsi),SoilErosion
14140,Field SE-14140 (Kilimani),Flood
14141,Field SE-14141 (Akatsi),NutrientDeficiency
14142,Field SE-14142 (Sokoto),FrostDamage|FungalDisease|SoilErosion
14143,Field NW-14143 (Kilimani),NutrientDeficiency
14144,Field SE-14144 (Sokoto),Drought|FungalDisease|FrostDamage
14145,Field NE-14145 (Akatsi),(no issues listed)
14146,Field NW-14146 (Hawassa),SoilErosion|HeatStress|Flood
14147,Field NE-14147 (Kilimani),NutrientDeficiency|WeedPressure|Drought
14148,Field SW-14148 (Hawassa),Pest|NutrientDeficiency|FungalDisease
14149,Field C-14149 (Sokoto),SoilErosion
14150,Field C-14150 (Hawassa),WeedPressure
14151,Field SE-14151 (Kilimani),Pest|HeatStress
14152,Field C-14152 (Amanzi),Drought|Pest
14153,Field C-14153 (Amanzi),FungalDisease|Salinity|Pest
14154,Field NE-14154 (Akatsi),Pest|FungalDisease
14155,Field SE-14155 (Kilimani),(no issues listed)
14156,Field SW-14156 (Kilimani),NutrientDeficiency
14157,Field C-14157 (Sokoto),Salinity|Drought
14158,Field NW-14158 (Kilimani),Pest|Drought
14159,Field SE-14159 (Hawassa),NutrientDeficiency
14160,Field NW-14160 (Hawassa),FungalDisease
14161,Field NE-14161 (Akatsi),(no issues listed)
14162,Field NW-14162 (Akatsi),NutrientDeficiency|Flood
14163,Field SW-14163 (Hawassa),WeedPressure
14164,Field NW-14164 (Hawassa),Drought|FungalDisease|FrostDamage
14165,Field SE-14165 (Hawassa),(no issues listed)
14166,Field SE-14166 (Akatsi),(no issues listed)
14167,Field NW-14167 (Sokoto),NutrientDeficiency
14168,Field SW-14168 (Kilimani),Drought|FungalDisease
14169,Field NW-14169 (Kilimani),Salinity|HeatStress
14170,Field NW-14170 (Amanzi),HeatStress
14171,Field NE-14171 (Kilimani),FungalDisease
14172,Field NE-14172 (Kilimani),Pest|Flood
14173,Field NE-14173 (Kilimani),Drought|FungalDisease
14174,Field NW-14174 (Sokoto),NutrientDeficiency|Salinity
14175,Field SE-14175 (Hawassa),Pest|Flood
14176,Field C-14176 (Kilimani),Pest|Flood|WeedPressure
14177,Field C-14177 (Hawassa),SoilErosion
14178,Field NE-14178 (Akatsi),FrostDamage|Salinity|FungalDisease
14179,Field C-14179 (Amanzi),NutrientDeficiency
14180,Field SW-14180 (Amanzi),HeatStress|Pest|Drought
14181,Field C-14181 (Sokoto),HeatStress|WeedPressure
14182,Field SE-14182 (Hawassa),WeedPressure|Drought|NutrientDeficiency
14183,Field NW-14183 (Hawassa),HeatStress|Drought|SoilErosion
14184,Field SW-14184 (Sokoto),Drought|WeedPressure|Pest
14185,Field NW-14185 (Kilimani),FrostDamage
14186,Field C-14186 (Sokoto),FrostDamage
14187,Field NE-14187 (Sokoto),Drought|HeatStress
14188,Field NE-14188 (Sokoto),Salinity
14189,Field NE-14189 (Sokoto),Flood|WeedPressure|HeatStress
14190,Field C-14190 (Hawassa),Drought|NutrientDeficiency
14191,Field NE-14191 (Akatsi),Salinity|Drought
14192,Field C-14192 (Amanzi),Pest
14193,Field SW-14193 (Kilimani),Pest
14194,Field C-14194 (Akatsi),(no issues listed)
14195,Field SE-14195 (Hawassa),FungalDisease
14196,Field NW-14196 (Hawassa),WeedPressure|Drought|FungalDisease
14197,Field C-14197 (Akatsi),FrostDamage|WeedPressure
14198,Field NW-14198 (Kilimani),Flood|WeedPressure
14199,Field SW-14199 (Amanzi),(no issues listed)
14200,Field SE-14200 (Sokoto),FungalDisease
14201,Field SE-14201 (Sokoto),Flood|Drought|SoilErosion
14202,Field NE-14202 (Akatsi),Flood|FungalDisease
14203,Field SW-14203 (Hawassa),(no issues listed)
14204,Field NW-14204 (Akatsi),SoilErosion
14205,Field NE-14205 (Hawassa),(no issues listed)
14206,Field SW-14206 (Sokoto),NutrientDeficiency
14207,Field SW-14207 (Amanzi),Salinity|Drought
14208,Field SW-14208 (Sokoto),SoilErosion|Pest|HeatStress
14209,Field C-14209 (Sokoto),Drought|WeedPressure|FungalDisease
14210,Field SE-14210 (Amanzi),(no issues listed)
14211,Field NE-14211 (Kilimani),NutrientDeficiency|HeatStress|WeedPressure
14212,Field SE-14212 (Hawassa),FungalDisease|Drought|WeedPressure
14213,Field SW-14213 (Sokoto),WeedPressure|Drought|Pest
14214,Field C-14214 (Hawassa),Pest|FrostDamage|WeedPressure
14215,Field NE-14215 (Sokoto),(no issues listed)
14216,Field SW-14216 (Amanzi),Salinity|NutrientDeficiency|Flood
14217,Field NE-14217 (Hawassa),Drought|HeatStress|Salinity
14218,Field SE-14218 (Kilimani),Pest
14219,Field NE-14219 (Amanzi),Drought|HeatStress|NutrientDeficiency
14220,Field SE-14220 (Amanzi),FungalDisease|NutrientDeficiency|HeatStress
14221,Field NE-14221 (Sokoto),Drought|FungalDisease|WeedPressure
14222,Field NE-14222 (Kilimani),SoilErosion|HeatStress|WeedPressure
14223,Field NE-14223 (Amanzi),Pest
14224,Field NE-14224 (Hawassa),Pest
14225,Field C-14225 (Kilimani),NutrientDeficiency|Drought|Salinity
14226,Field NE-14226 (Kilimani),Salinity|HeatStress|SoilErosion
14227,Field NE-14227 (Amanzi),Salinity|SoilErosion|NutrientDeficiency
14228,Field C-14228 (Amanzi),Pest|Flood
14229,Field C-14229 (Kilimani),Pest|FrostDamage|Salinity
14230,Field NW-14230 (Amanzi),Flood
14231,Field C-14231 (Akatsi),Salinity|Drought|NutrientDeficiency
14232,Field SW-14232 (Hawassa),WeedPressure|Flood
14233,Field NE-14233 (Amanzi),Drought
14234,Field NE-14234 (Sokoto),NutrientDeficiency|HeatStress|Drought
14235,Field C-14235 (Hawassa),NutrientDeficiency|Pest
14236,Field C-14236 (Kilimani),(no issues listed)
14237,Field SE-14237 (Akatsi),(no issues listed)
14238,Field C-14238 (Hawassa),FungalDisease|NutrientDeficiency|WeedPressure
14239,Field C-14239 (Hawassa),(no issues listed)
14240,Field NW-14240 (Sokoto),HeatStress
14241,Field SE-14241 (Akatsi),(no issues listed)
14242,Field NW-14242 (Akatsi),SoilErosion|Drought
14243,Field SW-14243 (Hawassa),Flood|NutrientDeficiency|Drought
14244,Field SE-14244 (Kilimani),Flood
14245,Field NW-14245 (Hawassa),WeedPressure
14246,Field SE-14246 (Kilimani),WeedPressure|FungalDisease
14247,Field SE-14247 (Akatsi),Drought|NutrientDeficiency|WeedPressure
14248,Field SE-14248 (Amanzi),NutrientDeficiency
14249,Field C-14249 (Hawassa),Salinity
14250,Field SE-14250 (Sokoto),(no issues listed)
14251,Field NE-14251 (Kilimani),Pest
14252,Field SE-14252 (Akatsi),FrostDamage|WeedPressure
14253,Field SE-14253 (Akatsi),SoilErosion|Salinity
14254,Field SW-14254 (Akatsi),(no issues listed)
14255,Field NE-14255 (Akatsi),(no issues listed)
14256,Field NW-14256 (Hawassa),Drought
14257,Field NE-14257 (Amanzi),Drought|FrostDamage|Pest
14258,Field SE-14258 (Amanzi),SoilErosion|FungalDisease
14259,Field NE-14259 (Kilimani),Pest|Drought|NutrientDeficiency
14260,Field NE-14260 (Sokoto),Pest|Flood|NutrientDeficiency
14261,Field NE-14261 (Kilimani),Pest|WeedPressure
14262,Field NE-14262 (Kilimani),WeedPressure
14263,Field SE-14263 (Akatsi),(no issues listed)
14264,Field SW-14264 (Akatsi),Drought|NutrientDeficiency
14265,Field NE-14265 (Akatsi),Pest|NutrientDeficiency|WeedPressure
14266,Field SE-14266 (Hawassa),HeatStress
14267,Field SW-14267 (Amanzi),Pest|FungalDisease
14268,Field SW-14268 (Kilimani),NutrientDeficiency|HeatStress
14269,Field NW-14269 (Hawassa),HeatStress|Drought
14270,Field NW-14270 (Sokoto),(no issues listed)
14271,Field SE-14271 (Amanzi),FungalDisease|SoilErosion|NutrientDeficiency
14272,Field SE-14272 (Hawassa),NutrientDeficiency
14273,Field SE-14273 (Sokoto),Pest|WeedPressure|FungalDisease
14274,Field NE-14274 (Kilimani),NutrientDeficiency
14275,Field SE-14275 (Amanzi),FungalDisease|Drought|WeedPressure
14276,Field SW-14276 (Hawassa),Drought|FrostDamage|FungalDisease
14277,Field SW-14277 (Hawassa),HeatStress|Pest|Flood
14278,Field NW-14278 (Sokoto),Flood|Drought|Pest
14279,Field NE-14279 (Amanzi),(no issues listed)
14280,Field SE-14280 (Akatsi),Drought|HeatStress
14281,Field C-14281 (Hawassa),NutrientDeficiency
14282,Field NW-14282 (Kilimani),NutrientDeficiency|WeedPressure|Pest
14283,Field SE-14283 (Kilimani),(no issues listed)
14284,Field SE-14284 (Amanzi),SoilErosion
14285,Field SE-14285 (Kilimani),WeedPressure|SoilErosion
14286,Field C-14286 (Akatsi),SoilErosion|Pest|NutrientDeficiency
14287,Field C-14287 (Amanzi),FungalDisease|WeedPressure
14288,Field NE-14288 (Sokoto),Pest|NutrientDeficiency
14289,Field NE-14289 (Amanzi),Pest|Salinity|Drought
14290,Field NW-14290 (Sokoto),Drought|HeatStress|Pest
14291,Field SE-14291 (Akatsi),NutrientDeficiency
14292,Field NE-14292 (Kilimani),(no issues listed)
14293,Field NW-14293 (Sokoto),(no issues listed)
14294,Field C-14294 (Amanzi),Pest|WeedPressure
14295,Field SW-14295 (Akatsi),Salinity|Flood
14296,Field SE-14296 (Kilimani),HeatStress|Flood
14297,Field SW-14297 (Amanzi),Drought|Flood
14298,Field SW-14298 (Kilimani),SoilErosion
14299,Field NW-14299 (Kilimani),Salinity|FungalDisease
14300,Field SE-14300 (Kilimani),Pest|Salinity|Drought
14301,Field SE-14301 (Sokoto),HeatStress
14302,Field C-14302 (Kilimani),(no issues listed)
14303,Field NW-14303 (Hawassa),(no issues listed)
14304,Field SW-14304 (Amanzi),Pest|Salinity
14305,Field NE-14305 (Amanzi),(no issues listed)
14306,Field SE-14306 (Sokoto),(no issues listed)
14307,Field NE-14307 (Hawassa),Pest|Drought|FungalDisease
14308,Field NW-14308 (Kilimani),HeatStress|SoilErosion|WeedPressure
14309,Field NE-14309 (Amanzi),Flood|FungalDisease|Drought
14310,Field SW-14310 (Sokoto),Flood|Salinity|Pest
14311,Field NW-14311 (Akatsi),(no issues listed)
14312,Field SE-14312 (Akatsi),Salinity
14313,Field SE-14313 (Sokoto),(no issues listed)
14314,Field NE-14314 (Amanzi),Pest
14315,Field NE-14315 (Akatsi),Pest|HeatStress
14316,Field C-14316 (Hawassa),WeedPressure|SoilErosion
14317,Field NW-14317 (Akatsi),Drought|WeedPressure|NutrientDeficiency
14318,Field SW-14318 (Sokoto),Flood|WeedPressure|Salinity
14319,Field NW-14319 (Hawassa),Drought|NutrientDeficiency|Flood
14320,Field SW-14320 (Akatsi),(no issues listed)
14321,Field NE-14321 (Hawassa),Drought|Salinity|NutrientDeficiency
14322,Field SE-14322 (Akatsi),HeatStress
14323,Field SE-14323 (Amanzi),WeedPressure|Pest
14324,Field NE-14324 (Sokoto),Drought
14325,Field SW-14325 (Kilimani),Pest|FungalDisease
14326,Field NW-14326 (Sokoto),Pest|WeedPressure
14327,Field NW-14327 (Akatsi),NutrientDeficiency|Flood|WeedPressure
14328,Field SW-14328 (Kilimani),FungalDisease|Salinity
14329,Field C-14329 (Kilimani),SoilErosion|FungalDisease|NutrientDeficiency
14330,Field SE-14330 (Amanzi),FungalDisease|FrostDamage
14331,Field SW-14331 (Hawassa),Flood
14332,Field C-14332 (Hawassa),Pest|WeedPressure
14333,Field NW-14333 (Amanzi),(no issues listed)
14334,Field C-14334 (Amanzi),FungalDisease|HeatStress
14335,Field NW-14335 (Kilimani),Flood|SoilErosion
14336,Field NE-14336 (Hawassa),WeedPressure|SoilErosion
14337,Field NW-14337 (Sokoto),NutrientDeficiency|WeedPressure
14338,Field NE-14338 (Hawassa),Salinity
14339,Field SW-14339 (Kilimani),SoilErosion
14340,Field NW-14340 (Kilimani),Drought|HeatStress|Pest
14341,Field NW-14341 (Hawassa),Pest|NutrientDeficiency
14342,Field C-14342 (Sokoto),Pest|FungalDisease|SoilErosion
14343,Field NW-14343 (Hawassa),WeedPressure|Flood
14344,Field NW-14344 (Akatsi),Drought|WeedPressure
14345,Field NE-14345 (Amanzi),(no issues listed)
14346,Field NE-14346 (Akatsi),SoilErosion|Flood
14347,Field C-14347 (Sokoto),Pest
14348,Field NW-14348 (Hawassa),Salinity
14349,Field SE-14349 (Amanzi),Flood
14350,Field NW-14350 (Akatsi),HeatStress|Drought|NutrientDeficiency
14351,Field C-14351 (Hawassa),FrostDamage|Pest
14352,Field C-14352 (Amanzi),WeedPressure
14353,Field NE-14353 (Kilimani),Pest|FungalDisease
14354,Field SW-14354 (Hawassa),Flood|NutrientDeficiency
14355,Field NW-14355 (Sokoto),NutrientDeficiency|SoilErosion
14356,Field C-14356 (Akatsi),HeatStress
14357,Field SW-14357 (Kilimani),HeatStress|WeedPressure
14358,Field NW-14358 (Sokoto),(no issues listed)
14359,Field SE-14359 (Kilimani),Drought
14360,Field NE-14360 (Hawassa),Salinity|HeatStress
14361,Field NW-14361 (Akatsi),SoilErosion
14362,Field SE-14362 (Kilimani),HeatStress
14363,Field NE-14363 (Sokoto),NutrientDeficiency
14364,Field C-14364 (Akatsi),(no issues listed)
14365,Field SW-14365 (Sokoto),WeedPressure|Pest|Flood
14366,Field SE-14366 (Amanzi),Pest
14367,Field NE-14367 (Kilimani),Pest
14368,Field SE-14368 (Akatsi),WeedPressure
14369,Field SW-14369 (Sokoto),WeedPressure|NutrientDeficiency|HeatStress
14370,Field SW-14370 (Hawassa),(no issues listed)
14371,Field NE-14371 (Hawassa),HeatStress
14372,Field C-14372 (Kilimani),NutrientDeficiency
14373,Field SE-14373 (Hawassa),WeedPressure
14374,Field NE-14374 (Amanzi),NutrientDeficiency|Pest|WeedPressure
14375,Field NW-14375 (Hawassa),Flood
14376,Field SE-14376 (Amanzi),Drought|Flood
14377,Field NE-14377 (Hawassa),HeatStress
14378,Field NW-14378 (Amanzi),Pest|WeedPressure|NutrientDeficiency
14379,Field NW-14379 (Sokoto),(no issues listed)
14380,Field SE-14380 (Hawassa),(no issues listed)
14381,Field NW-14381 (Kilimani),WeedPressure
14382,Field NW-14382 (Amanzi),WeedPressure
14383,Field NW-14383 (Sokoto),Drought|NutrientDeficiency|Pest
14384,Field SW-14384 (Hawassa),Salinity|NutrientDeficiency|Drought
14385,Field SW-14385 (Kilimani),NutrientDeficiency|Pest|HeatStress
14386,Field NE-14386 (Hawassa),Pest|NutrientDeficiency
14387,Field C-14387 (Amanzi),SoilErosion
14388,Field SE-14388 (Akatsi),SoilErosion|NutrientDeficiency
14389,Field NW-14389 (Kilimani),Pest|NutrientDeficiency|HeatStress
14390,Field NE-14390 (Amanzi),FungalDisease|Pest
14391,Field NE-14391 (Sokoto),Salinity
14392,Field NE-14392 (Amanzi),HeatStress|FungalDisease
14393,Field NW-14393 (Hawassa),HeatStress|Drought|WeedPressure
14394,Field NW-14394 (Amanzi),Flood
14395,Field SE-14395 (Hawassa),Drought|FungalDisease
14396,Field SE-14396 (Kilimani),Pest|FrostDamage
14397,Field NE-14397 (Hawassa),Pest
14398,Field C-14398 (Sokoto),Flood|FungalDisease|WeedPressure
14399,Field SE-14399 (Sokoto),NutrientDeficiency|Pest|Salinity
14400,Field NW-14400 (Amanzi),(no issues listed)
14401,Field SW-14401 (Sokoto),Salinity|HeatStress|SoilErosion
14402,Field C-14402 (Kilimani),(no issues listed)
14403,Field NW-14403 (Hawassa),Flood|Drought|SoilErosion
14404,Field SW-14404 (Akatsi),Drought
14405,Field C-14405 (Kilimani),(no issues listed)
14406,Field C-14406 (Amanzi),(no issues listed)
14407,Field C-14407 (Akatsi),Pest|FungalDisease
14408,Field SE-14408 (Sokoto),WeedPressure
14409,Field SE-14409 (Kilimani),Flood|HeatStress
14410,Field C-14410 (Amanzi),Salinity|Drought|Pest
14411,Field NE-14411 (Akatsi),WeedPressure|NutrientDeficiency
14412,Field C-14412 (Amanzi),(no issues listed)
14413,Field C-14413 (Sokoto),HeatStress|FungalDisease|Pest
14414,Field C-14414 (Amanzi),WeedPressure|Salinity|HeatStress
14415,Field SW-14415 (Akatsi),(no issues listed)
14416,Field SW-14416 (Hawassa),(no issues listed)
14417,Field SW-14417 (Akatsi),Flood|Drought
14418,Field SW-14418 (Sokoto),Pest|Drought|Flood
14419,Field SW-14419 (Kilimani),FungalDisease
14420,Field C-14420 (Amanzi),Pest
14421,Field NE-14421 (Sokoto),(no issues listed)
14422,Field NE-14422 (Kilimani),Pest|Flood|HeatStress
14423,Field NW-14423 (Hawassa),Pest
14424,Field NW-14424 (Sokoto),(no issues listed)
14425,Field SE-14425 (Akatsi),WeedPressure
14426,Field SE-14426 (Hawassa),FungalDisease|WeedPressure
14427,Field NE-14427 (Akatsi),HeatStress|NutrientDeficiency
14428,Field NW-14428 (Sokoto),Pest|HeatStress
14429,Field SW-14429 (Kilimani),(no issues listed)
14430,Field NW-14430 (Hawassa),FungalDisease|Salinity|WeedPressure
14431,Field SW-14431 (Akatsi),HeatStress|Pest|WeedPressure
14432,Field SE-14432 (Amanzi),Drought|NutrientDeficiency
14433,Field NE-14433 (Kilimani),FungalDisease|Pest|Salinity
14434,Field NW-14434 (Akatsi),Drought
14435,Field NW-14435 (Amanzi),WeedPressure|FungalDisease|NutrientDeficiency
14436,Field NE-14436 (Akatsi),Salinity|SoilErosion
14437,Field SW-14437 (Hawassa),WeedPressure
14438,Field SE-14438 (Hawassa),WeedPressure|Pest
14439,Field C-14439 (Amanzi),HeatStress
14440,Field NE-14440 (Kilimani),Flood|Salinity
14441,Field SW-14441 (Sokoto),Pest|FungalDisease
14442,Field NE-14442 (Amanzi),Drought|Pest
14443,Field SW-14443 (Amanzi),Pest|HeatStress|WeedPressure
14444,Field NE-14444 (Amanzi),Salinity|Pest
14445,Field NW-14445 (Sokoto),FungalDisease|HeatStress|NutrientDeficiency
14446,Field NE-14446 (Kilimani),Flood
14447,Field NW-14447 (Amanzi),HeatStress
14448,Field SE-14448 (Kilimani),Pest
14449,Field NW-14449 (Akatsi),FungalDisease|FrostDamage|NutrientDeficiency
14450,Field C-14450 (Amanzi),Flood|SoilErosion|Pest
14451,Field SE-14451 (Amanzi),Flood
14452,Field NE-14452 (Sokoto),Salinity|SoilErosion|Pest
14453,Field SW-14453 (Sokoto),HeatStress
14454,Field SE-14454 (Akatsi),WeedPressure
14455,Field C-14455 (Amanzi),(no issues listed)
14456,Field SE-14456 (Amanzi),WeedPressure|SoilErosion|FungalDisease
14457,Field SW-14457 (Kilimani),WeedPressure|FungalDisease
14458,Field SE-14458 (Kilimani),Flood
14459,Field SW-14459 (Kilimani),WeedPressure|SoilErosion
14460,Field NE-14460 (Amanzi),WeedPressure|HeatStress|Drought
14461,Field NW-14461 (Hawassa),(no issues listed)
14462,Field SW-14462 (Hawassa),FungalDisease|WeedPressure|Drought
14463,Field NW-14463 (Sokoto),Pest|Drought
14464,Field SW-14464 (Akatsi),Pest|Flood
14465,Field C-14465 (Kilimani),NutrientDeficiency|SoilErosion
14466,Field C-14466 (Amanzi),(no issues listed)
14467,Field C-14467 (Amanzi),(no issues listed)
14468,Field C-14468 (Kilimani),WeedPressure|FungalDisease|Drought
14469,Field NW-14469 (Sokoto),(no issues listed)
14470,Field SE-14470 (Akatsi),SoilErosion
14471,Field SW-14471 (Sokoto),FungalDisease
14472,Field NW-14472 (Kilimani),Salinity
14473,Field SE-14473 (Kilimani),Flood|Pest
14474,Field NE-14474 (Sokoto),Drought|Pest
14475,Field NE-14475 (Kilimani),Flood
14476,Field C-14476 (Hawassa),NutrientDeficiency|Drought|Flood
14477,Field SW-14477 (Amanzi),(no issues listed)
14478,Field NW-14478 (Kilimani),(no issues listed)
14479,Field SE-14479 (Akatsi),(no issues listed)
14480,Field NE-14480 (Kilimani),Pest|HeatStress
14481,Field NE-14481 (Akatsi),Flood|Pest|NutrientDeficiency
14482,Field SW-14482 (Amanzi),(no issues listed)
14483,Field SE-14483 (Hawassa),NutrientDeficiency|Pest
14484,Field SW-14484 (Hawassa),SoilErosion
14485,Field SE-14485 (Kilimani),NutrientDeficiency
14486,Field NE-14486 (Amanzi),Pest|Salinity|Flood
14487,Field C-14487 (Amanzi),SoilErosion|Salinity
14488,Field SE-14488 (Hawassa),FungalDisease|NutrientDeficiency
14489,Field NW-14489 (Kilimani),(no issues listed)
14490,Field NE-14490 (Amanzi),Drought
14491,Field NE-14491 (Kilimani),NutrientDeficiency|Flood|FungalDisease
14492,Field C-14492 (Hawassa),WeedPressure|NutrientDeficiency
14493,Field NE-14493 (Hawassa),FungalDisease|WeedPressure
14494,Field NE-14494 (Hawassa),(no issues listed)
14495,Field NW-14495 (Kilimani),Drought|NutrientDeficiency
14496,Field NE-14496 (Kilimani),Drought|Pest
14497,Field NE-14497 (Sokoto),SoilErosion|Pest
14498,Field SW-14498 (Kilimani),FungalDisease|Drought
14499,Field NE-14499 (Akatsi),HeatStress|NutrientDeficiency
14500,Field SE-14500 (Amanzi),FrostDamage|Salinity|Flood
14501,Field NW-14501 (Amanzi),FrostDamage|NutrientDeficiency
14502,Field SW-14502 (Sokoto),NutrientDeficiency|Drought
14503,Field NE-14503 (Sokoto),HeatStress|SoilErosion
14504,Field NW-14504 (Hawassa),Drought|FungalDisease|Pest
14505,Field SE-14505 (Sokoto),Pest|Flood
14506,Field SW-14506 (Sokoto),FrostDamage|WeedPressure|Pest
14507,Field SW-14507 (Hawassa),Drought
14508,Field SE-14508 (Hawassa),WeedPressure|Drought|Pest
14509,Field NE-14509 (Kilimani),NutrientDeficiency|WeedPressure
14510,Field SE-14510 (Kilimani),WeedPressure|Pest|HeatStress
14511,Field NE-14511 (Amanzi),NutrientDeficiency
14512,Field NW-14512 (Amanzi),NutrientDeficiency|WeedPressure
14513,Field NE-14513 (Kilimani),(no issues listed)
14514,Field C-14514 (Sokoto),Drought|NutrientDeficiency|Pest
14515,Field SW-14515 (Kilimani),Pest|Drought
14516,Field C-14516 (Amanzi),NutrientDeficiency
14517,Field NE-14517 (Kilimani),Pest|Salinity|Drought
14518,Field C-14518 (Amanzi),FungalDisease|WeedPressure
14519,Field C-14519 (Sokoto),Drought|Flood|WeedPressure
14520,Field SE-14520 (Sokoto),NutrientDeficiency|FungalDisease|Flood
14521,Field NE-14521 (Sokoto),FrostDamage
14522,Field NE-14522 (Kilimani),SoilErosion|Pest
14523,Field NE-14523 (Sokoto),Pest|Salinity|FrostDamage
14524,Field NE-14524 (Sokoto),Pest|Flood|FungalDisease
14525,Field SE-14525 (Akatsi),Drought|NutrientDeficiency|Pest
14526,Field NE-14526 (Amanzi),Salinity|Pest|NutrientDeficiency
14527,Field NE-14527 (Amanzi),NutrientDeficiency|FungalDisease|Drought
14528,Field NE-14528 (Akatsi),WeedPressure
14529,Field SW-14529 (Kilimani),Salinity|Flood
14530,Field SW-14530 (Amanzi),Drought
14531,Field NW-14531 (Amanzi),Pest|Drought
14532,Field NW-14532 (Hawassa),WeedPressure|Drought
14533,Field SE-14533 (Sokoto),WeedPressure
14534,Field SE-14534 (Kilimani),FungalDisease
14535,Field SW-14535 (Amanzi),NutrientDeficiency
14536,Field SW-14536 (Sokoto),SoilErosion
14537,Field NE-14537 (Kilimani),Pest
14538,Field SE-14538 (Akatsi),HeatStress
14539,Field SW-14539 (Sokoto),(no issues listed)
14540,Field C-14540 (Hawassa),(no issues listed)
14541,Field SE-14541 (Akatsi),Flood|Drought
14542,Field SE-14542 (Kilimani),FungalDisease|NutrientDeficiency
14543,Field NE-14543 (Kilimani),Pest|Drought
14544,Field C-14544 (Amanzi),Pest|NutrientDeficiency|Drought
14545,Field SE-14545 (Amanzi),NutrientDeficiency|Pest
14546,Field SW-14546 (Akatsi),NutrientDeficiency|FrostDamage
14547,Field SW-14547 (Sokoto),Pest
14548,Field SW-14548 (Amanzi),(no issues listed)
14549,Field NW-14549 (Akatsi),SoilErosion
14550,Field NW-14550 (Sokoto),WeedPressure|Flood|Drought
14551,Field SW-14551 (Amanzi),FungalDisease|Pest
14552,Field NE-14552 (Amanzi),FungalDisease|Salinity
14553,Field NW-14553 (Amanzi),Pest|WeedPressure
14554,Field C-14554 (Kilimani),NutrientDeficiency
14555,Field NW-14555 (Sokoto),(no issues listed)
14556,Field NW-14556 (Akatsi),WeedPressure|Drought
14557,Field NE-14557 (Hawassa),SoilErosion
14558,Field NE-14558 (Akatsi),SoilErosion
14559,Field C-14559 (Kilimani),WeedPressure
14560,Field SE-14560 (Kilimani),Drought|Flood
14561,Field SE-14561 (Amanzi),Pest
14562,Field SE-14562 (Sokoto),HeatStress|SoilErosion|Flood
14563,Field NE-14563 (Kilimani),Drought|NutrientDeficiency
14564,Field NE-14564 (Sokoto),HeatStress
14565,Field NW-14565 (Amanzi),Flood|Drought
14566,Field NE-14566 (Hawassa),WeedPressure|Drought
14567,Field NE-14567 (Kilimani),FrostDamage|Drought
14568,Field NW-14568 (Amanzi),Salinity|HeatStress
14569,Field SE-14569 (Sokoto),(no issues listed)
14570,Field C-14570 (Hawassa),Flood|Pest|NutrientDeficiency
14571,Field NW-14571 (Sokoto),Drought|HeatStress|Flood
14572,Field SW-14572 (Amanzi),Drought|Pest|SoilErosion
14573,Field C-14573 (Amanzi),SoilErosion
14574,Field C-14574 (Kilimani),Pest|FungalDisease
14575,Field C-14575 (Hawassa),FrostDamage
14576,Field SW-14576 (Akatsi),(no issues listed)
14577,Field C-14577 (Amanzi),Flood|SoilErosion|WeedPressure
14578,Field SW-14578 (Hawassa),Drought|WeedPressure|FrostDamage
14579,Field C-14579 (Sokoto),FungalDisease|WeedPressure
14580,Field SW-14580 (Akatsi),WeedPressure|NutrientDeficiency
14581,Field SE-14581 (Kilimani),FungalDisease|Pest|NutrientDeficiency
14582,Field NW-14582 (Hawassa),Drought|HeatStress|Pest
14583,Field SE-14583 (Akatsi),HeatStress|Pest|WeedPressure
14584,Field SW-14584 (Sokoto),Salinity|HeatStress|Pest
14585,Field C-14585 (Kilimani),WeedPressure|NutrientDeficiency
14586,Field SE-14586 (Kilimani),Drought|SoilErosion|FrostDamage
14587,Field NE-14587 (Hawassa),Drought|NutrientDeficiency
14588,Field C-14588 (Sokoto),Drought|SoilErosion
14589,Field NW-14589 (Hawassa),NutrientDeficiency|FungalDisease|WeedPressure
14590,Field SE-14590 (Hawassa),Flood|WeedPressure|FungalDisease
14591,Field NW-14591 (Hawassa),Drought|FrostDamage|SoilErosion
14592,Field SE-14592 (Sokoto),NutrientDeficiency|HeatStress
14593,Field SE-14593 (Hawassa),NutrientDeficiency
14594,Field NE-14594 (Kilimani),Salinity|WeedPressure
14595,Field NE-14595 (Amanzi),Drought|HeatStress|Flood
14596,Field NE-14596 (Akatsi),Drought|SoilErosion|FrostDamage
14597,Field SW-14597 (Hawassa),Flood|HeatStress|SoilErosion
14598,Field SE-14598 (Amanzi),Flood|FrostDamage|Pest
14599,Field SE-14599 (Akatsi),(no issues listed)
14600,Field NE-14600 (Amanzi),Pest|SoilErosion|WeedPressure
14601,Field NW-14601 (Kilimani),Drought|Flood|SoilErosion
14602,Field NW-14602 (Hawassa),Salinity|SoilErosion
14603,Field NW-14603 (Kilimani),NutrientDeficiency|Salinity
14604,Field C-14604 (Amanzi),Drought|Pest
14605,Field NW-14605 (Sokoto),Salinity|NutrientDeficiency
14606,Field NE-14606 (Amanzi),Drought|SoilErosion
14607,Field SW-14607 (Sokoto),NutrientDeficiency
14608,Field C-14608 (Hawassa),NutrientDeficiency|Pest|Flood
14609,Field NE-14609 (Sokoto),Pest|Flood
14610,Field SE-14610 (Sokoto),FungalDisease|Salinity
14611,Field NW-14611 (Hawassa),Drought|SoilErosion|Pest
14612,Field SW-14612 (Kilimani),FungalDisease|WeedPressure|SoilErosion
14613,Field SW-14613 (Akatsi),HeatStress|Pest|WeedPressure
14614,Field NE-14614 (Hawassa),FungalDisease|Drought
14615,Field C-14615 (Kilimani),FungalDisease|Drought|WeedPressure
14616,Field NW-14616 (Hawassa),Drought|Pest|HeatStress
14617,Field C-14617 (Kilimani),WeedPressure|FungalDisease|HeatStress
14618,Field SW-14618 (Sokoto),Drought|Pest
14619,Field SW-14619 (Kilimani),Salinity|FungalDisease|Pest
14620,Field NW-14620 (Kilimani),(no issues listed)
14621,Field SW-14621 (Sokoto),Flood|HeatStress|WeedPressure
14622,Field SE-14622 (Sokoto),Drought|Pest|Flood
14623,Field NW-14623 (Amanzi),FungalDisease
14624,Field SE-14624 (Akatsi),Pest|SoilErosion
14625,Field SW-14625 (Sokoto),FungalDisease|Pest
14626,Field SW-14626 (Hawassa),SoilErosion|FrostDamage
14627,Field SE-14627 (Akatsi),(no issues listed)
14628,Field SE-14628 (Hawassa),Drought|FungalDisease|Flood
14629,Field SW-14629 (Hawassa),WeedPressure
14630,Field C-14630 (Hawassa),HeatStress
14631,Field NW-14631 (Akatsi),NutrientDeficiency
14632,Field SW-14632 (Kilimani),Drought|HeatStress
14633,Field SE-14633 (Kilimani),Flood
14634,Field NW-14634 (Akatsi),Flood|Drought|SoilErosion
14635,Field NE-14635 (Sokoto),Drought
14636,Field NW-14636 (Sokoto),NutrientDeficiency
14637,Field SW-14637 (Amanzi),(no issues listed)
14638,Field NW-14638 (Kilimani),Drought|FungalDisease
14639,Field NE-14639 (Hawassa),(no issues listed)
14640,Field SE-14640 (Kilimani),Pest|SoilErosion|Drought
14641,Field NW-14641 (Amanzi),(no issues listed)
14642,Field SE-14642 (Sokoto),NutrientDeficiency|HeatStress
14643,Field C-14643 (Sokoto),Pest|NutrientDeficiency
14644,Field SE-14644 (Akatsi),Drought
14645,Field SW-14645 (Kilimani),Salinity|FungalDisease|Drought
14646,Field SE-14646 (Amanzi),NutrientDeficiency
14647,Field NW-14647 (Kilimani),Pest|HeatStress
14648,Field NE-14648 (Kilimani),SoilErosion
14649,Field C-14649 (Kilimani),WeedPressure
14650,Field SE-14650 (Sokoto),Drought|FrostDamage
14651,Field SE-14651 (Kilimani),WeedPressure|Drought
14652,Field SW-14652 (Kilimani),FungalDisease|Drought
14653,Field NE-14653 (Kilimani),WeedPressure
14654,Field C-14654 (Amanzi),HeatStress|WeedPressure
14655,Field NW-14655 (Akatsi),(no issues listed)
14656,Field NE-14656 (Sokoto),Pest
14657,Field NE-14657 (Kilimani),FungalDisease
14658,Field SW-14658 (Hawassa),Drought|NutrientDeficiency|Pest
14659,Field NW-14659 (Hawassa),Pest|Drought|FrostDamage
14660,Field SW-14660 (Hawassa),Drought|NutrientDeficiency|HeatStress
14661,Field C-14661 (Akatsi),(no issues listed)
14662,Field C-14662 (Akatsi),Drought
14663,Field C-14663 (Amanzi),Pest
14664,Field NW-14664 (Hawassa),(no issues listed)
14665,Field NE-14665 (Kilimani),FrostDamage|Flood|Pest
14666,Field NE-14666 (Amanzi),Pest
14667,Field C-14667 (Hawassa),HeatStress|FungalDisease
14668,Field SW-14668 (Amanzi),Pest
14669,Field NE-14669 (Kilimani),Drought|Flood
14670,Field C-14670 (Akatsi),FungalDisease|WeedPressure
14671,Field C-14671 (Sokoto),Salinity|FungalDisease
14672,Field NE-14672 (Kilimani),Salinity|Pest|NutrientDeficiency
14673,Field SE-14673 (Sokoto),NutrientDeficiency|FungalDisease
14674,Field SW-14674 (Akatsi),Flood|WeedPressure|Drought
14675,Field NE-14675 (Amanzi),(no issues listed)
14676,Field NE-14676 (Amanzi),WeedPressure|Drought
14677,Field NW-14677 (Sokoto),Pest|FungalDisease
14678,Field C-14678 (Kilimani),WeedPressure|HeatStress
14679,Field C-14679 (Sokoto),WeedPressure
14680,Field C-14680 (Kilimani),Flood
14681,Field C-14681 (Amanzi),(no issues listed)
14682,Field SE-14682 (Akatsi),Flood|Drought
14683,Field SE-14683 (Sokoto),Pest|NutrientDeficiency
14684,Field C-14684 (Sokoto),WeedPressure
14685,Field C-14685 (Akatsi),Flood
14686,Field NW-14686 (Amanzi),HeatStress|SoilErosion|FungalDisease
14687,Field SE-14687 (Kilimani),FrostDamage|NutrientDeficiency|Salinity
14688,Field NE-14688 (Amanzi),HeatStress|FungalDisease|SoilErosion
14689,Field NE-14689 (Hawassa),FungalDisease
14690,Field NE-14690 (Akatsi),(no issues listed)
14691,Field NE-14691 (Hawassa),Pest|Salinity
14692,Field NE-14692 (Akatsi),Drought
14693,Field NE-14693 (Sokoto),Drought
14694,Field SW-14694 (Amanzi),Pest|FrostDamage
14695,Field SW-14695 (Kilimani),Drought
14696,Field C-14696 (Sokoto),(no issues listed)
14697,Field NW-14697 (Hawassa),SoilErosion|WeedPressure|NutrientDeficiency
14698,Field NE-14698 (Sokoto),HeatStress
14699,Field SE-14699 (Hawassa),NutrientDeficiency|SoilErosion|FrostDamage
14700,Field C-14700 (Sokoto),HeatStress
14701,Field NE-14701 (Kilimani),FungalDisease|HeatStress|Pest
14702,Field NW-14702 (Hawassa),(no issues listed)
14703,Field SE-14703 (Hawassa),NutrientDeficiency
14704,Field C-14704 (Kilimani),NutrientDeficiency|Pest
14705,Field NW-14705 (Hawassa),WeedPressure|NutrientDeficiency
14706,Field SE-14706 (Sokoto),Pest|Salinity
14707,Field SW-14707 (Kilimani),Pest|NutrientDeficiency|Flood
14708,Field NW-14708 (Hawassa),HeatStress|FrostDamage|WeedPressure
14709,Field SW-14709 (Sokoto),Drought|SoilErosion
14710,Field NE-14710 (Kilimani),FungalDisease
14711,Field SW-14711 (Akatsi),(no issues listed)
14712,Field SW-14712 (Sokoto),Flood|Pest|Salinity
14713,Field NE-14713 (Kilimani),FrostDamage|NutrientDeficiency|Pest
14714,Field SW-14714 (Sokoto),WeedPressure|FungalDisease|NutrientDeficiency
14715,Field NW-14715 (Amanzi),Pest|WeedPressure|Drought
14716,Field NW-14716 (Kilimani),WeedPressure|Pest
14717,Field NW-14717 (Kilimani),Flood|Pest
14718,Field SE-14718 (Hawassa),(no issues listed)
14719,Field SW-14719 (Kilimani),SoilErosion|WeedPressure
14720,Field NE-14720 (Hawassa),(no issues listed)
14721,Field SW-14721 (Amanzi),NutrientDeficiency|FrostDamage
14722,Field C-14722 (Sokoto),HeatStress
14723,Field SE-14723 (Hawassa),WeedPressure|SoilErosion|Drought
14724,Field SE-14724 (Kilimani),NutrientDeficiency
14725,Field NE-14725 (Amanzi),NutrientDeficiency|Pest|WeedPressure
14726,Field NE-14726 (Akatsi),Drought|FungalDisease|HeatStress
14727,Field SW-14727 (Kilimani),Pest
14728,Field NW-14728 (Amanzi),Pest
14729,Field SE-14729 (Amanzi),HeatStress|NutrientDeficiency
14730,Field NE-14730 (Sokoto),FrostDamage
14731,Field NW-14731 (Kilimani),HeatStress
14732,Field SE-14732 (Sokoto),SoilErosion|WeedPressure|FungalDisease
14733,Field C-14733 (Hawassa),HeatStress|SoilErosion
14734,Field SE-14734 (Akatsi),Flood|Drought
14735,Field C-14735 (Sokoto),WeedPressure
14736,Field NE-14736 (Akatsi),FungalDisease|Salinity
14737,Field SE-14737 (Akatsi),Flood|SoilErosion
14738,Field NW-14738 (Akatsi),Drought
14739,Field NW-14739 (Akatsi),HeatStress|FungalDisease
14740,Field SE-14740 (Amanzi),Pest|Salinity
14741,Field SW-14741 (Kilimani),Pest
14742,Field SW-14742 (Hawassa),Pest
14743,Field SW-14743 (Hawassa),Salinity|Drought|FungalDisease
14744,Field SW-14744 (Amanzi),NutrientDeficiency|FungalDisease|Pest
14745,Field C-14745 (Kilimani),FrostDamage|WeedPressure|NutrientDeficiency
14746,Field NW-14746 (Hawassa),(no issues listed)
14747,Field SW-14747 (Akatsi),HeatStress|WeedPressure|FungalDisease
14748,Field NW-14748 (Hawassa),WeedPressure|Pest|NutrientDeficiency
14749,Field C-14749 (Sokoto),NutrientDeficiency|Drought|FrostDamage
14750,Field SW-14750 (Akatsi),HeatStress|FrostDamage|Drought
14751,Field SE-14751 (Sokoto),Pest|Drought|SoilErosion
14752,Field SW-14752 (Akatsi),Flood|Salinity
14753,Field SW-14753 (Akatsi),NutrientDeficiency|Pest|FrostDamage
14754,Field SE-14754 (Sokoto),(no issues listed)
14755,Field SW-14755 (Akatsi),(no issues listed)
14756,Field C-14756 (Hawassa),Pest|WeedPressure|FungalDisease
14757,Field SE-14757 (Sokoto),Pest|Drought
14758,Field NW-14758 (Sokoto),(no issues listed)
14759,Field NW-14759 (Sokoto),(no issues listed)
14760,Field C-14760 (Sokoto),(no issues listed)
14761,Field SW-14761 (Kilimani),Pest|HeatStress
14762,Field NE-14762 (Hawassa),NutrientDeficiency
14763,Field NW-14763 (Amanzi),(no issues listed)
14764,Field SW-14764 (Amanzi),HeatStress|SoilErosion|Salinity
14765,Field SE-14765 (Akatsi),FungalDisease
14766,Field SE-14766 (Akatsi),Salinity
14767,Field C-14767 (Akatsi),Salinity|HeatStress|FungalDisease
14768,Field NE-14768 (Sokoto),HeatStress
14769,Field SW-14769 (Kilimani),Drought
14770,Field NE-14770 (Sokoto),FungalDisease|HeatStress
14771,Field SE-14771 (Hawassa),(no issues listed)
14772,Field C-14772 (Kilimani),Pest
14773,Field C-14773 (Sokoto),Pest|Flood
14774,Field SW-14774 (Hawassa),HeatStress|Drought|Pest
14775,Field NW-14775 (Amanzi),NutrientDeficiency
14776,Field SW-14776 (Sokoto),Pest|Drought|Flood
14777,Field SE-14777 (Akatsi),SoilErosion|WeedPressure
14778,Field NW-14778 (Akatsi),Salinity
14779,Field SW-14779 (Hawassa),NutrientDeficiency
14780,Field SW-14780 (Hawassa),FungalDisease|SoilErosion|Drought
14781,Field SW-14781 (Amanzi),Drought|SoilErosion|Flood
14782,Field C-14782 (Hawassa),FrostDamage|NutrientDeficiency|WeedPressure
14783,Field SE-14783 (Amanzi),Drought
14784,Field NW-14784 (Kilimani),SoilErosion
14785,Field C-14785 (Amanzi),Flood
14786,Field SE-14786 (Akatsi),SoilErosion|HeatStress
14787,Field SW-14787 (Sokoto),FungalDisease|WeedPressure
14788,Field SW-14788 (Sokoto),NutrientDeficiency|HeatStress|FungalDisease
14789,Field NE-14789 (Amanzi),Drought|Pest|HeatStress
14790,Field C-14790 (Sokoto),(no issues listed)
14791,Field NE-14791 (Kilimani),(no issues listed)
14792,Field NW-14792 (Akatsi),FungalDisease|Flood
14793,Field SW-14793 (Kilimani),Drought|FungalDisease|SoilErosion
14794,Field NW-14794 (Hawassa),Drought|Flood|WeedPressure
14795,Field NW-14795 (Sokoto),WeedPressure
14796,Field NW-14796 (Amanzi),Drought
14797,Field NW-14797 (Akatsi),Drought|Pest|WeedPressure
14798,Field C-14798 (Kilimani),FrostDamage
14799,Field SE-14799 (Amanzi),SoilErosion
14800,Field NW-14800 (Sokoto),SoilErosion|Pest|NutrientDeficiency
14801,Field SE-14801 (Hawassa),Drought|NutrientDeficiency
14802,Field NE-14802 (Hawassa),Flood
14803,Field C-14803 (Amanzi),HeatStress|FungalDisease
14804,Field NE-14804 (Amanzi),Pest
14805,Field C-14805 (Kilimani),Salinity|NutrientDeficiency|Pest
14806,Field SW-14806 (Akatsi),Drought|Flood|Pest
14807,Field NE-14807 (Kilimani),NutrientDeficiency
14808,Field SE-14808 (Sokoto),FungalDisease|Flood
14809,Field SE-14809 (Sokoto),Drought|NutrientDeficiency|FungalDisease
14810,Field NW-14810 (Sokoto),Pest
14811,Field SW-14811 (Hawassa),Salinity|Pest|NutrientDeficiency
14812,Field C-14812 (Akatsi),Drought|WeedPressure
14813,Field C-14813 (Kilimani),WeedPressure
14814,Field NE-14814 (Sokoto),WeedPressure
14815,Field NW-14815 (Akatsi),Pest|NutrientDeficiency|WeedPressure
14816,Field SW-14816 (Hawassa),SoilErosion|Drought|WeedPressure
14817,Field C-14817 (Sokoto),FungalDisease|Pest|Drought
14818,Field NE-14818 (Kilimani),WeedPressure
14819,Field NW-14819 (Sokoto),SoilErosion|Pest|FungalDisease
14820,Field SW-14820 (Kilimani),FungalDisease|FrostDamage
14821,Field SE-14821 (Kilimani),(no issues listed)
14822,Field NW-14822 (Hawassa),SoilErosion
14823,Field NW-14823 (Hawassa),SoilErosion|HeatStress|FungalDisease
14824,Field C-14824 (Kilimani),WeedPressure
14825,Field NE-14825 (Sokoto),Drought|WeedPressure
14826,Field NE-14826 (Sokoto),Drought|Flood|Pest
14827,Field NE-14827 (Hawassa),Salinity|SoilErosion
14828,Field SE-14828 (Amanzi),(no issues listed)
14829,Field SW-14829 (Kilimani),WeedPressure
14830,Field C-14830 (Akatsi),WeedPressure|Drought|FungalDisease
14831,Field NW-14831 (Akatsi),HeatStress|Flood
14832,Field NE-14832 (Akatsi),(no issues listed)
14833,Field SE-14833 (Sokoto),HeatStress|Pest|WeedPressure
14834,Field SE-14834 (Akatsi),WeedPressure|Pest
14835,Field C-14835 (Kilimani),HeatStress|Salinity
14836,Field NE-14836 (Hawassa),Pest
14837,Field NE-14837 (Hawassa),SoilErosion|Drought
14838,Field NW-14838 (Kilimani),HeatStress
14839,Field C-14839 (Hawassa),FungalDisease|Flood
14840,Field SE-14840 (Amanzi),Drought
14841,Field C-14841 (Kilimani),Pest
14842,Field SW-14842 (Akatsi),Pest|FrostDamage|NutrientDeficiency
14843,Field NE-14843 (Akatsi),FrostDamage|NutrientDeficiency
14844,Field NW-14844 (Sokoto),Flood|FrostDamage
14845,Field NE-14845 (Sokoto),Drought|NutrientDeficiency|WeedPressure
14846,Field SE-14846 (Hawassa),(no issues listed)
14847,Field SW-14847 (Akatsi),NutrientDeficiency|FungalDisease|Pest
14848,Field SW-14848 (Hawassa),(no issues listed)
14849,Field NW-14849 (Akatsi),FrostDamage|HeatStress
14850,Field NE-14850 (Amanzi),FungalDisease|Flood
14851,Field NW-14851 (Kilimani),NutrientDeficiency|Pest|Salinity
14852,Field SW-14852 (Kilimani),SoilErosion|Salinity|Flood
14853,Field NE-14853 (Amanzi),SoilErosion|Flood
14854,Field C-14854 (Amanzi),FrostDamage|NutrientDeficiency
14855,Field NW-14855 (Hawassa),SoilErosion|Pest|FungalDisease
14856,Field SW-14856 (Akatsi),Salinity|SoilErosion|Pest
14857,Field C-14857 (Akatsi),NutrientDeficiency
14858,Field SE-14858 (Akatsi),NutrientDeficiency
14859,Field C-14859 (Hawassa),FrostDamage|Pest
14860,Field SW-14860 (Hawassa),HeatStress|Pest|WeedPressure
14861,Field C-14861 (Hawassa),Drought
14862,Field NW-14862 (Kilimani),FungalDisease|Flood|FrostDamage
14863,Field SW-14863 (Hawassa),NutrientDeficiency|Pest
14864,Field NW-14864 (Sokoto),Flood|FungalDisease|WeedPressure
14865,Field SE-14865 (Hawassa),Pest|NutrientDeficiency
14866,Field NE-14866 (Akatsi),(no issues listed)
14867,Field NW-14867 (Sokoto),(no issues listed)
14868,Field NE-14868 (Akatsi),NutrientDeficiency|Pest|SoilErosion
14869,Field NE-14869 (Hawassa),Drought|FrostDamage|NutrientDeficiency
14870,Field SE-14870 (Kilimani),Salinity
14871,Field C-14871 (Kilimani),HeatStress|WeedPressure|Drought
14872,Field SE-14872 (Hawassa),Drought
14873,Field SW-14873 (Amanzi),NutrientDeficiency
14874,Field SE-14874 (Amanzi),(no issues listed)
14875,Field NE-14875 (Akatsi),(no issues listed)
14876,Field SE-14876 (Akatsi),SoilErosion|WeedPressure|NutrientDeficiency
14877,Field SE-14877 (Sokoto),NutrientDeficiency
14878,Field SE-14878 (Hawassa),Drought|FungalDisease
14879,Field NE-14879 (Sokoto),FungalDisease|HeatStress
14880,Field C-14880 (Kilimani),(no issues listed)
14881,Field SE-14881 (Sokoto),Pest|FungalDisease|NutrientDeficiency
14882,Field SE-14882 (Kilimani),(no issues listed)
14883,Field NE-14883 (Akatsi),Drought|HeatStress
14884,Field SW-14884 (Akatsi),(no issues listed)
14885,Field SE-14885 (Akatsi),Salinity|FrostDamage
14886,Field NW-14886 (Sokoto),Pest|Flood|FungalDisease
14887,Field SW-14887 (Kilimani),NutrientDeficiency
14888,Field SE-14888 (Sokoto),FungalDisease|WeedPressure|FrostDamage
14889,Field NW-14889 (Sokoto),SoilErosion|Pest
14890,Field NW-14890 (Kilimani),WeedPressure|FungalDisease|Drought
14891,Field SW-14891 (Amanzi),HeatStress|FungalDisease|SoilErosion
14892,Field NE-14892 (Kilimani),WeedPressure|NutrientDeficiency
14893,Field NE-14893 (Hawassa),Salinity|Drought
14894,Field NE-14894 (Sokoto),HeatStress|Salinity
14895,Field SW-14895 (Akatsi),(no issues listed)
14896,Field NE-14896 (Amanzi),Pest
14897,Field SW-14897 (Sokoto),NutrientDeficiency
14898,Field NW-14898 (Hawassa),Flood
14899,Field SW-14899 (Akatsi),Salinity|SoilErosion|Drought
14900,Field C-14900 (Sokoto),HeatStress
14901,Field SE-14901 (Kilimani),SoilErosion|NutrientDeficiency|HeatStress
14902,Field NE-14902 (Kilimani),Salinity|WeedPressure
14903,Field NE-14903 (Kilimani),Pest|WeedPressure|Salinity
14904,Field NW-14904 (Kilimani),SoilErosion|FungalDisease|Salinity
14905,Field SW-14905 (Akatsi),FungalDisease|Drought|NutrientDeficiency
14906,Field NW-14906 (Amanzi),HeatStress
14907,Field NW-14907 (Hawassa),Pest
14908,Field C-14908 (Amanzi),WeedPressure|Drought|NutrientDeficiency
14909,Field NE-14909 (Akatsi),(no issues listed)
14910,Field C-14910 (Kilimani),SoilErosion|Flood|NutrientDeficiency
14911,Field C-14911 (Sokoto),Pest|Drought
14912,Field NW-14912 (Sokoto),SoilErosion|WeedPressure|Pest
14913,Field C-14913 (Kilimani),Pest|Flood
14914,Field SW-14914 (Kilimani),Pest|SoilErosion
14915,Field NW-14915 (Kilimani),(no issues listed)
14916,Field C-14916 (Amanzi),Salinity|NutrientDeficiency
14917,Field SE-14917 (Kilimani),NutrientDeficiency
14918,Field SW-14918 (Kilimani),NutrientDeficiency|Flood
14919,Field SW-14919 (Amanzi),WeedPressure|Drought|Salinity
14920,Field SE-14920 (Kilimani),HeatStress|Drought|FungalDisease
14921,Field C-14921 (Akatsi),(no issues listed)
14922,Field SE-14922 (Sokoto),WeedPressure|NutrientDeficiency
14923,Field SW-14923 (Kilimani),FungalDisease|Drought|SoilErosion
14924,Field SW-14924 (Sokoto),FungalDisease|Drought|Salinity
14925,Field C-14925 (Hawassa),Drought|NutrientDeficiency|SoilErosion
14926,Field NE-14926 (Kilimani),FungalDisease
14927,Field NW-14927 (Hawassa),SoilErosion|WeedPressure
14928,Field SE-14928 (Kilimani),(no issues listed)
14929,Field SE-14929 (Akatsi),Pest|Salinity
14930,Field SE-14930 (Kilimani),Drought|HeatStress|WeedPressure
14931,Field SE-14931 (Hawassa),(no issues listed)
14932,Field C-14932 (Amanzi),SoilErosion|WeedPressure|Flood
14933,Field NW-14933 (Akatsi),Drought|Pest
14934,Field SW-14934 (Kilimani),Drought|SoilErosion
14935,Field SE-14935 (Amanzi),Flood|FungalDisease|NutrientDeficiency
14936,Field SW-14936 (Sokoto),FungalDisease|Pest|FrostDamage
14937,Field NE-14937 (Hawassa),Flood|FungalDisease|WeedPressure
14938,Field NE-14938 (Sokoto),Flood
14939,Field C-14939 (Kilimani),FrostDamage
14940,Field SE-14940 (Amanzi),Salinity|Flood
14941,Field SE-14941 (Akatsi),WeedPressure
14942,Field C-14942 (Hawassa),Pest
14943,Field C-14943 (Akatsi),Drought|SoilErosion|NutrientDeficiency
14944,Field SE-14944 (Hawassa),NutrientDeficiency|WeedPressure|FungalDisease
14945,Field SE-14945 (Akatsi),NutrientDeficiency|Flood|WeedPressure
14946,Field SW-14946 (Sokoto),HeatStress|WeedPressure
14947,Field SW-14947 (Sokoto),FungalDisease
14948,Field NE-14948 (Hawassa),Salinity|Flood
14949,Field C-14949 (Hawassa),Flood|WeedPressure|FungalDisease
14950,Field SE-14950 (Amanzi),FungalDisease|Drought|WeedPressure
14951,Field C-14951 (Hawassa),Flood|FungalDisease|NutrientDeficiency
14952,Field C-14952 (Sokoto),FungalDisease|WeedPressure|HeatStress
14953,Field SW-14953 (Hawassa),Pest
14954,Field SE-14954 (Hawassa),FungalDisease|SoilErosion|Salinity
14955,Field NW-14955 (Kilimani),FrostDamage|Pest|WeedPressure
14956,Field SE-14956 (Kilimani),WeedPressure
14957,Field C-14957 (Akatsi),FungalDisease|WeedPressure|Drought
14958,Field SE-14958 (Kilimani),Pest|Salinity
14959,Field C-14959 (Kilimani),NutrientDeficiency|Pest|HeatStress
14960,Field C-14960 (Amanzi),Flood|FrostDamage
14961,Field SE-14961 (Sokoto),NutrientDeficiency|Drought
14962,Field SE-14962 (Amanzi),Drought|WeedPressure|Flood
14963,Field C-14963 (Amanzi),FungalDisease
14964,Field C-14964 (Hawassa),Salinity|Pest|HeatStress
14965,Field C-14965 (Amanzi),FrostDamage
14966,Field NE-14966 (Hawassa),(no issues listed)
14967,Field NW-14967 (Hawassa),Flood|SoilErosion|WeedPressure
14968,Field SW-14968 (Akatsi),FungalDisease|NutrientDeficiency
14969,Field SE-14969 (Amanzi),NutrientDeficiency
14970,Field SW-14970 (Akatsi),FungalDisease|NutrientDeficiency
14971,Field NW-14971 (Akatsi),Drought|SoilErosion|HeatStress
14972,Field SE-14972 (Sokoto),SoilErosion|NutrientDeficiency
14973,Field C-14973 (Akatsi),Drought|FrostDamage|NutrientDeficiency
14974,Field NE-14974 (Hawassa),SoilErosion|Flood
14975,Field NE-14975 (Hawassa),(no issues listed)
14976,Field NE-14976 (Hawassa),Pest
14977,Field SW-14977 (Akatsi),Salinity|NutrientDeficiency|FungalDisease
14978,Field NW-14978 (Hawassa),Pest
14979,Field NW-14979 (Amanzi),HeatStress
14980,Field NW-14980 (Amanzi),Salinity
14981,Field SW-14981 (Kilimani),FrostDamage|HeatStress
14982,Field SW-14982 (Hawassa),Pest|WeedPressure|Drought
14983,Field C-14983 (Akatsi),WeedPressure|HeatStress|Drought
14984,Field SW-14984 (Amanzi),Salinity|WeedPressure|Pest
14985,Field NW-14985 (Akatsi),(no issues listed)
14986,Field NW-14986 (Hawassa),WeedPressure|FungalDisease
14987,Field NW-14987 (Hawassa),HeatStress
14988,Field NW-14988 (Kilimani),(no issues listed)
14989,Field C-14989 (Akatsi),Flood|Pest
14990,Field NE-14990 (Kilimani),NutrientDeficiency|HeatStress|FrostDamage
14991,Field C-14991 (Amanzi),WeedPressure|NutrientDeficiency|FungalDisease
14992,Field SW-14992 (Hawassa),(no issues listed)
14993,Field SW-14993 (Sokoto),HeatStress|NutrientDeficiency|Drought
14994,Field SE-14994 (Amanzi),FrostDamage
14995,Field NE-14995 (Kilimani),NutrientDeficiency|SoilErosion|Pest
14996,Field C-14996 (Hawassa),HeatStress
14997,Field SE-14997 (Hawassa),Pest
14998,Field NW-14998 (Kilimani),Drought|Salinity|NutrientDeficiency
14999,Field NE-14999 (Amanzi),Flood
15000,Field NW-15000 (Kilimani),(no issues listed)
